document_title,version,live_page_url,source_path,also_covers,reviewer,audited,fixed,corrections,notes
Clear SQLite Agent Queue,7.5,https://docs.netwrix.com/docs/threatprevention/7_5/admin/agents/agent-management/clearqueue,docs/threatprevention/7.5/admin/agents/agent-management/clearqueue.md,Covered by 8.0 — see docs/threatprevention/8.0/admin/agents/agent-management/clearqueue.md,,,,,
Harden Agent,7.5,https://docs.netwrix.com/docs/threatprevention/7_5/admin/agents/agent-management/harden,docs/threatprevention/7.5/admin/agents/agent-management/harden.md,Covered by 8.0 — see docs/threatprevention/8.0/admin/agents/agent-management/harden.md,,,,,
Remove Server from List,7.5,https://docs.netwrix.com/docs/threatprevention/7_5/admin/agents/agent-management/removeserver,docs/threatprevention/7.5/admin/agents/agent-management/removeserver.md,Covered by 8.0 — see docs/threatprevention/8.0/admin/agents/agent-management/removeserver.md,,,,,
Soften Agent,7.5,https://docs.netwrix.com/docs/threatprevention/7_5/admin/agents/agent-management/soften,docs/threatprevention/7.5/admin/agents/agent-management/soften.md,Covered by 8.0 — see docs/threatprevention/8.0/admin/agents/agent-management/soften.md,,,,,
Start Agent,7.5,https://docs.netwrix.com/docs/threatprevention/7_5/admin/agents/agent-management/start,docs/threatprevention/7.5/admin/agents/agent-management/start.md,Covered by 8.0 — see docs/threatprevention/8.0/admin/agents/agent-management/start.md,,,,,
Start Pending Modules,7.5,https://docs.netwrix.com/docs/threatprevention/7_5/admin/agents/agent-management/startpendingmodules,docs/threatprevention/7.5/admin/agents/agent-management/startpendingmodules.md,Covered by 8.0 — see docs/threatprevention/8.0/admin/agents/agent-management/startpendingmodules.md,,,,,
Stop Agent,7.5,https://docs.netwrix.com/docs/threatprevention/7_5/admin/agents/agent-management/stop,docs/threatprevention/7.5/admin/agents/agent-management/stop.md,Covered by 8.0 — see docs/threatprevention/8.0/admin/agents/agent-management/stop.md,,,,,
Upgrade ADMonitor,7.5,https://docs.netwrix.com/docs/threatprevention/7_5/admin/agents/agent-management/upgradeadmonitor,docs/threatprevention/7.5/admin/agents/agent-management/upgradeadmonitor.md,,,,,,
Agent Installer Update Window,7.5,https://docs.netwrix.com/docs/threatprevention/7_5/admin/agents/agents-windows/agentinstallerupdate,docs/threatprevention/7.5/admin/agents/agents-windows/agentinstallerupdate.md,,,,,,
Configure Auto Deploy Window,7.5,https://docs.netwrix.com/docs/threatprevention/7_5/admin/agents/agents-windows/configureautodeploy,docs/threatprevention/7.5/admin/agents/agents-windows/configureautodeploy.md,Covered by 8.0 — see docs/threatprevention/8.0/admin/agents/agents-windows/configureautodeploy.md,,,,,
Enrollment Secret Configuration Window,7.5,https://docs.netwrix.com/docs/threatprevention/7_5/admin/agents/agents-windows/enrollmentsecretconfiguration,docs/threatprevention/7.5/admin/agents/agents-windows/enrollmentsecretconfiguration.md,Covered by 8.0 — see docs/threatprevention/8.0/admin/agents/agents-windows/enrollmentsecretconfiguration.md,,,,,
Log Level Configuration Window,7.5,https://docs.netwrix.com/docs/threatprevention/7_5/admin/agents/agents-windows/loglevelconfiguration,docs/threatprevention/7.5/admin/agents/agents-windows/loglevelconfiguration.md,Covered by 8.0 — see docs/threatprevention/8.0/admin/agents/agents-windows/loglevelconfiguration.md,,,,,
Installing Window,7.5,https://docs.netwrix.com/docs/threatprevention/7_5/admin/agents/deploy/installing,docs/threatprevention/7.5/admin/agents/deploy/installing.md,Covered by 8.0 — see docs/threatprevention/8.0/admin/agents/deploy/installing.md,,,,,
Deploy Agents,7.5,https://docs.netwrix.com/docs/threatprevention/7_5/admin/agents/deploy/overview,docs/threatprevention/7.5/admin/agents/deploy/overview.md,Covered by 8.0 — see docs/threatprevention/8.0/admin/agents/deploy/overview.md,,,,,
Prerequisites Check Window,7.5,https://docs.netwrix.com/docs/threatprevention/7_5/admin/agents/deploy/prerequisitescheck,docs/threatprevention/7.5/admin/agents/deploy/prerequisitescheck.md,Covered by 8.0 — see docs/threatprevention/8.0/admin/agents/deploy/prerequisitescheck.md,,,,,
Select Computers Window,7.5,https://docs.netwrix.com/docs/threatprevention/7_5/admin/agents/deploy/selectcomputers,docs/threatprevention/7.5/admin/agents/deploy/selectcomputers.md,Covered by 8.0 — see docs/threatprevention/8.0/admin/agents/deploy/selectcomputers.md,,,,,
Set Options Window,7.5,https://docs.netwrix.com/docs/threatprevention/7_5/admin/agents/deploy/setoptions,docs/threatprevention/7.5/admin/agents/deploy/setoptions.md,Covered by 8.0 — see docs/threatprevention/8.0/admin/agents/deploy/setoptions.md,,,,,
Agents Interface,7.5,https://docs.netwrix.com/docs/threatprevention/7_5/admin/agents/overview,docs/threatprevention/7.5/admin/agents/overview.md,Covered by 8.0 — see docs/threatprevention/8.0/admin/agents/overview.md,,,,,
Agent Safe Mode,7.5,https://docs.netwrix.com/docs/threatprevention/7_5/admin/agents/safemode,docs/threatprevention/7.5/admin/agents/safemode.md,Covered by 8.0 — see docs/threatprevention/8.0/admin/agents/safemode.md,,,,,
Alerts Cleanup Window,7.5,https://docs.netwrix.com/docs/threatprevention/7_5/admin/alerts/alertscleanup,docs/threatprevention/7.5/admin/alerts/alertscleanup.md,Covered by 8.0 — see docs/threatprevention/8.0/admin/alerts/alertscleanup.md,,,,,
Alerts Export Window,7.5,https://docs.netwrix.com/docs/threatprevention/7_5/admin/alerts/alertsexport,docs/threatprevention/7.5/admin/alerts/alertsexport.md,Covered by 8.0 — see docs/threatprevention/8.0/admin/alerts/alertsexport.md,,,,,
Alerts Interface,7.5,https://docs.netwrix.com/docs/threatprevention/7_5/admin/alerts/overview,docs/threatprevention/7.5/admin/alerts/overview.md,Covered by 8.0 — see docs/threatprevention/8.0/admin/alerts/overview.md,,,,,
Policy Comparison Window,7.5,https://docs.netwrix.com/docs/threatprevention/7_5/admin/alerts/policycomparison,docs/threatprevention/7.5/admin/alerts/policycomparison.md,Covered by 8.0 — see docs/threatprevention/8.0/admin/alerts/policycomparison.md,,,,,
Bad User ID (by Source Host),7.5,https://docs.netwrix.com/docs/threatprevention/7_5/admin/analytics/baduseridsourcehost,docs/threatprevention/7.5/admin/analytics/baduseridsourcehost.md,Covered by 8.0 — see docs/threatprevention/8.0/admin/analytics/baduseridsourcehost.md,,,,,
Bad User ID (by User),7.5,https://docs.netwrix.com/docs/threatprevention/7_5/admin/analytics/baduseriduser,docs/threatprevention/7.5/admin/analytics/baduseriduser.md,Covered by 8.0 — see docs/threatprevention/8.0/admin/analytics/baduseriduser.md,,,,,
Breached Password,7.5,https://docs.netwrix.com/docs/threatprevention/7_5/admin/analytics/breachedpassword,docs/threatprevention/7.5/admin/analytics/breachedpassword.md,Covered by 8.0 — see docs/threatprevention/8.0/admin/analytics/breachedpassword.md,,,,,
Brute Force Attacks,7.5,https://docs.netwrix.com/docs/threatprevention/7_5/admin/analytics/bruteforceattacks,docs/threatprevention/7.5/admin/analytics/bruteforceattacks.md,Covered by 8.0 — see docs/threatprevention/8.0/admin/analytics/bruteforceattacks.md,,,,,
Concurrent Logins,7.5,https://docs.netwrix.com/docs/threatprevention/7_5/admin/analytics/concurrentlogins,docs/threatprevention/7.5/admin/analytics/concurrentlogins.md,Covered by 8.0 — see docs/threatprevention/8.0/admin/analytics/concurrentlogins.md,,,,,
File System Attacks (by User),7.5,https://docs.netwrix.com/docs/threatprevention/7_5/admin/analytics/filesystemattacksuser,docs/threatprevention/7.5/admin/analytics/filesystemattacksuser.md,Covered by 8.0 — see docs/threatprevention/8.0/admin/analytics/filesystemattacksuser.md,,,,,
Forged PAC,7.5,https://docs.netwrix.com/docs/threatprevention/7_5/admin/analytics/forgedpac,docs/threatprevention/7.5/admin/analytics/forgedpac.md,Covered by 8.0 — see docs/threatprevention/8.0/admin/analytics/forgedpac.md,,,,,
Golden Ticket,7.5,https://docs.netwrix.com/docs/threatprevention/7_5/admin/analytics/goldenticket,docs/threatprevention/7.5/admin/analytics/goldenticket.md,Covered by 8.0 — see docs/threatprevention/8.0/admin/analytics/goldenticket.md,,,,,
Horizontal Movement Attacks,7.5,https://docs.netwrix.com/docs/threatprevention/7_5/admin/analytics/horizontalmovementattacks,docs/threatprevention/7.5/admin/analytics/horizontalmovementattacks.md,Covered by 8.0 — see docs/threatprevention/8.0/admin/analytics/horizontalmovementattacks.md,,,,,
Impersonation Logins,7.5,https://docs.netwrix.com/docs/threatprevention/7_5/admin/analytics/impersonationlogins,docs/threatprevention/7.5/admin/analytics/impersonationlogins.md,Covered by 8.0 — see docs/threatprevention/8.0/admin/analytics/impersonationlogins.md,,,,,
Kerberos Weak Encryption,7.5,https://docs.netwrix.com/docs/threatprevention/7_5/admin/analytics/kerberosweakencryption,docs/threatprevention/7.5/admin/analytics/kerberosweakencryption.md,Covered by 8.0 — see docs/threatprevention/8.0/admin/analytics/kerberosweakencryption.md,,,,,
Analytics Interface,7.5,https://docs.netwrix.com/docs/threatprevention/7_5/admin/analytics/overview,docs/threatprevention/7.5/admin/analytics/overview.md,Covered by 8.0 — see docs/threatprevention/8.0/admin/analytics/overview.md,,,,,
User Account Hacking,7.5,https://docs.netwrix.com/docs/threatprevention/7_5/admin/analytics/useraccounthacking,docs/threatprevention/7.5/admin/analytics/useraccounthacking.md,Covered by 8.0 — see docs/threatprevention/8.0/admin/analytics/useraccounthacking.md,,,,,
Send Active Directory Event Data from Netwrix Threat Prevention to Netwrix Access Analyzer,7.5,https://docs.netwrix.com/docs/threatprevention/7_5/admin/configuration/accessanalyzerconfiguration,docs/threatprevention/7.5/admin/configuration/accessanalyzerconfiguration.md,Covered by 8.0 — see docs/threatprevention/8.0/admin/configuration/accessanalyzerconfiguration.md,,,,,
Dynamic Collections,7.5,https://docs.netwrix.com/docs/threatprevention/7_5/admin/configuration/collectionmanager/dynamic,docs/threatprevention/7.5/admin/configuration/collectionmanager/dynamic.md,Covered by 8.0 — see docs/threatprevention/8.0/admin/configuration/collectionmanager/dynamic.md,,,,,
List of Collections Window,7.5,https://docs.netwrix.com/docs/threatprevention/7_5/admin/configuration/collectionmanager/listcollections,docs/threatprevention/7.5/admin/configuration/collectionmanager/listcollections.md,Covered by 8.0 — see docs/threatprevention/8.0/admin/configuration/collectionmanager/listcollections.md,,,,,
Collection Manager Window,7.5,https://docs.netwrix.com/docs/threatprevention/7_5/admin/configuration/collectionmanager/overview,docs/threatprevention/7.5/admin/configuration/collectionmanager/overview.md,,,,,,
Archive Data,7.5,https://docs.netwrix.com/docs/threatprevention/7_5/admin/configuration/databasemaintenance/archive,docs/threatprevention/7.5/admin/configuration/databasemaintenance/archive.md,Covered by 8.0 — see docs/threatprevention/8.0/admin/configuration/databasemaintenance/archive.md,,,,,
Enable Database Maintenance,7.5,https://docs.netwrix.com/docs/threatprevention/7_5/admin/configuration/databasemaintenance/enable,docs/threatprevention/7.5/admin/configuration/databasemaintenance/enable.md,Covered by 8.0 — see docs/threatprevention/8.0/admin/configuration/databasemaintenance/enable.md,,,,,
Database Maintenance Window,7.5,https://docs.netwrix.com/docs/threatprevention/7_5/admin/configuration/databasemaintenance/overview,docs/threatprevention/7.5/admin/configuration/databasemaintenance/overview.md,Covered by 8.0 — see docs/threatprevention/8.0/admin/configuration/databasemaintenance/overview.md,,,,,
Schedule Database Maintenance,7.5,https://docs.netwrix.com/docs/threatprevention/7_5/admin/configuration/databasemaintenance/schedule,docs/threatprevention/7.5/admin/configuration/databasemaintenance/schedule.md,Covered by 8.0 — see docs/threatprevention/8.0/admin/configuration/databasemaintenance/schedule.md,,,,,
Stored Procedures,7.5,https://docs.netwrix.com/docs/threatprevention/7_5/admin/configuration/databasemaintenance/storedprocedures,docs/threatprevention/7.5/admin/configuration/databasemaintenance/storedprocedures.md,Covered by 8.0 — see docs/threatprevention/8.0/admin/configuration/databasemaintenance/storedprocedures.md,,,,,
EPE Settings Window,7.5,https://docs.netwrix.com/docs/threatprevention/7_5/admin/configuration/epesettings,docs/threatprevention/7.5/admin/configuration/epesettings.md,,,,,,
Event Filtering Configuration Window,7.5,https://docs.netwrix.com/docs/threatprevention/7_5/admin/configuration/eventfilteringconfiguration,docs/threatprevention/7.5/admin/configuration/eventfilteringconfiguration.md,,,,,,
Events Database Configuration Window,7.5,https://docs.netwrix.com/docs/threatprevention/7_5/admin/configuration/eventsdatabaseconfiguration,docs/threatprevention/7.5/admin/configuration/eventsdatabaseconfiguration.md,Covered by 8.0 — see docs/threatprevention/8.0/admin/configuration/eventsdatabaseconfiguration.md,,,,,
File Monitor Settings Window,7.5,https://docs.netwrix.com/docs/threatprevention/7_5/admin/configuration/filemonitorsettings,docs/threatprevention/7.5/admin/configuration/filemonitorsettings.md,Covered by 8.0 — see docs/threatprevention/8.0/admin/configuration/filemonitorsettings.md,,,,,
SIEM Output Viewer,7.5,https://docs.netwrix.com/docs/threatprevention/7_5/admin/configuration/siemoutputviewer,docs/threatprevention/7.5/admin/configuration/siemoutputviewer.md,Covered by 8.0 — see docs/threatprevention/8.0/admin/configuration/siemoutputviewer.md,,,,,
Email Tab,7.5,https://docs.netwrix.com/docs/threatprevention/7_5/admin/configuration/systemalerting/email,docs/threatprevention/7.5/admin/configuration/systemalerting/email.md,Covered by 8.0 — see docs/threatprevention/8.0/admin/configuration/systemalerting/email.md,,,,,
Event Log Tab,7.5,https://docs.netwrix.com/docs/threatprevention/7_5/admin/configuration/systemalerting/eventlog,docs/threatprevention/7.5/admin/configuration/systemalerting/eventlog.md,Covered by 8.0 — see docs/threatprevention/8.0/admin/configuration/systemalerting/eventlog.md,,,,,
System Alerting Window,7.5,https://docs.netwrix.com/docs/threatprevention/7_5/admin/configuration/systemalerting/overview,docs/threatprevention/7.5/admin/configuration/systemalerting/overview.md,Covered by 8.0 — see docs/threatprevention/8.0/admin/configuration/systemalerting/overview.md,,,,,
SIEM Tab,7.5,https://docs.netwrix.com/docs/threatprevention/7_5/admin/configuration/systemalerting/siem,docs/threatprevention/7.5/admin/configuration/systemalerting/siem.md,Covered by 8.0 — see docs/threatprevention/8.0/admin/configuration/systemalerting/siem.md,,,,,
Netwrix Threat Manager Configuration Window,7.5,https://docs.netwrix.com/docs/threatprevention/7_5/admin/configuration/threatmanagerconfiguration,docs/threatprevention/7.5/admin/configuration/threatmanagerconfiguration.md,Covered by 8.0 — see docs/threatprevention/8.0/admin/configuration/threatmanagerconfiguration.md,,,,,
Add Users,7.5,https://docs.netwrix.com/docs/threatprevention/7_5/admin/configuration/userroles/add,docs/threatprevention/7.5/admin/configuration/userroles/add.md,Covered by 8.0 — see docs/threatprevention/8.0/admin/configuration/userroles/add.md,,,,,
Delete User,7.5,https://docs.netwrix.com/docs/threatprevention/7_5/admin/configuration/userroles/delete,docs/threatprevention/7.5/admin/configuration/userroles/delete.md,Covered by 8.0 — see docs/threatprevention/8.0/admin/configuration/userroles/delete.md,,,,,
Modify User Access,7.5,https://docs.netwrix.com/docs/threatprevention/7_5/admin/configuration/userroles/modify,docs/threatprevention/7.5/admin/configuration/userroles/modify.md,Covered by 8.0 — see docs/threatprevention/8.0/admin/configuration/userroles/modify.md,,,,,
Users and Roles Window,7.5,https://docs.netwrix.com/docs/threatprevention/7_5/admin/configuration/userroles/overview,docs/threatprevention/7.5/admin/configuration/userroles/overview.md,Covered by 8.0 — see docs/threatprevention/8.0/admin/configuration/userroles/overview.md,,,,,
Investigate Data Grid,7.5,https://docs.netwrix.com/docs/threatprevention/7_5/admin/investigate/datagrid,docs/threatprevention/7.5/admin/investigate/datagrid.md,,,,,,
Investigate Filters,7.5,https://docs.netwrix.com/docs/threatprevention/7_5/admin/investigate/filters,docs/threatprevention/7.5/admin/investigate/filters.md,Covered by 8.0 — see docs/threatprevention/8.0/admin/investigate/filters.md,,,,,
Investigate Interface,7.5,https://docs.netwrix.com/docs/threatprevention/7_5/admin/investigate/overview,docs/threatprevention/7.5/admin/investigate/overview.md,Covered by 8.0 — see docs/threatprevention/8.0/admin/investigate/overview.md,,,,,
Saved Investigations,7.5,https://docs.netwrix.com/docs/threatprevention/7_5/admin/investigate/saved,docs/threatprevention/7.5/admin/investigate/saved.md,Covered by 8.0 — see docs/threatprevention/8.0/admin/investigate/saved.md,,,,,
Summary Folders,7.5,https://docs.netwrix.com/docs/threatprevention/7_5/admin/investigate/summaryfolders,docs/threatprevention/7.5/admin/investigate/summaryfolders.md,Covered by 8.0 — see docs/threatprevention/8.0/admin/investigate/summaryfolders.md,,,,,
Data Grid Functionality,7.5,https://docs.netwrix.com/docs/threatprevention/7_5/admin/navigation/datagrid,docs/threatprevention/7.5/admin/navigation/datagrid.md,Covered by 8.0 — see docs/threatprevention/8.0/admin/navigation/datagrid.md,,,,,
License Manager Window,7.5,https://docs.netwrix.com/docs/threatprevention/7_5/admin/navigation/licensemanager,docs/threatprevention/7.5/admin/navigation/licensemanager.md,,,,,,
Navigation,7.5,https://docs.netwrix.com/docs/threatprevention/7_5/admin/navigation/overview,docs/threatprevention/7.5/admin/navigation/overview.md,Covered by 8.0 — see docs/threatprevention/8.0/admin/navigation/overview.md,,,,,
Right-Click Menus,7.5,https://docs.netwrix.com/docs/threatprevention/7_5/admin/navigation/rightclickmenus,docs/threatprevention/7.5/admin/navigation/rightclickmenus.md,Covered by 8.0 — see docs/threatprevention/8.0/admin/navigation/rightclickmenus.md,,,,,
Administration,7.5,https://docs.netwrix.com/docs/threatprevention/7_5/admin/overview,docs/threatprevention/7.5/admin/overview.md,Covered by 8.0 — see docs/threatprevention/8.0/admin/overview.md,,,,,
File Actions,7.5,https://docs.netwrix.com/docs/threatprevention/7_5/admin/policies/configuration/actions/file,docs/threatprevention/7.5/admin/policies/configuration/actions/file.md,Covered by 8.0 — see docs/threatprevention/8.0/admin/policies/configuration/actions/file.md,,,,,
.NET Script Actions,7.5,https://docs.netwrix.com/docs/threatprevention/7_5/admin/policies/configuration/actions/netscript,docs/threatprevention/7.5/admin/policies/configuration/actions/netscript.md,,,,,,
Actions Tab,7.5,https://docs.netwrix.com/docs/threatprevention/7_5/admin/policies/configuration/actions/overview,docs/threatprevention/7.5/admin/policies/configuration/actions/overview.md,Covered by 8.0 — see docs/threatprevention/8.0/admin/policies/configuration/actions/overview.md,,,,,
PowerShell 4.0 Actions,7.5,https://docs.netwrix.com/docs/threatprevention/7_5/admin/policies/configuration/actions/powershell,docs/threatprevention/7.5/admin/policies/configuration/actions/powershell.md,Covered by 8.0 — see docs/threatprevention/8.0/admin/policies/configuration/actions/powershell.md,,,,,
Policy Configuration,7.5,https://docs.netwrix.com/docs/threatprevention/7_5/admin/policies/configuration,docs/threatprevention/7.5/admin/policies/configuration/configuration.md,Covered by 8.0 — see docs/threatprevention/8.0/admin/policies/configuration/configuration.md,,,,,
Active Directory Changes,7.5,https://docs.netwrix.com/docs/threatprevention/7_5/admin/policies/configuration/eventtype/activedirectorychanges,docs/threatprevention/7.5/admin/policies/configuration/eventtype/activedirectorychanges.md,Covered by 8.0 — see docs/threatprevention/8.0/admin/policies/configuration/eventtype/activedirectorychanges.md,,,,,
Active Directory Lockdown,7.5,https://docs.netwrix.com/docs/threatprevention/7_5/admin/policies/configuration/eventtype/activedirectorylockdown,docs/threatprevention/7.5/admin/policies/configuration/eventtype/activedirectorylockdown.md,Covered by 8.0 — see docs/threatprevention/8.0/admin/policies/configuration/eventtype/activedirectorylockdown.md,,,,,
Active Directory Read Monitoring,7.5,https://docs.netwrix.com/docs/threatprevention/7_5/admin/policies/configuration/eventtype/activedirectoryreadmonitoring,docs/threatprevention/7.5/admin/policies/configuration/eventtype/activedirectoryreadmonitoring.md,Covered by 8.0 — see docs/threatprevention/8.0/admin/policies/configuration/eventtype/activedirectoryreadmonitoring.md,,,,,
AD Replication Lockdown,7.5,https://docs.netwrix.com/docs/threatprevention/7_5/admin/policies/configuration/eventtype/adreplicationlockdown,docs/threatprevention/7.5/admin/policies/configuration/eventtype/adreplicationlockdown.md,Covered by 8.0 — see docs/threatprevention/8.0/admin/policies/configuration/eventtype/adreplicationlockdown.md,,,,,
AD Replication Monitoring,7.5,https://docs.netwrix.com/docs/threatprevention/7_5/admin/policies/configuration/eventtype/adreplicationmonitoring,docs/threatprevention/7.5/admin/policies/configuration/eventtype/adreplicationmonitoring.md,Covered by 8.0 — see docs/threatprevention/8.0/admin/policies/configuration/eventtype/adreplicationmonitoring.md,,,,,
Authentication Lockdown,7.5,https://docs.netwrix.com/docs/threatprevention/7_5/admin/policies/configuration/eventtype/authenticationlockdown,docs/threatprevention/7.5/admin/policies/configuration/eventtype/authenticationlockdown.md,Covered by 8.0 — see docs/threatprevention/8.0/admin/policies/configuration/eventtype/authenticationlockdown.md,,,,,
Authentication Monitoring,7.5,https://docs.netwrix.com/docs/threatprevention/7_5/admin/policies/configuration/eventtype/authenticationmonitoring,docs/threatprevention/7.5/admin/policies/configuration/eventtype/authenticationmonitoring.md,Covered by 8.0 — see docs/threatprevention/8.0/admin/policies/configuration/eventtype/authenticationmonitoring.md,,,,,
Effective Group Membership,7.5,https://docs.netwrix.com/docs/threatprevention/7_5/admin/policies/configuration/eventtype/effectivegroupmembership,docs/threatprevention/7.5/admin/policies/configuration/eventtype/effectivegroupmembership.md,Covered by 8.0 — see docs/threatprevention/8.0/admin/policies/configuration/eventtype/effectivegroupmembership.md,,,,,
Exchange Changes,7.5,https://docs.netwrix.com/docs/threatprevention/7_5/admin/policies/configuration/eventtype/exchangechanges,docs/threatprevention/7.5/admin/policies/configuration/eventtype/exchangechanges.md,Covered by 8.0 — see docs/threatprevention/8.0/admin/policies/configuration/eventtype/exchangechanges.md,,,,,
Exchange Lockdown,7.5,https://docs.netwrix.com/docs/threatprevention/7_5/admin/policies/configuration/eventtype/exchangelockdown,docs/threatprevention/7.5/admin/policies/configuration/eventtype/exchangelockdown.md,Covered by 8.0 — see docs/threatprevention/8.0/admin/policies/configuration/eventtype/exchangelockdown.md,,,,,
File System Enterprise Auditor,7.5,https://docs.netwrix.com/docs/threatprevention/7_5/admin/policies/configuration/eventtype/filesystemaccessanalyzer,docs/threatprevention/7.5/admin/policies/configuration/eventtype/filesystemaccessanalyzer.md,Covered by 8.0 — see docs/threatprevention/8.0/admin/policies/configuration/eventtype/filesystemaccessanalyzer.md,,,,,
File System Changes,7.5,https://docs.netwrix.com/docs/threatprevention/7_5/admin/policies/configuration/eventtype/filesystemchanges,docs/threatprevention/7.5/admin/policies/configuration/eventtype/filesystemchanges/filesystemchanges.md,Covered by 8.0 — see docs/threatprevention/8.0/admin/policies/configuration/eventtype/filesystemchanges/filesystemchanges.md,,,,,
Monitor NAS Devices,7.5,https://docs.netwrix.com/docs/threatprevention/7_5/admin/policies/configuration/eventtype/filesystemchanges/nasdevice,docs/threatprevention/7.5/admin/policies/configuration/eventtype/filesystemchanges/nasdevice.md,Covered by 8.0 — see docs/threatprevention/8.0/admin/policies/configuration/eventtype/filesystemchanges/nasdevice.md,,,,,
File System Lockdown,7.5,https://docs.netwrix.com/docs/threatprevention/7_5/admin/policies/configuration/eventtype/filesystemlockdown,docs/threatprevention/7.5/admin/policies/configuration/eventtype/filesystemlockdown.md,Covered by 8.0 — see docs/threatprevention/8.0/admin/policies/configuration/eventtype/filesystemlockdown.md,,,,,
FSMO Role Monitoring,7.5,https://docs.netwrix.com/docs/threatprevention/7_5/admin/policies/configuration/eventtype/fsmorolemonitoring,docs/threatprevention/7.5/admin/policies/configuration/eventtype/fsmorolemonitoring.md,Covered by 8.0 — see docs/threatprevention/8.0/admin/policies/configuration/eventtype/fsmorolemonitoring.md,,,,,
GPO Setting Changes,7.5,https://docs.netwrix.com/docs/threatprevention/7_5/admin/policies/configuration/eventtype/gposettingchanges,docs/threatprevention/7.5/admin/policies/configuration/eventtype/gposettingchanges.md,Covered by 8.0 — see docs/threatprevention/8.0/admin/policies/configuration/eventtype/gposettingchanges.md,,,,,
GPO Setting Lockdown,7.5,https://docs.netwrix.com/docs/threatprevention/7_5/admin/policies/configuration/eventtype/gposettinglockdown,docs/threatprevention/7.5/admin/policies/configuration/eventtype/gposettinglockdown.md,Covered by 8.0 — see docs/threatprevention/8.0/admin/policies/configuration/eventtype/gposettinglockdown.md,,,,,
LDAP Bind Monitoring,7.5,https://docs.netwrix.com/docs/threatprevention/7_5/admin/policies/configuration/eventtype/ldapbindmonitoring,docs/threatprevention/7.5/admin/policies/configuration/eventtype/ldapbindmonitoring.md,Covered by 8.0 — see docs/threatprevention/8.0/admin/policies/configuration/eventtype/ldapbindmonitoring.md,,,,,
LDAP Lockdown,7.5,https://docs.netwrix.com/docs/threatprevention/7_5/admin/policies/configuration/eventtype/ldaplockdown,docs/threatprevention/7.5/admin/policies/configuration/eventtype/ldaplockdown.md,Covered by 8.0 — see docs/threatprevention/8.0/admin/policies/configuration/eventtype/ldaplockdown.md,,,,,
LDAP Monitoring,7.5,https://docs.netwrix.com/docs/threatprevention/7_5/admin/policies/configuration/eventtype/ldapmonitoring,docs/threatprevention/7.5/admin/policies/configuration/eventtype/ldapmonitoring/ldapmonitoring.md,Covered by 8.0 — see docs/threatprevention/8.0/admin/policies/configuration/eventtype/ldapmonitoring/ldapmonitoring.md,,,,,
LDAP Ping Operations Use Case,7.5,https://docs.netwrix.com/docs/threatprevention/7_5/admin/policies/configuration/eventtype/ldapmonitoring/ldapping,docs/threatprevention/7.5/admin/policies/configuration/eventtype/ldapmonitoring/ldapping.md,Covered by 8.0 — see docs/threatprevention/8.0/admin/policies/configuration/eventtype/ldapmonitoring/ldapping.md,,,,,
LDAP Search Operations Use Case,7.5,https://docs.netwrix.com/docs/threatprevention/7_5/admin/policies/configuration/eventtype/ldapmonitoring/ldapsearch,docs/threatprevention/7.5/admin/policies/configuration/eventtype/ldapmonitoring/ldapsearch.md,Covered by 8.0 — see docs/threatprevention/8.0/admin/policies/configuration/eventtype/ldapmonitoring/ldapsearch.md,,,,,
Netwrix Threat Manager Honeytoken Threats Use Case,7.5,https://docs.netwrix.com/docs/threatprevention/7_5/admin/policies/configuration/eventtype/ldapmonitoring/threatmanagerldap,docs/threatprevention/7.5/admin/policies/configuration/eventtype/ldapmonitoring/threatmanagerldap.md,Covered by 8.0 — see docs/threatprevention/8.0/admin/policies/configuration/eventtype/ldapmonitoring/threatmanagerldap.md,,,,,
LSASS Guardian – Monitor,7.5,https://docs.netwrix.com/docs/threatprevention/7_5/admin/policies/configuration/eventtype/lsassguardianmonitor,docs/threatprevention/7.5/admin/policies/configuration/eventtype/lsassguardianmonitor.md,,,,,,
LSASS Guardian – Protect,7.5,https://docs.netwrix.com/docs/threatprevention/7_5/admin/policies/configuration/eventtype/lsassguardianprotect,docs/threatprevention/7.5/admin/policies/configuration/eventtype/lsassguardianprotect.md,,,,,,
Event Type Tab,7.5,https://docs.netwrix.com/docs/threatprevention/7_5/admin/policies/configuration/eventtype/overview,docs/threatprevention/7.5/admin/policies/configuration/eventtype/overview.md,,,,,,
Monitor Weak Passwords Use Case,7.5,https://docs.netwrix.com/docs/threatprevention/7_5/admin/policies/configuration/eventtype/passwordenforcement/monitorweakpasswords,docs/threatprevention/7.5/admin/policies/configuration/eventtype/passwordenforcement/monitorweakpasswords.md,,,,,,
Password Enforcement Event Type,7.5,https://docs.netwrix.com/docs/threatprevention/7_5/admin/policies/configuration/eventtype/passwordenforcement,docs/threatprevention/7.5/admin/policies/configuration/eventtype/passwordenforcement/passwordenforcement.md,Covered by 8.0 — see docs/threatprevention/8.0/admin/policies/configuration/eventtype/passwordenforcement/passwordenforcement.md,,,,,
Prevent Weak Passwords Use Case,7.5,https://docs.netwrix.com/docs/threatprevention/7_5/admin/policies/configuration/eventtype/passwordenforcement/preventweakpasswords,docs/threatprevention/7.5/admin/policies/configuration/eventtype/passwordenforcement/preventweakpasswords.md,,,,,,
Add IP Address Window,7.5,https://docs.netwrix.com/docs/threatprevention/7_5/admin/policies/configuration/eventtype/window/addipaddress,docs/threatprevention/7.5/admin/policies/configuration/eventtype/window/addipaddress.md,Covered by 8.0 — see docs/threatprevention/8.0/admin/policies/configuration/eventtype/window/addipaddress.md,,,,,
Attribute List Window,7.5,https://docs.netwrix.com/docs/threatprevention/7_5/admin/policies/configuration/eventtype/window/attributelist,docs/threatprevention/7.5/admin/policies/configuration/eventtype/window/attributelist.md,Covered by 8.0 — see docs/threatprevention/8.0/admin/policies/configuration/eventtype/window/attributelist.md,,,,,
Class List Window,7.5,https://docs.netwrix.com/docs/threatprevention/7_5/admin/policies/configuration/eventtype/window/classlist,docs/threatprevention/7.5/admin/policies/configuration/eventtype/window/classlist.md,Covered by 8.0 — see docs/threatprevention/8.0/admin/policies/configuration/eventtype/window/classlist.md,,,,,
Select Active Directory Contexts Window,7.5,https://docs.netwrix.com/docs/threatprevention/7_5/admin/policies/configuration/eventtype/window/context,docs/threatprevention/7.5/admin/policies/configuration/eventtype/window/context.md,Covered by 8.0 — see docs/threatprevention/8.0/admin/policies/configuration/eventtype/window/context.md,,,,,
Select Exchange Objects from Active Directory Window,7.5,https://docs.netwrix.com/docs/threatprevention/7_5/admin/policies/configuration/eventtype/window/exchangeobjects,docs/threatprevention/7.5/admin/policies/configuration/eventtype/window/exchangeobjects.md,Covered by 8.0 — see docs/threatprevention/8.0/admin/policies/configuration/eventtype/window/exchangeobjects.md,,,,,
Select Active Directory Group Policy Objects Window,7.5,https://docs.netwrix.com/docs/threatprevention/7_5/admin/policies/configuration/eventtype/window/grouppolicyobjects,docs/threatprevention/7.5/admin/policies/configuration/eventtype/window/grouppolicyobjects.md,Covered by 8.0 — see docs/threatprevention/8.0/admin/policies/configuration/eventtype/window/grouppolicyobjects.md,,,,,
Select AD Groups Window,7.5,https://docs.netwrix.com/docs/threatprevention/7_5/admin/policies/configuration/eventtype/window/groups,docs/threatprevention/7.5/admin/policies/configuration/eventtype/window/groups.md,Covered by 8.0 — see docs/threatprevention/8.0/admin/policies/configuration/eventtype/window/groups.md,,,,,
Select Active Directory Objects Window,7.5,https://docs.netwrix.com/docs/threatprevention/7_5/admin/policies/configuration/eventtype/window/objects,docs/threatprevention/7.5/admin/policies/configuration/eventtype/window/objects.md,Covered by 8.0 — see docs/threatprevention/8.0/admin/policies/configuration/eventtype/window/objects.md,,,,,
Selection Windows,7.5,https://docs.netwrix.com/docs/threatprevention/7_5/admin/policies/configuration/eventtype/window/overview,docs/threatprevention/7.5/admin/policies/configuration/eventtype/window/overview.md,,,,,,
Select Active Directory Perpetrators Window,7.5,https://docs.netwrix.com/docs/threatprevention/7_5/admin/policies/configuration/eventtype/window/perpetrators,docs/threatprevention/7.5/admin/policies/configuration/eventtype/window/perpetrators.md,Covered by 8.0 — see docs/threatprevention/8.0/admin/policies/configuration/eventtype/window/perpetrators.md,,,,,
Select Computer Window,7.5,https://docs.netwrix.com/docs/threatprevention/7_5/admin/policies/configuration/eventtype/window/selectcomputers,docs/threatprevention/7.5/admin/policies/configuration/eventtype/window/selectcomputers.md,Covered by 8.0 — see docs/threatprevention/8.0/admin/policies/configuration/eventtype/window/selectcomputers.md,,,,,
Select Domains and Servers Window,7.5,https://docs.netwrix.com/docs/threatprevention/7_5/admin/policies/configuration/eventtype/window/selectdomainsservers,docs/threatprevention/7.5/admin/policies/configuration/eventtype/window/selectdomainsservers.md,Covered by 8.0 — see docs/threatprevention/8.0/admin/policies/configuration/eventtype/window/selectdomainsservers.md,,,,,
Select File System Objects Window,7.5,https://docs.netwrix.com/docs/threatprevention/7_5/admin/policies/configuration/eventtype/window/selectfilesystemobjects,docs/threatprevention/7.5/admin/policies/configuration/eventtype/window/selectfilesystemobjects.md,Covered by 8.0 — see docs/threatprevention/8.0/admin/policies/configuration/eventtype/window/selectfilesystemobjects.md,,,,,
Test Passwords Window,7.5,https://docs.netwrix.com/docs/threatprevention/7_5/admin/policies/configuration/eventtype/window/testpasswords,docs/threatprevention/7.5/admin/policies/configuration/eventtype/window/testpasswords.md,Covered by 8.0 — see docs/threatprevention/8.0/admin/policies/configuration/eventtype/window/testpasswords.md,,,,,
Select Active Directory Trustees Window,7.5,https://docs.netwrix.com/docs/threatprevention/7_5/admin/policies/configuration/eventtype/window/trustees,docs/threatprevention/7.5/admin/policies/configuration/eventtype/window/trustees.md,Covered by 8.0 — see docs/threatprevention/8.0/admin/policies/configuration/eventtype/window/trustees.md,,,,,
User Account Control Window,7.5,https://docs.netwrix.com/docs/threatprevention/7_5/admin/policies/configuration/eventtype/window/useraccountcontrol,docs/threatprevention/7.5/admin/policies/configuration/eventtype/window/useraccountcontrol.md,Covered by 8.0 — see docs/threatprevention/8.0/admin/policies/configuration/eventtype/window/useraccountcontrol.md,,,,,
General Tab,7.5,https://docs.netwrix.com/docs/threatprevention/7_5/admin/policies/configuration/general,docs/threatprevention/7.5/admin/policies/configuration/general.md,Covered by 8.0 — see docs/threatprevention/8.0/admin/policies/configuration/general.md,,,,,
Event Tracker Window,7.5,https://docs.netwrix.com/docs/threatprevention/7_5/admin/policies/configuration/recentevents/eventtracker,docs/threatprevention/7.5/admin/policies/configuration/recentevents/eventtracker.md,Covered by 8.0 — see docs/threatprevention/8.0/admin/policies/configuration/recentevents/eventtracker.md,,,,,
Event Viewer Window,7.5,https://docs.netwrix.com/docs/threatprevention/7_5/admin/policies/configuration/recentevents/eventviewer,docs/threatprevention/7.5/admin/policies/configuration/recentevents/eventviewer.md,Covered by 8.0 — see docs/threatprevention/8.0/admin/policies/configuration/recentevents/eventviewer.md,,,,,
Execute PS Script,7.5,https://docs.netwrix.com/docs/threatprevention/7_5/admin/policies/configuration/recentevents/executepsscript,docs/threatprevention/7.5/admin/policies/configuration/recentevents/executepsscript.md,Covered by 8.0 — see docs/threatprevention/8.0/admin/policies/configuration/recentevents/executepsscript.md,,,,,
Recent Events Tab,7.5,https://docs.netwrix.com/docs/threatprevention/7_5/admin/policies/configuration/recentevents/overview,docs/threatprevention/7.5/admin/policies/configuration/recentevents/overview.md,,,,,,
Data Protection,7.5,https://docs.netwrix.com/docs/threatprevention/7_5/admin/policies/dataprotection,docs/threatprevention/7.5/admin/policies/dataprotection.md,Covered by 8.0 — see docs/threatprevention/8.0/admin/policies/dataprotection.md,,,,,
Export Policies and Templates Window,7.5,https://docs.netwrix.com/docs/threatprevention/7_5/admin/policies/exportpoliciestemplates,docs/threatprevention/7.5/admin/policies/exportpoliciestemplates.md,Covered by 8.0 — see docs/threatprevention/8.0/admin/policies/exportpoliciestemplates.md,,,,,
Policies Interface,7.5,https://docs.netwrix.com/docs/threatprevention/7_5/admin/policies/overview,docs/threatprevention/7.5/admin/policies/overview.md,Covered by 8.0 — see docs/threatprevention/8.0/admin/policies/overview.md,,,,,
Tags Node,7.5,https://docs.netwrix.com/docs/threatprevention/7_5/admin/tags,docs/threatprevention/7.5/admin/tags.md,Covered by 8.0 — see docs/threatprevention/8.0/admin/tags.md,,,,,
Actions Tab,7.5,https://docs.netwrix.com/docs/threatprevention/7_5/admin/templates/configuration/actions,docs/threatprevention/7.5/admin/templates/configuration/actions.md,Covered by 8.0 — see docs/threatprevention/8.0/admin/templates/configuration/actions.md,,,,,
Template Configuration,7.5,https://docs.netwrix.com/docs/threatprevention/7_5/admin/templates/configuration,docs/threatprevention/7.5/admin/templates/configuration/configuration.md,Covered by 8.0 — see docs/threatprevention/8.0/admin/templates/configuration/configuration.md,,,,,
Event Type Tab,7.5,https://docs.netwrix.com/docs/threatprevention/7_5/admin/templates/configuration/eventtype,docs/threatprevention/7.5/admin/templates/configuration/eventtype.md,,,,,,
General Tab,7.5,https://docs.netwrix.com/docs/threatprevention/7_5/admin/templates/configuration/general,docs/threatprevention/7.5/admin/templates/configuration/general.md,Covered by 8.0 — see docs/threatprevention/8.0/admin/templates/configuration/general.md,,,,,
Use a Template to Create a Policy,7.5,https://docs.netwrix.com/docs/threatprevention/7_5/admin/templates/createpolicy,docs/threatprevention/7.5/admin/templates/createpolicy.md,Covered by 8.0 — see docs/threatprevention/8.0/admin/templates/createpolicy.md,,,,,
Account Enablement Custom Script,7.5,https://docs.netwrix.com/docs/threatprevention/7_5/admin/templates/folder/actions/accountenablement,docs/threatprevention/7.5/admin/templates/folder/actions/accountenablement.md,Covered by 8.0 — see docs/threatprevention/8.0/admin/templates/folder/actions/accountenablement.md,,,,,
Action Folder Templates,7.5,https://docs.netwrix.com/docs/threatprevention/7_5/admin/templates/folder/actions,docs/threatprevention/7.5/admin/templates/folder/actions/actions.md,Covered by 8.0 — see docs/threatprevention/8.0/admin/templates/folder/actions/actions.md,,,,,
Lock and/or Unlock Account Custom Script,7.5,https://docs.netwrix.com/docs/threatprevention/7_5/admin/templates/folder/actions/lockunlockaccount,docs/threatprevention/7.5/admin/templates/folder/actions/lockunlockaccount.md,Covered by 8.0 — see docs/threatprevention/8.0/admin/templates/folder/actions/lockunlockaccount.md,,,,,
Password Changes Custom Script,7.5,https://docs.netwrix.com/docs/threatprevention/7_5/admin/templates/folder/actions/passwordchanges,docs/threatprevention/7.5/admin/templates/folder/actions/passwordchanges.md,Covered by 8.0 — see docs/threatprevention/8.0/admin/templates/folder/actions/passwordchanges.md,,,,,
Password Never Expires Custom Script,7.5,https://docs.netwrix.com/docs/threatprevention/7_5/admin/templates/folder/actions/passwordneverexpires,docs/threatprevention/7.5/admin/templates/folder/actions/passwordneverexpires.md,Covered by 8.0 — see docs/threatprevention/8.0/admin/templates/folder/actions/passwordneverexpires.md,,,,,
Password Rejection Custom Script,7.5,https://docs.netwrix.com/docs/threatprevention/7_5/admin/templates/folder/actions/passwordrejection,docs/threatprevention/7.5/admin/templates/folder/actions/passwordrejection.md,Covered by 8.0 — see docs/threatprevention/8.0/admin/templates/folder/actions/passwordrejection.md,,,,,
Active Directory Templates,7.5,https://docs.netwrix.com/docs/threatprevention/7_5/admin/templates/folder/activedirectory,docs/threatprevention/7.5/admin/templates/folder/activedirectory.md,Covered by 8.0 — see docs/threatprevention/8.0/admin/templates/folder/activedirectory.md,,,,,
Best Practices Templates,7.5,https://docs.netwrix.com/docs/threatprevention/7_5/admin/templates/folder/bestpractices,docs/threatprevention/7.5/admin/templates/folder/bestpractices.md,Covered by 8.0 — see docs/threatprevention/8.0/admin/templates/folder/bestpractices.md,,,,,
DNS Templates,7.5,https://docs.netwrix.com/docs/threatprevention/7_5/admin/templates/folder/dns,docs/threatprevention/7.5/admin/templates/folder/dns.md,Covered by 8.0 — see docs/threatprevention/8.0/admin/templates/folder/dns.md,,,,,
Domain Persistence Templates,7.5,https://docs.netwrix.com/docs/threatprevention/7_5/admin/templates/folder/domainpersistence,docs/threatprevention/7.5/admin/templates/folder/domainpersistence.md,Covered by 8.0 — see docs/threatprevention/8.0/admin/templates/folder/domainpersistence.md,,,,,
Exchange Templates,7.5,https://docs.netwrix.com/docs/threatprevention/7_5/admin/templates/folder/exchange,docs/threatprevention/7.5/admin/templates/folder/exchange.md,Covered by 8.0 — see docs/threatprevention/8.0/admin/templates/folder/exchange.md,,,,,
File System Templates,7.5,https://docs.netwrix.com/docs/threatprevention/7_5/admin/templates/folder/filesystem,docs/threatprevention/7.5/admin/templates/folder/filesystem.md,Covered by 8.0 — see docs/threatprevention/8.0/admin/templates/folder/filesystem.md,,,,,
Group Policy Objects Templates,7.5,https://docs.netwrix.com/docs/threatprevention/7_5/admin/templates/folder/grouppolicyobjects,docs/threatprevention/7.5/admin/templates/folder/grouppolicyobjects.md,Covered by 8.0 — see docs/threatprevention/8.0/admin/templates/folder/grouppolicyobjects.md,,,,,
HIPAA Templates,7.5,https://docs.netwrix.com/docs/threatprevention/7_5/admin/templates/folder/hipaa,docs/threatprevention/7.5/admin/templates/folder/hipaa.md,Covered by 8.0 — see docs/threatprevention/8.0/admin/templates/folder/hipaa.md,,,,,
LDAP Templates,7.5,https://docs.netwrix.com/docs/threatprevention/7_5/admin/templates/folder/ldap,docs/threatprevention/7.5/admin/templates/folder/ldap.md,Covered by 8.0 — see docs/threatprevention/8.0/admin/templates/folder/ldap.md,,,,,
LSASS Templates,7.5,https://docs.netwrix.com/docs/threatprevention/7_5/admin/templates/folder/lsass,docs/threatprevention/7.5/admin/templates/folder/lsass.md,Covered by 8.0 — see docs/threatprevention/8.0/admin/templates/folder/lsass.md,,,,,
Pre-Created Templates,7.5,https://docs.netwrix.com/docs/threatprevention/7_5/admin/templates/folder/overview,docs/threatprevention/7.5/admin/templates/folder/overview.md,,,,,,
Privilege Escalation Templates,7.5,https://docs.netwrix.com/docs/threatprevention/7_5/admin/templates/folder/privilegeescalation,docs/threatprevention/7.5/admin/templates/folder/privilegeescalation.md,Covered by 8.0 — see docs/threatprevention/8.0/admin/templates/folder/privilegeescalation.md,,,,,
Ransomware Templates,7.5,https://docs.netwrix.com/docs/threatprevention/7_5/admin/templates/folder/ransomware,docs/threatprevention/7.5/admin/templates/folder/ransomware.md,Covered by 8.0 — see docs/threatprevention/8.0/admin/templates/folder/ransomware.md,,,,,
Reconnaissance Templates,7.5,https://docs.netwrix.com/docs/threatprevention/7_5/admin/templates/folder/reconnaissance,docs/threatprevention/7.5/admin/templates/folder/reconnaissance.md,Covered by 8.0 — see docs/threatprevention/8.0/admin/templates/folder/reconnaissance.md,,,,,
Schema and Configuration Templates,7.5,https://docs.netwrix.com/docs/threatprevention/7_5/admin/templates/folder/schemaconfiguration,docs/threatprevention/7.5/admin/templates/folder/schemaconfiguration.md,Covered by 8.0 — see docs/threatprevention/8.0/admin/templates/folder/schemaconfiguration.md,,,,,
SIEM Templates,7.5,https://docs.netwrix.com/docs/threatprevention/7_5/admin/templates/folder/siem,docs/threatprevention/7.5/admin/templates/folder/siem.md,Covered by 8.0 — see docs/threatprevention/8.0/admin/templates/folder/siem.md,,,,,
Threat Manager Templates,7.5,https://docs.netwrix.com/docs/threatprevention/7_5/admin/templates/folder/threatmanager,docs/threatprevention/7.5/admin/templates/folder/threatmanager.md,Covered by 8.0 — see docs/threatprevention/8.0/admin/templates/folder/threatmanager.md,,,,,
Templates Interface,7.5,https://docs.netwrix.com/docs/threatprevention/7_5/admin/templates/overview,docs/threatprevention/7.5/admin/templates/overview.md,Covered by 8.0 — see docs/threatprevention/8.0/admin/templates/overview.md,,,,,
Export Policies and Templates Window,7.5,https://docs.netwrix.com/docs/threatprevention/7_5/admin/tools/exportpoliciestemplates,docs/threatprevention/7.5/admin/tools/exportpoliciestemplates.md,Covered by 8.0 — see docs/threatprevention/8.0/admin/tools/exportpoliciestemplates.md,,,,,
Import Window,7.5,https://docs.netwrix.com/docs/threatprevention/7_5/admin/tools/import,docs/threatprevention/7.5/admin/tools/import.md,Covered by 8.0 — see docs/threatprevention/8.0/admin/tools/import.md,,,,,
Collection APIs,7.5,https://docs.netwrix.com/docs/threatprevention/7_5/api/collections,docs/threatprevention/7.5/api/collections.md,Covered by 8.0 — see docs/threatprevention/8.0/api/collections.md,,,,,
Enterprise Password Enforcer (EPE) APIs,7.5,https://docs.netwrix.com/docs/threatprevention/7_5/api/epe,docs/threatprevention/7.5/api/epe.md,Covered by 8.0 — see docs/threatprevention/8.0/api/epe.md,,,,,
Load the PowerShell Module,7.5,https://docs.netwrix.com/docs/threatprevention/7_5/api/loadmodule,docs/threatprevention/7.5/api/loadmodule.md,Covered by 8.0 — see docs/threatprevention/8.0/api/loadmodule.md,,,,,
PowerShell API Integration,7.5,https://docs.netwrix.com/docs/threatprevention/7_5/api/overview,docs/threatprevention/7.5/api/overview.md,Covered by 8.0 — see docs/threatprevention/8.0/api/overview.md,,,,,
Policy APIs,7.5,https://docs.netwrix.com/docs/threatprevention/7_5/api/policy,docs/threatprevention/7.5/api/policy.md,Covered by 8.0 — see docs/threatprevention/8.0/api/policy.md,,,,,
Netwrix Threat Manager APIs,7.5,https://docs.netwrix.com/docs/threatprevention/7_5/api/threatmanager,docs/threatprevention/7.5/api/threatmanager.md,Covered by 8.0 — see docs/threatprevention/8.0/api/threatmanager.md,,,,,
Site Account Management,7.5,https://docs.netwrix.com/docs/threatprevention/7_5/eperestsite/accountmanagement,docs/threatprevention/7.5/eperestsite/accountmanagement.md,Covered by 8.0 — see docs/threatprevention/8.0/eperestsite/accountmanagement.md,,,,,
Check Password,7.5,https://docs.netwrix.com/docs/threatprevention/7_5/eperestsite/checkpassword,docs/threatprevention/7.5/eperestsite/checkpassword.md,Covered by 8.0 — see docs/threatprevention/8.0/eperestsite/checkpassword.md,,,,,
Login to EPE REST Service,7.5,https://docs.netwrix.com/docs/threatprevention/7_5/eperestsite/login,docs/threatprevention/7.5/eperestsite/login.md,Covered by 8.0 — see docs/threatprevention/8.0/eperestsite/login.md,,,,,
EPE Rest Site,7.5,https://docs.netwrix.com/docs/threatprevention/7_5/eperestsite/overview,docs/threatprevention/7.5/eperestsite/overview.md,Covered by 8.0 — see docs/threatprevention/8.0/eperestsite/overview.md,,,,,
Getting Started,7.5,https://docs.netwrix.com/docs/threatprevention/7_5/gettingstarted,docs/threatprevention/7.5/gettingstarted.md,Covered by 8.0 — see docs/threatprevention/8.0/gettingstarted.md,,,,,
Netwrix Threat Prevention v7.5 Documentation,7.5,https://docs.netwrix.com/docs/threatprevention/7_5,docs/threatprevention/7.5/index.md,Covered by 8.0 — see docs/threatprevention/8.0/index.md,,,,,
Administration Console Remote Install,7.5,https://docs.netwrix.com/docs/threatprevention/7_5/install/adminconsole,docs/threatprevention/7.5/install/adminconsole.md,Covered by 8.0 — see docs/threatprevention/8.0/install/adminconsole.md,,,,,
Create Custom Managed Certificates for Each Agent,7.5,https://docs.netwrix.com/docs/threatprevention/7_5/install/agent/customcert,docs/threatprevention/7.5/install/agent/customcert.md,,,,,,
Manual Agent Deployment,7.5,https://docs.netwrix.com/docs/threatprevention/7_5/install/agent/manual,docs/threatprevention/7.5/install/agent/manual.md,Covered by 8.0 — see docs/threatprevention/8.0/install/agent/manual.md,,,,,
Agent Information,7.5,https://docs.netwrix.com/docs/threatprevention/7_5/install/agent/overview,docs/threatprevention/7.5/install/agent/overview.md,,,,,,
Agent Silent Install Option,7.5,https://docs.netwrix.com/docs/threatprevention/7_5/install/agent/silent,docs/threatprevention/7.5/install/agent/silent.md,Covered by 8.0 — see docs/threatprevention/8.0/install/agent/silent.md,,,,,
Application Server Install,7.5,https://docs.netwrix.com/docs/threatprevention/7_5/install/application,docs/threatprevention/7.5/install/application.md,Covered by 8.0 — see docs/threatprevention/8.0/install/application.md,,,,,
Certificate Management Wizard,7.5,https://docs.netwrix.com/docs/threatprevention/7_5/install/certificatemanagementwizard,docs/threatprevention/7.5/install/certificatemanagementwizard.md,Covered by 8.0 — see docs/threatprevention/8.0/install/certificatemanagementwizard.md,,,,,
DB Connection Manager Wizard,7.5,https://docs.netwrix.com/docs/threatprevention/7_5/install/dbconnectionmanager,docs/threatprevention/7.5/install/dbconnectionmanager.md,Covered by 8.0 — see docs/threatprevention/8.0/install/dbconnectionmanager.md,,,,,
EPE Rest Site Install,7.5,https://docs.netwrix.com/docs/threatprevention/7_5/install/eperestsite,docs/threatprevention/7.5/install/eperestsite.md,Covered by 8.0 — see docs/threatprevention/8.0/install/eperestsite.md,,,,,
EPE User Feedback Module,7.5,https://docs.netwrix.com/docs/threatprevention/7_5/install/epeuserfeedback,docs/threatprevention/7.5/install/epeuserfeedback.md,Covered by 8.0 — see docs/threatprevention/8.0/install/epeuserfeedback.md,,,,,
First Launch,7.5,https://docs.netwrix.com/docs/threatprevention/7_5/install/firstlaunch,docs/threatprevention/7.5/install/firstlaunch/firstlaunch.md,Covered by 8.0 — see docs/threatprevention/8.0/install/firstlaunch/firstlaunch.md,,,,,
Import the License,7.5,https://docs.netwrix.com/docs/threatprevention/7_5/install/firstlaunch/licenseimport,docs/threatprevention/7.5/install/firstlaunch/licenseimport.md,Covered by 8.0 — see docs/threatprevention/8.0/install/firstlaunch/licenseimport.md,,,,,
Migrate the Enterprise Manager Server,7.5,https://docs.netwrix.com/docs/threatprevention/7_5/install/migrateemserver,docs/threatprevention/7.5/install/migrateemserver.md,Covered by 8.0 — see docs/threatprevention/8.0/install/migrateemserver.md,,,,,
Installation,7.5,https://docs.netwrix.com/docs/threatprevention/7_5/install/overview,docs/threatprevention/7.5/install/overview.md,Covered by 8.0 — see docs/threatprevention/8.0/install/overview.md,,,,,
Install the Netwrix Threat Manager Reporting Module,7.5,https://docs.netwrix.com/docs/threatprevention/7_5/install/reportingmodule/application,docs/threatprevention/7.5/install/reportingmodule/application.md,Covered by 8.0 — see docs/threatprevention/8.0/install/reportingmodule/application.md,,,,,
Install the PostgreSQL Database Application,7.5,https://docs.netwrix.com/docs/threatprevention/7_5/install/reportingmodule/database,docs/threatprevention/7.5/install/reportingmodule/database.md,Covered by 8.0 — see docs/threatprevention/8.0/install/reportingmodule/database.md,,,,,
First Launch,7.5,https://docs.netwrix.com/docs/threatprevention/7_5/install/reportingmodule/firstlaunch,docs/threatprevention/7.5/install/reportingmodule/firstlaunch.md,Covered by 8.0 — see docs/threatprevention/8.0/install/reportingmodule/firstlaunch.md,,,,,
Reporting Module Installation,7.5,https://docs.netwrix.com/docs/threatprevention/7_5/install/reportingmodule/overview,docs/threatprevention/7.5/install/reportingmodule/overview.md,,,,,,
Secure the Reporting Module Console,7.5,https://docs.netwrix.com/docs/threatprevention/7_5/install/reportingmodule/secure,docs/threatprevention/7.5/install/reportingmodule/secure.md,Covered by 8.0 — see docs/threatprevention/8.0/install/reportingmodule/secure.md,,,,,
Upgrade Agent,7.5,https://docs.netwrix.com/docs/threatprevention/7_5/install/upgrade/agent,docs/threatprevention/7.5/install/upgrade/agent.md,Covered by 8.0 — see docs/threatprevention/8.0/install/upgrade/agent.md,,,,,
Upgrade Procedure,7.5,https://docs.netwrix.com/docs/threatprevention/7_5/install/upgrade/overview,docs/threatprevention/7.5/install/upgrade/overview.md,,,,,,
Upgrade Policy Templates,7.5,https://docs.netwrix.com/docs/threatprevention/7_5/install/upgrade/policytemplates,docs/threatprevention/7.5/install/upgrade/policytemplates.md,Covered by 8.0 — see docs/threatprevention/8.0/install/upgrade/policytemplates.md,,,,,
Upgrade the Reporting Module,7.5,https://docs.netwrix.com/docs/threatprevention/7_5/install/upgrade/reportingmodule,docs/threatprevention/7.5/install/upgrade/reportingmodule.md,Covered by 8.0 — see docs/threatprevention/8.0/install/upgrade/reportingmodule.md,,,,,
Uninstall Agent,7.5,https://docs.netwrix.com/docs/threatprevention/7_5/install/upgrade/uninstallagent,docs/threatprevention/7.5/install/upgrade/uninstallagent.md,Covered by 8.0 — see docs/threatprevention/8.0/install/upgrade/uninstallagent.md,,,,,
Active Directory Sync,7.5,https://docs.netwrix.com/docs/threatprevention/7_5/reportingmodule/configuration/integrations/activedirectorysync,docs/threatprevention/7.5/reportingmodule/configuration/integrations/activedirectorysync.md,Covered by 8.0 — see docs/threatprevention/8.0/reportingmodule/configuration/integrations/activedirectorysync.md,,,,,
OpenID,7.5,https://docs.netwrix.com/docs/threatprevention/7_5/reportingmodule/configuration/integrations/authenticationprovider/openid,docs/threatprevention/7.5/reportingmodule/configuration/integrations/authenticationprovider/openid.md,Covered by 8.0 — see docs/threatprevention/8.0/reportingmodule/configuration/integrations/authenticationprovider/openid.md,,,,,
Authentication Provider,7.5,https://docs.netwrix.com/docs/threatprevention/7_5/reportingmodule/configuration/integrations/authenticationprovider/page,docs/threatprevention/7.5/reportingmodule/configuration/integrations/authenticationprovider/page.md,Covered by 8.0 — see docs/threatprevention/8.0/reportingmodule/configuration/integrations/authenticationprovider/page.md,,,,,
RADIUS,7.5,https://docs.netwrix.com/docs/threatprevention/7_5/reportingmodule/configuration/integrations/authenticationprovider/radius,docs/threatprevention/7.5/reportingmodule/configuration/integrations/authenticationprovider/radius.md,Covered by 8.0 — see docs/threatprevention/8.0/reportingmodule/configuration/integrations/authenticationprovider/radius.md,,,,,
SAML,7.5,https://docs.netwrix.com/docs/threatprevention/7_5/reportingmodule/configuration/integrations/authenticationprovider/saml,docs/threatprevention/7.5/reportingmodule/configuration/integrations/authenticationprovider/saml.md,Covered by 8.0 — see docs/threatprevention/8.0/reportingmodule/configuration/integrations/authenticationprovider/saml.md,,,,,
Credential Profile,7.5,https://docs.netwrix.com/docs/threatprevention/7_5/reportingmodule/configuration/integrations/credentialprofile,docs/threatprevention/7.5/reportingmodule/configuration/integrations/credentialprofile.md,Covered by 8.0 — see docs/threatprevention/8.0/reportingmodule/configuration/integrations/credentialprofile.md,,,,,
Email,7.5,https://docs.netwrix.com/docs/threatprevention/7_5/reportingmodule/configuration/integrations/email,docs/threatprevention/7.5/reportingmodule/configuration/integrations/email.md,Covered by 8.0 — see docs/threatprevention/8.0/reportingmodule/configuration/integrations/email.md,,,,,
Folder Settings,7.5,https://docs.netwrix.com/docs/threatprevention/7_5/reportingmodule/configuration/integrations/foldersettings,docs/threatprevention/7.5/reportingmodule/configuration/integrations/foldersettings.md,Covered by 8.0 — see docs/threatprevention/8.0/reportingmodule/configuration/integrations/foldersettings.md,,,,,
Netwrix Integrations,7.5,https://docs.netwrix.com/docs/threatprevention/7_5/reportingmodule/configuration/integrations/netwrixintegrations,docs/threatprevention/7.5/reportingmodule/configuration/integrations/netwrixintegrations.md,Covered by 8.0 — see docs/threatprevention/8.0/reportingmodule/configuration/integrations/netwrixintegrations.md,,,,,
Integrations Interface,7.5,https://docs.netwrix.com/docs/threatprevention/7_5/reportingmodule/configuration/integrations/overview,docs/threatprevention/7.5/reportingmodule/configuration/integrations/overview.md,Covered by 8.0 — see docs/threatprevention/8.0/reportingmodule/configuration/integrations/overview.md,,,,,
Tag Management,7.5,https://docs.netwrix.com/docs/threatprevention/7_5/reportingmodule/configuration/integrations/tagmanagement,docs/threatprevention/7.5/reportingmodule/configuration/integrations/tagmanagement.md,Covered by 8.0 — see docs/threatprevention/8.0/reportingmodule/configuration/integrations/tagmanagement.md,,,,,
Configuration Menu,7.5,https://docs.netwrix.com/docs/threatprevention/7_5/reportingmodule/configuration/overview,docs/threatprevention/7.5/reportingmodule/configuration/overview.md,Covered by 8.0 — see docs/threatprevention/8.0/reportingmodule/configuration/overview.md,,,,,
System Health Interface,7.5,https://docs.netwrix.com/docs/threatprevention/7_5/reportingmodule/configuration/systemhealth,docs/threatprevention/7.5/reportingmodule/configuration/systemhealth.md,Covered by 8.0 — see docs/threatprevention/8.0/reportingmodule/configuration/systemhealth.md,,,,,
About Threat Manager,7.5,https://docs.netwrix.com/docs/threatprevention/7_5/reportingmodule/configuration/systemsettings/about,docs/threatprevention/7.5/reportingmodule/configuration/systemsettings/about.md,Covered by 8.0 — see docs/threatprevention/8.0/reportingmodule/configuration/systemsettings/about.md,,,,,
Auditing,7.5,https://docs.netwrix.com/docs/threatprevention/7_5/reportingmodule/configuration/systemsettings/auditing,docs/threatprevention/7.5/reportingmodule/configuration/systemsettings/auditing.md,Covered by 8.0 — see docs/threatprevention/8.0/reportingmodule/configuration/systemsettings/auditing.md,,,,,
System Settings Interface,7.5,https://docs.netwrix.com/docs/threatprevention/7_5/reportingmodule/configuration/systemsettings/interface,docs/threatprevention/7.5/reportingmodule/configuration/systemsettings/interface.md,Covered by 8.0 — see docs/threatprevention/8.0/reportingmodule/configuration/systemsettings/interface.md,,,,,
Licensing,7.5,https://docs.netwrix.com/docs/threatprevention/7_5/reportingmodule/configuration/systemsettings/licensing,docs/threatprevention/7.5/reportingmodule/configuration/systemsettings/licensing.md,Covered by 8.0 — see docs/threatprevention/8.0/reportingmodule/configuration/systemsettings/licensing.md,,,,,
System Jobs,7.5,https://docs.netwrix.com/docs/threatprevention/7_5/reportingmodule/configuration/systemsettings/systemjobs,docs/threatprevention/7.5/reportingmodule/configuration/systemsettings/systemjobs.md,Covered by 8.0 — see docs/threatprevention/8.0/reportingmodule/configuration/systemsettings/systemjobs.md,,,,,
User Access,7.5,https://docs.netwrix.com/docs/threatprevention/7_5/reportingmodule/configuration/systemsettings/useraccess,docs/threatprevention/7.5/reportingmodule/configuration/systemsettings/useraccess.md,Covered by 8.0 — see docs/threatprevention/8.0/reportingmodule/configuration/systemsettings/useraccess.md,,,,,
Audit and Compliance,7.5,https://docs.netwrix.com/docs/threatprevention/7_5/reportingmodule/investigations/auditcompliance,docs/threatprevention/7.5/reportingmodule/investigations/auditcompliance.md,Covered by 8.0 — see docs/threatprevention/8.0/reportingmodule/investigations/auditcompliance.md,,,,,
Favorites,7.5,https://docs.netwrix.com/docs/threatprevention/7_5/reportingmodule/investigations/favorites,docs/threatprevention/7.5/reportingmodule/investigations/favorites.md,Covered by 8.0 — see docs/threatprevention/8.0/reportingmodule/investigations/favorites.md,,,,,
My Investigations,7.5,https://docs.netwrix.com/docs/threatprevention/7_5/reportingmodule/investigations/myinvestigations,docs/threatprevention/7.5/reportingmodule/investigations/myinvestigations.md,Covered by 8.0 — see docs/threatprevention/8.0/reportingmodule/investigations/myinvestigations.md,,,,,
New Investigation,7.5,https://docs.netwrix.com/docs/threatprevention/7_5/reportingmodule/investigations/newinvestigation,docs/threatprevention/7.5/reportingmodule/investigations/newinvestigation.md,Covered by 8.0 — see docs/threatprevention/8.0/reportingmodule/investigations/newinvestigation.md,,,,,
Edit or Duplicate an Investigation,7.5,https://docs.netwrix.com/docs/threatprevention/7_5/reportingmodule/investigations/options/edit,docs/threatprevention/7.5/reportingmodule/investigations/options/edit.md,Covered by 8.0 — see docs/threatprevention/8.0/reportingmodule/investigations/options/edit.md,,,,,
Export Report,7.5,https://docs.netwrix.com/docs/threatprevention/7_5/reportingmodule/investigations/options/export,docs/threatprevention/7.5/reportingmodule/investigations/options/export.md,Covered by 8.0 — see docs/threatprevention/8.0/reportingmodule/investigations/options/export.md,,,,,
Filters Section,7.5,https://docs.netwrix.com/docs/threatprevention/7_5/reportingmodule/investigations/options/filters,docs/threatprevention/7.5/reportingmodule/investigations/options/filters.md,Covered by 8.0 — see docs/threatprevention/8.0/reportingmodule/investigations/options/filters.md,,,,,
Investigation Options,7.5,https://docs.netwrix.com/docs/threatprevention/7_5/reportingmodule/investigations/options/overview,docs/threatprevention/7.5/reportingmodule/investigations/options/overview.md,Covered by 8.0 — see docs/threatprevention/8.0/reportingmodule/investigations/options/overview.md,,,,,
Add Subscription,7.5,https://docs.netwrix.com/docs/threatprevention/7_5/reportingmodule/investigations/options/subscription,docs/threatprevention/7.5/reportingmodule/investigations/options/subscription.md,Covered by 8.0 — see docs/threatprevention/8.0/reportingmodule/investigations/options/subscription.md,,,,,
Investigations Interface,7.5,https://docs.netwrix.com/docs/threatprevention/7_5/reportingmodule/investigations/overview,docs/threatprevention/7.5/reportingmodule/investigations/overview.md,Covered by 8.0 — see docs/threatprevention/8.0/reportingmodule/investigations/overview.md,,,,,
Predefined Investigations,7.5,https://docs.netwrix.com/docs/threatprevention/7_5/reportingmodule/investigations/predefinedinvestigations,docs/threatprevention/7.5/reportingmodule/investigations/predefinedinvestigations.md,Covered by 8.0 — see docs/threatprevention/8.0/reportingmodule/investigations/predefinedinvestigations.md,,,,,
Group Details,7.5,https://docs.netwrix.com/docs/threatprevention/7_5/reportingmodule/investigations/reports/group,docs/threatprevention/7.5/reportingmodule/investigations/reports/group.md,Covered by 8.0 — see docs/threatprevention/8.0/reportingmodule/investigations/reports/group.md,,,,,
Host Details,7.5,https://docs.netwrix.com/docs/threatprevention/7_5/reportingmodule/investigations/reports/host,docs/threatprevention/7.5/reportingmodule/investigations/reports/host.md,Covered by 8.0 — see docs/threatprevention/8.0/reportingmodule/investigations/reports/host.md,,,,,
Investigation Reports,7.5,https://docs.netwrix.com/docs/threatprevention/7_5/reportingmodule/investigations/reports,docs/threatprevention/7.5/reportingmodule/investigations/reports/reports.md,Covered by 8.0 — see docs/threatprevention/8.0/reportingmodule/investigations/reports/reports.md,,,,,
User Details,7.5,https://docs.netwrix.com/docs/threatprevention/7_5/reportingmodule/investigations/reports/user,docs/threatprevention/7.5/reportingmodule/investigations/reports/user.md,Covered by 8.0 — see docs/threatprevention/8.0/reportingmodule/investigations/reports/user.md,,,,,
Subscriptions and Exports,7.5,https://docs.netwrix.com/docs/threatprevention/7_5/reportingmodule/investigations/subscriptionsexports,docs/threatprevention/7.5/reportingmodule/investigations/subscriptionsexports.md,Covered by 8.0 — see docs/threatprevention/8.0/reportingmodule/investigations/subscriptionsexports.md,,,,,
Reporting Module,7.5,https://docs.netwrix.com/docs/threatprevention/7_5/reportingmodule/overview,docs/threatprevention/7.5/reportingmodule/overview.md,Covered by 8.0 — see docs/threatprevention/8.0/reportingmodule/overview.md,,,,,
Threats,7.5,https://docs.netwrix.com/docs/threatprevention/7_5/reportingmodule/threats,docs/threatprevention/7.5/reportingmodule/threats.md,Covered by 8.0 — see docs/threatprevention/8.0/reportingmodule/threats.md,,,,,
Remote Administration Console Requirements,7.5,https://docs.netwrix.com/docs/threatprevention/7_5/requirements/adminconsole,docs/threatprevention/7.5/requirements/adminconsole.md,,,,,,
Agent Server Requirements,7.5,https://docs.netwrix.com/docs/threatprevention/7_5/requirements/agent,docs/threatprevention/7.5/requirements/agent/agent.md,,,,,,
NAS Device Support,7.5,https://docs.netwrix.com/docs/threatprevention/7_5/requirements/agent/agentnas,docs/threatprevention/7.5/requirements/agent/agentnas.md,,,,,,
Application Server Requirements,7.5,https://docs.netwrix.com/docs/threatprevention/7_5/requirements/application,docs/threatprevention/7.5/requirements/application.md,,,,,,
EPE Rest Site Requirements,7.5,https://docs.netwrix.com/docs/threatprevention/7_5/requirements/eperestsite,docs/threatprevention/7.5/requirements/eperestsite.md,,,,,,
Requirements,7.5,https://docs.netwrix.com/docs/threatprevention/7_5/requirements/overview,docs/threatprevention/7.5/requirements/overview.md,Covered by 8.0 — see docs/threatprevention/8.0/requirements/overview.md,,,,,
Firewall Ports,7.5,https://docs.netwrix.com/docs/threatprevention/7_5/requirements/ports,docs/threatprevention/7.5/requirements/ports.md,Covered by 8.0 — see docs/threatprevention/8.0/requirements/ports.md,,,,,
Reporting Module Server Requirements,7.5,https://docs.netwrix.com/docs/threatprevention/7_5/requirements/reportingserver,docs/threatprevention/7.5/requirements/reportingserver.md,,,,,,
Database Maintenance Feature Requirements,7.5,https://docs.netwrix.com/docs/threatprevention/7_5/requirements/sqlserver/dbmaintenance,docs/threatprevention/7.5/requirements/sqlserver/dbmaintenance.md,Covered by 8.0 — see docs/threatprevention/8.0/requirements/sqlserver/dbmaintenance.md,,,,,
SQL Server Requirements,7.5,https://docs.netwrix.com/docs/threatprevention/7_5/requirements/sqlserver,docs/threatprevention/7.5/requirements/sqlserver/sqlserver.md,Covered by 8.0 — see docs/threatprevention/8.0/requirements/sqlserver/sqlserver.md,,,,,
Active Directory Changes Dashboard,7.5,https://docs.netwrix.com/docs/threatprevention/7_5/siemdashboard/activedirectory/navigate/activedirectorychanges,docs/threatprevention/7.5/siemdashboard/activedirectory/navigate/activedirectorychanges.md,Covered by 8.0 — see docs/threatprevention/8.0/siemdashboard/activedirectory/navigate/activedirectorychanges.md,,,,,
Administrator Auditing Dashboard,7.5,https://docs.netwrix.com/docs/threatprevention/7_5/siemdashboard/activedirectory/navigate/administratorauditing,docs/threatprevention/7.5/siemdashboard/activedirectory/navigate/administratorauditing.md,Covered by 8.0 — see docs/threatprevention/8.0/siemdashboard/activedirectory/navigate/administratorauditing.md,,,,,
Authentication Attacks Dashboard,7.5,https://docs.netwrix.com/docs/threatprevention/7_5/siemdashboard/activedirectory/navigate/authenticationattacks,docs/threatprevention/7.5/siemdashboard/activedirectory/navigate/authenticationattacks.md,Covered by 8.0 — see docs/threatprevention/8.0/siemdashboard/activedirectory/navigate/authenticationattacks.md,,,,,
GPO Monitoring Dashboard,7.5,https://docs.netwrix.com/docs/threatprevention/7_5/siemdashboard/activedirectory/navigate/gpomonitoring,docs/threatprevention/7.5/siemdashboard/activedirectory/navigate/gpomonitoring.md,Covered by 8.0 — see docs/threatprevention/8.0/siemdashboard/activedirectory/navigate/gpomonitoring.md,,,,,
LDAP Dashboard,7.5,https://docs.netwrix.com/docs/threatprevention/7_5/siemdashboard/activedirectory/navigate/ldap,docs/threatprevention/7.5/siemdashboard/activedirectory/navigate/ldap.md,Covered by 8.0 — see docs/threatprevention/8.0/siemdashboard/activedirectory/navigate/ldap.md,,,,,
Navigate the App,7.5,https://docs.netwrix.com/docs/threatprevention/7_5/siemdashboard/activedirectory/navigate,docs/threatprevention/7.5/siemdashboard/activedirectory/navigate/navigate.md,Covered by 8.0 — see docs/threatprevention/8.0/siemdashboard/activedirectory/navigate/navigate.md,,,,,
Policy Reporting Dashboard,7.5,https://docs.netwrix.com/docs/threatprevention/7_5/siemdashboard/activedirectory/navigate/policyreporting,docs/threatprevention/7.5/siemdashboard/activedirectory/navigate/policyreporting.md,Covered by 8.0 — see docs/threatprevention/8.0/siemdashboard/activedirectory/navigate/policyreporting.md,,,,,
User Behavior Analytics Dashboard,7.5,https://docs.netwrix.com/docs/threatprevention/7_5/siemdashboard/activedirectory/navigate/userbehavioranalytics,docs/threatprevention/7.5/siemdashboard/activedirectory/navigate/userbehavioranalytics.md,Covered by 8.0 — see docs/threatprevention/8.0/siemdashboard/activedirectory/navigate/userbehavioranalytics.md,,,,,
Active Directory App for Splunk,7.5,https://docs.netwrix.com/docs/threatprevention/7_5/siemdashboard/activedirectory/overview,docs/threatprevention/7.5/siemdashboard/activedirectory/overview.md,Covered by 8.0 — see docs/threatprevention/8.0/siemdashboard/activedirectory/overview.md,,,,,
SIEM Dashboards,7.5,https://docs.netwrix.com/docs/threatprevention/7_5/siemdashboard/overview,docs/threatprevention/7.5/siemdashboard/overview.md,Covered by 8.0 — see docs/threatprevention/8.0/siemdashboard/overview.md,,,,,
About Dashboard,7.5,https://docs.netwrix.com/docs/threatprevention/7_5/siemdashboard/qradar/navigate/about,docs/threatprevention/7.5/siemdashboard/qradar/navigate/about.md,Covered by 8.0 — see docs/threatprevention/8.0/siemdashboard/qradar/navigate/about.md,,,,,
AD Changes Dashboard,7.5,https://docs.netwrix.com/docs/threatprevention/7_5/siemdashboard/qradar/navigate/adchanges,docs/threatprevention/7.5/siemdashboard/qradar/navigate/adchanges.md,Covered by 8.0 — see docs/threatprevention/8.0/siemdashboard/qradar/navigate/adchanges.md,,,,,
Administrator Auditing Dashboard,7.5,https://docs.netwrix.com/docs/threatprevention/7_5/siemdashboard/qradar/navigate/administratorauditing,docs/threatprevention/7.5/siemdashboard/qradar/navigate/administratorauditing.md,Covered by 8.0 — see docs/threatprevention/8.0/siemdashboard/qradar/navigate/administratorauditing.md,,,,,
Authentication Attacks Dashboard,7.5,https://docs.netwrix.com/docs/threatprevention/7_5/siemdashboard/qradar/navigate/authenticationattacks,docs/threatprevention/7.5/siemdashboard/qradar/navigate/authenticationattacks.md,Covered by 8.0 — see docs/threatprevention/8.0/siemdashboard/qradar/navigate/authenticationattacks.md,,,,,
GPO Monitoring Dashboard,7.5,https://docs.netwrix.com/docs/threatprevention/7_5/siemdashboard/qradar/navigate/gpomonitoring,docs/threatprevention/7.5/siemdashboard/qradar/navigate/gpomonitoring.md,Covered by 8.0 — see docs/threatprevention/8.0/siemdashboard/qradar/navigate/gpomonitoring.md,,,,,
Host Investigation Dashboard,7.5,https://docs.netwrix.com/docs/threatprevention/7_5/siemdashboard/qradar/navigate/hostinvestigation,docs/threatprevention/7.5/siemdashboard/qradar/navigate/hostinvestigation.md,Covered by 8.0 — see docs/threatprevention/8.0/siemdashboard/qradar/navigate/hostinvestigation.md,,,,,
LDAP Dashboard,7.5,https://docs.netwrix.com/docs/threatprevention/7_5/siemdashboard/qradar/navigate/ldap,docs/threatprevention/7.5/siemdashboard/qradar/navigate/ldap.md,Covered by 8.0 — see docs/threatprevention/8.0/siemdashboard/qradar/navigate/ldap.md,,,,,
Navigate the App,7.5,https://docs.netwrix.com/docs/threatprevention/7_5/siemdashboard/qradar/navigate,docs/threatprevention/7.5/siemdashboard/qradar/navigate/navigate.md,Covered by 8.0 — see docs/threatprevention/8.0/siemdashboard/qradar/navigate/navigate.md,,,,,
Overview Dashboard,7.5,https://docs.netwrix.com/docs/threatprevention/7_5/siemdashboard/qradar/navigate/overview,docs/threatprevention/7.5/siemdashboard/qradar/navigate/overview.md,Covered by 8.0 — see docs/threatprevention/8.0/siemdashboard/qradar/navigate/overview.md,,,,,
Policy Reporting Dashboard,7.5,https://docs.netwrix.com/docs/threatprevention/7_5/siemdashboard/qradar/navigate/policyreporting,docs/threatprevention/7.5/siemdashboard/qradar/navigate/policyreporting.md,Covered by 8.0 — see docs/threatprevention/8.0/siemdashboard/qradar/navigate/policyreporting.md,,,,,
Settings,7.5,https://docs.netwrix.com/docs/threatprevention/7_5/siemdashboard/qradar/navigate/settings,docs/threatprevention/7.5/siemdashboard/qradar/navigate/settings.md,Covered by 8.0 — see docs/threatprevention/8.0/siemdashboard/qradar/navigate/settings.md,,,,,
User Investigation Dashboard,7.5,https://docs.netwrix.com/docs/threatprevention/7_5/siemdashboard/qradar/navigate/userinvestigation,docs/threatprevention/7.5/siemdashboard/qradar/navigate/userinvestigation.md,Covered by 8.0 — see docs/threatprevention/8.0/siemdashboard/qradar/navigate/userinvestigation.md,,,,,
INTERCEPT Offenses in QRadar,7.5,https://docs.netwrix.com/docs/threatprevention/7_5/siemdashboard/qradar/offenses,docs/threatprevention/7.5/siemdashboard/qradar/offenses.md,Covered by 8.0 — see docs/threatprevention/8.0/siemdashboard/qradar/offenses.md,,,,,
Active Directory App for QRadar,7.5,https://docs.netwrix.com/docs/threatprevention/7_5/siemdashboard/qradar/overview,docs/threatprevention/7.5/siemdashboard/qradar/overview.md,Covered by 8.0 — see docs/threatprevention/8.0/siemdashboard/qradar/overview.md,,,,,
QIDmap Information for QRadar SIEM Integration,7.5,https://docs.netwrix.com/docs/threatprevention/7_5/siemdashboard/qradar/qidmap,docs/threatprevention/7.5/siemdashboard/qradar/qidmap.md,Covered by 8.0 — see docs/threatprevention/8.0/siemdashboard/qradar/qidmap.md,,,,,
Navigate the App,7.5,https://docs.netwrix.com/docs/threatprevention/7_5/siemdashboard/threathunting/navigate,docs/threatprevention/7.5/siemdashboard/threathunting/navigate/navigate.md,Covered by 8.0 — see docs/threatprevention/8.0/siemdashboard/threathunting/navigate/navigate.md,,,,,
Perpetrator Hunting,7.5,https://docs.netwrix.com/docs/threatprevention/7_5/siemdashboard/threathunting/navigate/perpetratorhunting,docs/threatprevention/7.5/siemdashboard/threathunting/navigate/perpetratorhunting.md,Covered by 8.0 — see docs/threatprevention/8.0/siemdashboard/threathunting/navigate/perpetratorhunting.md,,,,,
Privilege Creep/Escalation,7.5,https://docs.netwrix.com/docs/threatprevention/7_5/siemdashboard/threathunting/navigate/privilegecreepescalation,docs/threatprevention/7.5/siemdashboard/threathunting/navigate/privilegecreepescalation.md,Covered by 8.0 — see docs/threatprevention/8.0/siemdashboard/threathunting/navigate/privilegecreepescalation.md,,,,,
Sensitive Data Hunting,7.5,https://docs.netwrix.com/docs/threatprevention/7_5/siemdashboard/threathunting/navigate/sensitivedatahunting,docs/threatprevention/7.5/siemdashboard/threathunting/navigate/sensitivedatahunting.md,Covered by 8.0 — see docs/threatprevention/8.0/siemdashboard/threathunting/navigate/sensitivedatahunting.md,,,,,
Threat Hunting App for Splunk,7.5,https://docs.netwrix.com/docs/threatprevention/7_5/siemdashboard/threathunting/overview,docs/threatprevention/7.5/siemdashboard/threathunting/overview.md,Covered by 8.0 — see docs/threatprevention/8.0/siemdashboard/threathunting/overview.md,,,,,
Active Directory,7.5,https://docs.netwrix.com/docs/threatprevention/7_5/solutions/activedirectory,docs/threatprevention/7.5/solutions/activedirectory.md,,,,,,
Enterprise Password Enforcer,7.5,https://docs.netwrix.com/docs/threatprevention/7_5/solutions/epe,docs/threatprevention/7.5/solutions/epe.md,Covered by 8.0 — see docs/threatprevention/8.0/solutions/epe.md,,,,,
Exchange,7.5,https://docs.netwrix.com/docs/threatprevention/7_5/solutions/exchange,docs/threatprevention/7.5/solutions/exchange.md,Covered by 8.0 — see docs/threatprevention/8.0/solutions/exchange.md,,,,,
File System,7.5,https://docs.netwrix.com/docs/threatprevention/7_5/solutions/filesystem,docs/threatprevention/7.5/solutions/filesystem.md,Covered by 8.0 — see docs/threatprevention/8.0/solutions/filesystem.md,,,,,
LDAP,7.5,https://docs.netwrix.com/docs/threatprevention/7_5/solutions/ldap,docs/threatprevention/7.5/solutions/ldap.md,Covered by 8.0 — see docs/threatprevention/8.0/solutions/ldap.md,,,,,
Solutions,7.5,https://docs.netwrix.com/docs/threatprevention/7_5/solutions/overview,docs/threatprevention/7.5/solutions/overview.md,,,,,,
Agent Not Communicating with the Enterprise Manager,7.5,https://docs.netwrix.com/docs/threatprevention/7_5/troubleshooting/agentcommunication,docs/threatprevention/7.5/troubleshooting/agentcommunication.md,Covered by 8.0 — see docs/threatprevention/8.0/troubleshooting/agentcommunication.md,,,,,
Agent Service Fails to Start Due to Service Timeout,7.5,https://docs.netwrix.com/docs/threatprevention/7_5/troubleshooting/agentservice,docs/threatprevention/7.5/troubleshooting/agentservice.md,Covered by 8.0 — see docs/threatprevention/8.0/troubleshooting/agentservice.md,,,,,
Administration Console and Agent Not Communicating with the Enterprise Manager,7.5,https://docs.netwrix.com/docs/threatprevention/7_5/troubleshooting/enterprisemanagercommunication,docs/threatprevention/7.5/troubleshooting/enterprisemanagercommunication.md,Covered by 8.0 — see docs/threatprevention/8.0/troubleshooting/enterprisemanagercommunication.md,,,,,
Exchange Lockdown Considerations,7.5,https://docs.netwrix.com/docs/threatprevention/7_5/troubleshooting/exchangelockdown,docs/threatprevention/7.5/troubleshooting/exchangelockdown.md,Covered by 8.0 — see docs/threatprevention/8.0/troubleshooting/exchangelockdown.md,,,,,
LSASS Process Terminated,7.5,https://docs.netwrix.com/docs/threatprevention/7_5/troubleshooting/lsass,docs/threatprevention/7.5/troubleshooting/lsass.md,Covered by 8.0 — see docs/threatprevention/8.0/troubleshooting/lsass.md,,,,,
MSI Installer Logs,7.5,https://docs.netwrix.com/docs/threatprevention/7_5/troubleshooting/msilogs,docs/threatprevention/7.5/troubleshooting/msilogs.md,Covered by 8.0 — see docs/threatprevention/8.0/troubleshooting/msilogs.md,,,,,
Best Practices and Troubleshooting,7.5,https://docs.netwrix.com/docs/threatprevention/7_5/troubleshooting/overview,docs/threatprevention/7.5/troubleshooting/overview.md,Covered by 8.0 — see docs/threatprevention/8.0/troubleshooting/overview.md,,,,,
Restrict SQL Server Maximum Server Memory,7.5,https://docs.netwrix.com/docs/threatprevention/7_5/troubleshooting/sqlserver,docs/threatprevention/7.5/troubleshooting/sqlserver.md,Covered by 8.0 — see docs/threatprevention/8.0/troubleshooting/sqlserver.md,,,,,
Clear SQLite Agent Queue,8.0,https://docs.netwrix.com/docs/threatprevention/8_0/admin/agents/agent-management/clearqueue,docs/threatprevention/8.0/admin/agents/agent-management/clearqueue.md,,,,,,
Harden Agent,8.0,https://docs.netwrix.com/docs/threatprevention/8_0/admin/agents/agent-management/harden,docs/threatprevention/8.0/admin/agents/agent-management/harden.md,,,,,,
Remove Server from List,8.0,https://docs.netwrix.com/docs/threatprevention/8_0/admin/agents/agent-management/removeserver,docs/threatprevention/8.0/admin/agents/agent-management/removeserver.md,,,,,,
Soften Agent,8.0,https://docs.netwrix.com/docs/threatprevention/8_0/admin/agents/agent-management/soften,docs/threatprevention/8.0/admin/agents/agent-management/soften.md,,,,,,
Start Agent,8.0,https://docs.netwrix.com/docs/threatprevention/8_0/admin/agents/agent-management/start,docs/threatprevention/8.0/admin/agents/agent-management/start.md,,,,,,
Start Pending Modules,8.0,https://docs.netwrix.com/docs/threatprevention/8_0/admin/agents/agent-management/startpendingmodules,docs/threatprevention/8.0/admin/agents/agent-management/startpendingmodules.md,,,,,,
Stop Agent,8.0,https://docs.netwrix.com/docs/threatprevention/8_0/admin/agents/agent-management/stop,docs/threatprevention/8.0/admin/agents/agent-management/stop.md,,,,,,
Upgrade ADMonitor,8.0,https://docs.netwrix.com/docs/threatprevention/8_0/admin/agents/agent-management/upgradeadmonitor,docs/threatprevention/8.0/admin/agents/agent-management/upgradeadmonitor.md,,,,,,
Agent Installer Update Window,8.0,https://docs.netwrix.com/docs/threatprevention/8_0/admin/agents/agents-windows/agentinstallerupdate,docs/threatprevention/8.0/admin/agents/agents-windows/agentinstallerupdate.md,,,,,,
Configure Auto Deploy Window,8.0,https://docs.netwrix.com/docs/threatprevention/8_0/admin/agents/agents-windows/configureautodeploy,docs/threatprevention/8.0/admin/agents/agents-windows/configureautodeploy.md,,,,,,
Enrollment Secret Configuration Window,8.0,https://docs.netwrix.com/docs/threatprevention/8_0/admin/agents/agents-windows/enrollmentsecretconfiguration,docs/threatprevention/8.0/admin/agents/agents-windows/enrollmentsecretconfiguration.md,,,,,,
Log Level Configuration Window,8.0,https://docs.netwrix.com/docs/threatprevention/8_0/admin/agents/agents-windows/loglevelconfiguration,docs/threatprevention/8.0/admin/agents/agents-windows/loglevelconfiguration.md,,,,,,
Installing Window,8.0,https://docs.netwrix.com/docs/threatprevention/8_0/admin/agents/deploy/installing,docs/threatprevention/8.0/admin/agents/deploy/installing.md,,,,,,
Deploy Agents,8.0,https://docs.netwrix.com/docs/threatprevention/8_0/admin/agents/deploy/overview,docs/threatprevention/8.0/admin/agents/deploy/overview.md,,,,,,
Prerequisites Check Window,8.0,https://docs.netwrix.com/docs/threatprevention/8_0/admin/agents/deploy/prerequisitescheck,docs/threatprevention/8.0/admin/agents/deploy/prerequisitescheck.md,,,,,,
Select Computers Window,8.0,https://docs.netwrix.com/docs/threatprevention/8_0/admin/agents/deploy/selectcomputers,docs/threatprevention/8.0/admin/agents/deploy/selectcomputers.md,,,,,,
Set Options Window,8.0,https://docs.netwrix.com/docs/threatprevention/8_0/admin/agents/deploy/setoptions,docs/threatprevention/8.0/admin/agents/deploy/setoptions.md,,,,,,
Agents Interface,8.0,https://docs.netwrix.com/docs/threatprevention/8_0/admin/agents/overview,docs/threatprevention/8.0/admin/agents/overview.md,,,,,,
Agent Safe Mode,8.0,https://docs.netwrix.com/docs/threatprevention/8_0/admin/agents/safemode,docs/threatprevention/8.0/admin/agents/safemode.md,,,,,,
Alerts Cleanup Window,8.0,https://docs.netwrix.com/docs/threatprevention/8_0/admin/alerts/alertscleanup,docs/threatprevention/8.0/admin/alerts/alertscleanup.md,,,,,,
Alerts Export Window,8.0,https://docs.netwrix.com/docs/threatprevention/8_0/admin/alerts/alertsexport,docs/threatprevention/8.0/admin/alerts/alertsexport.md,,,,,,
Alerts Interface,8.0,https://docs.netwrix.com/docs/threatprevention/8_0/admin/alerts/overview,docs/threatprevention/8.0/admin/alerts/overview.md,,,,,,
Policy Comparison Window,8.0,https://docs.netwrix.com/docs/threatprevention/8_0/admin/alerts/policycomparison,docs/threatprevention/8.0/admin/alerts/policycomparison.md,,,,,,
Bad User ID (by Source Host),8.0,https://docs.netwrix.com/docs/threatprevention/8_0/admin/analytics/baduseridsourcehost,docs/threatprevention/8.0/admin/analytics/baduseridsourcehost.md,,,,,,
Bad User ID (by User),8.0,https://docs.netwrix.com/docs/threatprevention/8_0/admin/analytics/baduseriduser,docs/threatprevention/8.0/admin/analytics/baduseriduser.md,,,,,,
Breached Password,8.0,https://docs.netwrix.com/docs/threatprevention/8_0/admin/analytics/breachedpassword,docs/threatprevention/8.0/admin/analytics/breachedpassword.md,,,,,,
Brute Force Attacks,8.0,https://docs.netwrix.com/docs/threatprevention/8_0/admin/analytics/bruteforceattacks,docs/threatprevention/8.0/admin/analytics/bruteforceattacks.md,,,,,,
Concurrent Logins,8.0,https://docs.netwrix.com/docs/threatprevention/8_0/admin/analytics/concurrentlogins,docs/threatprevention/8.0/admin/analytics/concurrentlogins.md,,,,,,
File System Attacks (by User),8.0,https://docs.netwrix.com/docs/threatprevention/8_0/admin/analytics/filesystemattacksuser,docs/threatprevention/8.0/admin/analytics/filesystemattacksuser.md,,,,,,
Forged PAC,8.0,https://docs.netwrix.com/docs/threatprevention/8_0/admin/analytics/forgedpac,docs/threatprevention/8.0/admin/analytics/forgedpac.md,,,,,,
Golden Ticket,8.0,https://docs.netwrix.com/docs/threatprevention/8_0/admin/analytics/goldenticket,docs/threatprevention/8.0/admin/analytics/goldenticket.md,,,,,,
Horizontal Movement Attacks,8.0,https://docs.netwrix.com/docs/threatprevention/8_0/admin/analytics/horizontalmovementattacks,docs/threatprevention/8.0/admin/analytics/horizontalmovementattacks.md,,,,,,
Impersonation Logins,8.0,https://docs.netwrix.com/docs/threatprevention/8_0/admin/analytics/impersonationlogins,docs/threatprevention/8.0/admin/analytics/impersonationlogins.md,,,,,,
Kerberos Weak Encryption,8.0,https://docs.netwrix.com/docs/threatprevention/8_0/admin/analytics/kerberosweakencryption,docs/threatprevention/8.0/admin/analytics/kerberosweakencryption.md,,,,,,
Analytics Interface,8.0,https://docs.netwrix.com/docs/threatprevention/8_0/admin/analytics/overview,docs/threatprevention/8.0/admin/analytics/overview.md,,,,,,
User Account Hacking,8.0,https://docs.netwrix.com/docs/threatprevention/8_0/admin/analytics/useraccounthacking,docs/threatprevention/8.0/admin/analytics/useraccounthacking.md,,,,,,
Send Active Directory Event Data from Netwrix Threat Prevention to Netwrix Access Analyzer,8.0,https://docs.netwrix.com/docs/threatprevention/8_0/admin/configuration/accessanalyzerconfiguration,docs/threatprevention/8.0/admin/configuration/accessanalyzerconfiguration.md,,,,,,
Dynamic Collections,8.0,https://docs.netwrix.com/docs/threatprevention/8_0/admin/configuration/collectionmanager/dynamic,docs/threatprevention/8.0/admin/configuration/collectionmanager/dynamic.md,,,,,,
List of Collections Window,8.0,https://docs.netwrix.com/docs/threatprevention/8_0/admin/configuration/collectionmanager/listcollections,docs/threatprevention/8.0/admin/configuration/collectionmanager/listcollections.md,,,,,,
Collection Manager Window,8.0,https://docs.netwrix.com/docs/threatprevention/8_0/admin/configuration/collectionmanager/overview,docs/threatprevention/8.0/admin/configuration/collectionmanager/overview.md,,,,,,
Archive Data,8.0,https://docs.netwrix.com/docs/threatprevention/8_0/admin/configuration/databasemaintenance/archive,docs/threatprevention/8.0/admin/configuration/databasemaintenance/archive.md,,,,,,
Enable Database Maintenance,8.0,https://docs.netwrix.com/docs/threatprevention/8_0/admin/configuration/databasemaintenance/enable,docs/threatprevention/8.0/admin/configuration/databasemaintenance/enable.md,,,,,,
Database Maintenance Window,8.0,https://docs.netwrix.com/docs/threatprevention/8_0/admin/configuration/databasemaintenance/overview,docs/threatprevention/8.0/admin/configuration/databasemaintenance/overview.md,,,,,,
Schedule Database Maintenance,8.0,https://docs.netwrix.com/docs/threatprevention/8_0/admin/configuration/databasemaintenance/schedule,docs/threatprevention/8.0/admin/configuration/databasemaintenance/schedule.md,,,,,,
Stored Procedures,8.0,https://docs.netwrix.com/docs/threatprevention/8_0/admin/configuration/databasemaintenance/storedprocedures,docs/threatprevention/8.0/admin/configuration/databasemaintenance/storedprocedures.md,,,,,,
EPE Settings Window,8.0,https://docs.netwrix.com/docs/threatprevention/8_0/admin/configuration/epesettings,docs/threatprevention/8.0/admin/configuration/epesettings.md,,,,,,
Event Filtering Configuration Window,8.0,https://docs.netwrix.com/docs/threatprevention/8_0/admin/configuration/eventfilteringconfiguration,docs/threatprevention/8.0/admin/configuration/eventfilteringconfiguration.md,,,,,,
Events Database Configuration Window,8.0,https://docs.netwrix.com/docs/threatprevention/8_0/admin/configuration/eventsdatabaseconfiguration,docs/threatprevention/8.0/admin/configuration/eventsdatabaseconfiguration.md,,,,,,
File Monitor Settings Window,8.0,https://docs.netwrix.com/docs/threatprevention/8_0/admin/configuration/filemonitorsettings,docs/threatprevention/8.0/admin/configuration/filemonitorsettings.md,,,,,,
SIEM Output Viewer,8.0,https://docs.netwrix.com/docs/threatprevention/8_0/admin/configuration/siemoutputviewer,docs/threatprevention/8.0/admin/configuration/siemoutputviewer.md,,,,,,
Email Tab,8.0,https://docs.netwrix.com/docs/threatprevention/8_0/admin/configuration/systemalerting/email,docs/threatprevention/8.0/admin/configuration/systemalerting/email.md,,,,,,
Event Log Tab,8.0,https://docs.netwrix.com/docs/threatprevention/8_0/admin/configuration/systemalerting/eventlog,docs/threatprevention/8.0/admin/configuration/systemalerting/eventlog.md,,,,,,
System Alerting Window,8.0,https://docs.netwrix.com/docs/threatprevention/8_0/admin/configuration/systemalerting/overview,docs/threatprevention/8.0/admin/configuration/systemalerting/overview.md,,,,,,
SIEM Tab,8.0,https://docs.netwrix.com/docs/threatprevention/8_0/admin/configuration/systemalerting/siem,docs/threatprevention/8.0/admin/configuration/systemalerting/siem.md,,,,,,
Netwrix Threat Manager Configuration Window,8.0,https://docs.netwrix.com/docs/threatprevention/8_0/admin/configuration/threatmanagerconfiguration,docs/threatprevention/8.0/admin/configuration/threatmanagerconfiguration.md,,,,,,
Add Users,8.0,https://docs.netwrix.com/docs/threatprevention/8_0/admin/configuration/userroles/add,docs/threatprevention/8.0/admin/configuration/userroles/add.md,,,,,,
Delete User,8.0,https://docs.netwrix.com/docs/threatprevention/8_0/admin/configuration/userroles/delete,docs/threatprevention/8.0/admin/configuration/userroles/delete.md,,,,,,
Modify User Access,8.0,https://docs.netwrix.com/docs/threatprevention/8_0/admin/configuration/userroles/modify,docs/threatprevention/8.0/admin/configuration/userroles/modify.md,,,,,,
Users and Roles Window,8.0,https://docs.netwrix.com/docs/threatprevention/8_0/admin/configuration/userroles/overview,docs/threatprevention/8.0/admin/configuration/userroles/overview.md,,,,,,
Investigate Data Grid,8.0,https://docs.netwrix.com/docs/threatprevention/8_0/admin/investigate/datagrid,docs/threatprevention/8.0/admin/investigate/datagrid.md,,,,,,
Investigate Filters,8.0,https://docs.netwrix.com/docs/threatprevention/8_0/admin/investigate/filters,docs/threatprevention/8.0/admin/investigate/filters.md,,,,,,
Investigate Interface,8.0,https://docs.netwrix.com/docs/threatprevention/8_0/admin/investigate/overview,docs/threatprevention/8.0/admin/investigate/overview.md,,,,,,
Saved Investigations,8.0,https://docs.netwrix.com/docs/threatprevention/8_0/admin/investigate/saved,docs/threatprevention/8.0/admin/investigate/saved.md,,,,,,
Summary Folders,8.0,https://docs.netwrix.com/docs/threatprevention/8_0/admin/investigate/summaryfolders,docs/threatprevention/8.0/admin/investigate/summaryfolders.md,,,,,,
Data Grid Functionality,8.0,https://docs.netwrix.com/docs/threatprevention/8_0/admin/navigation/datagrid,docs/threatprevention/8.0/admin/navigation/datagrid.md,,,,,,
License Manager Window,8.0,https://docs.netwrix.com/docs/threatprevention/8_0/admin/navigation/licensemanager,docs/threatprevention/8.0/admin/navigation/licensemanager.md,,,,,,
Navigation,8.0,https://docs.netwrix.com/docs/threatprevention/8_0/admin/navigation/overview,docs/threatprevention/8.0/admin/navigation/overview.md,,,,,,
Right-Click Menus,8.0,https://docs.netwrix.com/docs/threatprevention/8_0/admin/navigation/rightclickmenus,docs/threatprevention/8.0/admin/navigation/rightclickmenus.md,,,,,,
Administration,8.0,https://docs.netwrix.com/docs/threatprevention/8_0/admin/overview,docs/threatprevention/8.0/admin/overview.md,,,,,,
File Actions,8.0,https://docs.netwrix.com/docs/threatprevention/8_0/admin/policies/configuration/actions/file,docs/threatprevention/8.0/admin/policies/configuration/actions/file.md,,,,,,
.NET Script Actions,8.0,https://docs.netwrix.com/docs/threatprevention/8_0/admin/policies/configuration/actions/netscript,docs/threatprevention/8.0/admin/policies/configuration/actions/netscript.md,,,,,,
Actions Tab,8.0,https://docs.netwrix.com/docs/threatprevention/8_0/admin/policies/configuration/actions/overview,docs/threatprevention/8.0/admin/policies/configuration/actions/overview.md,,,,,,
PowerShell 4.0 Actions,8.0,https://docs.netwrix.com/docs/threatprevention/8_0/admin/policies/configuration/actions/powershell,docs/threatprevention/8.0/admin/policies/configuration/actions/powershell.md,,,,,,
Policy Configuration,8.0,https://docs.netwrix.com/docs/threatprevention/8_0/admin/policies/configuration,docs/threatprevention/8.0/admin/policies/configuration/configuration.md,,,,,,
Active Directory Changes,8.0,https://docs.netwrix.com/docs/threatprevention/8_0/admin/policies/configuration/eventtype/activedirectorychanges,docs/threatprevention/8.0/admin/policies/configuration/eventtype/activedirectorychanges.md,,,,,,
Active Directory Lockdown,8.0,https://docs.netwrix.com/docs/threatprevention/8_0/admin/policies/configuration/eventtype/activedirectorylockdown,docs/threatprevention/8.0/admin/policies/configuration/eventtype/activedirectorylockdown.md,,,,,,
Active Directory Read Monitoring,8.0,https://docs.netwrix.com/docs/threatprevention/8_0/admin/policies/configuration/eventtype/activedirectoryreadmonitoring,docs/threatprevention/8.0/admin/policies/configuration/eventtype/activedirectoryreadmonitoring.md,,,,,,
ADCS Lockdown,8.0,https://docs.netwrix.com/docs/threatprevention/8_0/admin/policies/configuration/eventtype/adcslockdown,docs/threatprevention/8.0/admin/policies/configuration/eventtype/adcslockdown.md,,,,,,
ADCS Monitoring,8.0,https://docs.netwrix.com/docs/threatprevention/8_0/admin/policies/configuration/eventtype/adcsmonitoring,docs/threatprevention/8.0/admin/policies/configuration/eventtype/adcsmonitoring.md,,,,,,
AD Replication Lockdown,8.0,https://docs.netwrix.com/docs/threatprevention/8_0/admin/policies/configuration/eventtype/adreplicationlockdown,docs/threatprevention/8.0/admin/policies/configuration/eventtype/adreplicationlockdown.md,,,,,,
AD Replication Monitoring,8.0,https://docs.netwrix.com/docs/threatprevention/8_0/admin/policies/configuration/eventtype/adreplicationmonitoring,docs/threatprevention/8.0/admin/policies/configuration/eventtype/adreplicationmonitoring.md,,,,,,
Authentication Lockdown,8.0,https://docs.netwrix.com/docs/threatprevention/8_0/admin/policies/configuration/eventtype/authenticationlockdown,docs/threatprevention/8.0/admin/policies/configuration/eventtype/authenticationlockdown.md,,,,,,
Authentication Monitoring,8.0,https://docs.netwrix.com/docs/threatprevention/8_0/admin/policies/configuration/eventtype/authenticationmonitoring,docs/threatprevention/8.0/admin/policies/configuration/eventtype/authenticationmonitoring.md,,,,,,
Effective Group Membership,8.0,https://docs.netwrix.com/docs/threatprevention/8_0/admin/policies/configuration/eventtype/effectivegroupmembership,docs/threatprevention/8.0/admin/policies/configuration/eventtype/effectivegroupmembership.md,,,,,,
Exchange Changes,8.0,https://docs.netwrix.com/docs/threatprevention/8_0/admin/policies/configuration/eventtype/exchangechanges,docs/threatprevention/8.0/admin/policies/configuration/eventtype/exchangechanges.md,,,,,,
Exchange Lockdown,8.0,https://docs.netwrix.com/docs/threatprevention/8_0/admin/policies/configuration/eventtype/exchangelockdown,docs/threatprevention/8.0/admin/policies/configuration/eventtype/exchangelockdown.md,,,,,,
File System Enterprise Auditor,8.0,https://docs.netwrix.com/docs/threatprevention/8_0/admin/policies/configuration/eventtype/filesystemaccessanalyzer,docs/threatprevention/8.0/admin/policies/configuration/eventtype/filesystemaccessanalyzer.md,,,,,,
File System Changes,8.0,https://docs.netwrix.com/docs/threatprevention/8_0/admin/policies/configuration/eventtype/filesystemchanges,docs/threatprevention/8.0/admin/policies/configuration/eventtype/filesystemchanges/filesystemchanges.md,,,,,,
Monitor NAS Devices,8.0,https://docs.netwrix.com/docs/threatprevention/8_0/admin/policies/configuration/eventtype/filesystemchanges/nasdevice,docs/threatprevention/8.0/admin/policies/configuration/eventtype/filesystemchanges/nasdevice.md,,,,,,
File System Lockdown,8.0,https://docs.netwrix.com/docs/threatprevention/8_0/admin/policies/configuration/eventtype/filesystemlockdown,docs/threatprevention/8.0/admin/policies/configuration/eventtype/filesystemlockdown.md,,,,,,
FSMO Role Monitoring,8.0,https://docs.netwrix.com/docs/threatprevention/8_0/admin/policies/configuration/eventtype/fsmorolemonitoring,docs/threatprevention/8.0/admin/policies/configuration/eventtype/fsmorolemonitoring.md,,,,,,
GPO Setting Changes,8.0,https://docs.netwrix.com/docs/threatprevention/8_0/admin/policies/configuration/eventtype/gposettingchanges,docs/threatprevention/8.0/admin/policies/configuration/eventtype/gposettingchanges.md,,,,,,
GPO Setting Lockdown,8.0,https://docs.netwrix.com/docs/threatprevention/8_0/admin/policies/configuration/eventtype/gposettinglockdown,docs/threatprevention/8.0/admin/policies/configuration/eventtype/gposettinglockdown.md,,,,,,
LDAP Bind Monitoring,8.0,https://docs.netwrix.com/docs/threatprevention/8_0/admin/policies/configuration/eventtype/ldapbindmonitoring,docs/threatprevention/8.0/admin/policies/configuration/eventtype/ldapbindmonitoring.md,,,,,,
LDAP Lockdown,8.0,https://docs.netwrix.com/docs/threatprevention/8_0/admin/policies/configuration/eventtype/ldaplockdown,docs/threatprevention/8.0/admin/policies/configuration/eventtype/ldaplockdown.md,,,,,,
LDAP Monitoring,8.0,https://docs.netwrix.com/docs/threatprevention/8_0/admin/policies/configuration/eventtype/ldapmonitoring,docs/threatprevention/8.0/admin/policies/configuration/eventtype/ldapmonitoring/ldapmonitoring.md,,,,,,
LDAP Ping Operations Use Case,8.0,https://docs.netwrix.com/docs/threatprevention/8_0/admin/policies/configuration/eventtype/ldapmonitoring/ldapping,docs/threatprevention/8.0/admin/policies/configuration/eventtype/ldapmonitoring/ldapping.md,,,,,,
LDAP Search Operations Use Case,8.0,https://docs.netwrix.com/docs/threatprevention/8_0/admin/policies/configuration/eventtype/ldapmonitoring/ldapsearch,docs/threatprevention/8.0/admin/policies/configuration/eventtype/ldapmonitoring/ldapsearch.md,,,,,,
Netwrix Threat Manager Honeytoken Threats Use Case,8.0,https://docs.netwrix.com/docs/threatprevention/8_0/admin/policies/configuration/eventtype/ldapmonitoring/threatmanagerldap,docs/threatprevention/8.0/admin/policies/configuration/eventtype/ldapmonitoring/threatmanagerldap.md,,,,,,
Process Guardian – Monitor,8.0,https://docs.netwrix.com/docs/threatprevention/8_0/admin/policies/configuration/eventtype/lsassguardianmonitor,docs/threatprevention/8.0/admin/policies/configuration/eventtype/lsassguardianmonitor.md,,,,,,
Process Guardian – Protect,8.0,https://docs.netwrix.com/docs/threatprevention/8_0/admin/policies/configuration/eventtype/lsassguardianprotect,docs/threatprevention/8.0/admin/policies/configuration/eventtype/lsassguardianprotect.md,,,,,,
Event Type Tab,8.0,https://docs.netwrix.com/docs/threatprevention/8_0/admin/policies/configuration/eventtype/overview,docs/threatprevention/8.0/admin/policies/configuration/eventtype/overview.md,,,,,,
Monitor Weak Passwords Use Case,8.0,https://docs.netwrix.com/docs/threatprevention/8_0/admin/policies/configuration/eventtype/passwordenforcement/monitorweakpasswords,docs/threatprevention/8.0/admin/policies/configuration/eventtype/passwordenforcement/monitorweakpasswords.md,,,,,,
Password Enforcement Event Type,8.0,https://docs.netwrix.com/docs/threatprevention/8_0/admin/policies/configuration/eventtype/passwordenforcement,docs/threatprevention/8.0/admin/policies/configuration/eventtype/passwordenforcement/passwordenforcement.md,,,,,,
Prevent Weak Passwords Use Case,8.0,https://docs.netwrix.com/docs/threatprevention/8_0/admin/policies/configuration/eventtype/passwordenforcement/preventweakpasswords,docs/threatprevention/8.0/admin/policies/configuration/eventtype/passwordenforcement/preventweakpasswords.md,,,,,,
ADCS Attribute List Window,8.0,https://docs.netwrix.com/docs/threatprevention/8_0/admin/policies/configuration/eventtype/window/adcsattributelist,docs/threatprevention/8.0/admin/policies/configuration/eventtype/window/adcsattributelist.md,,,,,,
Add IP Address Window,8.0,https://docs.netwrix.com/docs/threatprevention/8_0/admin/policies/configuration/eventtype/window/addipaddress,docs/threatprevention/8.0/admin/policies/configuration/eventtype/window/addipaddress.md,,,,,,
Attribute List Window,8.0,https://docs.netwrix.com/docs/threatprevention/8_0/admin/policies/configuration/eventtype/window/attributelist,docs/threatprevention/8.0/admin/policies/configuration/eventtype/window/attributelist.md,,,,,,
Class List Window,8.0,https://docs.netwrix.com/docs/threatprevention/8_0/admin/policies/configuration/eventtype/window/classlist,docs/threatprevention/8.0/admin/policies/configuration/eventtype/window/classlist.md,,,,,,
Select Active Directory Contexts Window,8.0,https://docs.netwrix.com/docs/threatprevention/8_0/admin/policies/configuration/eventtype/window/context,docs/threatprevention/8.0/admin/policies/configuration/eventtype/window/context.md,,,,,,
Select Exchange Objects from Active Directory Window,8.0,https://docs.netwrix.com/docs/threatprevention/8_0/admin/policies/configuration/eventtype/window/exchangeobjects,docs/threatprevention/8.0/admin/policies/configuration/eventtype/window/exchangeobjects.md,,,,,,
Select Active Directory Group Policy Objects Window,8.0,https://docs.netwrix.com/docs/threatprevention/8_0/admin/policies/configuration/eventtype/window/grouppolicyobjects,docs/threatprevention/8.0/admin/policies/configuration/eventtype/window/grouppolicyobjects.md,,,,,,
Select AD Groups Window,8.0,https://docs.netwrix.com/docs/threatprevention/8_0/admin/policies/configuration/eventtype/window/groups,docs/threatprevention/8.0/admin/policies/configuration/eventtype/window/groups.md,,,,,,
Select Active Directory Objects Window,8.0,https://docs.netwrix.com/docs/threatprevention/8_0/admin/policies/configuration/eventtype/window/objects,docs/threatprevention/8.0/admin/policies/configuration/eventtype/window/objects.md,,,,,,
Selection Windows,8.0,https://docs.netwrix.com/docs/threatprevention/8_0/admin/policies/configuration/eventtype/window/overview,docs/threatprevention/8.0/admin/policies/configuration/eventtype/window/overview.md,,,,,,
Select Active Directory Perpetrators Window,8.0,https://docs.netwrix.com/docs/threatprevention/8_0/admin/policies/configuration/eventtype/window/perpetrators,docs/threatprevention/8.0/admin/policies/configuration/eventtype/window/perpetrators.md,,,,,,
Select Computer Window,8.0,https://docs.netwrix.com/docs/threatprevention/8_0/admin/policies/configuration/eventtype/window/selectcomputers,docs/threatprevention/8.0/admin/policies/configuration/eventtype/window/selectcomputers.md,,,,,,
Select Domains and Servers Window,8.0,https://docs.netwrix.com/docs/threatprevention/8_0/admin/policies/configuration/eventtype/window/selectdomainsservers,docs/threatprevention/8.0/admin/policies/configuration/eventtype/window/selectdomainsservers.md,,,,,,
Select File System Objects Window,8.0,https://docs.netwrix.com/docs/threatprevention/8_0/admin/policies/configuration/eventtype/window/selectfilesystemobjects,docs/threatprevention/8.0/admin/policies/configuration/eventtype/window/selectfilesystemobjects.md,,,,,,
Test Passwords Window,8.0,https://docs.netwrix.com/docs/threatprevention/8_0/admin/policies/configuration/eventtype/window/testpasswords,docs/threatprevention/8.0/admin/policies/configuration/eventtype/window/testpasswords.md,,,,,,
Select Active Directory Trustees Window,8.0,https://docs.netwrix.com/docs/threatprevention/8_0/admin/policies/configuration/eventtype/window/trustees,docs/threatprevention/8.0/admin/policies/configuration/eventtype/window/trustees.md,,,,,,
User Account Control Window,8.0,https://docs.netwrix.com/docs/threatprevention/8_0/admin/policies/configuration/eventtype/window/useraccountcontrol,docs/threatprevention/8.0/admin/policies/configuration/eventtype/window/useraccountcontrol.md,,,,,,
General Tab,8.0,https://docs.netwrix.com/docs/threatprevention/8_0/admin/policies/configuration/general,docs/threatprevention/8.0/admin/policies/configuration/general.md,,,,,,
Event Tracker Window,8.0,https://docs.netwrix.com/docs/threatprevention/8_0/admin/policies/configuration/recentevents/eventtracker,docs/threatprevention/8.0/admin/policies/configuration/recentevents/eventtracker.md,,,,,,
Event Viewer Window,8.0,https://docs.netwrix.com/docs/threatprevention/8_0/admin/policies/configuration/recentevents/eventviewer,docs/threatprevention/8.0/admin/policies/configuration/recentevents/eventviewer.md,,,,,,
Execute PS Script,8.0,https://docs.netwrix.com/docs/threatprevention/8_0/admin/policies/configuration/recentevents/executepsscript,docs/threatprevention/8.0/admin/policies/configuration/recentevents/executepsscript.md,,,,,,
Recent Events Tab,8.0,https://docs.netwrix.com/docs/threatprevention/8_0/admin/policies/configuration/recentevents/overview,docs/threatprevention/8.0/admin/policies/configuration/recentevents/overview.md,,,,,,
Data Protection,8.0,https://docs.netwrix.com/docs/threatprevention/8_0/admin/policies/dataprotection,docs/threatprevention/8.0/admin/policies/dataprotection.md,,,,,,
Export Policies and Templates Window,8.0,https://docs.netwrix.com/docs/threatprevention/8_0/admin/policies/exportpoliciestemplates,docs/threatprevention/8.0/admin/policies/exportpoliciestemplates.md,,,,,,
Policies Interface,8.0,https://docs.netwrix.com/docs/threatprevention/8_0/admin/policies/overview,docs/threatprevention/8.0/admin/policies/overview.md,,,,,,
Tags Node,8.0,https://docs.netwrix.com/docs/threatprevention/8_0/admin/tags,docs/threatprevention/8.0/admin/tags.md,,,,,,
Actions Tab,8.0,https://docs.netwrix.com/docs/threatprevention/8_0/admin/templates/configuration/actions,docs/threatprevention/8.0/admin/templates/configuration/actions.md,,,,,,
Template Configuration,8.0,https://docs.netwrix.com/docs/threatprevention/8_0/admin/templates/configuration,docs/threatprevention/8.0/admin/templates/configuration/configuration.md,,,,,,
Event Type Tab,8.0,https://docs.netwrix.com/docs/threatprevention/8_0/admin/templates/configuration/eventtype,docs/threatprevention/8.0/admin/templates/configuration/eventtype.md,,,,,,
General Tab,8.0,https://docs.netwrix.com/docs/threatprevention/8_0/admin/templates/configuration/general,docs/threatprevention/8.0/admin/templates/configuration/general.md,,,,,,
Use a Template to Create a Policy,8.0,https://docs.netwrix.com/docs/threatprevention/8_0/admin/templates/createpolicy,docs/threatprevention/8.0/admin/templates/createpolicy.md,,,,,,
Account Enablement Custom Script,8.0,https://docs.netwrix.com/docs/threatprevention/8_0/admin/templates/folder/actions/accountenablement,docs/threatprevention/8.0/admin/templates/folder/actions/accountenablement.md,,,,,,
Action Folder Templates,8.0,https://docs.netwrix.com/docs/threatprevention/8_0/admin/templates/folder/actions,docs/threatprevention/8.0/admin/templates/folder/actions/actions.md,,,,,,
Lock and/or Unlock Account Custom Script,8.0,https://docs.netwrix.com/docs/threatprevention/8_0/admin/templates/folder/actions/lockunlockaccount,docs/threatprevention/8.0/admin/templates/folder/actions/lockunlockaccount.md,,,,,,
Password Changes Custom Script,8.0,https://docs.netwrix.com/docs/threatprevention/8_0/admin/templates/folder/actions/passwordchanges,docs/threatprevention/8.0/admin/templates/folder/actions/passwordchanges.md,,,,,,
Password Never Expires Custom Script,8.0,https://docs.netwrix.com/docs/threatprevention/8_0/admin/templates/folder/actions/passwordneverexpires,docs/threatprevention/8.0/admin/templates/folder/actions/passwordneverexpires.md,,,,,,
Password Rejection Custom Script,8.0,https://docs.netwrix.com/docs/threatprevention/8_0/admin/templates/folder/actions/passwordrejection,docs/threatprevention/8.0/admin/templates/folder/actions/passwordrejection.md,,,,,,
Active Directory Templates,8.0,https://docs.netwrix.com/docs/threatprevention/8_0/admin/templates/folder/activedirectory,docs/threatprevention/8.0/admin/templates/folder/activedirectory.md,,,,,,
ADCS Templates,8.0,https://docs.netwrix.com/docs/threatprevention/8_0/admin/templates/folder/adcs,docs/threatprevention/8.0/admin/templates/folder/adcs.md,,,,,,
Best Practices Templates,8.0,https://docs.netwrix.com/docs/threatprevention/8_0/admin/templates/folder/bestpractices,docs/threatprevention/8.0/admin/templates/folder/bestpractices.md,,,,,,
DNS Templates,8.0,https://docs.netwrix.com/docs/threatprevention/8_0/admin/templates/folder/dns,docs/threatprevention/8.0/admin/templates/folder/dns.md,,,,,,
Domain Persistence Templates,8.0,https://docs.netwrix.com/docs/threatprevention/8_0/admin/templates/folder/domainpersistence,docs/threatprevention/8.0/admin/templates/folder/domainpersistence.md,,,,,,
Exchange Templates,8.0,https://docs.netwrix.com/docs/threatprevention/8_0/admin/templates/folder/exchange,docs/threatprevention/8.0/admin/templates/folder/exchange.md,,,,,,
File System Templates,8.0,https://docs.netwrix.com/docs/threatprevention/8_0/admin/templates/folder/filesystem,docs/threatprevention/8.0/admin/templates/folder/filesystem.md,,,,,,
Group Policy Objects Templates,8.0,https://docs.netwrix.com/docs/threatprevention/8_0/admin/templates/folder/grouppolicyobjects,docs/threatprevention/8.0/admin/templates/folder/grouppolicyobjects.md,,,,,,
HIPAA Templates,8.0,https://docs.netwrix.com/docs/threatprevention/8_0/admin/templates/folder/hipaa,docs/threatprevention/8.0/admin/templates/folder/hipaa.md,,,,,,
LDAP Templates,8.0,https://docs.netwrix.com/docs/threatprevention/8_0/admin/templates/folder/ldap,docs/threatprevention/8.0/admin/templates/folder/ldap.md,,,,,,
LSASS Templates,8.0,https://docs.netwrix.com/docs/threatprevention/8_0/admin/templates/folder/lsass,docs/threatprevention/8.0/admin/templates/folder/lsass.md,,,,,,
Pre-Created Templates,8.0,https://docs.netwrix.com/docs/threatprevention/8_0/admin/templates/folder/overview,docs/threatprevention/8.0/admin/templates/folder/overview.md,,,,,,
Privilege Escalation Templates,8.0,https://docs.netwrix.com/docs/threatprevention/8_0/admin/templates/folder/privilegeescalation,docs/threatprevention/8.0/admin/templates/folder/privilegeescalation.md,,,,,,
Process Protection Templates,8.0,https://docs.netwrix.com/docs/threatprevention/8_0/admin/templates/folder/processprotection,docs/threatprevention/8.0/admin/templates/folder/processprotection.md,,,,,,
Ransomware Templates,8.0,https://docs.netwrix.com/docs/threatprevention/8_0/admin/templates/folder/ransomware,docs/threatprevention/8.0/admin/templates/folder/ransomware.md,,,,,,
Reconnaissance Templates,8.0,https://docs.netwrix.com/docs/threatprevention/8_0/admin/templates/folder/reconnaissance,docs/threatprevention/8.0/admin/templates/folder/reconnaissance.md,,,,,,
Schema and Configuration Templates,8.0,https://docs.netwrix.com/docs/threatprevention/8_0/admin/templates/folder/schemaconfiguration,docs/threatprevention/8.0/admin/templates/folder/schemaconfiguration.md,,,,,,
SIEM Templates,8.0,https://docs.netwrix.com/docs/threatprevention/8_0/admin/templates/folder/siem,docs/threatprevention/8.0/admin/templates/folder/siem.md,,,,,,
Threat Manager Templates,8.0,https://docs.netwrix.com/docs/threatprevention/8_0/admin/templates/folder/threatmanager,docs/threatprevention/8.0/admin/templates/folder/threatmanager.md,,,,,,
Templates Interface,8.0,https://docs.netwrix.com/docs/threatprevention/8_0/admin/templates/overview,docs/threatprevention/8.0/admin/templates/overview.md,,,,,,
Export Policies and Templates Window,8.0,https://docs.netwrix.com/docs/threatprevention/8_0/admin/tools/exportpoliciestemplates,docs/threatprevention/8.0/admin/tools/exportpoliciestemplates.md,,,,,,
Import Window,8.0,https://docs.netwrix.com/docs/threatprevention/8_0/admin/tools/import,docs/threatprevention/8.0/admin/tools/import.md,,,,,,
Collection APIs,8.0,https://docs.netwrix.com/docs/threatprevention/8_0/api/collections,docs/threatprevention/8.0/api/collections.md,,,,,,
Enterprise Password Enforcer (EPE) APIs,8.0,https://docs.netwrix.com/docs/threatprevention/8_0/api/epe,docs/threatprevention/8.0/api/epe.md,,,,,,
Load the PowerShell Module,8.0,https://docs.netwrix.com/docs/threatprevention/8_0/api/loadmodule,docs/threatprevention/8.0/api/loadmodule.md,,,,,,
PowerShell API Integration,8.0,https://docs.netwrix.com/docs/threatprevention/8_0/api/overview,docs/threatprevention/8.0/api/overview.md,,,,,,
Policy APIs,8.0,https://docs.netwrix.com/docs/threatprevention/8_0/api/policy,docs/threatprevention/8.0/api/policy.md,,,,,,
Netwrix Threat Manager APIs,8.0,https://docs.netwrix.com/docs/threatprevention/8_0/api/threatmanager,docs/threatprevention/8.0/api/threatmanager.md,,,,,,
Site Account Management,8.0,https://docs.netwrix.com/docs/threatprevention/8_0/eperestsite/accountmanagement,docs/threatprevention/8.0/eperestsite/accountmanagement.md,,,,,,
Check Password,8.0,https://docs.netwrix.com/docs/threatprevention/8_0/eperestsite/checkpassword,docs/threatprevention/8.0/eperestsite/checkpassword.md,,,,,,
Login to EPE REST Service,8.0,https://docs.netwrix.com/docs/threatprevention/8_0/eperestsite/login,docs/threatprevention/8.0/eperestsite/login.md,,,,,,
EPE Rest Site,8.0,https://docs.netwrix.com/docs/threatprevention/8_0/eperestsite/overview,docs/threatprevention/8.0/eperestsite/overview.md,,,,,,
Getting Started,8.0,https://docs.netwrix.com/docs/threatprevention/8_0/gettingstarted,docs/threatprevention/8.0/gettingstarted.md,,,,,,
Netwrix Threat Prevention v8.0 Documentation,8.0,https://docs.netwrix.com/docs/threatprevention/8_0,docs/threatprevention/8.0/index.md,,,,,,
Administration Console Remote Install,8.0,https://docs.netwrix.com/docs/threatprevention/8_0/install/adminconsole,docs/threatprevention/8.0/install/adminconsole.md,,,,,,
Create Custom Managed Certificates for Each Agent,8.0,https://docs.netwrix.com/docs/threatprevention/8_0/install/agent/customcert,docs/threatprevention/8.0/install/agent/customcert.md,,,,,,
Manual Agent Deployment,8.0,https://docs.netwrix.com/docs/threatprevention/8_0/install/agent/manual,docs/threatprevention/8.0/install/agent/manual.md,,,,,,
Agent Information,8.0,https://docs.netwrix.com/docs/threatprevention/8_0/install/agent/overview,docs/threatprevention/8.0/install/agent/overview.md,,,,,,
Agent Silent Install Option,8.0,https://docs.netwrix.com/docs/threatprevention/8_0/install/agent/silent,docs/threatprevention/8.0/install/agent/silent.md,,,,,,
Application Server Install,8.0,https://docs.netwrix.com/docs/threatprevention/8_0/install/application,docs/threatprevention/8.0/install/application.md,,,,,,
Certificate Management Wizard,8.0,https://docs.netwrix.com/docs/threatprevention/8_0/install/certificatemanagementwizard,docs/threatprevention/8.0/install/certificatemanagementwizard.md,,,,,,
DB Connection Manager Wizard,8.0,https://docs.netwrix.com/docs/threatprevention/8_0/install/dbconnectionmanager,docs/threatprevention/8.0/install/dbconnectionmanager.md,,,,,,
EPE Rest Site Install,8.0,https://docs.netwrix.com/docs/threatprevention/8_0/install/eperestsite,docs/threatprevention/8.0/install/eperestsite.md,,,,,,
EPE User Feedback Module,8.0,https://docs.netwrix.com/docs/threatprevention/8_0/install/epeuserfeedback,docs/threatprevention/8.0/install/epeuserfeedback.md,,,,,,
First Launch,8.0,https://docs.netwrix.com/docs/threatprevention/8_0/install/firstlaunch,docs/threatprevention/8.0/install/firstlaunch/firstlaunch.md,,,,,,
Import the License,8.0,https://docs.netwrix.com/docs/threatprevention/8_0/install/firstlaunch/licenseimport,docs/threatprevention/8.0/install/firstlaunch/licenseimport.md,,,,,,
Migrate the Enterprise Manager Server,8.0,https://docs.netwrix.com/docs/threatprevention/8_0/install/migrateemserver,docs/threatprevention/8.0/install/migrateemserver.md,,,,,,
Installation,8.0,https://docs.netwrix.com/docs/threatprevention/8_0/install/overview,docs/threatprevention/8.0/install/overview.md,,,,,,
Install the Netwrix Threat Manager Reporting Module,8.0,https://docs.netwrix.com/docs/threatprevention/8_0/install/reportingmodule/application,docs/threatprevention/8.0/install/reportingmodule/application.md,,,,,,
Install the PostgreSQL Database Application,8.0,https://docs.netwrix.com/docs/threatprevention/8_0/install/reportingmodule/database,docs/threatprevention/8.0/install/reportingmodule/database.md,,,,,,
First Launch,8.0,https://docs.netwrix.com/docs/threatprevention/8_0/install/reportingmodule/firstlaunch,docs/threatprevention/8.0/install/reportingmodule/firstlaunch.md,,,,,,
Reporting Module Installation,8.0,https://docs.netwrix.com/docs/threatprevention/8_0/install/reportingmodule/overview,docs/threatprevention/8.0/install/reportingmodule/overview.md,,,,,,
Secure the Reporting Module Console,8.0,https://docs.netwrix.com/docs/threatprevention/8_0/install/reportingmodule/secure,docs/threatprevention/8.0/install/reportingmodule/secure.md,,,,,,
Upgrade Agent,8.0,https://docs.netwrix.com/docs/threatprevention/8_0/install/upgrade/agent,docs/threatprevention/8.0/install/upgrade/agent.md,,,,,,
Upgrade Procedure,8.0,https://docs.netwrix.com/docs/threatprevention/8_0/install/upgrade/overview,docs/threatprevention/8.0/install/upgrade/overview.md,,,,,,
Upgrade Policy Templates,8.0,https://docs.netwrix.com/docs/threatprevention/8_0/install/upgrade/policytemplates,docs/threatprevention/8.0/install/upgrade/policytemplates.md,,,,,,
Upgrade the Reporting Module,8.0,https://docs.netwrix.com/docs/threatprevention/8_0/install/upgrade/reportingmodule,docs/threatprevention/8.0/install/upgrade/reportingmodule.md,,,,,,
Uninstall Agent,8.0,https://docs.netwrix.com/docs/threatprevention/8_0/install/upgrade/uninstallagent,docs/threatprevention/8.0/install/upgrade/uninstallagent.md,,,,,,
Active Directory Sync,8.0,https://docs.netwrix.com/docs/threatprevention/8_0/reportingmodule/configuration/integrations/activedirectorysync,docs/threatprevention/8.0/reportingmodule/configuration/integrations/activedirectorysync.md,,,,,,
OpenID,8.0,https://docs.netwrix.com/docs/threatprevention/8_0/reportingmodule/configuration/integrations/authenticationprovider/openid,docs/threatprevention/8.0/reportingmodule/configuration/integrations/authenticationprovider/openid.md,,,,,,
Authentication Provider,8.0,https://docs.netwrix.com/docs/threatprevention/8_0/reportingmodule/configuration/integrations/authenticationprovider/page,docs/threatprevention/8.0/reportingmodule/configuration/integrations/authenticationprovider/page.md,,,,,,
RADIUS,8.0,https://docs.netwrix.com/docs/threatprevention/8_0/reportingmodule/configuration/integrations/authenticationprovider/radius,docs/threatprevention/8.0/reportingmodule/configuration/integrations/authenticationprovider/radius.md,,,,,,
SAML,8.0,https://docs.netwrix.com/docs/threatprevention/8_0/reportingmodule/configuration/integrations/authenticationprovider/saml,docs/threatprevention/8.0/reportingmodule/configuration/integrations/authenticationprovider/saml.md,,,,,,
Credential Profile,8.0,https://docs.netwrix.com/docs/threatprevention/8_0/reportingmodule/configuration/integrations/credentialprofile,docs/threatprevention/8.0/reportingmodule/configuration/integrations/credentialprofile.md,,,,,,
Email,8.0,https://docs.netwrix.com/docs/threatprevention/8_0/reportingmodule/configuration/integrations/email,docs/threatprevention/8.0/reportingmodule/configuration/integrations/email.md,,,,,,
Folder Settings,8.0,https://docs.netwrix.com/docs/threatprevention/8_0/reportingmodule/configuration/integrations/foldersettings,docs/threatprevention/8.0/reportingmodule/configuration/integrations/foldersettings.md,,,,,,
Netwrix Integrations,8.0,https://docs.netwrix.com/docs/threatprevention/8_0/reportingmodule/configuration/integrations/netwrixintegrations,docs/threatprevention/8.0/reportingmodule/configuration/integrations/netwrixintegrations.md,,,,,,
Integrations Interface,8.0,https://docs.netwrix.com/docs/threatprevention/8_0/reportingmodule/configuration/integrations/overview,docs/threatprevention/8.0/reportingmodule/configuration/integrations/overview.md,,,,,,
Tag Management,8.0,https://docs.netwrix.com/docs/threatprevention/8_0/reportingmodule/configuration/integrations/tagmanagement,docs/threatprevention/8.0/reportingmodule/configuration/integrations/tagmanagement.md,,,,,,
Configuration Menu,8.0,https://docs.netwrix.com/docs/threatprevention/8_0/reportingmodule/configuration/overview,docs/threatprevention/8.0/reportingmodule/configuration/overview.md,,,,,,
System Health Interface,8.0,https://docs.netwrix.com/docs/threatprevention/8_0/reportingmodule/configuration/systemhealth,docs/threatprevention/8.0/reportingmodule/configuration/systemhealth.md,,,,,,
About Threat Manager,8.0,https://docs.netwrix.com/docs/threatprevention/8_0/reportingmodule/configuration/systemsettings/about,docs/threatprevention/8.0/reportingmodule/configuration/systemsettings/about.md,,,,,,
Auditing,8.0,https://docs.netwrix.com/docs/threatprevention/8_0/reportingmodule/configuration/systemsettings/auditing,docs/threatprevention/8.0/reportingmodule/configuration/systemsettings/auditing.md,,,,,,
System Settings Interface,8.0,https://docs.netwrix.com/docs/threatprevention/8_0/reportingmodule/configuration/systemsettings/interface,docs/threatprevention/8.0/reportingmodule/configuration/systemsettings/interface.md,,,,,,
Licensing,8.0,https://docs.netwrix.com/docs/threatprevention/8_0/reportingmodule/configuration/systemsettings/licensing,docs/threatprevention/8.0/reportingmodule/configuration/systemsettings/licensing.md,,,,,,
System Jobs,8.0,https://docs.netwrix.com/docs/threatprevention/8_0/reportingmodule/configuration/systemsettings/systemjobs,docs/threatprevention/8.0/reportingmodule/configuration/systemsettings/systemjobs.md,,,,,,
User Access,8.0,https://docs.netwrix.com/docs/threatprevention/8_0/reportingmodule/configuration/systemsettings/useraccess,docs/threatprevention/8.0/reportingmodule/configuration/systemsettings/useraccess.md,,,,,,
Audit and Compliance,8.0,https://docs.netwrix.com/docs/threatprevention/8_0/reportingmodule/investigations/auditcompliance,docs/threatprevention/8.0/reportingmodule/investigations/auditcompliance.md,,,,,,
Favorites,8.0,https://docs.netwrix.com/docs/threatprevention/8_0/reportingmodule/investigations/favorites,docs/threatprevention/8.0/reportingmodule/investigations/favorites.md,,,,,,
My Investigations,8.0,https://docs.netwrix.com/docs/threatprevention/8_0/reportingmodule/investigations/myinvestigations,docs/threatprevention/8.0/reportingmodule/investigations/myinvestigations.md,,,,,,
New Investigation,8.0,https://docs.netwrix.com/docs/threatprevention/8_0/reportingmodule/investigations/newinvestigation,docs/threatprevention/8.0/reportingmodule/investigations/newinvestigation.md,,,,,,
Edit or Duplicate an Investigation,8.0,https://docs.netwrix.com/docs/threatprevention/8_0/reportingmodule/investigations/options/edit,docs/threatprevention/8.0/reportingmodule/investigations/options/edit.md,,,,,,
Export Report,8.0,https://docs.netwrix.com/docs/threatprevention/8_0/reportingmodule/investigations/options/export,docs/threatprevention/8.0/reportingmodule/investigations/options/export.md,,,,,,
Filters Section,8.0,https://docs.netwrix.com/docs/threatprevention/8_0/reportingmodule/investigations/options/filters,docs/threatprevention/8.0/reportingmodule/investigations/options/filters.md,,,,,,
Investigation Options,8.0,https://docs.netwrix.com/docs/threatprevention/8_0/reportingmodule/investigations/options/overview,docs/threatprevention/8.0/reportingmodule/investigations/options/overview.md,,,,,,
Add Subscription,8.0,https://docs.netwrix.com/docs/threatprevention/8_0/reportingmodule/investigations/options/subscription,docs/threatprevention/8.0/reportingmodule/investigations/options/subscription.md,,,,,,
Investigations Interface,8.0,https://docs.netwrix.com/docs/threatprevention/8_0/reportingmodule/investigations/overview,docs/threatprevention/8.0/reportingmodule/investigations/overview.md,,,,,,
Predefined Investigations,8.0,https://docs.netwrix.com/docs/threatprevention/8_0/reportingmodule/investigations/predefinedinvestigations,docs/threatprevention/8.0/reportingmodule/investigations/predefinedinvestigations.md,,,,,,
Group Details,8.0,https://docs.netwrix.com/docs/threatprevention/8_0/reportingmodule/investigations/reports/group,docs/threatprevention/8.0/reportingmodule/investigations/reports/group.md,,,,,,
Host Details,8.0,https://docs.netwrix.com/docs/threatprevention/8_0/reportingmodule/investigations/reports/host,docs/threatprevention/8.0/reportingmodule/investigations/reports/host.md,,,,,,
Investigation Reports,8.0,https://docs.netwrix.com/docs/threatprevention/8_0/reportingmodule/investigations/reports,docs/threatprevention/8.0/reportingmodule/investigations/reports/reports.md,,,,,,
User Details,8.0,https://docs.netwrix.com/docs/threatprevention/8_0/reportingmodule/investigations/reports/user,docs/threatprevention/8.0/reportingmodule/investigations/reports/user.md,,,,,,
Subscriptions and Exports,8.0,https://docs.netwrix.com/docs/threatprevention/8_0/reportingmodule/investigations/subscriptionsexports,docs/threatprevention/8.0/reportingmodule/investigations/subscriptionsexports.md,,,,,,
Reporting Module,8.0,https://docs.netwrix.com/docs/threatprevention/8_0/reportingmodule/overview,docs/threatprevention/8.0/reportingmodule/overview.md,,,,,,
Threats,8.0,https://docs.netwrix.com/docs/threatprevention/8_0/reportingmodule/threats,docs/threatprevention/8.0/reportingmodule/threats.md,,,,,,
Remote Administration Console Requirements,8.0,https://docs.netwrix.com/docs/threatprevention/8_0/requirements/adminconsole,docs/threatprevention/8.0/requirements/adminconsole.md,,,,,,
Agent Server Requirements,8.0,https://docs.netwrix.com/docs/threatprevention/8_0/requirements/agent,docs/threatprevention/8.0/requirements/agent/agent.md,,,,,,
NAS Device Support,8.0,https://docs.netwrix.com/docs/threatprevention/8_0/requirements/agent/agentnas,docs/threatprevention/8.0/requirements/agent/agentnas.md,,,,,,
Application Server Requirements,8.0,https://docs.netwrix.com/docs/threatprevention/8_0/requirements/application,docs/threatprevention/8.0/requirements/application.md,,,,,,
EPE Rest Site Requirements,8.0,https://docs.netwrix.com/docs/threatprevention/8_0/requirements/eperestsite,docs/threatprevention/8.0/requirements/eperestsite.md,,,,,,
Requirements,8.0,https://docs.netwrix.com/docs/threatprevention/8_0/requirements/overview,docs/threatprevention/8.0/requirements/overview.md,,,,,,
Firewall Ports,8.0,https://docs.netwrix.com/docs/threatprevention/8_0/requirements/ports,docs/threatprevention/8.0/requirements/ports.md,,,,,,
Reporting Module Server Requirements,8.0,https://docs.netwrix.com/docs/threatprevention/8_0/requirements/reportingserver,docs/threatprevention/8.0/requirements/reportingserver.md,,,,,,
Database Maintenance Feature Requirements,8.0,https://docs.netwrix.com/docs/threatprevention/8_0/requirements/sqlserver/dbmaintenance,docs/threatprevention/8.0/requirements/sqlserver/dbmaintenance.md,,,,,,
SQL Server Requirements,8.0,https://docs.netwrix.com/docs/threatprevention/8_0/requirements/sqlserver,docs/threatprevention/8.0/requirements/sqlserver/sqlserver.md,,,,,,
Active Directory Changes Dashboard,8.0,https://docs.netwrix.com/docs/threatprevention/8_0/siemdashboard/activedirectory/navigate/activedirectorychanges,docs/threatprevention/8.0/siemdashboard/activedirectory/navigate/activedirectorychanges.md,,,,,,
Administrator Auditing Dashboard,8.0,https://docs.netwrix.com/docs/threatprevention/8_0/siemdashboard/activedirectory/navigate/administratorauditing,docs/threatprevention/8.0/siemdashboard/activedirectory/navigate/administratorauditing.md,,,,,,
Authentication Attacks Dashboard,8.0,https://docs.netwrix.com/docs/threatprevention/8_0/siemdashboard/activedirectory/navigate/authenticationattacks,docs/threatprevention/8.0/siemdashboard/activedirectory/navigate/authenticationattacks.md,,,,,,
GPO Monitoring Dashboard,8.0,https://docs.netwrix.com/docs/threatprevention/8_0/siemdashboard/activedirectory/navigate/gpomonitoring,docs/threatprevention/8.0/siemdashboard/activedirectory/navigate/gpomonitoring.md,,,,,,
LDAP Dashboard,8.0,https://docs.netwrix.com/docs/threatprevention/8_0/siemdashboard/activedirectory/navigate/ldap,docs/threatprevention/8.0/siemdashboard/activedirectory/navigate/ldap.md,,,,,,
Navigate the App,8.0,https://docs.netwrix.com/docs/threatprevention/8_0/siemdashboard/activedirectory/navigate,docs/threatprevention/8.0/siemdashboard/activedirectory/navigate/navigate.md,,,,,,
Policy Reporting Dashboard,8.0,https://docs.netwrix.com/docs/threatprevention/8_0/siemdashboard/activedirectory/navigate/policyreporting,docs/threatprevention/8.0/siemdashboard/activedirectory/navigate/policyreporting.md,,,,,,
User Behavior Analytics Dashboard,8.0,https://docs.netwrix.com/docs/threatprevention/8_0/siemdashboard/activedirectory/navigate/userbehavioranalytics,docs/threatprevention/8.0/siemdashboard/activedirectory/navigate/userbehavioranalytics.md,,,,,,
Active Directory App for Splunk,8.0,https://docs.netwrix.com/docs/threatprevention/8_0/siemdashboard/activedirectory/overview,docs/threatprevention/8.0/siemdashboard/activedirectory/overview.md,,,,,,
SIEM Dashboards,8.0,https://docs.netwrix.com/docs/threatprevention/8_0/siemdashboard/overview,docs/threatprevention/8.0/siemdashboard/overview.md,,,,,,
About Dashboard,8.0,https://docs.netwrix.com/docs/threatprevention/8_0/siemdashboard/qradar/navigate/about,docs/threatprevention/8.0/siemdashboard/qradar/navigate/about.md,,,,,,
AD Changes Dashboard,8.0,https://docs.netwrix.com/docs/threatprevention/8_0/siemdashboard/qradar/navigate/adchanges,docs/threatprevention/8.0/siemdashboard/qradar/navigate/adchanges.md,,,,,,
Administrator Auditing Dashboard,8.0,https://docs.netwrix.com/docs/threatprevention/8_0/siemdashboard/qradar/navigate/administratorauditing,docs/threatprevention/8.0/siemdashboard/qradar/navigate/administratorauditing.md,,,,,,
Authentication Attacks Dashboard,8.0,https://docs.netwrix.com/docs/threatprevention/8_0/siemdashboard/qradar/navigate/authenticationattacks,docs/threatprevention/8.0/siemdashboard/qradar/navigate/authenticationattacks.md,,,,,,
GPO Monitoring Dashboard,8.0,https://docs.netwrix.com/docs/threatprevention/8_0/siemdashboard/qradar/navigate/gpomonitoring,docs/threatprevention/8.0/siemdashboard/qradar/navigate/gpomonitoring.md,,,,,,
Host Investigation Dashboard,8.0,https://docs.netwrix.com/docs/threatprevention/8_0/siemdashboard/qradar/navigate/hostinvestigation,docs/threatprevention/8.0/siemdashboard/qradar/navigate/hostinvestigation.md,,,,,,
LDAP Dashboard,8.0,https://docs.netwrix.com/docs/threatprevention/8_0/siemdashboard/qradar/navigate/ldap,docs/threatprevention/8.0/siemdashboard/qradar/navigate/ldap.md,,,,,,
Navigate the App,8.0,https://docs.netwrix.com/docs/threatprevention/8_0/siemdashboard/qradar/navigate,docs/threatprevention/8.0/siemdashboard/qradar/navigate/navigate.md,,,,,,
Overview Dashboard,8.0,https://docs.netwrix.com/docs/threatprevention/8_0/siemdashboard/qradar/navigate/overview,docs/threatprevention/8.0/siemdashboard/qradar/navigate/overview.md,,,,,,
Policy Reporting Dashboard,8.0,https://docs.netwrix.com/docs/threatprevention/8_0/siemdashboard/qradar/navigate/policyreporting,docs/threatprevention/8.0/siemdashboard/qradar/navigate/policyreporting.md,,,,,,
Settings,8.0,https://docs.netwrix.com/docs/threatprevention/8_0/siemdashboard/qradar/navigate/settings,docs/threatprevention/8.0/siemdashboard/qradar/navigate/settings.md,,,,,,
User Investigation Dashboard,8.0,https://docs.netwrix.com/docs/threatprevention/8_0/siemdashboard/qradar/navigate/userinvestigation,docs/threatprevention/8.0/siemdashboard/qradar/navigate/userinvestigation.md,,,,,,
INTERCEPT Offenses in QRadar,8.0,https://docs.netwrix.com/docs/threatprevention/8_0/siemdashboard/qradar/offenses,docs/threatprevention/8.0/siemdashboard/qradar/offenses.md,,,,,,
Active Directory App for QRadar,8.0,https://docs.netwrix.com/docs/threatprevention/8_0/siemdashboard/qradar/overview,docs/threatprevention/8.0/siemdashboard/qradar/overview.md,,,,,,
QIDmap Information for QRadar SIEM Integration,8.0,https://docs.netwrix.com/docs/threatprevention/8_0/siemdashboard/qradar/qidmap,docs/threatprevention/8.0/siemdashboard/qradar/qidmap.md,,,,,,
Navigate the App,8.0,https://docs.netwrix.com/docs/threatprevention/8_0/siemdashboard/threathunting/navigate,docs/threatprevention/8.0/siemdashboard/threathunting/navigate/navigate.md,,,,,,
Perpetrator Hunting,8.0,https://docs.netwrix.com/docs/threatprevention/8_0/siemdashboard/threathunting/navigate/perpetratorhunting,docs/threatprevention/8.0/siemdashboard/threathunting/navigate/perpetratorhunting.md,,,,,,
Privilege Creep/Escalation,8.0,https://docs.netwrix.com/docs/threatprevention/8_0/siemdashboard/threathunting/navigate/privilegecreepescalation,docs/threatprevention/8.0/siemdashboard/threathunting/navigate/privilegecreepescalation.md,,,,,,
Sensitive Data Hunting,8.0,https://docs.netwrix.com/docs/threatprevention/8_0/siemdashboard/threathunting/navigate/sensitivedatahunting,docs/threatprevention/8.0/siemdashboard/threathunting/navigate/sensitivedatahunting.md,,,,,,
Threat Hunting App for Splunk,8.0,https://docs.netwrix.com/docs/threatprevention/8_0/siemdashboard/threathunting/overview,docs/threatprevention/8.0/siemdashboard/threathunting/overview.md,,,,,,
Active Directory,8.0,https://docs.netwrix.com/docs/threatprevention/8_0/solutions/activedirectory,docs/threatprevention/8.0/solutions/activedirectory.md,,,,,,
Enterprise Password Enforcer,8.0,https://docs.netwrix.com/docs/threatprevention/8_0/solutions/epe,docs/threatprevention/8.0/solutions/epe.md,,,,,,
Exchange,8.0,https://docs.netwrix.com/docs/threatprevention/8_0/solutions/exchange,docs/threatprevention/8.0/solutions/exchange.md,,,,,,
File System,8.0,https://docs.netwrix.com/docs/threatprevention/8_0/solutions/filesystem,docs/threatprevention/8.0/solutions/filesystem.md,,,,,,
LDAP,8.0,https://docs.netwrix.com/docs/threatprevention/8_0/solutions/ldap,docs/threatprevention/8.0/solutions/ldap.md,,,,,,
Solutions,8.0,https://docs.netwrix.com/docs/threatprevention/8_0/solutions/overview,docs/threatprevention/8.0/solutions/overview.md,,,,,,
Agent Not Communicating with the Enterprise Manager,8.0,https://docs.netwrix.com/docs/threatprevention/8_0/troubleshooting/agentcommunication,docs/threatprevention/8.0/troubleshooting/agentcommunication.md,,,,,,
Agent Service Fails to Start Due to Service Timeout,8.0,https://docs.netwrix.com/docs/threatprevention/8_0/troubleshooting/agentservice,docs/threatprevention/8.0/troubleshooting/agentservice.md,,,,,,
Administration Console and Agent Not Communicating with the Enterprise Manager,8.0,https://docs.netwrix.com/docs/threatprevention/8_0/troubleshooting/enterprisemanagercommunication,docs/threatprevention/8.0/troubleshooting/enterprisemanagercommunication.md,,,,,,
Exchange Lockdown Considerations,8.0,https://docs.netwrix.com/docs/threatprevention/8_0/troubleshooting/exchangelockdown,docs/threatprevention/8.0/troubleshooting/exchangelockdown.md,,,,,,
LSASS Process Terminated,8.0,https://docs.netwrix.com/docs/threatprevention/8_0/troubleshooting/lsass,docs/threatprevention/8.0/troubleshooting/lsass.md,,,,,,
MSI Installer Logs,8.0,https://docs.netwrix.com/docs/threatprevention/8_0/troubleshooting/msilogs,docs/threatprevention/8.0/troubleshooting/msilogs.md,,,,,,
Best Practices and Troubleshooting,8.0,https://docs.netwrix.com/docs/threatprevention/8_0/troubleshooting/overview,docs/threatprevention/8.0/troubleshooting/overview.md,,,,,,
Restrict SQL Server Maximum Server Memory,8.0,https://docs.netwrix.com/docs/threatprevention/8_0/troubleshooting/sqlserver,docs/threatprevention/8.0/troubleshooting/sqlserver.md,,,,,,
