source_path,lines_changed_since_audit_start
docs/accessanalyzer/11.6/admin/action/activedirectory/operations/computerdetails.md,0
docs/accessanalyzer/11.6/admin/action/activedirectory/operations/creategroups.md,0
docs/accessanalyzer/11.6/admin/action/activedirectory/operations/createusers.md,0
docs/accessanalyzer/11.6/admin/action/activedirectory/operations/disableenablecomputers.md,0
docs/accessanalyzer/11.6/admin/action/activedirectory/operations/disableenableusers.md,0
docs/accessanalyzer/11.6/admin/action/activedirectory/operations/groupdetails.md,0
docs/accessanalyzer/11.6/admin/action/activedirectory/operations/groupmembership.md,0
docs/accessanalyzer/11.6/admin/action/activedirectory/operations/moveobjects.md,0
docs/accessanalyzer/11.6/admin/action/activedirectory/operations/operations.md,0
docs/accessanalyzer/11.6/admin/action/activedirectory/operations/setresetpassword.md,0
docs/accessanalyzer/11.6/admin/action/activedirectory/operations/sidhistory.md,0
docs/accessanalyzer/11.6/admin/action/activedirectory/operations/usersdetails.md,0
docs/accessanalyzer/11.6/admin/action/activedirectory/options.md,0
docs/accessanalyzer/11.6/admin/action/activedirectory/overview.md,0
docs/accessanalyzer/11.6/admin/action/activedirectory/summary.md,0
docs/accessanalyzer/11.6/admin/action/activedirectory/target.md,0
docs/accessanalyzer/11.6/admin/action/filesystem/action.md,0
docs/accessanalyzer/11.6/admin/action/filesystem/appletsettings.md,0
docs/accessanalyzer/11.6/admin/action/filesystem/destination.md,0
docs/accessanalyzer/11.6/admin/action/filesystem/environment.md,0
docs/accessanalyzer/11.6/admin/action/filesystem/operation.md,0
docs/accessanalyzer/11.6/admin/action/filesystem/options.md,0
docs/accessanalyzer/11.6/admin/action/filesystem/overview.md,0
docs/accessanalyzer/11.6/admin/action/filesystem/parameters/addtags.md,0
docs/accessanalyzer/11.6/admin/action/filesystem/parameters/changeattributes.md,0
docs/accessanalyzer/11.6/admin/action/filesystem/parameters/changeowner.md,0
docs/accessanalyzer/11.6/admin/action/filesystem/parameters/changepermissioninheritance.md,0
docs/accessanalyzer/11.6/admin/action/filesystem/parameters/changepermissionsauditing.md,0
docs/accessanalyzer/11.6/admin/action/filesystem/parameters/changesharepermissions.md,0
docs/accessanalyzer/11.6/admin/action/filesystem/parameters/parameters.md,0
docs/accessanalyzer/11.6/admin/action/filesystem/parameters/removefilepermissions.md,0
docs/accessanalyzer/11.6/admin/action/filesystem/parameters/removesharepermissions.md,0
docs/accessanalyzer/11.6/admin/action/filesystem/parameters/removetags.md,0
docs/accessanalyzer/11.6/admin/action/filesystem/prioractions.md,0
docs/accessanalyzer/11.6/admin/action/filesystem/rollback.md,0
docs/accessanalyzer/11.6/admin/action/filesystem/summary.md,0
docs/accessanalyzer/11.6/admin/action/filesystem/target.md,0
docs/accessanalyzer/11.6/admin/action/libraries.md,0
docs/accessanalyzer/11.6/admin/action/mailbox/affectedmailboxes.md,0
docs/accessanalyzer/11.6/admin/action/mailbox/criteriaselection.md,0
docs/accessanalyzer/11.6/admin/action/mailbox/delegaterights.md,0
docs/accessanalyzer/11.6/admin/action/mailbox/folderconditions.md,0
docs/accessanalyzer/11.6/admin/action/mailbox/folderidentification.md,0
docs/accessanalyzer/11.6/admin/action/mailbox/identification.md,0
docs/accessanalyzer/11.6/admin/action/mailbox/messageactions.md,0
docs/accessanalyzer/11.6/admin/action/mailbox/messageconditions.md,0
docs/accessanalyzer/11.6/admin/action/mailbox/operations.md,0
docs/accessanalyzer/11.6/admin/action/mailbox/overview.md,0
docs/accessanalyzer/11.6/admin/action/mailbox/permissions.md,0
docs/accessanalyzer/11.6/admin/action/mailbox/samplinghost.md,0
docs/accessanalyzer/11.6/admin/action/mailbox/summary.md,0
docs/accessanalyzer/11.6/admin/action/mailbox/trustedusers.md,0
docs/accessanalyzer/11.6/admin/action/overview.md,0
docs/accessanalyzer/11.6/admin/action/powershell/executionoptions.md,0
docs/accessanalyzer/11.6/admin/action/powershell/overview.md,0
docs/accessanalyzer/11.6/admin/action/powershell/script.md,0
docs/accessanalyzer/11.6/admin/action/powershell/summary.md,0
docs/accessanalyzer/11.6/admin/action/publicfolder/action.md,0
docs/accessanalyzer/11.6/admin/action/publicfolder/folders.md,0
docs/accessanalyzer/11.6/admin/action/publicfolder/mapisettings.md,0
docs/accessanalyzer/11.6/admin/action/publicfolder/operations.md,0
docs/accessanalyzer/11.6/admin/action/publicfolder/options.md,0
docs/accessanalyzer/11.6/admin/action/publicfolder/overview.md,0
docs/accessanalyzer/11.6/admin/action/publicfolder/prioractions.md,0
docs/accessanalyzer/11.6/admin/action/publicfolder/rollback.md,0
docs/accessanalyzer/11.6/admin/action/publicfolder/summary.md,0
docs/accessanalyzer/11.6/admin/action/registry/operations.md,0
docs/accessanalyzer/11.6/admin/action/registry/overview.md,0
docs/accessanalyzer/11.6/admin/action/registry/summary.md,0
docs/accessanalyzer/11.6/admin/action/registry/targethosts.md,0
docs/accessanalyzer/11.6/admin/action/sendmail/message.md,0
docs/accessanalyzer/11.6/admin/action/sendmail/overview.md,0
docs/accessanalyzer/11.6/admin/action/sendmail/properties.md,0
docs/accessanalyzer/11.6/admin/action/sendmail/summary.md,0
docs/accessanalyzer/11.6/admin/action/sendmail/viewstatus.md,0
docs/accessanalyzer/11.6/admin/action/servicenow/authentication.md,0
docs/accessanalyzer/11.6/admin/action/servicenow/description.md,0
docs/accessanalyzer/11.6/admin/action/servicenow/incidentcreation.md,0
docs/accessanalyzer/11.6/admin/action/servicenow/overview.md,0
docs/accessanalyzer/11.6/admin/action/servicenow/summary.md,0
docs/accessanalyzer/11.6/admin/action/survey/htmlstyle.md,0
docs/accessanalyzer/11.6/admin/action/survey/introduction.md,0
docs/accessanalyzer/11.6/admin/action/survey/mailmessage.md,0
docs/accessanalyzer/11.6/admin/action/survey/mailproperties.md,0
docs/accessanalyzer/11.6/admin/action/survey/overview.md,0
docs/accessanalyzer/11.6/admin/action/survey/questions.md,0
docs/accessanalyzer/11.6/admin/action/survey/summary.md,0
docs/accessanalyzer/11.6/admin/action/survey/template.md,0
docs/accessanalyzer/11.6/admin/action/survey/testsurvey.md,0
docs/accessanalyzer/11.6/admin/action/survey/webserver.md,0
docs/accessanalyzer/11.6/admin/action/webrequest/destination.md,0
docs/accessanalyzer/11.6/admin/action/webrequest/header.md,0
docs/accessanalyzer/11.6/admin/action/webrequest/overview.md,0
docs/accessanalyzer/11.6/admin/action/webrequest/parameters.md,0
docs/accessanalyzer/11.6/admin/action/webrequest/settings.md,0
docs/accessanalyzer/11.6/admin/action/webrequest/summary.md,0
docs/accessanalyzer/11.6/admin/analysis/autoaction.md,0
docs/accessanalyzer/11.6/admin/analysis/businessrules/appliesto.md,0
docs/accessanalyzer/11.6/admin/analysis/businessrules/logic.md,0
docs/accessanalyzer/11.6/admin/analysis/businessrules/overview.md,0
docs/accessanalyzer/11.6/admin/analysis/businessrules/variables.md,0
docs/accessanalyzer/11.6/admin/analysis/changedetection/additionalfields.md,0
docs/accessanalyzer/11.6/admin/analysis/changedetection/fields.md,0
docs/accessanalyzer/11.6/admin/analysis/changedetection/input.md,0
docs/accessanalyzer/11.6/admin/analysis/changedetection/inputscope.md,0
docs/accessanalyzer/11.6/admin/analysis/changedetection/options.md,0
docs/accessanalyzer/11.6/admin/analysis/changedetection/overview.md,0
docs/accessanalyzer/11.6/admin/analysis/changedetection/resultsample.md,0
docs/accessanalyzer/11.6/admin/analysis/changedetection/summary.md,0
docs/accessanalyzer/11.6/admin/analysis/changedetection/uniquekey.md,0
docs/accessanalyzer/11.6/admin/analysis/notification/changetype.md,0
docs/accessanalyzer/11.6/admin/analysis/notification/commandline.md,0
docs/accessanalyzer/11.6/admin/analysis/notification/criteria.md,0
docs/accessanalyzer/11.6/admin/analysis/notification/eventlog.md,0
docs/accessanalyzer/11.6/admin/analysis/notification/frequency.md,0
docs/accessanalyzer/11.6/admin/analysis/notification/hosts.md,0
docs/accessanalyzer/11.6/admin/analysis/notification/overview.md,0
docs/accessanalyzer/11.6/admin/analysis/notification/selecttable.md,0
docs/accessanalyzer/11.6/admin/analysis/notification/smtp.md,0
docs/accessanalyzer/11.6/admin/analysis/notification/summary.md,0
docs/accessanalyzer/11.6/admin/analysis/notification/tabletype.md,0
docs/accessanalyzer/11.6/admin/analysis/notification/timewindow.md,0
docs/accessanalyzer/11.6/admin/analysis/notification/type.md,0
docs/accessanalyzer/11.6/admin/analysis/overview.md,0
docs/accessanalyzer/11.6/admin/analysis/sqlscripting.md,0
docs/accessanalyzer/11.6/admin/analysis/sqlviewcreation/columns.md,0
docs/accessanalyzer/11.6/admin/analysis/sqlviewcreation/export.md,0
docs/accessanalyzer/11.6/admin/analysis/sqlviewcreation/filter.md,0
docs/accessanalyzer/11.6/admin/analysis/sqlviewcreation/input.md,0
docs/accessanalyzer/11.6/admin/analysis/sqlviewcreation/inputscope.md,0
docs/accessanalyzer/11.6/admin/analysis/sqlviewcreation/joincolumns.md,0
docs/accessanalyzer/11.6/admin/analysis/sqlviewcreation/overview.md,0
docs/accessanalyzer/11.6/admin/analysis/sqlviewcreation/result.md,0
docs/accessanalyzer/11.6/admin/analysis/sqlviewcreation/resultconstraints.md,0
docs/accessanalyzer/11.6/admin/analysis/sqlviewcreation/resultsample.md,0
docs/accessanalyzer/11.6/admin/analysis/sqlviewcreation/summary.md,0
docs/accessanalyzer/11.6/admin/analysis/sqlviewcreation/timewindow.md,0
docs/accessanalyzer/11.6/admin/analysis/vbscripting.md,0
docs/accessanalyzer/11.6/admin/datacollector/activedirectory/category.md,0
docs/accessanalyzer/11.6/admin/datacollector/activedirectory/directoryscope.md,0
docs/accessanalyzer/11.6/admin/datacollector/activedirectory/options.md,0
docs/accessanalyzer/11.6/admin/datacollector/activedirectory/overview.md,0
docs/accessanalyzer/11.6/admin/datacollector/activedirectory/results.md,0
docs/accessanalyzer/11.6/admin/datacollector/activedirectory/summary.md,0
docs/accessanalyzer/11.6/admin/datacollector/adactivity/category.md,0
docs/accessanalyzer/11.6/admin/datacollector/adactivity/cleartables.md,0
docs/accessanalyzer/11.6/admin/datacollector/adactivity/connection.md,0
docs/accessanalyzer/11.6/admin/datacollector/adactivity/overview.md,0
docs/accessanalyzer/11.6/admin/datacollector/adactivity/results.md,0
docs/accessanalyzer/11.6/admin/datacollector/adactivity/scope.md,0
docs/accessanalyzer/11.6/admin/datacollector/adactivity/share.md,0
docs/accessanalyzer/11.6/admin/datacollector/adactivity/standardtables.md,0
docs/accessanalyzer/11.6/admin/datacollector/adactivity/summary.md,0
docs/accessanalyzer/11.6/admin/datacollector/adinventory/category.md,0
docs/accessanalyzer/11.6/admin/datacollector/adinventory/cleartables.md,0
docs/accessanalyzer/11.6/admin/datacollector/adinventory/customattributes.md,0
docs/accessanalyzer/11.6/admin/datacollector/adinventory/domains.md,0
docs/accessanalyzer/11.6/admin/datacollector/adinventory/indexupdateoptions.md,0
docs/accessanalyzer/11.6/admin/datacollector/adinventory/options.md,0
docs/accessanalyzer/11.6/admin/datacollector/adinventory/overview.md,0
docs/accessanalyzer/11.6/admin/datacollector/adinventory/results.md,0
docs/accessanalyzer/11.6/admin/datacollector/adinventory/standardtables.md,0
docs/accessanalyzer/11.6/admin/datacollector/adinventory/summary.md,0
docs/accessanalyzer/11.6/admin/datacollector/adpermissions/category.md,0
docs/accessanalyzer/11.6/admin/datacollector/adpermissions/customfilter.md,0
docs/accessanalyzer/11.6/admin/datacollector/adpermissions/options.md,0
docs/accessanalyzer/11.6/admin/datacollector/adpermissions/overview.md,0
docs/accessanalyzer/11.6/admin/datacollector/adpermissions/removetables.md,0
docs/accessanalyzer/11.6/admin/datacollector/adpermissions/results.md,0
docs/accessanalyzer/11.6/admin/datacollector/adpermissions/scope.md,0
docs/accessanalyzer/11.6/admin/datacollector/adpermissions/standardtables.md,0
docs/accessanalyzer/11.6/admin/datacollector/adpermissions/summary.md,0
docs/accessanalyzer/11.6/admin/datacollector/aws/category.md,0
docs/accessanalyzer/11.6/admin/datacollector/aws/criteria.md,0
docs/accessanalyzer/11.6/admin/datacollector/aws/droptables.md,0
docs/accessanalyzer/11.6/admin/datacollector/aws/filters3objects.md,0
docs/accessanalyzer/11.6/admin/datacollector/aws/loginroles.md,0
docs/accessanalyzer/11.6/admin/datacollector/aws/overview.md,0
docs/accessanalyzer/11.6/admin/datacollector/aws/results.md,0
docs/accessanalyzer/11.6/admin/datacollector/aws/sensitivedata.md,0
docs/accessanalyzer/11.6/admin/datacollector/aws/summary.md,0
docs/accessanalyzer/11.6/admin/datacollector/azureadinventory/category.md,0
docs/accessanalyzer/11.6/admin/datacollector/azureadinventory/configurejob.md,0
docs/accessanalyzer/11.6/admin/datacollector/azureadinventory/customattributes.md,0
docs/accessanalyzer/11.6/admin/datacollector/azureadinventory/options.md,0
docs/accessanalyzer/11.6/admin/datacollector/azureadinventory/overview.md,0
docs/accessanalyzer/11.6/admin/datacollector/azureadinventory/results.md,0
docs/accessanalyzer/11.6/admin/datacollector/azureadinventory/standardtables.md,0
docs/accessanalyzer/11.6/admin/datacollector/azureadinventory/summary.md,0
docs/accessanalyzer/11.6/admin/datacollector/azureadinventory/troubleshooting.md,0
docs/accessanalyzer/11.6/admin/datacollector/box/activityoperationscope.md,0
docs/accessanalyzer/11.6/admin/datacollector/box/activitytimeframescope.md,0
docs/accessanalyzer/11.6/admin/datacollector/box/additionalscoping.md,0
docs/accessanalyzer/11.6/admin/datacollector/box/authenticate.md,0
docs/accessanalyzer/11.6/admin/datacollector/box/category.md,0
docs/accessanalyzer/11.6/admin/datacollector/box/exclusions.md,0
docs/accessanalyzer/11.6/admin/datacollector/box/overview.md,0
docs/accessanalyzer/11.6/admin/datacollector/box/results.md,0
docs/accessanalyzer/11.6/admin/datacollector/box/scopebyuser.md,0
docs/accessanalyzer/11.6/admin/datacollector/box/standardtables.md,0
docs/accessanalyzer/11.6/admin/datacollector/box/summary.md,0
docs/accessanalyzer/11.6/admin/datacollector/commandlineutility/definefields.md,0
docs/accessanalyzer/11.6/admin/datacollector/commandlineutility/executionoptions.md,0
docs/accessanalyzer/11.6/admin/datacollector/commandlineutility/overview.md,0
docs/accessanalyzer/11.6/admin/datacollector/commandlineutility/profileparameters.md,0
docs/accessanalyzer/11.6/admin/datacollector/commandlineutility/profiletype.md,0
docs/accessanalyzer/11.6/admin/datacollector/commandlineutility/results.md,0
docs/accessanalyzer/11.6/admin/datacollector/commandlineutility/scripteditor.md,0
docs/accessanalyzer/11.6/admin/datacollector/commandlineutility/summary.md,0
docs/accessanalyzer/11.6/admin/datacollector/diskinfo/overview.md,0
docs/accessanalyzer/11.6/admin/datacollector/diskinfo/results.md,0
docs/accessanalyzer/11.6/admin/datacollector/diskinfo/summary.md,0
docs/accessanalyzer/11.6/admin/datacollector/diskinfo/targetdisks.md,0
docs/accessanalyzer/11.6/admin/datacollector/dns/category.md,0
docs/accessanalyzer/11.6/admin/datacollector/dns/overview.md,0
docs/accessanalyzer/11.6/admin/datacollector/dns/results.md,0
docs/accessanalyzer/11.6/admin/datacollector/dns/summary.md,0
docs/accessanalyzer/11.6/admin/datacollector/dropboxaccess/category.md,0
docs/accessanalyzer/11.6/admin/datacollector/dropboxaccess/completion.md,0
docs/accessanalyzer/11.6/admin/datacollector/dropboxaccess/configurejob.md,0
docs/accessanalyzer/11.6/admin/datacollector/dropboxaccess/dlpauditsettings.md,0
docs/accessanalyzer/11.6/admin/datacollector/dropboxaccess/overview.md,0
docs/accessanalyzer/11.6/admin/datacollector/dropboxaccess/scanoptions.md,0
docs/accessanalyzer/11.6/admin/datacollector/dropboxaccess/scoping.md,0
docs/accessanalyzer/11.6/admin/datacollector/dropboxaccess/selectdlpcriteria.md,0
docs/accessanalyzer/11.6/admin/datacollector/dropboxaccess/standardtables.md,0
docs/accessanalyzer/11.6/admin/datacollector/eventlog.md,0
docs/accessanalyzer/11.6/admin/datacollector/ewsmailbox/category.md,0
docs/accessanalyzer/11.6/admin/datacollector/ewsmailbox/criteria.md,0
docs/accessanalyzer/11.6/admin/datacollector/ewsmailbox/filter.md,0
docs/accessanalyzer/11.6/admin/datacollector/ewsmailbox/options.md,0
docs/accessanalyzer/11.6/admin/datacollector/ewsmailbox/overview.md,0
docs/accessanalyzer/11.6/admin/datacollector/ewsmailbox/results.md,0
docs/accessanalyzer/11.6/admin/datacollector/ewsmailbox/scope.md,0
docs/accessanalyzer/11.6/admin/datacollector/ewsmailbox/scopeselect.md,0
docs/accessanalyzer/11.6/admin/datacollector/ewsmailbox/sddoptions.md,0
docs/accessanalyzer/11.6/admin/datacollector/ewsmailbox/searchfilter/bodyoptions.md,0
docs/accessanalyzer/11.6/admin/datacollector/ewsmailbox/searchfilter/folderconditions.md,0
docs/accessanalyzer/11.6/admin/datacollector/ewsmailbox/searchfilter/messageconditions.md,0
docs/accessanalyzer/11.6/admin/datacollector/ewsmailbox/searchfilter/savefilter.md,0
docs/accessanalyzer/11.6/admin/datacollector/ewsmailbox/searchfilter/searchfilter_1.md,0
docs/accessanalyzer/11.6/admin/datacollector/ewsmailbox/searchfilter/searchfilter.md,0
docs/accessanalyzer/11.6/admin/datacollector/ewsmailbox/summary.md,0
docs/accessanalyzer/11.6/admin/datacollector/ewspublicfolder/category.md,0
docs/accessanalyzer/11.6/admin/datacollector/ewspublicfolder/critieria.md,0
docs/accessanalyzer/11.6/admin/datacollector/ewspublicfolder/filter.md,0
docs/accessanalyzer/11.6/admin/datacollector/ewspublicfolder/options.md,0
docs/accessanalyzer/11.6/admin/datacollector/ewspublicfolder/overview.md,0
docs/accessanalyzer/11.6/admin/datacollector/ewspublicfolder/results.md,0
docs/accessanalyzer/11.6/admin/datacollector/ewspublicfolder/sddoptions.md,0
docs/accessanalyzer/11.6/admin/datacollector/ewspublicfolder/searchfilter/bodyoptions.md,0
docs/accessanalyzer/11.6/admin/datacollector/ewspublicfolder/searchfilter/folderconditions.md,0
docs/accessanalyzer/11.6/admin/datacollector/ewspublicfolder/searchfilter/messageconditions.md,0
docs/accessanalyzer/11.6/admin/datacollector/ewspublicfolder/searchfilter/savefilter.md,0
docs/accessanalyzer/11.6/admin/datacollector/ewspublicfolder/searchfilter/searchfilter_1.md,0
docs/accessanalyzer/11.6/admin/datacollector/ewspublicfolder/searchfilter/searchfilter.md,0
docs/accessanalyzer/11.6/admin/datacollector/ewspublicfolder/summary.md,0
docs/accessanalyzer/11.6/admin/datacollector/exchange2k/category.md,0
docs/accessanalyzer/11.6/admin/datacollector/exchange2k/mapisettings.md,0
docs/accessanalyzer/11.6/admin/datacollector/exchange2k/options.md,0
docs/accessanalyzer/11.6/admin/datacollector/exchange2k/overview.md,0
docs/accessanalyzer/11.6/admin/datacollector/exchange2k/results.md,0
docs/accessanalyzer/11.6/admin/datacollector/exchange2k/scope.md,0
docs/accessanalyzer/11.6/admin/datacollector/exchange2k/summary.md,0
docs/accessanalyzer/11.6/admin/datacollector/exchangemailbox/category.md,0
docs/accessanalyzer/11.6/admin/datacollector/exchangemailbox/options.md,0
docs/accessanalyzer/11.6/admin/datacollector/exchangemailbox/overview.md,0
docs/accessanalyzer/11.6/admin/datacollector/exchangemailbox/properties.md,0
docs/accessanalyzer/11.6/admin/datacollector/exchangemailbox/scope.md,0
docs/accessanalyzer/11.6/admin/datacollector/exchangemailbox/sddcriteria.md,0
docs/accessanalyzer/11.6/admin/datacollector/exchangemailbox/summary.md,0
docs/accessanalyzer/11.6/admin/datacollector/exchangemetrics/category.md,0
docs/accessanalyzer/11.6/admin/datacollector/exchangemetrics/collectmode.md,0
docs/accessanalyzer/11.6/admin/datacollector/exchangemetrics/messageactivityfilter.md,0
docs/accessanalyzer/11.6/admin/datacollector/exchangemetrics/messagesizes.md,0
docs/accessanalyzer/11.6/admin/datacollector/exchangemetrics/options.md,0
docs/accessanalyzer/11.6/admin/datacollector/exchangemetrics/overview.md,0
docs/accessanalyzer/11.6/admin/datacollector/exchangemetrics/results.md,0
docs/accessanalyzer/11.6/admin/datacollector/exchangemetrics/scope.md,0
docs/accessanalyzer/11.6/admin/datacollector/exchangemetrics/summary.md,0
docs/accessanalyzer/11.6/admin/datacollector/exchangemetrics/timeframes.md,0
docs/accessanalyzer/11.6/admin/datacollector/exchangeps/category.md,0
docs/accessanalyzer/11.6/admin/datacollector/exchangeps/configurejob.md,0
docs/accessanalyzer/11.6/admin/datacollector/exchangeps/errorlogging.md,0
docs/accessanalyzer/11.6/admin/datacollector/exchangeps/filtermessage.md,0
docs/accessanalyzer/11.6/admin/datacollector/exchangeps/mailboxlogons.md,0
docs/accessanalyzer/11.6/admin/datacollector/exchangeps/mailflow.md,0
docs/accessanalyzer/11.6/admin/datacollector/exchangeps/options.md,0
docs/accessanalyzer/11.6/admin/datacollector/exchangeps/overview.md,0
docs/accessanalyzer/11.6/admin/datacollector/exchangeps/results.md,0
docs/accessanalyzer/11.6/admin/datacollector/exchangeps/scope.md,0
docs/accessanalyzer/11.6/admin/datacollector/exchangeps/scopedatabases.md,0
docs/accessanalyzer/11.6/admin/datacollector/exchangeps/scopemailboxes.md,0
docs/accessanalyzer/11.6/admin/datacollector/exchangeps/scopepublicfolders.md,0
docs/accessanalyzer/11.6/admin/datacollector/exchangeps/summary.md,0
docs/accessanalyzer/11.6/admin/datacollector/exchangepublicfolder/category.md,0
docs/accessanalyzer/11.6/admin/datacollector/exchangepublicfolder/options.md,0
docs/accessanalyzer/11.6/admin/datacollector/exchangepublicfolder/overview.md,0
docs/accessanalyzer/11.6/admin/datacollector/exchangepublicfolder/probableowner.md,0
docs/accessanalyzer/11.6/admin/datacollector/exchangepublicfolder/properties.md,0
docs/accessanalyzer/11.6/admin/datacollector/exchangepublicfolder/scope.md,0
docs/accessanalyzer/11.6/admin/datacollector/exchangepublicfolder/summary.md,0
docs/accessanalyzer/11.6/admin/datacollector/file/category.md,0
docs/accessanalyzer/11.6/admin/datacollector/file/overview.md,0
docs/accessanalyzer/11.6/admin/datacollector/file/results.md,0
docs/accessanalyzer/11.6/admin/datacollector/file/summary.md,0
docs/accessanalyzer/11.6/admin/datacollector/file/targetfiles.md,0
docs/accessanalyzer/11.6/admin/datacollector/fsaa/activitysettings.md,0
docs/accessanalyzer/11.6/admin/datacollector/fsaa/azuretenantmapping.md,0
docs/accessanalyzer/11.6/admin/datacollector/fsaa/bulkimport.md,0
docs/accessanalyzer/11.6/admin/datacollector/fsaa/certificatemanagement/certificatemanagement.md,0
docs/accessanalyzer/11.6/admin/datacollector/fsaa/certificatemanagement/manualcertificate.md,0
docs/accessanalyzer/11.6/admin/datacollector/fsaa/defaultscopingoptions/defaultscopingoptions.md,0
docs/accessanalyzer/11.6/admin/datacollector/fsaa/defaultscopingoptions/filedetails.md,0
docs/accessanalyzer/11.6/admin/datacollector/fsaa/defaultscopingoptions/fileproperties.md,0
docs/accessanalyzer/11.6/admin/datacollector/fsaa/defaultscopingoptions/scansettings.md,0
docs/accessanalyzer/11.6/admin/datacollector/fsaa/overview.md,0
docs/accessanalyzer/11.6/admin/datacollector/fsaa/queryselection.md,0
docs/accessanalyzer/11.6/admin/datacollector/fsaa/scanserverselection.md,0
docs/accessanalyzer/11.6/admin/datacollector/fsaa/scansettings.md,0
docs/accessanalyzer/11.6/admin/datacollector/fsaa/scopingoptions.md,0
docs/accessanalyzer/11.6/admin/datacollector/fsaa/scopingqueries.md,0
docs/accessanalyzer/11.6/admin/datacollector/fsaa/sddcriteria.md,0
docs/accessanalyzer/11.6/admin/datacollector/fsaa/sensitivedatasettings.md,0
docs/accessanalyzer/11.6/admin/datacollector/fsaa/standardtables.md,0
docs/accessanalyzer/11.6/admin/datacollector/fsaa/workflows.md,0
docs/accessanalyzer/11.6/admin/datacollector/grouppolicy/category.md,0
docs/accessanalyzer/11.6/admin/datacollector/grouppolicy/options.md,0
docs/accessanalyzer/11.6/admin/datacollector/grouppolicy/overview.md,0
docs/accessanalyzer/11.6/admin/datacollector/grouppolicy/policieslist.md,0
docs/accessanalyzer/11.6/admin/datacollector/grouppolicy/summary.md,0
docs/accessanalyzer/11.6/admin/datacollector/grouppolicy/target.md,0
docs/accessanalyzer/11.6/admin/datacollector/inifile/overview.md,0
docs/accessanalyzer/11.6/admin/datacollector/inifile/properties.md,0
docs/accessanalyzer/11.6/admin/datacollector/inifile/summary.md,0
docs/accessanalyzer/11.6/admin/datacollector/inifile/targetfiles.md,0
docs/accessanalyzer/11.6/admin/datacollector/ldap.md,0
docs/accessanalyzer/11.6/admin/datacollector/nis/category.md,0
docs/accessanalyzer/11.6/admin/datacollector/nis/configurejob.md,0
docs/accessanalyzer/11.6/admin/datacollector/nis/overview.md,0
docs/accessanalyzer/11.6/admin/datacollector/nis/query.md,0
docs/accessanalyzer/11.6/admin/datacollector/nis/results.md,0
docs/accessanalyzer/11.6/admin/datacollector/nis/settings.md,0
docs/accessanalyzer/11.6/admin/datacollector/nis/sidmappings.md,0
docs/accessanalyzer/11.6/admin/datacollector/nis/standardtables.md,0
docs/accessanalyzer/11.6/admin/datacollector/nis/summary.md,0
docs/accessanalyzer/11.6/admin/datacollector/nosql/category.md,0
docs/accessanalyzer/11.6/admin/datacollector/nosql/configurejob.md,0
docs/accessanalyzer/11.6/admin/datacollector/nosql/criteria.md,0
docs/accessanalyzer/11.6/admin/datacollector/nosql/filter.md,0
docs/accessanalyzer/11.6/admin/datacollector/nosql/options.md,0
docs/accessanalyzer/11.6/admin/datacollector/nosql/overview.md,0
docs/accessanalyzer/11.6/admin/datacollector/nosql/results.md,0
docs/accessanalyzer/11.6/admin/datacollector/nosql/summary.md,0
docs/accessanalyzer/11.6/admin/datacollector/overview.md,0
docs/accessanalyzer/11.6/admin/datacollector/passwordsecurity/category.md,0
docs/accessanalyzer/11.6/admin/datacollector/passwordsecurity/dictionaries.md,0
docs/accessanalyzer/11.6/admin/datacollector/passwordsecurity/options.md,0
docs/accessanalyzer/11.6/admin/datacollector/passwordsecurity/overview.md,0
docs/accessanalyzer/11.6/admin/datacollector/passwordsecurity/results.md,0
docs/accessanalyzer/11.6/admin/datacollector/passwordsecurity/summary.md,0
docs/accessanalyzer/11.6/admin/datacollector/permissionmatrix.md,0
docs/accessanalyzer/11.6/admin/datacollector/powershell/editquery.md,0
docs/accessanalyzer/11.6/admin/datacollector/powershell/options.md,0
docs/accessanalyzer/11.6/admin/datacollector/powershell/overview.md,0
docs/accessanalyzer/11.6/admin/datacollector/powershell/results.md,0
docs/accessanalyzer/11.6/admin/datacollector/powershell/sampleserver.md,0
docs/accessanalyzer/11.6/admin/datacollector/powershell/summary.md,0
docs/accessanalyzer/11.6/admin/datacollector/registry.md,0
docs/accessanalyzer/11.6/admin/datacollector/script/add.md,0
docs/accessanalyzer/11.6/admin/datacollector/script/editor.md,0
docs/accessanalyzer/11.6/admin/datacollector/script/example1.md,0
docs/accessanalyzer/11.6/admin/datacollector/script/example2.md,0
docs/accessanalyzer/11.6/admin/datacollector/script/methodsproperties.md,0
docs/accessanalyzer/11.6/admin/datacollector/script/overview.md,0
docs/accessanalyzer/11.6/admin/datacollector/script/properties.md,0
docs/accessanalyzer/11.6/admin/datacollector/script/reference.md,0
docs/accessanalyzer/11.6/admin/datacollector/script/run.md,0
docs/accessanalyzer/11.6/admin/datacollector/services.md,0
docs/accessanalyzer/11.6/admin/datacollector/smartlog/collectionmethod.md,0
docs/accessanalyzer/11.6/admin/datacollector/smartlog/criteria.md,0
docs/accessanalyzer/11.6/admin/datacollector/smartlog/eventlogoptions.md,0
docs/accessanalyzer/11.6/admin/datacollector/smartlog/logstate.md,0
docs/accessanalyzer/11.6/admin/datacollector/smartlog/logtype.md,0
docs/accessanalyzer/11.6/admin/datacollector/smartlog/overview.md,0
docs/accessanalyzer/11.6/admin/datacollector/smartlog/results.md,0
docs/accessanalyzer/11.6/admin/datacollector/smartlog/samplehost.md,0
docs/accessanalyzer/11.6/admin/datacollector/smartlog/summary.md,0
docs/accessanalyzer/11.6/admin/datacollector/smartlog/targetlog/filedetectionlog.md,0
docs/accessanalyzer/11.6/admin/datacollector/smartlog/targetlog/targetlog.md,0
docs/accessanalyzer/11.6/admin/datacollector/smartlog/targetlog/windowseventlog.md,0
docs/accessanalyzer/11.6/admin/datacollector/spaa/activitydatescope.md,0
docs/accessanalyzer/11.6/admin/datacollector/spaa/activityloglocations.md,0
docs/accessanalyzer/11.6/admin/datacollector/spaa/additionalscoping.md,0
docs/accessanalyzer/11.6/admin/datacollector/spaa/agentsettings.md,0
docs/accessanalyzer/11.6/admin/datacollector/spaa/bulkimportsettings.md,0
docs/accessanalyzer/11.6/admin/datacollector/spaa/category.md,0
docs/accessanalyzer/11.6/admin/datacollector/spaa/configurejob.md,0
docs/accessanalyzer/11.6/admin/datacollector/spaa/dlpauditsettings.md,0
docs/accessanalyzer/11.6/admin/datacollector/spaa/droptables.md,0
docs/accessanalyzer/11.6/admin/datacollector/spaa/overview.md,0
docs/accessanalyzer/11.6/admin/datacollector/spaa/results.md,0
docs/accessanalyzer/11.6/admin/datacollector/spaa/scanscopingoptions.md,0
docs/accessanalyzer/11.6/admin/datacollector/spaa/selectdlpcriteria.md,0
docs/accessanalyzer/11.6/admin/datacollector/spaa/settings.md,0
docs/accessanalyzer/11.6/admin/datacollector/spaa/standardtables.md,0
docs/accessanalyzer/11.6/admin/datacollector/spaa/summary.md,0
docs/accessanalyzer/11.6/admin/datacollector/spaa/testaccess.md,0
docs/accessanalyzer/11.6/admin/datacollector/sql/category.md,0
docs/accessanalyzer/11.6/admin/datacollector/sql/configurejob.md,0
docs/accessanalyzer/11.6/admin/datacollector/sql/criteria.md,0
docs/accessanalyzer/11.6/admin/datacollector/sql/customqueryoracle.md,0
docs/accessanalyzer/11.6/admin/datacollector/sql/customquerysql.md,0
docs/accessanalyzer/11.6/admin/datacollector/sql/filter.md,0
docs/accessanalyzer/11.6/admin/datacollector/sql/options.md,0
docs/accessanalyzer/11.6/admin/datacollector/sql/overview.md,0
docs/accessanalyzer/11.6/admin/datacollector/sql/results.md,0
docs/accessanalyzer/11.6/admin/datacollector/sql/rowkey.md,0
docs/accessanalyzer/11.6/admin/datacollector/sql/settings.md,0
docs/accessanalyzer/11.6/admin/datacollector/sql/summary.md,0
docs/accessanalyzer/11.6/admin/datacollector/systeminfo/category.md,0
docs/accessanalyzer/11.6/admin/datacollector/systeminfo/filetypes.md,0
docs/accessanalyzer/11.6/admin/datacollector/systeminfo/jobscope.md,0
docs/accessanalyzer/11.6/admin/datacollector/systeminfo/options.md,0
docs/accessanalyzer/11.6/admin/datacollector/systeminfo/overview.md,0
docs/accessanalyzer/11.6/admin/datacollector/systeminfo/probableowner.md,0
docs/accessanalyzer/11.6/admin/datacollector/systeminfo/results.md,0
docs/accessanalyzer/11.6/admin/datacollector/systeminfo/shareslist.md,0
docs/accessanalyzer/11.6/admin/datacollector/systeminfo/summary.md,0
docs/accessanalyzer/11.6/admin/datacollector/systeminfo/vipmembership.md,0
docs/accessanalyzer/11.6/admin/datacollector/textsearch/advancedcriteria.md,0
docs/accessanalyzer/11.6/admin/datacollector/textsearch/overview.md,0
docs/accessanalyzer/11.6/admin/datacollector/textsearch/results.md,0
docs/accessanalyzer/11.6/admin/datacollector/textsearch/searchcriteria.md,0
docs/accessanalyzer/11.6/admin/datacollector/textsearch/sourcefiles.md,0
docs/accessanalyzer/11.6/admin/datacollector/textsearch/summary.md,0
docs/accessanalyzer/11.6/admin/datacollector/unix/editscript.md,0
docs/accessanalyzer/11.6/admin/datacollector/unix/input.md,0
docs/accessanalyzer/11.6/admin/datacollector/unix/overview.md,0
docs/accessanalyzer/11.6/admin/datacollector/unix/parsing.md,0
docs/accessanalyzer/11.6/admin/datacollector/unix/results.md,0
docs/accessanalyzer/11.6/admin/datacollector/unix/settings.md,0
docs/accessanalyzer/11.6/admin/datacollector/usersgroups/overview.md,0
docs/accessanalyzer/11.6/admin/datacollector/usersgroups/results/groups.md,0
docs/accessanalyzer/11.6/admin/datacollector/usersgroups/results/results.md,0
docs/accessanalyzer/11.6/admin/datacollector/usersgroups/results/security.md,0
docs/accessanalyzer/11.6/admin/datacollector/usersgroups/results/users.md,0
docs/accessanalyzer/11.6/admin/datacollector/usersgroups/summary.md,0
docs/accessanalyzer/11.6/admin/datacollector/wmicollector/classes.md,0
docs/accessanalyzer/11.6/admin/datacollector/wmicollector/overview.md,0
docs/accessanalyzer/11.6/admin/datacollector/wmicollector/properties.md,0
docs/accessanalyzer/11.6/admin/datacollector/wmicollector/samplehost.md,0
docs/accessanalyzer/11.6/admin/datacollector/wmicollector/summary.md,0
docs/accessanalyzer/11.6/admin/hostdiscovery/activities.md,0
docs/accessanalyzer/11.6/admin/hostdiscovery/log.md,0
docs/accessanalyzer/11.6/admin/hostdiscovery/overview.md,0
docs/accessanalyzer/11.6/admin/hostdiscovery/queries.md,0
docs/accessanalyzer/11.6/admin/hostdiscovery/wizard/addomaincontrollers.md,0
docs/accessanalyzer/11.6/admin/hostdiscovery/wizard/adexchange.md,0
docs/accessanalyzer/11.6/admin/hostdiscovery/wizard/adgeneral.md,0
docs/accessanalyzer/11.6/admin/hostdiscovery/wizard/csv.md,0
docs/accessanalyzer/11.6/admin/hostdiscovery/wizard/database.md,0
docs/accessanalyzer/11.6/admin/hostdiscovery/wizard/ipnetwork.md,0
docs/accessanalyzer/11.6/admin/hostdiscovery/wizard/overview.md,0
docs/accessanalyzer/11.6/admin/hostmanagement/actions/add.md,0
docs/accessanalyzer/11.6/admin/hostmanagement/actions/deletehost.md,0
docs/accessanalyzer/11.6/admin/hostmanagement/actions/deletelist.md,0
docs/accessanalyzer/11.6/admin/hostmanagement/actions/editlist.md,0
docs/accessanalyzer/11.6/admin/hostmanagement/actions/editquery.md,0
docs/accessanalyzer/11.6/admin/hostmanagement/actions/export.md,0
docs/accessanalyzer/11.6/admin/hostmanagement/actions/importhost.md,0
docs/accessanalyzer/11.6/admin/hostmanagement/actions/importlocation.md,0
docs/accessanalyzer/11.6/admin/hostmanagement/actions/overview.md,0
docs/accessanalyzer/11.6/admin/hostmanagement/actions/refresh.md,0
docs/accessanalyzer/11.6/admin/hostmanagement/actions/rename.md,0
docs/accessanalyzer/11.6/admin/hostmanagement/actions/savetolist.md,0
docs/accessanalyzer/11.6/admin/hostmanagement/actions/saveview.md,0
docs/accessanalyzer/11.6/admin/hostmanagement/actions/schedule.md,0
docs/accessanalyzer/11.6/admin/hostmanagement/actions/suspend.md,0
docs/accessanalyzer/11.6/admin/hostmanagement/actions/viewhost.md,0
docs/accessanalyzer/11.6/admin/hostmanagement/actions/viewquery.md,0
docs/accessanalyzer/11.6/admin/hostmanagement/datagrid.md,0
docs/accessanalyzer/11.6/admin/hostmanagement/lists.md,0
docs/accessanalyzer/11.6/admin/hostmanagement/overview.md,0
docs/accessanalyzer/11.6/admin/jobs/features.md,0
docs/accessanalyzer/11.6/admin/jobs/group/overview.md,0
docs/accessanalyzer/11.6/admin/jobs/group/settings/connection.md,0
docs/accessanalyzer/11.6/admin/jobs/group/settings/history.md,0
docs/accessanalyzer/11.6/admin/jobs/group/settings/hostlistsassignment.md,0
docs/accessanalyzer/11.6/admin/jobs/group/settings/reporting.md,0
docs/accessanalyzer/11.6/admin/jobs/group/settings/settings.md,0
docs/accessanalyzer/11.6/admin/jobs/group/settings/storage.md,0
docs/accessanalyzer/11.6/admin/jobs/instantiate.md,0
docs/accessanalyzer/11.6/admin/jobs/instantjobs/ad_passwordexpirationnotification.md,0
docs/accessanalyzer/11.6/admin/jobs/instantjobs/ex_registerazureappauth.md,0
docs/accessanalyzer/11.6/admin/jobs/instantjobs/fs_defend_sdd.md,0
docs/accessanalyzer/11.6/admin/jobs/instantjobs/fs_migrateschema.md,0
docs/accessanalyzer/11.6/admin/jobs/instantjobs/fs_sdd_delete.md,0
docs/accessanalyzer/11.6/admin/jobs/instantjobs/overview.md,0
docs/accessanalyzer/11.6/admin/jobs/instantjobs/sas_executionstatistics.md,0
docs/accessanalyzer/11.6/admin/jobs/instantjobs/sp_registerazureappauth.md,0
docs/accessanalyzer/11.6/admin/jobs/instantjobs/sp_removehost.md,0
docs/accessanalyzer/11.6/admin/jobs/job/configure/actions.md,0
docs/accessanalyzer/11.6/admin/jobs/job/configure/analysis/analysis.md,0
docs/accessanalyzer/11.6/admin/jobs/job/configure/analysis/analysiscustomizableparameters.md,0
docs/accessanalyzer/11.6/admin/jobs/job/configure/hosts.md,0
docs/accessanalyzer/11.6/admin/jobs/job/configure/overview.md,0
docs/accessanalyzer/11.6/admin/jobs/job/configure/queries.md,0
docs/accessanalyzer/11.6/admin/jobs/job/configure/reports.md,0
docs/accessanalyzer/11.6/admin/jobs/job/create.md,0
docs/accessanalyzer/11.6/admin/jobs/job/disableenable.md,0
docs/accessanalyzer/11.6/admin/jobs/job/overview.md,0
docs/accessanalyzer/11.6/admin/jobs/job/properties/autoretry.md,0
docs/accessanalyzer/11.6/admin/jobs/job/properties/connection.md,0
docs/accessanalyzer/11.6/admin/jobs/job/properties/general.md,0
docs/accessanalyzer/11.6/admin/jobs/job/properties/history.md,0
docs/accessanalyzer/11.6/admin/jobs/job/properties/notification.md,0
docs/accessanalyzer/11.6/admin/jobs/job/properties/overview.md,0
docs/accessanalyzer/11.6/admin/jobs/job/properties/performance.md,0
docs/accessanalyzer/11.6/admin/jobs/job/properties/reportroles.md,0
docs/accessanalyzer/11.6/admin/jobs/job/properties/reportsettings.md,0
docs/accessanalyzer/11.6/admin/jobs/job/properties/storage.md,0
docs/accessanalyzer/11.6/admin/jobs/job/properties/viewxml.md,0
docs/accessanalyzer/11.6/admin/jobs/job/results.md,0
docs/accessanalyzer/11.6/admin/jobs/job/status.md,0
docs/accessanalyzer/11.6/admin/jobs/overview.md,0
docs/accessanalyzer/11.6/admin/maintenance/antivirusexclusions.md,0
docs/accessanalyzer/11.6/admin/maintenance/backuprecovery.md,0
docs/accessanalyzer/11.6/admin/maintenance/bestpractices.md,0
docs/accessanalyzer/11.6/admin/maintenance/overview.md,0
docs/accessanalyzer/11.6/admin/maintenance/troubleshooting.md,0
docs/accessanalyzer/11.6/admin/maintenance/updatepasswords.md,0
docs/accessanalyzer/11.6/admin/navigate/activitiespane.md,0
docs/accessanalyzer/11.6/admin/navigate/datagrid.md,0
docs/accessanalyzer/11.6/admin/navigate/overview.md,0
docs/accessanalyzer/11.6/admin/navigate/pane.md,0
docs/accessanalyzer/11.6/admin/navigate/resultspane.md,0
docs/accessanalyzer/11.6/admin/navigate/top.md,0
docs/accessanalyzer/11.6/admin/overview.md,0
docs/accessanalyzer/11.6/admin/report/cleanup.md,0
docs/accessanalyzer/11.6/admin/report/create.md,0
docs/accessanalyzer/11.6/admin/report/edit.md,0
docs/accessanalyzer/11.6/admin/report/interactivegrids/copyingcells.md,0
docs/accessanalyzer/11.6/admin/report/interactivegrids/grouping.md,0
docs/accessanalyzer/11.6/admin/report/interactivegrids/overview.md,0
docs/accessanalyzer/11.6/admin/report/interactivegrids/paging.md,0
docs/accessanalyzer/11.6/admin/report/interactivegrids/searchfilter.md,0
docs/accessanalyzer/11.6/admin/report/overview.md,0
docs/accessanalyzer/11.6/admin/report/tags.md,0
docs/accessanalyzer/11.6/admin/report/view.md,0
docs/accessanalyzer/11.6/admin/report/wizard/authoring.md,0
docs/accessanalyzer/11.6/admin/report/wizard/email.md,0
docs/accessanalyzer/11.6/admin/report/wizard/layout.md,0
docs/accessanalyzer/11.6/admin/report/wizard/overview.md,0
docs/accessanalyzer/11.6/admin/report/wizard/publishsecurity.md,0
docs/accessanalyzer/11.6/admin/report/wizard/widgets.md,0
docs/accessanalyzer/11.6/admin/runninginstances/jobdetails.md,0
docs/accessanalyzer/11.6/admin/runninginstances/overview.md,0
docs/accessanalyzer/11.6/admin/schedule/overview.md,0
docs/accessanalyzer/11.6/admin/schedule/wizard.md,0
docs/accessanalyzer/11.6/admin/schema/fsaadc/coretables/overview.md,0
docs/accessanalyzer/11.6/admin/schema/fsaadc/enumeration/overview.md,0
docs/accessanalyzer/11.6/admin/schema/fsaadc/erd/overview.md,0
docs/accessanalyzer/11.6/admin/schema/fsaadc/fkreference/overview.md,0
docs/accessanalyzer/11.6/admin/schema/fsaadc/functions/overview.md,0
docs/accessanalyzer/11.6/admin/schema/fsaadc/indexreference/overview.md,0
docs/accessanalyzer/11.6/admin/schema/fsaadc/overview.md,0
docs/accessanalyzer/11.6/admin/schema/fsaadc/views/overview.md,0
docs/accessanalyzer/11.6/admin/schema/overview.md,0
docs/accessanalyzer/11.6/admin/schema/sqldc/coretables/overview.md,0
docs/accessanalyzer/11.6/admin/schema/sqldc/enumeration/overview.md,0
docs/accessanalyzer/11.6/admin/schema/sqldc/erd/overview.md,0
docs/accessanalyzer/11.6/admin/schema/sqldc/functions/overview.md,0
docs/accessanalyzer/11.6/admin/schema/sqldc/indexreference/overview.md,0
docs/accessanalyzer/11.6/admin/schema/sqldc/overview.md,0
docs/accessanalyzer/11.6/admin/schema/sqldc/reportingtables/overview.md,0
docs/accessanalyzer/11.6/admin/schema/sqldc/views/overview.md,0
docs/accessanalyzer/11.6/admin/settings/access/overview.md,0
docs/accessanalyzer/11.6/admin/settings/access/restapi/assignappaccess.md,0
docs/accessanalyzer/11.6/admin/settings/access/restapi/getdata.md,0
docs/accessanalyzer/11.6/admin/settings/access/restapi/obtaintoken.md,0
docs/accessanalyzer/11.6/admin/settings/access/restapi/overview.md,0
docs/accessanalyzer/11.6/admin/settings/access/restapi/powershellcommands.md,0
docs/accessanalyzer/11.6/admin/settings/access/restapi/refreshtoken.md,0
docs/accessanalyzer/11.6/admin/settings/access/rolebased/assignroles.md,0
docs/accessanalyzer/11.6/admin/settings/access/rolebased/configureroles.md,0
docs/accessanalyzer/11.6/admin/settings/access/rolebased/customroles.md,0
docs/accessanalyzer/11.6/admin/settings/access/rolebased/eventlog.md,0
docs/accessanalyzer/11.6/admin/settings/access/rolebased/faq.md,0
docs/accessanalyzer/11.6/admin/settings/access/rolebased/overview.md,0
docs/accessanalyzer/11.6/admin/settings/access/rolebased/roledefinitions.md,0
docs/accessanalyzer/11.6/admin/settings/access/rolebased/scheduleserviceaccount.md,0
docs/accessanalyzer/11.6/admin/settings/access/rolebased/securereports.md,0
docs/accessanalyzer/11.6/admin/settings/access/rolebased/workflow.md,0
docs/accessanalyzer/11.6/admin/settings/application/overview.md,0
docs/accessanalyzer/11.6/admin/settings/application/vault.md,0
docs/accessanalyzer/11.6/admin/settings/connection/create/activedirectory.md,0
docs/accessanalyzer/11.6/admin/settings/connection/create/aws.md,0
docs/accessanalyzer/11.6/admin/settings/connection/create/create.md,0
docs/accessanalyzer/11.6/admin/settings/connection/create/dropbox.md,0
docs/accessanalyzer/11.6/admin/settings/connection/create/entraid.md,0
docs/accessanalyzer/11.6/admin/settings/connection/create/exchangemodernauth.md,0
docs/accessanalyzer/11.6/admin/settings/connection/create/localwindows.md,0
docs/accessanalyzer/11.6/admin/settings/connection/create/oracle.md,0
docs/accessanalyzer/11.6/admin/settings/connection/create/sql.md,0
docs/accessanalyzer/11.6/admin/settings/connection/create/task.md,0
docs/accessanalyzer/11.6/admin/settings/connection/create/unix.md,0
docs/accessanalyzer/11.6/admin/settings/connection/create/webservices.md,0
docs/accessanalyzer/11.6/admin/settings/connection/cyberarkintegration.md,0
docs/accessanalyzer/11.6/admin/settings/connection/gmsa.md,0
docs/accessanalyzer/11.6/admin/settings/connection/overview.md,0
docs/accessanalyzer/11.6/admin/settings/exchange.md,0
docs/accessanalyzer/11.6/admin/settings/history.md,0
docs/accessanalyzer/11.6/admin/settings/hostdiscovery.md,0
docs/accessanalyzer/11.6/admin/settings/hostinventory.md,0
docs/accessanalyzer/11.6/admin/settings/notification.md,0
docs/accessanalyzer/11.6/admin/settings/overview.md,0
docs/accessanalyzer/11.6/admin/settings/reporting.md,0
docs/accessanalyzer/11.6/admin/settings/schedule.md,0
docs/accessanalyzer/11.6/admin/settings/sensitivedata/criteria.md,0
docs/accessanalyzer/11.6/admin/settings/sensitivedata/exclusions/add.md,0
docs/accessanalyzer/11.6/admin/settings/sensitivedata/exclusions/delete.md,0
docs/accessanalyzer/11.6/admin/settings/sensitivedata/exclusions/edit.md,0
docs/accessanalyzer/11.6/admin/settings/sensitivedata/exclusions/export.md,0
docs/accessanalyzer/11.6/admin/settings/sensitivedata/exclusions/import.md,0
docs/accessanalyzer/11.6/admin/settings/sensitivedata/exclusions/overview.md,0
docs/accessanalyzer/11.6/admin/settings/sensitivedata/overview.md,0
docs/accessanalyzer/11.6/admin/settings/servicenow.md,0
docs/accessanalyzer/11.6/admin/settings/storage/add.md,0
docs/accessanalyzer/11.6/admin/settings/storage/default.md,0
docs/accessanalyzer/11.6/admin/settings/storage/delete.md,0
docs/accessanalyzer/11.6/admin/settings/storage/overview.md,0
docs/accessanalyzer/11.6/admin/settings/storage/updateauth.md,0
docs/accessanalyzer/11.6/cdsa/job.md,0
docs/accessanalyzer/11.6/cdsa/overview.md,0
docs/accessanalyzer/11.6/cdsa/presentation.md,0
docs/accessanalyzer/11.6/gettingstarted.md,0
docs/accessanalyzer/11.6/index.md,0
docs/accessanalyzer/11.6/install/application/database/database.md,0
docs/accessanalyzer/11.6/install/application/database/otherlanguages.md,0
docs/accessanalyzer/11.6/install/application/firstlaunch.md,0
docs/accessanalyzer/11.6/install/application/overview.md,0
docs/accessanalyzer/11.6/install/application/reports/adfs.md,0
docs/accessanalyzer/11.6/install/application/reports/disclaimer.md,0
docs/accessanalyzer/11.6/install/application/reports/domains.md,0
docs/accessanalyzer/11.6/install/application/reports/entraidsso.md,0
docs/accessanalyzer/11.6/install/application/reports/kerberosencryption.md,0
docs/accessanalyzer/11.6/install/application/reports/okta.md,0
docs/accessanalyzer/11.6/install/application/reports/overview.md,0
docs/accessanalyzer/11.6/install/application/reports/secure.md,0
docs/accessanalyzer/11.6/install/application/reports/sso.md,0
docs/accessanalyzer/11.6/install/application/reports/timeout.md,0
docs/accessanalyzer/11.6/install/application/updatelicense.md,0
docs/accessanalyzer/11.6/install/application/upgrade/overview.md,0
docs/accessanalyzer/11.6/install/application/upgrade/solutionconsiderations.md,0
docs/accessanalyzer/11.6/install/application/upgrade/wizard.md,0
docs/accessanalyzer/11.6/install/application/wizard.md,0
docs/accessanalyzer/11.6/install/filesystemproxy/configuredatacollector.md,0
docs/accessanalyzer/11.6/install/filesystemproxy/overview.md,0
docs/accessanalyzer/11.6/install/filesystemproxy/silentinstall.md,0
docs/accessanalyzer/11.6/install/filesystemproxy/troubleshooting.md,0
docs/accessanalyzer/11.6/install/filesystemproxy/uninstall.md,0
docs/accessanalyzer/11.6/install/filesystemproxy/upgrade.md,0
docs/accessanalyzer/11.6/install/filesystemproxy/wizard.md,0
docs/accessanalyzer/11.6/install/overview.md,0
docs/accessanalyzer/11.6/install/sensitivedatadiscovery/overview.md,0
docs/accessanalyzer/11.6/install/sensitivedatadiscovery/upgrade.md,0
docs/accessanalyzer/11.6/install/sensitivedatadiscovery/wizard.md,0
docs/accessanalyzer/11.6/install/sharepointagent/overview.md,0
docs/accessanalyzer/11.6/install/sharepointagent/upgrade.md,0
docs/accessanalyzer/11.6/install/sharepointagent/wizard.md,0
docs/accessanalyzer/11.6/install/stealthauditmapicdoinstallation/appendix.md,0
docs/accessanalyzer/11.6/install/stealthauditmapicdoinstallation/stealthaudit_mapi_cdo_installation.md,0
docs/accessanalyzer/11.6/requirements/activedirectory/activedirectory.md,0
docs/accessanalyzer/11.6/requirements/activedirectory/activedirectory/access.md,0
docs/accessanalyzer/11.6/requirements/activedirectory/activedirectory/activity/activity.md,0
docs/accessanalyzer/11.6/requirements/activedirectory/activedirectory/activity/filearchive.md,0
docs/accessanalyzer/11.6/requirements/activedirectory/activedirectory/activity/threatprevention.md,0
docs/accessanalyzer/11.6/requirements/activedirectory/activedirectory/overview.md,0
docs/accessanalyzer/11.6/requirements/activedirectorypermissionsanalyzer/activedirectorypermissionsanalyzer.md,0
docs/accessanalyzer/11.6/requirements/activedirectorypermissionsanalyzer/target.md,0
docs/accessanalyzer/11.6/requirements/aws/aws.md,0
docs/accessanalyzer/11.6/requirements/aws/configurescans.md,0
docs/accessanalyzer/11.6/requirements/aws/target.md,0
docs/accessanalyzer/11.6/requirements/box/box.md,0
docs/accessanalyzer/11.6/requirements/box/target.md,0
docs/accessanalyzer/11.6/requirements/databases/databases.md,0
docs/accessanalyzer/11.6/requirements/databases/db2.md,0
docs/accessanalyzer/11.6/requirements/databases/mongodb.md,0
docs/accessanalyzer/11.6/requirements/databases/mysql.md,0
docs/accessanalyzer/11.6/requirements/databases/oracle/leastprivilege.md,0
docs/accessanalyzer/11.6/requirements/databases/oracle/oracle.md,0
docs/accessanalyzer/11.6/requirements/databases/postgresql.md,0
docs/accessanalyzer/11.6/requirements/databases/redshift.md,0
docs/accessanalyzer/11.6/requirements/databases/sql/azuresql.md,0
docs/accessanalyzer/11.6/requirements/databases/sql/azuresqlaccess.md,0
docs/accessanalyzer/11.6/requirements/databases/sql/sql.md,0
docs/accessanalyzer/11.6/requirements/dropbox/dropbox.md,0
docs/accessanalyzer/11.6/requirements/dropbox/target.md,0
docs/accessanalyzer/11.6/requirements/entraid/entraid.md,0
docs/accessanalyzer/11.6/requirements/entraid/entraid/access.md,0
docs/accessanalyzer/11.6/requirements/entraid/entraid/overview.md,0
docs/accessanalyzer/11.6/requirements/exchange/exchange.md,0
docs/accessanalyzer/11.6/requirements/exchange/exchangeonline/access.md,0
docs/accessanalyzer/11.6/requirements/exchange/exchangeonline/exchangeonline.md,0
docs/accessanalyzer/11.6/requirements/exchange/support/mailflow.md,0
docs/accessanalyzer/11.6/requirements/exchange/support/mapi.md,0
docs/accessanalyzer/11.6/requirements/exchange/support/powershell.md,0
docs/accessanalyzer/11.6/requirements/exchange/support/remoteconnections.md,0
docs/accessanalyzer/11.6/requirements/exchange/support/support.md,0
docs/accessanalyzer/11.6/requirements/exchange/support/webservicesapi.md,0
docs/accessanalyzer/11.6/requirements/exchange/target.md,0
docs/accessanalyzer/11.6/requirements/filesystem/filesystem.md,0
docs/accessanalyzer/11.6/requirements/filesystem/filesystems/azureinformationprotection.md,0
docs/accessanalyzer/11.6/requirements/filesystem/filesystems/dellcelerravnx/access.md,0
docs/accessanalyzer/11.6/requirements/filesystem/filesystems/dellcelerravnx/activity/activity.md,0
docs/accessanalyzer/11.6/requirements/filesystem/filesystems/dellcelerravnx/activity/installcee.md,0
docs/accessanalyzer/11.6/requirements/filesystem/filesystems/dellcelerravnx/activity/validate.md,0
docs/accessanalyzer/11.6/requirements/filesystem/filesystems/dellcelerravnx/overview.md,0
docs/accessanalyzer/11.6/requirements/filesystem/filesystems/dellpowerscale/activity/activity.md,0
docs/accessanalyzer/11.6/requirements/filesystem/filesystems/dellpowerscale/activity/installcee.md,0
docs/accessanalyzer/11.6/requirements/filesystem/filesystems/dellpowerscale/activity/manualconfiguration.md,0
docs/accessanalyzer/11.6/requirements/filesystem/filesystems/dellpowerscale/activity/validate.md,0
docs/accessanalyzer/11.6/requirements/filesystem/filesystems/dellpowerscale/overview.md,0
docs/accessanalyzer/11.6/requirements/filesystem/filesystems/dellunity/access.md,0
docs/accessanalyzer/11.6/requirements/filesystem/filesystems/dellunity/activity/activity.md,0
docs/accessanalyzer/11.6/requirements/filesystem/filesystems/dellunity/activity/installcee.md,0
docs/accessanalyzer/11.6/requirements/filesystem/filesystems/dellunity/activity/setupunisphere.md,0
docs/accessanalyzer/11.6/requirements/filesystem/filesystems/dellunity/activity/validate.md,0
docs/accessanalyzer/11.6/requirements/filesystem/filesystems/dellunity/overview.md,0
docs/accessanalyzer/11.6/requirements/filesystem/filesystems/filesystems.md,0
docs/accessanalyzer/11.6/requirements/filesystem/filesystems/hitachi/activity/activity.md,0
docs/accessanalyzer/11.6/requirements/filesystem/filesystems/hitachi/activity/configureaccesstologs.md,0
docs/accessanalyzer/11.6/requirements/filesystem/filesystems/hitachi/activity/configurelogs.md,0
docs/accessanalyzer/11.6/requirements/filesystem/filesystems/hitachi/overview.md,0
docs/accessanalyzer/11.6/requirements/filesystem/filesystems/nasuni/access.md,0
docs/accessanalyzer/11.6/requirements/filesystem/filesystems/nasuni/activity.md,0
docs/accessanalyzer/11.6/requirements/filesystem/filesystems/nasuni/overview.md,0
docs/accessanalyzer/11.6/requirements/filesystem/filesystems/netapp7mode/access/access.md,0
docs/accessanalyzer/11.6/requirements/filesystem/filesystems/netapp7mode/access/provisionaccess.md,0
docs/accessanalyzer/11.6/requirements/filesystem/filesystems/netapp7mode/activity/activity.md,0
docs/accessanalyzer/11.6/requirements/filesystem/filesystems/netapp7mode/activity/configurefpolicy.md,0
docs/accessanalyzer/11.6/requirements/filesystem/filesystems/netapp7mode/activity/customizefpolicy.md,0
docs/accessanalyzer/11.6/requirements/filesystem/filesystems/netapp7mode/activity/enablehttp.md,0
docs/accessanalyzer/11.6/requirements/filesystem/filesystems/netapp7mode/activity/provisionactivity.md,0
docs/accessanalyzer/11.6/requirements/filesystem/filesystems/netapp7mode/overview.md,0
docs/accessanalyzer/11.6/requirements/filesystem/filesystems/netappcmode/access/access.md,0
docs/accessanalyzer/11.6/requirements/filesystem/filesystems/netappcmode/access/configureemptyfpolicy.md,0
docs/accessanalyzer/11.6/requirements/filesystem/filesystems/netappcmode/activity/activity.md,0
docs/accessanalyzer/11.6/requirements/filesystem/filesystems/netappcmode/activity/configurefirewall.md,0
docs/accessanalyzer/11.6/requirements/filesystem/filesystems/netappcmode/activity/configurefpolicy.md,0
docs/accessanalyzer/11.6/requirements/filesystem/filesystems/netappcmode/activity/provisionactivity.md,0
docs/accessanalyzer/11.6/requirements/filesystem/filesystems/netappcmode/overview.md,0
docs/accessanalyzer/11.6/requirements/filesystem/filesystems/nutanix/access.md,0
docs/accessanalyzer/11.6/requirements/filesystem/filesystems/nutanix/activity.md,0
docs/accessanalyzer/11.6/requirements/filesystem/filesystems/nutanix/overview.md,0
docs/accessanalyzer/11.6/requirements/filesystem/filesystems/qumulo/activity.md,0
docs/accessanalyzer/11.6/requirements/filesystem/filesystems/qumulo/overview.md,0
docs/accessanalyzer/11.6/requirements/filesystem/filesystems/windowsfile/access.md,0
docs/accessanalyzer/11.6/requirements/filesystem/filesystems/windowsfile/activity.md,0
docs/accessanalyzer/11.6/requirements/filesystem/filesystems/windowsfile/overview.md,0
docs/accessanalyzer/11.6/requirements/filesystem/scanoptions/appletmodescans/appletmodepermissions.md,0
docs/accessanalyzer/11.6/requirements/filesystem/scanoptions/appletmodescans/appletmodeports.md,0
docs/accessanalyzer/11.6/requirements/filesystem/scanoptions/localmodescans/localmodepermissions.md,0
docs/accessanalyzer/11.6/requirements/filesystem/scanoptions/localmodescans/localmodeports.md,0
docs/accessanalyzer/11.6/requirements/filesystem/scanoptions/proxymodescans/asaservice/proxymodeservicepermissions.md,0
docs/accessanalyzer/11.6/requirements/filesystem/scanoptions/proxymodescans/asaservice/proxymodeserviceports.md,0
docs/accessanalyzer/11.6/requirements/filesystem/scanoptions/proxymodescans/proxymodeserver.md,0
docs/accessanalyzer/11.6/requirements/filesystem/scanoptions/proxymodescans/withapplet/proxymodeappletpermissions.md,0
docs/accessanalyzer/11.6/requirements/filesystem/scanoptions/proxymodescans/withapplet/proxymodeappletports.md,0
docs/accessanalyzer/11.6/requirements/filesystem/scanoptions/scanoptions.md,0
docs/accessanalyzer/11.6/requirements/overview.md,0
docs/accessanalyzer/11.6/requirements/sharepoint/scanoptions/agentbasedscans/agentpermissions.md,0
docs/accessanalyzer/11.6/requirements/sharepoint/scanoptions/agentbasedscans/agentports.md,0
docs/accessanalyzer/11.6/requirements/sharepoint/scanoptions/agentlessscans/agentlesspermissions.md,0
docs/accessanalyzer/11.6/requirements/sharepoint/scanoptions/agentlessscans/agentlessports.md,0
docs/accessanalyzer/11.6/requirements/sharepoint/scanoptions/agentlessscans/onlinepermissions.md,0
docs/accessanalyzer/11.6/requirements/sharepoint/scanoptions/agentlessscans/onlineports.md,0
docs/accessanalyzer/11.6/requirements/sharepoint/scanoptions/scanoptions.md,0
docs/accessanalyzer/11.6/requirements/sharepoint/sharepoint.md,0
docs/accessanalyzer/11.6/requirements/sharepoint/sharepoint/sharepoint.md,0
docs/accessanalyzer/11.6/requirements/sharepoint/sharepoint/sharepoint/access.md,0
docs/accessanalyzer/11.6/requirements/sharepoint/sharepoint/sharepoint/activity.md,0
docs/accessanalyzer/11.6/requirements/sharepoint/sharepoint/sharepoint/overview.md,0
docs/accessanalyzer/11.6/requirements/sharepoint/sharepoint/sharepointonline/access.md,0
docs/accessanalyzer/11.6/requirements/sharepoint/sharepoint/sharepointonline/activity.md,0
docs/accessanalyzer/11.6/requirements/sharepoint/sharepoint/sharepointonline/overview.md,0
docs/accessanalyzer/11.6/requirements/unix/target.md,0
docs/accessanalyzer/11.6/requirements/unix/unix.md,0
docs/accessanalyzer/11.6/requirements/windows/target.md,0
docs/accessanalyzer/11.6/requirements/windows/windows.md,0
docs/accessanalyzer/11.6/sensitivedatadiscovery/criteriaeditor/configuration.md,0
docs/accessanalyzer/11.6/sensitivedatadiscovery/criteriaeditor/keyword.md,0
docs/accessanalyzer/11.6/sensitivedatadiscovery/criteriaeditor/overview.md,0
docs/accessanalyzer/11.6/sensitivedatadiscovery/criteriaeditor/regularexpression.md,0
docs/accessanalyzer/11.6/sensitivedatadiscovery/criteriaeditor/summary.md,0
docs/accessanalyzer/11.6/sensitivedatadiscovery/exemptedfileextensions.md,0
docs/accessanalyzer/11.6/sensitivedatadiscovery/metadatatags.md,0
docs/accessanalyzer/11.6/sensitivedatadiscovery/overview.md,0
docs/accessanalyzer/11.6/sensitivedatadiscovery/supportedformats.md,0
docs/accessanalyzer/11.6/sensitivedatadiscovery/systemcriteria.md,0
docs/accessanalyzer/11.6/solutions/activedirectory/activity/ad_activitycollection.md,0
docs/accessanalyzer/11.6/solutions/activedirectory/activity/ad_ldapqueries.md,0
docs/accessanalyzer/11.6/solutions/activedirectory/activity/ad_lockouts.md,0
docs/accessanalyzer/11.6/solutions/activedirectory/activity/changes/ad_computermodifications.md,0
docs/accessanalyzer/11.6/solutions/activedirectory/activity/changes/ad_groupmodifications.md,0
docs/accessanalyzer/11.6/solutions/activedirectory/activity/changes/ad_usermodifications.md,0
docs/accessanalyzer/11.6/solutions/activedirectory/activity/changes/overview.md,0
docs/accessanalyzer/11.6/solutions/activedirectory/activity/groupusage/ad_accesschanges.md,0
docs/accessanalyzer/11.6/solutions/activedirectory/activity/groupusage/ad_grouphosts.md,0
docs/accessanalyzer/11.6/solutions/activedirectory/activity/groupusage/ad_groupmemberactivity.md,0
docs/accessanalyzer/11.6/solutions/activedirectory/activity/groupusage/overview.md,0
docs/accessanalyzer/11.6/solutions/activedirectory/activity/operations/ad_authenticationprotocol.md,0
docs/accessanalyzer/11.6/solutions/activedirectory/activity/operations/ad_domaincontrollertraffic.md,0
docs/accessanalyzer/11.6/solutions/activedirectory/activity/operations/ad_hardcodeddcs.md,0
docs/accessanalyzer/11.6/solutions/activedirectory/activity/operations/ad_loadbalancing.md,0
docs/accessanalyzer/11.6/solutions/activedirectory/activity/operations/ad_machineowners.md,0
docs/accessanalyzer/11.6/solutions/activedirectory/activity/operations/overview.md,0
docs/accessanalyzer/11.6/solutions/activedirectory/activity/overview.md,0
docs/accessanalyzer/11.6/solutions/activedirectory/activity/privilegedaccounts/ad_adminaccounts.md,0
docs/accessanalyzer/11.6/solutions/activedirectory/activity/privilegedaccounts/ad_serviceaccountauth.md,0
docs/accessanalyzer/11.6/solutions/activedirectory/activity/privilegedaccounts/overview.md,0
docs/accessanalyzer/11.6/solutions/activedirectory/activity/recommended.md,0
docs/accessanalyzer/11.6/solutions/activedirectory/ad_securityassessment.md,0
docs/accessanalyzer/11.6/solutions/activedirectory/cleanup/ad_cleanupprogress.md,0
docs/accessanalyzer/11.6/solutions/activedirectory/cleanup/computers/ad_deprovisioncomputers_status.md,0
docs/accessanalyzer/11.6/solutions/activedirectory/cleanup/computers/ad_deprovisioncomputers.md,0
docs/accessanalyzer/11.6/solutions/activedirectory/cleanup/computers/overview.md,0
docs/accessanalyzer/11.6/solutions/activedirectory/cleanup/configuretargetou.md,0
docs/accessanalyzer/11.6/solutions/activedirectory/cleanup/groups/deprovision/ad_deprovisiongroups_status.md,0
docs/accessanalyzer/11.6/solutions/activedirectory/cleanup/groups/deprovision/ad_deprovisiongroups.md,0
docs/accessanalyzer/11.6/solutions/activedirectory/cleanup/groups/deprovision/overview.md,0
docs/accessanalyzer/11.6/solutions/activedirectory/cleanup/groups/overview.md,0
docs/accessanalyzer/11.6/solutions/activedirectory/cleanup/groups/stamping/ad_groupcleanup_permissions.md,0
docs/accessanalyzer/11.6/solutions/activedirectory/cleanup/groups/stamping/ad_groupstamping.md,0
docs/accessanalyzer/11.6/solutions/activedirectory/cleanup/groups/stamping/overview.md,0
docs/accessanalyzer/11.6/solutions/activedirectory/cleanup/overview.md,0
docs/accessanalyzer/11.6/solutions/activedirectory/cleanup/recommended.md,0
docs/accessanalyzer/11.6/solutions/activedirectory/cleanup/users/ad_deprovisionusers_status.md,0
docs/accessanalyzer/11.6/solutions/activedirectory/cleanup/users/ad_deprovisionusers.md,0
docs/accessanalyzer/11.6/solutions/activedirectory/cleanup/users/overview.md,0
docs/accessanalyzer/11.6/solutions/activedirectory/computers/ad_computerdelegation.md,0
docs/accessanalyzer/11.6/solutions/activedirectory/computers/ad_stalecomputers.md,0
docs/accessanalyzer/11.6/solutions/activedirectory/computers/overview.md,0
docs/accessanalyzer/11.6/solutions/activedirectory/computers/recommended.md,0
docs/accessanalyzer/11.6/solutions/activedirectory/domains/ad_dcsummary.md,0
docs/accessanalyzer/11.6/solutions/activedirectory/domains/ad_domaininfo.md,0
docs/accessanalyzer/11.6/solutions/activedirectory/domains/ad_dsrmsettings.md,0
docs/accessanalyzer/11.6/solutions/activedirectory/domains/collection/ad_domaincontrollers.md,0
docs/accessanalyzer/11.6/solutions/activedirectory/domains/collection/ad_dsrm.md,0
docs/accessanalyzer/11.6/solutions/activedirectory/domains/collection/ad_timesync.md,0
docs/accessanalyzer/11.6/solutions/activedirectory/domains/collection/overview.md,0
docs/accessanalyzer/11.6/solutions/activedirectory/domains/overview.md,0
docs/accessanalyzer/11.6/solutions/activedirectory/domains/recommended.md,0
docs/accessanalyzer/11.6/solutions/activedirectory/grouppolicy/ad_cpassword.md,0
docs/accessanalyzer/11.6/solutions/activedirectory/grouppolicy/ad_grouppolicy.md,0
docs/accessanalyzer/11.6/solutions/activedirectory/grouppolicy/ad_overlappinggpos.md,0
docs/accessanalyzer/11.6/solutions/activedirectory/grouppolicy/ad_passwordpolicies.md,0
docs/accessanalyzer/11.6/solutions/activedirectory/grouppolicy/overview.md,0
docs/accessanalyzer/11.6/solutions/activedirectory/grouppolicy/recommended.md,0
docs/accessanalyzer/11.6/solutions/activedirectory/groups/ad_circularnesting.md,0
docs/accessanalyzer/11.6/solutions/activedirectory/groups/ad_dclogongroups.md,0
docs/accessanalyzer/11.6/solutions/activedirectory/groups/ad_duplicategroups.md,0
docs/accessanalyzer/11.6/solutions/activedirectory/groups/ad_emptygroups.md,0
docs/accessanalyzer/11.6/solutions/activedirectory/groups/ad_groupprobableowners.md,0
docs/accessanalyzer/11.6/solutions/activedirectory/groups/ad_largestgroups.md,0
docs/accessanalyzer/11.6/solutions/activedirectory/groups/ad_mailsecuritygroups.md,0
docs/accessanalyzer/11.6/solutions/activedirectory/groups/ad_nestedgroups.md,0
docs/accessanalyzer/11.6/solutions/activedirectory/groups/ad_sensitivesecuritygroups.md,0
docs/accessanalyzer/11.6/solutions/activedirectory/groups/ad_stalegroups.md,0
docs/accessanalyzer/11.6/solutions/activedirectory/groups/overview.md,0
docs/accessanalyzer/11.6/solutions/activedirectory/groups/recommended.md,0
docs/accessanalyzer/11.6/solutions/activedirectory/overview.md,0
docs/accessanalyzer/11.6/solutions/activedirectory/users/ad_directmembership.md,0
docs/accessanalyzer/11.6/solutions/activedirectory/users/ad_duplicateusers.md,0
docs/accessanalyzer/11.6/solutions/activedirectory/users/ad_orphanedusers.md,0
docs/accessanalyzer/11.6/solutions/activedirectory/users/ad_passwordstatus.md,0
docs/accessanalyzer/11.6/solutions/activedirectory/users/ad_serviceaccounts.md,0
docs/accessanalyzer/11.6/solutions/activedirectory/users/ad_sidhistory.md,0
docs/accessanalyzer/11.6/solutions/activedirectory/users/ad_staleusers.md,0
docs/accessanalyzer/11.6/solutions/activedirectory/users/ad_userattributecompletion.md,0
docs/accessanalyzer/11.6/solutions/activedirectory/users/ad_userdelegation.md,0
docs/accessanalyzer/11.6/solutions/activedirectory/users/ad_usertoken.md,0
docs/accessanalyzer/11.6/solutions/activedirectory/users/ad_weakpasswords.md,0
docs/accessanalyzer/11.6/solutions/activedirectory/users/overview.md,0
docs/accessanalyzer/11.6/solutions/activedirectory/users/recommended.md,0
docs/accessanalyzer/11.6/solutions/activedirectoryinventory/1-ad_scan.md,0
docs/accessanalyzer/11.6/solutions/activedirectoryinventory/2-ad_changes.md,0
docs/accessanalyzer/11.6/solutions/activedirectoryinventory/3-ad_exceptions.md,0
docs/accessanalyzer/11.6/solutions/activedirectoryinventory/overview.md,0
docs/accessanalyzer/11.6/solutions/activedirectoryinventory/recommended.md,0
docs/accessanalyzer/11.6/solutions/activedirectorypermissionsanalyzer/ad_brokeninheritance.md,0
docs/accessanalyzer/11.6/solutions/activedirectorypermissionsanalyzer/ad_openaccess.md,0
docs/accessanalyzer/11.6/solutions/activedirectorypermissionsanalyzer/ad_oupermissions.md,0
docs/accessanalyzer/11.6/solutions/activedirectorypermissionsanalyzer/ad_shadowaccess.md,0
docs/accessanalyzer/11.6/solutions/activedirectorypermissionsanalyzer/collection/ad_computerrights.md,0
docs/accessanalyzer/11.6/solutions/activedirectorypermissionsanalyzer/collection/ad_containerrights.md,0
docs/accessanalyzer/11.6/solutions/activedirectorypermissionsanalyzer/collection/ad_domainrights.md,0
docs/accessanalyzer/11.6/solutions/activedirectorypermissionsanalyzer/collection/ad_grouprights.md,0
docs/accessanalyzer/11.6/solutions/activedirectorypermissionsanalyzer/collection/ad_ourights.md,0
docs/accessanalyzer/11.6/solutions/activedirectorypermissionsanalyzer/collection/ad_siterights.md,0
docs/accessanalyzer/11.6/solutions/activedirectorypermissionsanalyzer/collection/ad_userrights.md,0
docs/accessanalyzer/11.6/solutions/activedirectorypermissionsanalyzer/collection/overview.md,0
docs/accessanalyzer/11.6/solutions/activedirectorypermissionsanalyzer/computers/ad_computerpermissions.md,0
docs/accessanalyzer/11.6/solutions/activedirectorypermissionsanalyzer/computers/ad_lapspermissions.md,0
docs/accessanalyzer/11.6/solutions/activedirectorypermissionsanalyzer/computers/overview.md,0
docs/accessanalyzer/11.6/solutions/activedirectorypermissionsanalyzer/containers/ad_adminsdholder.md,0
docs/accessanalyzer/11.6/solutions/activedirectorypermissionsanalyzer/containers/ad_containerpermissions.md,0
docs/accessanalyzer/11.6/solutions/activedirectorypermissionsanalyzer/containers/overview.md,0
docs/accessanalyzer/11.6/solutions/activedirectorypermissionsanalyzer/domains/ad_domainpermissions.md,0
docs/accessanalyzer/11.6/solutions/activedirectorypermissionsanalyzer/domains/ad_domainreplication.md,0
docs/accessanalyzer/11.6/solutions/activedirectorypermissionsanalyzer/domains/overview.md,0
docs/accessanalyzer/11.6/solutions/activedirectorypermissionsanalyzer/groups/ad_groupmembershippermissions.md,0
docs/accessanalyzer/11.6/solutions/activedirectorypermissionsanalyzer/groups/ad_grouppermissions.md,0
docs/accessanalyzer/11.6/solutions/activedirectorypermissionsanalyzer/groups/overview.md,0
docs/accessanalyzer/11.6/solutions/activedirectorypermissionsanalyzer/overview.md,0
docs/accessanalyzer/11.6/solutions/activedirectorypermissionsanalyzer/recommended.md,0
docs/accessanalyzer/11.6/solutions/activedirectorypermissionsanalyzer/sites/ad_dcshadowpermissions.md,0
docs/accessanalyzer/11.6/solutions/activedirectorypermissionsanalyzer/sites/ad_sitepermissions.md,0
docs/accessanalyzer/11.6/solutions/activedirectorypermissionsanalyzer/sites/overview.md,0
docs/accessanalyzer/11.6/solutions/activedirectorypermissionsanalyzer/users/ad_resetpasswordpermissions.md,0
docs/accessanalyzer/11.6/solutions/activedirectorypermissionsanalyzer/users/ad_userpermissions.md,0
docs/accessanalyzer/11.6/solutions/activedirectorypermissionsanalyzer/users/overview.md,0
docs/accessanalyzer/11.6/solutions/anyid/anyid_csv.md,0
docs/accessanalyzer/11.6/solutions/anyid/anyid_epicclarity.md,0
docs/accessanalyzer/11.6/solutions/anyid/anyid_paycom.md,0
docs/accessanalyzer/11.6/solutions/anyid/anyid_salesforce.md,0
docs/accessanalyzer/11.6/solutions/anyid/overview.md,0
docs/accessanalyzer/11.6/solutions/aws/collection/1.aws_orgscan.md,0
docs/accessanalyzer/11.6/solutions/aws/collection/2.aws_s3scan.md,0
docs/accessanalyzer/11.6/solutions/aws/collection/3.aws_iamscan.md,0
docs/accessanalyzer/11.6/solutions/aws/collection/4.aws_s3sddscan.md,0
docs/accessanalyzer/11.6/solutions/aws/collection/overview.md,0
docs/accessanalyzer/11.6/solutions/aws/groups/aws_groupmembers.md,0
docs/accessanalyzer/11.6/solutions/aws/groups/aws_nopolicygroups.md,0
docs/accessanalyzer/11.6/solutions/aws/groups/aws_stalegroups.md,0
docs/accessanalyzer/11.6/solutions/aws/groups/overview.md,0
docs/accessanalyzer/11.6/solutions/aws/organizations/aws_accounts.md,0
docs/accessanalyzer/11.6/solutions/aws/organizations/aws_memberaccountusers.md,0
docs/accessanalyzer/11.6/solutions/aws/organizations/overview.md,0
docs/accessanalyzer/11.6/solutions/aws/overview.md,0
docs/accessanalyzer/11.6/solutions/aws/policies/aws_custommanagedpolicies.md,0
docs/accessanalyzer/11.6/solutions/aws/policies/aws_inlinepolicies.md,0
docs/accessanalyzer/11.6/solutions/aws/policies/aws_managedpolicies.md,0
docs/accessanalyzer/11.6/solutions/aws/policies/aws_sensitivepolicies.md,0
docs/accessanalyzer/11.6/solutions/aws/policies/aws_unusedmanagedpolicies.md,0
docs/accessanalyzer/11.6/solutions/aws/policies/aws_userpolicies.md,0
docs/accessanalyzer/11.6/solutions/aws/policies/overview.md,0
docs/accessanalyzer/11.6/solutions/aws/recommended.md,0
docs/accessanalyzer/11.6/solutions/aws/roles/aws_roles.md,0
docs/accessanalyzer/11.6/solutions/aws/roles/aws_staleroles.md,0
docs/accessanalyzer/11.6/solutions/aws/roles/overview.md,0
docs/accessanalyzer/11.6/solutions/aws/s3content/aws_s3buckets.md,0
docs/accessanalyzer/11.6/solutions/aws/s3content/aws_s3buckettags.md,0
docs/accessanalyzer/11.6/solutions/aws/s3content/overview.md,0
docs/accessanalyzer/11.6/solutions/aws/s3permissions/aws_brokeninheritance.md,0
docs/accessanalyzer/11.6/solutions/aws/s3permissions/aws_effectivepermissions.md,0
docs/accessanalyzer/11.6/solutions/aws/s3permissions/aws_openbuckets.md,0
docs/accessanalyzer/11.6/solutions/aws/s3permissions/overview.md,0
docs/accessanalyzer/11.6/solutions/aws/sensitivedata/aws_sensitivedata_permissions.md,0
docs/accessanalyzer/11.6/solutions/aws/sensitivedata/aws_sensitivedata.md,0
docs/accessanalyzer/11.6/solutions/aws/sensitivedata/overview.md,0
docs/accessanalyzer/11.6/solutions/aws/users/aws_accesskeys.md,0
docs/accessanalyzer/11.6/solutions/aws/users/aws_mfastatus.md,0
docs/accessanalyzer/11.6/solutions/aws/users/aws_rootaccounts.md,0
docs/accessanalyzer/11.6/solutions/aws/users/aws_staleusers.md,0
docs/accessanalyzer/11.6/solutions/aws/users/overview.md,0
docs/accessanalyzer/11.6/solutions/box/activity/forensics/box_deletions.md,0
docs/accessanalyzer/11.6/solutions/box/activity/forensics/box_downloads.md,0
docs/accessanalyzer/11.6/solutions/box/activity/forensics/box_externaluseractivity.md,0
docs/accessanalyzer/11.6/solutions/box/activity/forensics/box_externalusercollaborations.md,0
docs/accessanalyzer/11.6/solutions/box/activity/forensics/box_permissionchanges.md,0
docs/accessanalyzer/11.6/solutions/box/activity/forensics/box_sharing.md,0
docs/accessanalyzer/11.6/solutions/box/activity/forensics/overview.md,0
docs/accessanalyzer/11.6/solutions/box/activity/overview.md,0
docs/accessanalyzer/11.6/solutions/box/activity/suspiciousactivity/box_failedlogins.md,0
docs/accessanalyzer/11.6/solutions/box/activity/suspiciousactivity/box_firsttimefolderaccess.md,0
docs/accessanalyzer/11.6/solutions/box/activity/suspiciousactivity/box_unusualdownloadactivity.md,0
docs/accessanalyzer/11.6/solutions/box/activity/suspiciousactivity/box_unusualuseractivity.md,0
docs/accessanalyzer/11.6/solutions/box/activity/suspiciousactivity/box_weekendactivity.md,0
docs/accessanalyzer/11.6/solutions/box/activity/suspiciousactivity/overview.md,0
docs/accessanalyzer/11.6/solutions/box/activity/usagestatistics/box_folders_mostactive.md,0
docs/accessanalyzer/11.6/solutions/box/activity/usagestatistics/box_folders_stale.md,0
docs/accessanalyzer/11.6/solutions/box/activity/usagestatistics/box_users_mostactive.md,0
docs/accessanalyzer/11.6/solutions/box/activity/usagestatistics/overview.md,0
docs/accessanalyzer/11.6/solutions/box/box_access.md,0
docs/accessanalyzer/11.6/solutions/box/box_groupmembership.md,0
docs/accessanalyzer/11.6/solutions/box/collection/1-box_access_scans.md,0
docs/accessanalyzer/11.6/solutions/box/collection/1-box_activity_scans.md,0
docs/accessanalyzer/11.6/solutions/box/collection/2-box_import.md,0
docs/accessanalyzer/11.6/solutions/box/collection/overview.md,0
docs/accessanalyzer/11.6/solutions/box/content/box_filemetrics.md,0
docs/accessanalyzer/11.6/solutions/box/content/box_foldermetrics.md,0
docs/accessanalyzer/11.6/solutions/box/content/overview.md,0
docs/accessanalyzer/11.6/solutions/box/overview.md,0
docs/accessanalyzer/11.6/solutions/box/recommended.md,0
docs/accessanalyzer/11.6/solutions/databases/db2/collection/db2_configuration.md,0
docs/accessanalyzer/11.6/solutions/databases/db2/collection/db2_permissionscan.md,0
docs/accessanalyzer/11.6/solutions/databases/db2/collection/db2_sensitivedatascan.md,0
docs/accessanalyzer/11.6/solutions/databases/db2/collection/overview.md,0
docs/accessanalyzer/11.6/solutions/databases/db2/db2_databasesizing.md,0
docs/accessanalyzer/11.6/solutions/databases/db2/overview.md,0
docs/accessanalyzer/11.6/solutions/databases/db2/permissions/db2_directpermissions.md,0
docs/accessanalyzer/11.6/solutions/databases/db2/permissions/db2_effectivepermissions.md,0
docs/accessanalyzer/11.6/solutions/databases/db2/permissions/overview.md,0
docs/accessanalyzer/11.6/solutions/databases/db2/recommended.md,0
docs/accessanalyzer/11.6/solutions/databases/db2/sensitivedata/db2_sensitivedata.md,0
docs/accessanalyzer/11.6/solutions/databases/db2/sensitivedata/db2_sensitivedatapermissions.md,0
docs/accessanalyzer/11.6/solutions/databases/db2/sensitivedata/overview.md,0
docs/accessanalyzer/11.6/solutions/databases/mongodb/collection/mongodb_configuration.md,0
docs/accessanalyzer/11.6/solutions/databases/mongodb/collection/mongodb_sensitivedatascan.md,0
docs/accessanalyzer/11.6/solutions/databases/mongodb/collection/overview.md,0
docs/accessanalyzer/11.6/solutions/databases/mongodb/mongodb_databasesizing.md,0
docs/accessanalyzer/11.6/solutions/databases/mongodb/mongodb_sensitivedata.md,0
docs/accessanalyzer/11.6/solutions/databases/mongodb/overview.md,0
docs/accessanalyzer/11.6/solutions/databases/mongodb/recommended.md,0
docs/accessanalyzer/11.6/solutions/databases/mysql/collection/mysql_configuration.md,0
docs/accessanalyzer/11.6/solutions/databases/mysql/collection/mysql_sensitivedatascan.md,0
docs/accessanalyzer/11.6/solutions/databases/mysql/collection/mysql_tableprivileges.md,0
docs/accessanalyzer/11.6/solutions/databases/mysql/collection/overview.md,0
docs/accessanalyzer/11.6/solutions/databases/mysql/mysql_databasesizing.md,0
docs/accessanalyzer/11.6/solutions/databases/mysql/overview.md,0
docs/accessanalyzer/11.6/solutions/databases/mysql/recommended.md,0
docs/accessanalyzer/11.6/solutions/databases/mysql/sensitivedata/mysql_sensitivedata.md,0
docs/accessanalyzer/11.6/solutions/databases/mysql/sensitivedata/mysql_sensitivedatapermissions.md,0
docs/accessanalyzer/11.6/solutions/databases/mysql/sensitivedata/overview.md,0
docs/accessanalyzer/11.6/solutions/databases/oracle/activity/oracle_activity.md,0
docs/accessanalyzer/11.6/solutions/databases/oracle/activity/oracle_logons.md,0
docs/accessanalyzer/11.6/solutions/databases/oracle/activity/oracle_permissionchanges.md,0
docs/accessanalyzer/11.6/solutions/databases/oracle/activity/oracle_schemachanges.md,0
docs/accessanalyzer/11.6/solutions/databases/oracle/activity/oracle_sensitivedataactivity.md,0
docs/accessanalyzer/11.6/solutions/databases/oracle/activity/oracle_suspiciousactivity.md,0
docs/accessanalyzer/11.6/solutions/databases/oracle/activity/oracle_unusualactivity.md,0
docs/accessanalyzer/11.6/solutions/databases/oracle/activity/overview.md,0
docs/accessanalyzer/11.6/solutions/databases/oracle/collection/0-oracle_servers.md,0
docs/accessanalyzer/11.6/solutions/databases/oracle/collection/1-oracle_permissionsscan.md,0
docs/accessanalyzer/11.6/solutions/databases/oracle/collection/2-oracle_sensitivedatascan.md,0
docs/accessanalyzer/11.6/solutions/databases/oracle/collection/3-oracle_activityscan.md,0
docs/accessanalyzer/11.6/solutions/databases/oracle/collection/4-oracle_defaultpasswordusers.md,0
docs/accessanalyzer/11.6/solutions/databases/oracle/collection/5-oracle_configuration.md,0
docs/accessanalyzer/11.6/solutions/databases/oracle/collection/overview.md,0
docs/accessanalyzer/11.6/solutions/databases/oracle/configuration/oracle_databaselinks.md,0
docs/accessanalyzer/11.6/solutions/databases/oracle/configuration/oracle_databasesizing.md,0
docs/accessanalyzer/11.6/solutions/databases/oracle/configuration/oracle_datadictionaryprotection.md,0
docs/accessanalyzer/11.6/solutions/databases/oracle/configuration/oracle_instancenameissues.md,0
docs/accessanalyzer/11.6/solutions/databases/oracle/configuration/oracle_remoteosauthentication.md,0
docs/accessanalyzer/11.6/solutions/databases/oracle/configuration/overview.md,0
docs/accessanalyzer/11.6/solutions/databases/oracle/oracle_securityassessment.md,0
docs/accessanalyzer/11.6/solutions/databases/oracle/overview.md,0
docs/accessanalyzer/11.6/solutions/databases/oracle/permissions/oracle_domainuserpermissions.md,0
docs/accessanalyzer/11.6/solutions/databases/oracle/permissions/oracle_objectpermissions.md,0
docs/accessanalyzer/11.6/solutions/databases/oracle/permissions/oracle_publicpermissions.md,0
docs/accessanalyzer/11.6/solutions/databases/oracle/permissions/oracle_serverpermissions.md,0
docs/accessanalyzer/11.6/solutions/databases/oracle/permissions/oracle_sysschemapermissions.md,0
docs/accessanalyzer/11.6/solutions/databases/oracle/permissions/overview.md,0
docs/accessanalyzer/11.6/solutions/databases/oracle/recommended.md,0
docs/accessanalyzer/11.6/solutions/databases/oracle/sensitivedata/oracle_sensitivedata.md,0
docs/accessanalyzer/11.6/solutions/databases/oracle/sensitivedata/oracle_sensitivedatapermissions.md,0
docs/accessanalyzer/11.6/solutions/databases/oracle/sensitivedata/overview.md,0
docs/accessanalyzer/11.6/solutions/databases/oracle/usersroles/oracle_passwordissues.md,0
docs/accessanalyzer/11.6/solutions/databases/oracle/usersroles/oracle_rolemembers.md,0
docs/accessanalyzer/11.6/solutions/databases/oracle/usersroles/oracle_systemadministrators.md,0
docs/accessanalyzer/11.6/solutions/databases/oracle/usersroles/oracle_users.md,0
docs/accessanalyzer/11.6/solutions/databases/oracle/usersroles/overview.md,0
docs/accessanalyzer/11.6/solutions/databases/overview.md,0
docs/accessanalyzer/11.6/solutions/databases/postgresql/collection/overview.md,0
docs/accessanalyzer/11.6/solutions/databases/postgresql/collection/pgsql_configuration.md,0
docs/accessanalyzer/11.6/solutions/databases/postgresql/collection/pgsql_sensitivedatascan.md,0
docs/accessanalyzer/11.6/solutions/databases/postgresql/collection/pgsql_tableprivileges.md,0
docs/accessanalyzer/11.6/solutions/databases/postgresql/overview.md,0
docs/accessanalyzer/11.6/solutions/databases/postgresql/pgsql_databasesizing.md,0
docs/accessanalyzer/11.6/solutions/databases/postgresql/recommended.md,0
docs/accessanalyzer/11.6/solutions/databases/postgresql/sensitivedata/overview.md,0
docs/accessanalyzer/11.6/solutions/databases/postgresql/sensitivedata/pgsql_sensitivedata.md,0
docs/accessanalyzer/11.6/solutions/databases/postgresql/sensitivedata/pgsql_sensitivedatapermissions.md,0
docs/accessanalyzer/11.6/solutions/databases/redshift/collection/overview.md,0
docs/accessanalyzer/11.6/solutions/databases/redshift/collection/redshift_configuration.md,0
docs/accessanalyzer/11.6/solutions/databases/redshift/collection/redshift_sensitivedatascan.md,0
docs/accessanalyzer/11.6/solutions/databases/redshift/collection/redshift_tableprivileges.md,0
docs/accessanalyzer/11.6/solutions/databases/redshift/overview.md,0
docs/accessanalyzer/11.6/solutions/databases/redshift/recommended.md,0
docs/accessanalyzer/11.6/solutions/databases/redshift/redshift_databasesizing.md,0
docs/accessanalyzer/11.6/solutions/databases/redshift/sensitivedata/overview.md,0
docs/accessanalyzer/11.6/solutions/databases/redshift/sensitivedata/redshift_sensitivedata.md,0
docs/accessanalyzer/11.6/solutions/databases/redshift/sensitivedata/redshift_sensitivedatapermissions.md,0
docs/accessanalyzer/11.6/solutions/databases/sql/activity/overview.md,0
docs/accessanalyzer/11.6/solutions/databases/sql/activity/sql_activity.md,0
docs/accessanalyzer/11.6/solutions/databases/sql/activity/sql_logons.md,0
docs/accessanalyzer/11.6/solutions/databases/sql/activity/sql_permissionchanges.md,0
docs/accessanalyzer/11.6/solutions/databases/sql/activity/sql_sensitivedataactivity.md,0
docs/accessanalyzer/11.6/solutions/databases/sql/activity/sql_unusualactivity.md,0
docs/accessanalyzer/11.6/solutions/databases/sql/collection-azuresql/0-azuresql_instancediscovery.md,0
docs/accessanalyzer/11.6/solutions/databases/sql/collection-azuresql/1-azuresql_permissionscan.md,0
docs/accessanalyzer/11.6/solutions/databases/sql/collection-azuresql/2-azuresql_sensitivedatascan.md,0
docs/accessanalyzer/11.6/solutions/databases/sql/collection-azuresql/3-azuresql_activityscan.md,0
docs/accessanalyzer/11.6/solutions/databases/sql/collection-azuresql/4-azuresql_serversettings.md,0
docs/accessanalyzer/11.6/solutions/databases/sql/collection-azuresql/overview.md,0
docs/accessanalyzer/11.6/solutions/databases/sql/collection/0-sql_instancediscovery.md,0
docs/accessanalyzer/11.6/solutions/databases/sql/collection/1-sql_permissionsscan.md,0
docs/accessanalyzer/11.6/solutions/databases/sql/collection/2-sql_sensitivedatascan.md,0
docs/accessanalyzer/11.6/solutions/databases/sql/collection/3-sql_activityscan.md,0
docs/accessanalyzer/11.6/solutions/databases/sql/collection/4-sql_serverlogons.md,0
docs/accessanalyzer/11.6/solutions/databases/sql/collection/5-sql_serversettings.md,0
docs/accessanalyzer/11.6/solutions/databases/sql/collection/overview.md,0
docs/accessanalyzer/11.6/solutions/databases/sql/configuration/overview.md,0
docs/accessanalyzer/11.6/solutions/databases/sql/configuration/sql_authentication.md,0
docs/accessanalyzer/11.6/solutions/databases/sql/configuration/sql_bestpractices.md,0
docs/accessanalyzer/11.6/solutions/databases/sql/configuration/sql_cmdshell.md,0
docs/accessanalyzer/11.6/solutions/databases/sql/configuration/sql_databasesizing.md,0
docs/accessanalyzer/11.6/solutions/databases/sql/configuration/sql_linkedservers.md,0
docs/accessanalyzer/11.6/solutions/databases/sql/overview.md,0
docs/accessanalyzer/11.6/solutions/databases/sql/permissions/overview.md,0
docs/accessanalyzer/11.6/solutions/databases/sql/permissions/sql_controlserver.md,0
docs/accessanalyzer/11.6/solutions/databases/sql/permissions/sql_directpermissions.md,0
docs/accessanalyzer/11.6/solutions/databases/sql/permissions/sql_domainuserpermissions.md,0
docs/accessanalyzer/11.6/solutions/databases/sql/permissions/sql_publicpermissions.md,0
docs/accessanalyzer/11.6/solutions/databases/sql/permissions/sql_serverpermissions.md,0
docs/accessanalyzer/11.6/solutions/databases/sql/recommended.md,0
docs/accessanalyzer/11.6/solutions/databases/sql/sensitivedata/overview.md,0
docs/accessanalyzer/11.6/solutions/databases/sql/sensitivedata/sql_sensitivedata.md,0
docs/accessanalyzer/11.6/solutions/databases/sql/sensitivedata/sql_sensitivedatapermissions.md,0
docs/accessanalyzer/11.6/solutions/databases/sql/sql_securityassessment.md,0
docs/accessanalyzer/11.6/solutions/databases/sql/usersroles/overview.md,0
docs/accessanalyzer/11.6/solutions/databases/sql/usersroles/sql_databaseprinciples.md,0
docs/accessanalyzer/11.6/solutions/databases/sql/usersroles/sql_passwordissues.md,0
docs/accessanalyzer/11.6/solutions/databases/sql/usersroles/sql_rolemembers.md,0
docs/accessanalyzer/11.6/solutions/databases/sql/usersroles/sql_serverprincipals.md,0
docs/accessanalyzer/11.6/solutions/databases/sql/usersroles/sql_sqllogins.md,0
docs/accessanalyzer/11.6/solutions/databases/sql/usersroles/sql_sysadmins.md,0
docs/accessanalyzer/11.6/solutions/dropbox/collection/1-dropbox_permissions_scan.md,0
docs/accessanalyzer/11.6/solutions/dropbox/collection/1-dropbox_sdd_scan.md,0
docs/accessanalyzer/11.6/solutions/dropbox/collection/2-dropbox_permissions_bulk_import.md,0
docs/accessanalyzer/11.6/solutions/dropbox/collection/2-dropbox_sdd_bulk_import.md,0
docs/accessanalyzer/11.6/solutions/dropbox/collection/overview.md,0
docs/accessanalyzer/11.6/solutions/dropbox/dropbox_access.md,0
docs/accessanalyzer/11.6/solutions/dropbox/dropbox_content.md,0
docs/accessanalyzer/11.6/solutions/dropbox/dropbox_groupmembership.md,0
docs/accessanalyzer/11.6/solutions/dropbox/dropbox_sensitivedata.md,0
docs/accessanalyzer/11.6/solutions/dropbox/dropbox_sharing.md,0
docs/accessanalyzer/11.6/solutions/dropbox/overview.md,0
docs/accessanalyzer/11.6/solutions/dropbox/recommended.md,0
docs/accessanalyzer/11.6/solutions/entraid/groups/aad_circularnesting.md,0
docs/accessanalyzer/11.6/solutions/entraid/groups/aad_duplicategroups.md,0
docs/accessanalyzer/11.6/solutions/entraid/groups/aad_emptygroups.md,0
docs/accessanalyzer/11.6/solutions/entraid/groups/aad_groupdirsync.md,0
docs/accessanalyzer/11.6/solutions/entraid/groups/aad_largestgroups.md,0
docs/accessanalyzer/11.6/solutions/entraid/groups/aad_nestedgroups.md,0
docs/accessanalyzer/11.6/solutions/entraid/groups/aad_probableowners.md,0
docs/accessanalyzer/11.6/solutions/entraid/groups/aad_stalegroups.md,0
docs/accessanalyzer/11.6/solutions/entraid/groups/overview.md,0
docs/accessanalyzer/11.6/solutions/entraid/overview.md,0
docs/accessanalyzer/11.6/solutions/entraid/recommended.md,0
docs/accessanalyzer/11.6/solutions/entraid/users/aad_directmembership.md,0
docs/accessanalyzer/11.6/solutions/entraid/users/aad_disabledusers.md,0
docs/accessanalyzer/11.6/solutions/entraid/users/aad_staleusers.md,0
docs/accessanalyzer/11.6/solutions/entraid/users/aad_userattributecompletion.md,0
docs/accessanalyzer/11.6/solutions/entraid/users/aad_userdirsync.md,0
docs/accessanalyzer/11.6/solutions/entraid/users/overview.md,0
docs/accessanalyzer/11.6/solutions/entraidinventory/1-aad_scan.md,0
docs/accessanalyzer/11.6/solutions/entraidinventory/2-aad_exceptions.md,0
docs/accessanalyzer/11.6/solutions/entraidinventory/overview.md,0
docs/accessanalyzer/11.6/solutions/entraidinventory/recommended.md,0
docs/accessanalyzer/11.6/solutions/exchange/casmetrics/ex_activesync.md,0
docs/accessanalyzer/11.6/solutions/exchange/casmetrics/ex_aspolicies.md,0
docs/accessanalyzer/11.6/solutions/exchange/casmetrics/ex_iislogs.md,0
docs/accessanalyzer/11.6/solutions/exchange/casmetrics/ex_owatraffic.md,0
docs/accessanalyzer/11.6/solutions/exchange/casmetrics/ex_rpctraffic.md,0
docs/accessanalyzer/11.6/solutions/exchange/casmetrics/overview.md,0
docs/accessanalyzer/11.6/solutions/exchange/casmetrics/recommended.md,0
docs/accessanalyzer/11.6/solutions/exchange/databases/collection/ex_dbinfo.md,0
docs/accessanalyzer/11.6/solutions/exchange/databases/collection/ex_pfinfo.md,0
docs/accessanalyzer/11.6/solutions/exchange/databases/collection/overview.md,0
docs/accessanalyzer/11.6/solutions/exchange/databases/ex_dbsizing.md,0
docs/accessanalyzer/11.6/solutions/exchange/databases/ex_dbtrending.md,0
docs/accessanalyzer/11.6/solutions/exchange/databases/overview.md,0
docs/accessanalyzer/11.6/solutions/exchange/databases/recommended.md,0
docs/accessanalyzer/11.6/solutions/exchange/distributionlists/ex_dlcleanup.md,0
docs/accessanalyzer/11.6/solutions/exchange/distributionlists/ex_groupexpansion.md,0
docs/accessanalyzer/11.6/solutions/exchange/distributionlists/membershipanalysis/ex_circularnesting.md,0
docs/accessanalyzer/11.6/solutions/exchange/distributionlists/membershipanalysis/ex_emptygroups.md,0
docs/accessanalyzer/11.6/solutions/exchange/distributionlists/membershipanalysis/ex_largestgroups.md,0
docs/accessanalyzer/11.6/solutions/exchange/distributionlists/membershipanalysis/ex_nestedgroups.md,0
docs/accessanalyzer/11.6/solutions/exchange/distributionlists/membershipanalysis/ex_stalegroups.md,0
docs/accessanalyzer/11.6/solutions/exchange/distributionlists/membershipanalysis/overview.md,0
docs/accessanalyzer/11.6/solutions/exchange/distributionlists/overview.md,0
docs/accessanalyzer/11.6/solutions/exchange/distributionlists/recommended.md,0
docs/accessanalyzer/11.6/solutions/exchange/ex_useroverview.md,0
docs/accessanalyzer/11.6/solutions/exchange/hubmetrics/collection/appletstatuscheck.md,0
docs/accessanalyzer/11.6/solutions/exchange/hubmetrics/collection/ex_metricscollection.md,0
docs/accessanalyzer/11.6/solutions/exchange/hubmetrics/collection/ex_metricsdetails.md,0
docs/accessanalyzer/11.6/solutions/exchange/hubmetrics/collection/overview.md,0
docs/accessanalyzer/11.6/solutions/exchange/hubmetrics/ex_deliverytimes.md,0
docs/accessanalyzer/11.6/solutions/exchange/hubmetrics/ex_dlmetrics.md,0
docs/accessanalyzer/11.6/solutions/exchange/hubmetrics/ex_domainmetrics.md,0
docs/accessanalyzer/11.6/solutions/exchange/hubmetrics/ex_hourlymetrics.md,0
docs/accessanalyzer/11.6/solutions/exchange/hubmetrics/ex_messagesize.md,0
docs/accessanalyzer/11.6/solutions/exchange/hubmetrics/ex_servermetrics.md,0
docs/accessanalyzer/11.6/solutions/exchange/hubmetrics/ex_usermetrics.md,0
docs/accessanalyzer/11.6/solutions/exchange/hubmetrics/overview.md,0
docs/accessanalyzer/11.6/solutions/exchange/hubmetrics/recommended.md,0
docs/accessanalyzer/11.6/solutions/exchange/mailboxes/ex_features.md,0
docs/accessanalyzer/11.6/solutions/exchange/mailboxes/logons/ex_mailboxactivity.md,0
docs/accessanalyzer/11.6/solutions/exchange/mailboxes/logons/ex_mailboxlogons.md,0
docs/accessanalyzer/11.6/solutions/exchange/mailboxes/logons/overview.md,0
docs/accessanalyzer/11.6/solutions/exchange/mailboxes/overview.md,0
docs/accessanalyzer/11.6/solutions/exchange/mailboxes/permissions/collection/ex_delegates.md,0
docs/accessanalyzer/11.6/solutions/exchange/mailboxes/permissions/collection/ex_mbrights.md,0
docs/accessanalyzer/11.6/solutions/exchange/mailboxes/permissions/collection/ex_perms.md,0
docs/accessanalyzer/11.6/solutions/exchange/mailboxes/permissions/collection/ex_sendas.md,0
docs/accessanalyzer/11.6/solutions/exchange/mailboxes/permissions/collection/overview.md,0
docs/accessanalyzer/11.6/solutions/exchange/mailboxes/permissions/ex_admingroups.md,0
docs/accessanalyzer/11.6/solutions/exchange/mailboxes/permissions/ex_mailboxaccess.md,0
docs/accessanalyzer/11.6/solutions/exchange/mailboxes/permissions/overview.md,0
docs/accessanalyzer/11.6/solutions/exchange/mailboxes/recommended.md,0
docs/accessanalyzer/11.6/solutions/exchange/mailboxes/sizing/ex_mailboxsizes.md,0
docs/accessanalyzer/11.6/solutions/exchange/mailboxes/sizing/ex_mbsize.md,0
docs/accessanalyzer/11.6/solutions/exchange/mailboxes/sizing/ex_stalemailboxes.md,0
docs/accessanalyzer/11.6/solutions/exchange/mailboxes/sizing/ex_storesizes.md,0
docs/accessanalyzer/11.6/solutions/exchange/mailboxes/sizing/overview.md,0
docs/accessanalyzer/11.6/solutions/exchange/online/mailflow/ex_mailflow_dl.md,0
docs/accessanalyzer/11.6/solutions/exchange/online/mailflow/ex_mailflow_domain.md,0
docs/accessanalyzer/11.6/solutions/exchange/online/mailflow/ex_mailflow_mailbox.md,0
docs/accessanalyzer/11.6/solutions/exchange/online/mailflow/ex_mailflow_orgoverview.md,0
docs/accessanalyzer/11.6/solutions/exchange/online/mailflow/ex_mailflow.md,0
docs/accessanalyzer/11.6/solutions/exchange/online/mailflow/overview.md,0
docs/accessanalyzer/11.6/solutions/exchange/online/overview.md,0
docs/accessanalyzer/11.6/solutions/exchange/online/recommended.md,0
docs/accessanalyzer/11.6/solutions/exchange/overview.md,0
docs/accessanalyzer/11.6/solutions/exchange/publicfolders/content/overview.md,0
docs/accessanalyzer/11.6/solutions/exchange/publicfolders/content/pf_content.md,0
docs/accessanalyzer/11.6/solutions/exchange/publicfolders/content/pf_contentscans.md,0
docs/accessanalyzer/11.6/solutions/exchange/publicfolders/growthsize/overview.md,0
docs/accessanalyzer/11.6/solutions/exchange/publicfolders/growthsize/pf_folderscans.md,0
docs/accessanalyzer/11.6/solutions/exchange/publicfolders/growthsize/pf_foldersize.md,0
docs/accessanalyzer/11.6/solutions/exchange/publicfolders/overview.md,0
docs/accessanalyzer/11.6/solutions/exchange/publicfolders/ownership/overview.md,0
docs/accessanalyzer/11.6/solutions/exchange/publicfolders/ownership/pf_folderownership.md,0
docs/accessanalyzer/11.6/solutions/exchange/publicfolders/ownership/pf_owners.md,0
docs/accessanalyzer/11.6/solutions/exchange/publicfolders/permissions/overview.md,0
docs/accessanalyzer/11.6/solutions/exchange/publicfolders/permissions/pf_entitlements.md,0
docs/accessanalyzer/11.6/solutions/exchange/publicfolders/permissions/pf_entitlementscans.md,0
docs/accessanalyzer/11.6/solutions/exchange/publicfolders/pf_overview.md,0
docs/accessanalyzer/11.6/solutions/exchange/publicfolders/recommended.md,0
docs/accessanalyzer/11.6/solutions/exchange/recommended.md,0
docs/accessanalyzer/11.6/solutions/exchange/sensitivedata/collection/ex_mailbox_sdd.md,0
docs/accessanalyzer/11.6/solutions/exchange/sensitivedata/collection/ex_publicfolder_sdd.md,0
docs/accessanalyzer/11.6/solutions/exchange/sensitivedata/collection/overview.md,0
docs/accessanalyzer/11.6/solutions/exchange/sensitivedata/ex_sddresults.md,0
docs/accessanalyzer/11.6/solutions/exchange/sensitivedata/overview.md,0
docs/accessanalyzer/11.6/solutions/exchange/sensitivedata/recommended.md,0
docs/accessanalyzer/11.6/solutions/filesystem/activity/forensics/fs_deletions.md,0
docs/accessanalyzer/11.6/solutions/filesystem/activity/forensics/fs_permissionchanges.md,0
docs/accessanalyzer/11.6/solutions/filesystem/activity/forensics/overview.md,0
docs/accessanalyzer/11.6/solutions/filesystem/activity/fs_leastprivilegedaccess.md,0
docs/accessanalyzer/11.6/solutions/filesystem/activity/overview.md,0
docs/accessanalyzer/11.6/solutions/filesystem/activity/security/fs_adminactvity.md,0
docs/accessanalyzer/11.6/solutions/filesystem/activity/security/fs_highriskactivity.md,0
docs/accessanalyzer/11.6/solutions/filesystem/activity/security/fs_localuseractivity.md,0
docs/accessanalyzer/11.6/solutions/filesystem/activity/security/overview.md,0
docs/accessanalyzer/11.6/solutions/filesystem/activity/suspiciousactivity/fs_deniedactivity.md,0
docs/accessanalyzer/11.6/solutions/filesystem/activity/suspiciousactivity/fs_highesthourlyactivity.md,0
docs/accessanalyzer/11.6/solutions/filesystem/activity/suspiciousactivity/fs_hourlyshareactivity.md,0
docs/accessanalyzer/11.6/solutions/filesystem/activity/suspiciousactivity/fs_modifiedbinaries.md,0
docs/accessanalyzer/11.6/solutions/filesystem/activity/suspiciousactivity/fs_peergroupactivity.md,0
docs/accessanalyzer/11.6/solutions/filesystem/activity/suspiciousactivity/fs_ransomware.md,0
docs/accessanalyzer/11.6/solutions/filesystem/activity/suspiciousactivity/fs_sensitivedataactivity.md,0
docs/accessanalyzer/11.6/solutions/filesystem/activity/suspiciousactivity/fs_stalefileactivity.md,0
docs/accessanalyzer/11.6/solutions/filesystem/activity/suspiciousactivity/fs_usershareactivity.md,0
docs/accessanalyzer/11.6/solutions/filesystem/activity/suspiciousactivity/fs_weekendactivity.md,0
docs/accessanalyzer/11.6/solutions/filesystem/activity/suspiciousactivity/overview.md,0
docs/accessanalyzer/11.6/solutions/filesystem/activity/usagestatistics/fs_groupusage.md,0
docs/accessanalyzer/11.6/solutions/filesystem/activity/usagestatistics/fs_mostactiveservers.md,0
docs/accessanalyzer/11.6/solutions/filesystem/activity/usagestatistics/fs_mostactiveusers.md,0
docs/accessanalyzer/11.6/solutions/filesystem/activity/usagestatistics/fs_staleshares.md,0
docs/accessanalyzer/11.6/solutions/filesystem/activity/usagestatistics/overview.md,0
docs/accessanalyzer/11.6/solutions/filesystem/adhocaudits/fs_shareaudit.md,0
docs/accessanalyzer/11.6/solutions/filesystem/adhocaudits/fs_trusteepermissions.md,0
docs/accessanalyzer/11.6/solutions/filesystem/adhocaudits/overview.md,0
docs/accessanalyzer/11.6/solutions/filesystem/cleanup/delete/fs_deletefiles_status.md,0
docs/accessanalyzer/11.6/solutions/filesystem/cleanup/delete/fs_deletefiles.md,0
docs/accessanalyzer/11.6/solutions/filesystem/cleanup/delete/overview.md,0
docs/accessanalyzer/11.6/solutions/filesystem/cleanup/fs_cleanupassessment.md,0
docs/accessanalyzer/11.6/solutions/filesystem/cleanup/fs_cleanupprogress.md,0
docs/accessanalyzer/11.6/solutions/filesystem/cleanup/notify/fs_notifyowners_status.md,0
docs/accessanalyzer/11.6/solutions/filesystem/cleanup/notify/fs_notifyowners.md,0
docs/accessanalyzer/11.6/solutions/filesystem/cleanup/notify/overview.md,0
docs/accessanalyzer/11.6/solutions/filesystem/cleanup/overview.md,0
docs/accessanalyzer/11.6/solutions/filesystem/cleanup/quarantine/fs_quarantinedata_status.md,0
docs/accessanalyzer/11.6/solutions/filesystem/cleanup/quarantine/fs_quarantinedata.md,0
docs/accessanalyzer/11.6/solutions/filesystem/cleanup/quarantine/fs_restoreinheritance_status.md,0
docs/accessanalyzer/11.6/solutions/filesystem/cleanup/quarantine/fs_restoreinheritance.md,0
docs/accessanalyzer/11.6/solutions/filesystem/cleanup/quarantine/overview.md,0
docs/accessanalyzer/11.6/solutions/filesystem/collection/0-create_schema.md,0
docs/accessanalyzer/11.6/solutions/filesystem/collection/0-fs_nasuni.md,0
docs/accessanalyzer/11.6/solutions/filesystem/collection/0-fsdfs_system_scans.md,0
docs/accessanalyzer/11.6/solutions/filesystem/collection/1-fsaa_system_scans.md,0
docs/accessanalyzer/11.6/solutions/filesystem/collection/1-fsac_system_scans.md,0
docs/accessanalyzer/11.6/solutions/filesystem/collection/1-seek_system_scans.md,0
docs/accessanalyzer/11.6/solutions/filesystem/collection/2-fsaa_bulk_import.md,0
docs/accessanalyzer/11.6/solutions/filesystem/collection/2-fsac_bulk_import.md,0
docs/accessanalyzer/11.6/solutions/filesystem/collection/2-seek_bulk_import.md,0
docs/accessanalyzer/11.6/solutions/filesystem/collection/3-fsaa_exceptions.md,0
docs/accessanalyzer/11.6/solutions/filesystem/collection/3-fsac_exceptions.md,0
docs/accessanalyzer/11.6/solutions/filesystem/collection/overview.md,0
docs/accessanalyzer/11.6/solutions/filesystem/content/fs_filetypes.md,0
docs/accessanalyzer/11.6/solutions/filesystem/content/fs_stalecontent.md,0
docs/accessanalyzer/11.6/solutions/filesystem/content/overview.md,0
docs/accessanalyzer/11.6/solutions/filesystem/content/sizing/fs_emptyresources.md,0
docs/accessanalyzer/11.6/solutions/filesystem/content/sizing/fs_largestresources.md,0
docs/accessanalyzer/11.6/solutions/filesystem/content/sizing/fs_smallestresources.md,0
docs/accessanalyzer/11.6/solutions/filesystem/content/sizing/overview.md,0
docs/accessanalyzer/11.6/solutions/filesystem/content/tags/fs_aiplabels.md,0
docs/accessanalyzer/11.6/solutions/filesystem/content/tags/fs_filetags.md,0
docs/accessanalyzer/11.6/solutions/filesystem/content/tags/overview.md,0
docs/accessanalyzer/11.6/solutions/filesystem/directpermissions/fs_domainuseracls.md,0
docs/accessanalyzer/11.6/solutions/filesystem/directpermissions/fs_highriskacls.md,0
docs/accessanalyzer/11.6/solutions/filesystem/directpermissions/fs_localusersandgroups.md,0
docs/accessanalyzer/11.6/solutions/filesystem/directpermissions/fs_missingfullcontrol.md,0
docs/accessanalyzer/11.6/solutions/filesystem/directpermissions/fs_nestedshares.md,0
docs/accessanalyzer/11.6/solutions/filesystem/directpermissions/fs_sidhistory.md,0
docs/accessanalyzer/11.6/solutions/filesystem/directpermissions/fs_unresolvedsids.md,0
docs/accessanalyzer/11.6/solutions/filesystem/directpermissions/overview.md,0
docs/accessanalyzer/11.6/solutions/filesystem/filesystemoverview.md,0
docs/accessanalyzer/11.6/solutions/filesystem/fs_brokeninheritance.md,0
docs/accessanalyzer/11.6/solutions/filesystem/fs_dlpresults.md,0
docs/accessanalyzer/11.6/solutions/filesystem/fs_openaccess.md,0
docs/accessanalyzer/11.6/solutions/filesystem/fs_probableowner.md,0
docs/accessanalyzer/11.6/solutions/filesystem/fs_securityassessment.md,0
docs/accessanalyzer/11.6/solutions/filesystem/overview.md,0
docs/accessanalyzer/11.6/solutions/filesystem/recommended.md,0
docs/accessanalyzer/11.6/solutions/filesystem/resourcebasedgroups/fs_resourcebasedgroupaicimport.md,0
docs/accessanalyzer/11.6/solutions/filesystem/resourcebasedgroups/fs_resourcebasedgroups.md,0
docs/accessanalyzer/11.6/solutions/filesystem/resourcebasedgroups/fs_traversegroups.md,0
docs/accessanalyzer/11.6/solutions/filesystem/resourcebasedgroups/overview.md,0
docs/accessanalyzer/11.6/solutions/nisinventory/nis_scan.md,0
docs/accessanalyzer/11.6/solutions/nisinventory/overview.md,0
docs/accessanalyzer/11.6/solutions/nisinventory/recommended.md,0
docs/accessanalyzer/11.6/solutions/overview.md,0
docs/accessanalyzer/11.6/solutions/sharepoint/activity/forensics/overview.md,0
docs/accessanalyzer/11.6/solutions/sharepoint/activity/forensics/sp_deletions.md,0
docs/accessanalyzer/11.6/solutions/sharepoint/activity/forensics/sp_permissionchanges.md,0
docs/accessanalyzer/11.6/solutions/sharepoint/activity/forensics/sp_sensitivedataactivity.md,0
docs/accessanalyzer/11.6/solutions/sharepoint/activity/overview.md,0
docs/accessanalyzer/11.6/solutions/sharepoint/activity/usagestatistics/overview.md,0
docs/accessanalyzer/11.6/solutions/sharepoint/activity/usagestatistics/sp_inactivesites.md,0
docs/accessanalyzer/11.6/solutions/sharepoint/activity/usagestatistics/sp_mostactivesites.md,0
docs/accessanalyzer/11.6/solutions/sharepoint/activity/usagestatistics/sp_mostactiveusers.md,0
docs/accessanalyzer/11.6/solutions/sharepoint/collection/1-spseek_systemscans.md,0
docs/accessanalyzer/11.6/solutions/sharepoint/collection/2-spaa_systemscans.md,0
docs/accessanalyzer/11.6/solutions/sharepoint/collection/3-spac_systemscans.md,0
docs/accessanalyzer/11.6/solutions/sharepoint/collection/4-spseek_bulkimport.md,0
docs/accessanalyzer/11.6/solutions/sharepoint/collection/5-spaa_bulkimport.md,0
docs/accessanalyzer/11.6/solutions/sharepoint/collection/6-spac_bulkimport.md,0
docs/accessanalyzer/11.6/solutions/sharepoint/collection/7-spaa_exceptions.md,0
docs/accessanalyzer/11.6/solutions/sharepoint/collection/overview.md,0
docs/accessanalyzer/11.6/solutions/sharepoint/content/overview.md,0
docs/accessanalyzer/11.6/solutions/sharepoint/content/sp_largestfiles.md,0
docs/accessanalyzer/11.6/solutions/sharepoint/content/sp_stalefiles.md,0
docs/accessanalyzer/11.6/solutions/sharepoint/directpermissions/overview.md,0
docs/accessanalyzer/11.6/solutions/sharepoint/directpermissions/sp_domainusers.md,0
docs/accessanalyzer/11.6/solutions/sharepoint/directpermissions/sp_emptydomaingroupperms.md,0
docs/accessanalyzer/11.6/solutions/sharepoint/directpermissions/sp_highriskpermissions.md,0
docs/accessanalyzer/11.6/solutions/sharepoint/directpermissions/sp_sitecollectionperms.md,0
docs/accessanalyzer/11.6/solutions/sharepoint/directpermissions/sp_staleusers.md,0
docs/accessanalyzer/11.6/solutions/sharepoint/directpermissions/sp_unresolvedsids.md,0
docs/accessanalyzer/11.6/solutions/sharepoint/effectiveaccessaudits/overview.md,0
docs/accessanalyzer/11.6/solutions/sharepoint/effectiveaccessaudits/sp_trusteeaccess.md,0
docs/accessanalyzer/11.6/solutions/sharepoint/effectiveaccessaudits/sp_trusteeaudit.md,0
docs/accessanalyzer/11.6/solutions/sharepoint/m365/overview.md,0
docs/accessanalyzer/11.6/solutions/sharepoint/m365/sp_externalusers.md,0
docs/accessanalyzer/11.6/solutions/sharepoint/m365/sp_onedrives.md,0
docs/accessanalyzer/11.6/solutions/sharepoint/m365/sp_sharedlinks.md,0
docs/accessanalyzer/11.6/solutions/sharepoint/m365/sp_staleteamsites.md,0
docs/accessanalyzer/11.6/solutions/sharepoint/m365/sp_teams.md,0
docs/accessanalyzer/11.6/solutions/sharepoint/m365/sp_teamsexternaluseractivity.md,0
docs/accessanalyzer/11.6/solutions/sharepoint/m365/sp_teamssensitivedata.md,0
docs/accessanalyzer/11.6/solutions/sharepoint/overview.md,0
docs/accessanalyzer/11.6/solutions/sharepoint/recommended.md,0
docs/accessanalyzer/11.6/solutions/sharepoint/sp_brokeninheritance.md,0
docs/accessanalyzer/11.6/solutions/sharepoint/sp_openaccess.md,0
docs/accessanalyzer/11.6/solutions/sharepoint/sp_overview.md,0
docs/accessanalyzer/11.6/solutions/sharepoint/sp_probableowner.md,0
docs/accessanalyzer/11.6/solutions/sharepoint/sp_sensitivedata.md,0
docs/accessanalyzer/11.6/solutions/unix/overview.md,0
docs/accessanalyzer/11.6/solutions/unix/privilegedaccess/overview.md,0
docs/accessanalyzer/11.6/solutions/unix/privilegedaccess/sudoers/collection/overview.md,0
docs/accessanalyzer/11.6/solutions/unix/privilegedaccess/sudoers/collection/ux_makedirectory.md,0
docs/accessanalyzer/11.6/solutions/unix/privilegedaccess/sudoers/collection/ux_parsesudeors.md,0
docs/accessanalyzer/11.6/solutions/unix/privilegedaccess/sudoers/overview.md,0
docs/accessanalyzer/11.6/solutions/unix/privilegedaccess/sudoers/ux_sudoers.md,0
docs/accessanalyzer/11.6/solutions/unix/privilegedaccess/ux_criticalfiles.md,0
docs/accessanalyzer/11.6/solutions/unix/recommended.md,0
docs/accessanalyzer/11.6/solutions/unix/sharing/collection/overview.md,0
docs/accessanalyzer/11.6/solutions/unix/sharing/collection/ux_nfsconfiguration.md,0
docs/accessanalyzer/11.6/solutions/unix/sharing/collection/ux_sambaconfiguration.md,0
docs/accessanalyzer/11.6/solutions/unix/sharing/overview.md,0
docs/accessanalyzer/11.6/solutions/unix/sharing/ux_nfs.md,0
docs/accessanalyzer/11.6/solutions/unix/sharing/ux_samba.md,0
docs/accessanalyzer/11.6/solutions/unix/usersgroups/overview.md,0
docs/accessanalyzer/11.6/solutions/unix/usersgroups/ux_duplicategroups.md,0
docs/accessanalyzer/11.6/solutions/unix/usersgroups/ux_emptygroups.md,0
docs/accessanalyzer/11.6/solutions/unix/usersgroups/ux_largegroups.md,0
docs/accessanalyzer/11.6/solutions/unix/usersgroups/ux_localgroups.md,0
docs/accessanalyzer/11.6/solutions/unix/usersgroups/ux_localusers.md,0
docs/accessanalyzer/11.6/solutions/unix/usersgroups/ux_passwordsettings.md,0
docs/accessanalyzer/11.6/solutions/unix/usersgroups/ux_usersandgroups.md,0
docs/accessanalyzer/11.6/solutions/windows/applications/overview.md,0
docs/accessanalyzer/11.6/solutions/windows/applications/recommended.md,0
docs/accessanalyzer/11.6/solutions/windows/applications/sg_installedapplications.md,0
docs/accessanalyzer/11.6/solutions/windows/applications/sg_runatboot.md,0
docs/accessanalyzer/11.6/solutions/windows/applications/sg_scheduledtasks.md,0
docs/accessanalyzer/11.6/solutions/windows/authentication/overview.md,0
docs/accessanalyzer/11.6/solutions/windows/authentication/recommended.md,0
docs/accessanalyzer/11.6/solutions/windows/authentication/sg_lsasettings.md,0
docs/accessanalyzer/11.6/solutions/windows/authentication/sg_securitysupportproviders.md,0
docs/accessanalyzer/11.6/solutions/windows/authentication/sg_wdigestsettings.md,0
docs/accessanalyzer/11.6/solutions/windows/openaccess/overview.md,0
docs/accessanalyzer/11.6/solutions/windows/openaccess/recommended.md,0
docs/accessanalyzer/11.6/solutions/windows/openaccess/sg_openfolders.md,0
docs/accessanalyzer/11.6/solutions/windows/overview.md,0
docs/accessanalyzer/11.6/solutions/windows/privilegedaccounts/localadministrators/overview.md,0
docs/accessanalyzer/11.6/solutions/windows/privilegedaccounts/localadministrators/sg_localadmins.md,0
docs/accessanalyzer/11.6/solutions/windows/privilegedaccounts/localadministrators/sg_microsoftlaps.md,0
docs/accessanalyzer/11.6/solutions/windows/privilegedaccounts/localadministrators/sg_sessions.md,0
docs/accessanalyzer/11.6/solutions/windows/privilegedaccounts/logonrights/collection/overview.md,0
docs/accessanalyzer/11.6/solutions/windows/privilegedaccounts/logonrights/collection/sg_grouppolicy.md,0
docs/accessanalyzer/11.6/solutions/windows/privilegedaccounts/logonrights/collection/sg_localmembership.md,0
docs/accessanalyzer/11.6/solutions/windows/privilegedaccounts/logonrights/collection/sg_localusers.md,0
docs/accessanalyzer/11.6/solutions/windows/privilegedaccounts/logonrights/overview.md,0
docs/accessanalyzer/11.6/solutions/windows/privilegedaccounts/logonrights/sg_accountprivileges.md,0
docs/accessanalyzer/11.6/solutions/windows/privilegedaccounts/logonrights/sg_localpolicies.md,0
docs/accessanalyzer/11.6/solutions/windows/privilegedaccounts/overview.md,0
docs/accessanalyzer/11.6/solutions/windows/privilegedaccounts/recommended.md,0
docs/accessanalyzer/11.6/solutions/windows/privilegedaccounts/sg_serviceaccounts.md,0
docs/accessanalyzer/11.6/solutions/windows/recommended.md,0
docs/accessanalyzer/11.6/solutions/windows/securityutilities/openportscan/overview.md,0
docs/accessanalyzer/11.6/solutions/windows/securityutilities/openportscan/remoteopenport.md,0
docs/accessanalyzer/11.6/solutions/windows/securityutilities/openportscan/retrievenetstat.md,0
docs/accessanalyzer/11.6/solutions/windows/securityutilities/overview.md,0
docs/accessanalyzer/11.6/solutions/windows/securityutilities/recommended.md,0
docs/accessanalyzer/11.6/solutions/windows/securityutilities/sg_powershellcommands.md,0
docs/accessanalyzer/11.6/solutions/windows/sg_securityassessment.md,0
docs/accessanalyzer/12.0/admin/action/activedirectory/operations/computerdetails.md,0
docs/accessanalyzer/12.0/admin/action/activedirectory/operations/creategroups.md,0
docs/accessanalyzer/12.0/admin/action/activedirectory/operations/createusers.md,0
docs/accessanalyzer/12.0/admin/action/activedirectory/operations/disableenablecomputers.md,0
docs/accessanalyzer/12.0/admin/action/activedirectory/operations/disableenableusers.md,0
docs/accessanalyzer/12.0/admin/action/activedirectory/operations/groupdetails.md,0
docs/accessanalyzer/12.0/admin/action/activedirectory/operations/groupmembership.md,0
docs/accessanalyzer/12.0/admin/action/activedirectory/operations/moveobjects.md,0
docs/accessanalyzer/12.0/admin/action/activedirectory/operations/operations.md,0
docs/accessanalyzer/12.0/admin/action/activedirectory/operations/setresetpassword.md,0
docs/accessanalyzer/12.0/admin/action/activedirectory/operations/sidhistory.md,0
docs/accessanalyzer/12.0/admin/action/activedirectory/operations/usersdetails.md,0
docs/accessanalyzer/12.0/admin/action/activedirectory/options.md,0
docs/accessanalyzer/12.0/admin/action/activedirectory/overview.md,0
docs/accessanalyzer/12.0/admin/action/activedirectory/summary.md,0
docs/accessanalyzer/12.0/admin/action/activedirectory/target.md,0
docs/accessanalyzer/12.0/admin/action/filesystem/action.md,0
docs/accessanalyzer/12.0/admin/action/filesystem/appletsettings.md,0
docs/accessanalyzer/12.0/admin/action/filesystem/destination.md,0
docs/accessanalyzer/12.0/admin/action/filesystem/environment.md,0
docs/accessanalyzer/12.0/admin/action/filesystem/operation.md,0
docs/accessanalyzer/12.0/admin/action/filesystem/options.md,0
docs/accessanalyzer/12.0/admin/action/filesystem/overview.md,0
docs/accessanalyzer/12.0/admin/action/filesystem/parameters/addtags.md,0
docs/accessanalyzer/12.0/admin/action/filesystem/parameters/changeattributes.md,0
docs/accessanalyzer/12.0/admin/action/filesystem/parameters/changeowner.md,0
docs/accessanalyzer/12.0/admin/action/filesystem/parameters/changepermissioninheritance.md,0
docs/accessanalyzer/12.0/admin/action/filesystem/parameters/changepermissionsauditing.md,0
docs/accessanalyzer/12.0/admin/action/filesystem/parameters/changesharepermissions.md,0
docs/accessanalyzer/12.0/admin/action/filesystem/parameters/parameters.md,0
docs/accessanalyzer/12.0/admin/action/filesystem/parameters/removefilepermissions.md,0
docs/accessanalyzer/12.0/admin/action/filesystem/parameters/removesharepermissions.md,0
docs/accessanalyzer/12.0/admin/action/filesystem/parameters/removetags.md,0
docs/accessanalyzer/12.0/admin/action/filesystem/prioractions.md,0
docs/accessanalyzer/12.0/admin/action/filesystem/rollback.md,0
docs/accessanalyzer/12.0/admin/action/filesystem/summary.md,0
docs/accessanalyzer/12.0/admin/action/filesystem/target.md,0
docs/accessanalyzer/12.0/admin/action/libraries.md,0
docs/accessanalyzer/12.0/admin/action/mailbox/affectedmailboxes.md,0
docs/accessanalyzer/12.0/admin/action/mailbox/criteriaselection.md,0
docs/accessanalyzer/12.0/admin/action/mailbox/delegaterights.md,0
docs/accessanalyzer/12.0/admin/action/mailbox/folderconditions.md,0
docs/accessanalyzer/12.0/admin/action/mailbox/folderidentification.md,0
docs/accessanalyzer/12.0/admin/action/mailbox/identification.md,0
docs/accessanalyzer/12.0/admin/action/mailbox/messageactions.md,0
docs/accessanalyzer/12.0/admin/action/mailbox/messageconditions.md,0
docs/accessanalyzer/12.0/admin/action/mailbox/operations.md,0
docs/accessanalyzer/12.0/admin/action/mailbox/overview.md,0
docs/accessanalyzer/12.0/admin/action/mailbox/permissions.md,0
docs/accessanalyzer/12.0/admin/action/mailbox/samplinghost.md,0
docs/accessanalyzer/12.0/admin/action/mailbox/summary.md,0
docs/accessanalyzer/12.0/admin/action/mailbox/trustedusers.md,0
docs/accessanalyzer/12.0/admin/action/overview.md,0
docs/accessanalyzer/12.0/admin/action/powershell/executionoptions.md,0
docs/accessanalyzer/12.0/admin/action/powershell/overview.md,0
docs/accessanalyzer/12.0/admin/action/powershell/script.md,0
docs/accessanalyzer/12.0/admin/action/powershell/summary.md,0
docs/accessanalyzer/12.0/admin/action/publicfolder/action.md,0
docs/accessanalyzer/12.0/admin/action/publicfolder/folders.md,0
docs/accessanalyzer/12.0/admin/action/publicfolder/mapisettings.md,0
docs/accessanalyzer/12.0/admin/action/publicfolder/operations.md,0
docs/accessanalyzer/12.0/admin/action/publicfolder/options.md,0
docs/accessanalyzer/12.0/admin/action/publicfolder/overview.md,0
docs/accessanalyzer/12.0/admin/action/publicfolder/prioractions.md,0
docs/accessanalyzer/12.0/admin/action/publicfolder/rollback.md,0
docs/accessanalyzer/12.0/admin/action/publicfolder/summary.md,0
docs/accessanalyzer/12.0/admin/action/registry/operations.md,0
docs/accessanalyzer/12.0/admin/action/registry/overview.md,0
docs/accessanalyzer/12.0/admin/action/registry/summary.md,0
docs/accessanalyzer/12.0/admin/action/registry/targethosts.md,0
docs/accessanalyzer/12.0/admin/action/sendmail/message.md,0
docs/accessanalyzer/12.0/admin/action/sendmail/overview.md,0
docs/accessanalyzer/12.0/admin/action/sendmail/properties.md,0
docs/accessanalyzer/12.0/admin/action/sendmail/summary.md,0
docs/accessanalyzer/12.0/admin/action/sendmail/viewstatus.md,0
docs/accessanalyzer/12.0/admin/action/servicenow/authentication.md,0
docs/accessanalyzer/12.0/admin/action/servicenow/description.md,0
docs/accessanalyzer/12.0/admin/action/servicenow/incidentcreation.md,0
docs/accessanalyzer/12.0/admin/action/servicenow/overview.md,0
docs/accessanalyzer/12.0/admin/action/servicenow/summary.md,0
docs/accessanalyzer/12.0/admin/action/survey/htmlstyle.md,0
docs/accessanalyzer/12.0/admin/action/survey/introduction.md,0
docs/accessanalyzer/12.0/admin/action/survey/mailmessage.md,0
docs/accessanalyzer/12.0/admin/action/survey/mailproperties.md,0
docs/accessanalyzer/12.0/admin/action/survey/overview.md,0
docs/accessanalyzer/12.0/admin/action/survey/questions.md,0
docs/accessanalyzer/12.0/admin/action/survey/summary.md,0
docs/accessanalyzer/12.0/admin/action/survey/template.md,0
docs/accessanalyzer/12.0/admin/action/survey/testsurvey.md,0
docs/accessanalyzer/12.0/admin/action/survey/webserver.md,0
docs/accessanalyzer/12.0/admin/action/webrequest/destination.md,0
docs/accessanalyzer/12.0/admin/action/webrequest/header.md,0
docs/accessanalyzer/12.0/admin/action/webrequest/overview.md,0
docs/accessanalyzer/12.0/admin/action/webrequest/parameters.md,0
docs/accessanalyzer/12.0/admin/action/webrequest/settings.md,0
docs/accessanalyzer/12.0/admin/action/webrequest/summary.md,0
docs/accessanalyzer/12.0/admin/analysis/autoaction.md,0
docs/accessanalyzer/12.0/admin/analysis/businessrules/appliesto.md,0
docs/accessanalyzer/12.0/admin/analysis/businessrules/logic.md,0
docs/accessanalyzer/12.0/admin/analysis/businessrules/overview.md,0
docs/accessanalyzer/12.0/admin/analysis/businessrules/variables.md,0
docs/accessanalyzer/12.0/admin/analysis/changedetection/additionalfields.md,0
docs/accessanalyzer/12.0/admin/analysis/changedetection/fields.md,0
docs/accessanalyzer/12.0/admin/analysis/changedetection/input.md,0
docs/accessanalyzer/12.0/admin/analysis/changedetection/inputscope.md,0
docs/accessanalyzer/12.0/admin/analysis/changedetection/options.md,0
docs/accessanalyzer/12.0/admin/analysis/changedetection/overview.md,0
docs/accessanalyzer/12.0/admin/analysis/changedetection/resultsample.md,0
docs/accessanalyzer/12.0/admin/analysis/changedetection/summary.md,0
docs/accessanalyzer/12.0/admin/analysis/changedetection/uniquekey.md,0
docs/accessanalyzer/12.0/admin/analysis/notification/changetype.md,0
docs/accessanalyzer/12.0/admin/analysis/notification/commandline.md,0
docs/accessanalyzer/12.0/admin/analysis/notification/criteria.md,0
docs/accessanalyzer/12.0/admin/analysis/notification/eventlog.md,0
docs/accessanalyzer/12.0/admin/analysis/notification/frequency.md,0
docs/accessanalyzer/12.0/admin/analysis/notification/hosts.md,0
docs/accessanalyzer/12.0/admin/analysis/notification/overview.md,0
docs/accessanalyzer/12.0/admin/analysis/notification/selecttable.md,0
docs/accessanalyzer/12.0/admin/analysis/notification/smtp.md,0
docs/accessanalyzer/12.0/admin/analysis/notification/summary.md,0
docs/accessanalyzer/12.0/admin/analysis/notification/tabletype.md,0
docs/accessanalyzer/12.0/admin/analysis/notification/timewindow.md,0
docs/accessanalyzer/12.0/admin/analysis/notification/type.md,0
docs/accessanalyzer/12.0/admin/analysis/overview.md,0
docs/accessanalyzer/12.0/admin/analysis/sqlscripting.md,0
docs/accessanalyzer/12.0/admin/analysis/sqlviewcreation/columns.md,0
docs/accessanalyzer/12.0/admin/analysis/sqlviewcreation/export.md,0
docs/accessanalyzer/12.0/admin/analysis/sqlviewcreation/filter.md,0
docs/accessanalyzer/12.0/admin/analysis/sqlviewcreation/input.md,0
docs/accessanalyzer/12.0/admin/analysis/sqlviewcreation/inputscope.md,0
docs/accessanalyzer/12.0/admin/analysis/sqlviewcreation/joincolumns.md,0
docs/accessanalyzer/12.0/admin/analysis/sqlviewcreation/overview.md,0
docs/accessanalyzer/12.0/admin/analysis/sqlviewcreation/result.md,0
docs/accessanalyzer/12.0/admin/analysis/sqlviewcreation/resultconstraints.md,0
docs/accessanalyzer/12.0/admin/analysis/sqlviewcreation/resultsample.md,0
docs/accessanalyzer/12.0/admin/analysis/sqlviewcreation/summary.md,0
docs/accessanalyzer/12.0/admin/analysis/sqlviewcreation/timewindow.md,0
docs/accessanalyzer/12.0/admin/analysis/vbscripting.md,0
docs/accessanalyzer/12.0/admin/datacollector/activedirectory/category.md,0
docs/accessanalyzer/12.0/admin/datacollector/activedirectory/directoryscope.md,0
docs/accessanalyzer/12.0/admin/datacollector/activedirectory/options.md,0
docs/accessanalyzer/12.0/admin/datacollector/activedirectory/overview.md,0
docs/accessanalyzer/12.0/admin/datacollector/activedirectory/results.md,0
docs/accessanalyzer/12.0/admin/datacollector/activedirectory/summary.md,0
docs/accessanalyzer/12.0/admin/datacollector/adactivity/category.md,0
docs/accessanalyzer/12.0/admin/datacollector/adactivity/cleartables.md,0
docs/accessanalyzer/12.0/admin/datacollector/adactivity/connection.md,0
docs/accessanalyzer/12.0/admin/datacollector/adactivity/overview.md,0
docs/accessanalyzer/12.0/admin/datacollector/adactivity/results.md,0
docs/accessanalyzer/12.0/admin/datacollector/adactivity/scope.md,0
docs/accessanalyzer/12.0/admin/datacollector/adactivity/share.md,0
docs/accessanalyzer/12.0/admin/datacollector/adactivity/standardtables.md,0
docs/accessanalyzer/12.0/admin/datacollector/adactivity/summary.md,0
docs/accessanalyzer/12.0/admin/datacollector/adinventory/category.md,0
docs/accessanalyzer/12.0/admin/datacollector/adinventory/cleartables.md,0
docs/accessanalyzer/12.0/admin/datacollector/adinventory/customattributes.md,0
docs/accessanalyzer/12.0/admin/datacollector/adinventory/domains.md,0
docs/accessanalyzer/12.0/admin/datacollector/adinventory/indexupdateoptions.md,0
docs/accessanalyzer/12.0/admin/datacollector/adinventory/options.md,0
docs/accessanalyzer/12.0/admin/datacollector/adinventory/overview.md,0
docs/accessanalyzer/12.0/admin/datacollector/adinventory/results.md,0
docs/accessanalyzer/12.0/admin/datacollector/adinventory/standardtables.md,0
docs/accessanalyzer/12.0/admin/datacollector/adinventory/summary.md,0
docs/accessanalyzer/12.0/admin/datacollector/adpermissions/category.md,0
docs/accessanalyzer/12.0/admin/datacollector/adpermissions/customfilter.md,0
docs/accessanalyzer/12.0/admin/datacollector/adpermissions/options.md,0
docs/accessanalyzer/12.0/admin/datacollector/adpermissions/overview.md,0
docs/accessanalyzer/12.0/admin/datacollector/adpermissions/removetables.md,0
docs/accessanalyzer/12.0/admin/datacollector/adpermissions/results.md,0
docs/accessanalyzer/12.0/admin/datacollector/adpermissions/scope.md,0
docs/accessanalyzer/12.0/admin/datacollector/adpermissions/standardtables.md,0
docs/accessanalyzer/12.0/admin/datacollector/adpermissions/summary.md,0
docs/accessanalyzer/12.0/admin/datacollector/aws/category.md,0
docs/accessanalyzer/12.0/admin/datacollector/aws/criteria.md,0
docs/accessanalyzer/12.0/admin/datacollector/aws/droptables.md,0
docs/accessanalyzer/12.0/admin/datacollector/aws/filters3objects.md,0
docs/accessanalyzer/12.0/admin/datacollector/aws/loginroles.md,0
docs/accessanalyzer/12.0/admin/datacollector/aws/overview.md,0
docs/accessanalyzer/12.0/admin/datacollector/aws/results.md,0
docs/accessanalyzer/12.0/admin/datacollector/aws/sensitivedata.md,0
docs/accessanalyzer/12.0/admin/datacollector/aws/summary.md,0
docs/accessanalyzer/12.0/admin/datacollector/azureadinventory/category.md,0
docs/accessanalyzer/12.0/admin/datacollector/azureadinventory/configurejob.md,0
docs/accessanalyzer/12.0/admin/datacollector/azureadinventory/customattributes.md,0
docs/accessanalyzer/12.0/admin/datacollector/azureadinventory/options.md,0
docs/accessanalyzer/12.0/admin/datacollector/azureadinventory/overview.md,0
docs/accessanalyzer/12.0/admin/datacollector/azureadinventory/results.md,0
docs/accessanalyzer/12.0/admin/datacollector/azureadinventory/standardtables.md,0
docs/accessanalyzer/12.0/admin/datacollector/azureadinventory/summary.md,0
docs/accessanalyzer/12.0/admin/datacollector/azureadinventory/troubleshooting.md,0
docs/accessanalyzer/12.0/admin/datacollector/box/activityoperationscope.md,0
docs/accessanalyzer/12.0/admin/datacollector/box/activitytimeframescope.md,0
docs/accessanalyzer/12.0/admin/datacollector/box/additionalscoping.md,0
docs/accessanalyzer/12.0/admin/datacollector/box/authenticate.md,0
docs/accessanalyzer/12.0/admin/datacollector/box/category.md,0
docs/accessanalyzer/12.0/admin/datacollector/box/exclusions.md,0
docs/accessanalyzer/12.0/admin/datacollector/box/overview.md,0
docs/accessanalyzer/12.0/admin/datacollector/box/results.md,0
docs/accessanalyzer/12.0/admin/datacollector/box/scopebyuser.md,0
docs/accessanalyzer/12.0/admin/datacollector/box/standardtables.md,0
docs/accessanalyzer/12.0/admin/datacollector/box/summary.md,0
docs/accessanalyzer/12.0/admin/datacollector/commandlineutility/definefields.md,0
docs/accessanalyzer/12.0/admin/datacollector/commandlineutility/executionoptions.md,0
docs/accessanalyzer/12.0/admin/datacollector/commandlineutility/overview.md,0
docs/accessanalyzer/12.0/admin/datacollector/commandlineutility/profileparameters.md,0
docs/accessanalyzer/12.0/admin/datacollector/commandlineutility/profiletype.md,0
docs/accessanalyzer/12.0/admin/datacollector/commandlineutility/results.md,0
docs/accessanalyzer/12.0/admin/datacollector/commandlineutility/scripteditor.md,0
docs/accessanalyzer/12.0/admin/datacollector/commandlineutility/summary.md,0
docs/accessanalyzer/12.0/admin/datacollector/diskinfo/overview.md,0
docs/accessanalyzer/12.0/admin/datacollector/diskinfo/results.md,0
docs/accessanalyzer/12.0/admin/datacollector/diskinfo/summary.md,0
docs/accessanalyzer/12.0/admin/datacollector/diskinfo/targetdisks.md,0
docs/accessanalyzer/12.0/admin/datacollector/dns/category.md,0
docs/accessanalyzer/12.0/admin/datacollector/dns/overview.md,0
docs/accessanalyzer/12.0/admin/datacollector/dns/results.md,0
docs/accessanalyzer/12.0/admin/datacollector/dns/summary.md,0
docs/accessanalyzer/12.0/admin/datacollector/dropboxaccess/category.md,0
docs/accessanalyzer/12.0/admin/datacollector/dropboxaccess/completion.md,0
docs/accessanalyzer/12.0/admin/datacollector/dropboxaccess/configurejob.md,0
docs/accessanalyzer/12.0/admin/datacollector/dropboxaccess/dlpauditsettings.md,0
docs/accessanalyzer/12.0/admin/datacollector/dropboxaccess/overview.md,0
docs/accessanalyzer/12.0/admin/datacollector/dropboxaccess/scanoptions.md,0
docs/accessanalyzer/12.0/admin/datacollector/dropboxaccess/scoping.md,0
docs/accessanalyzer/12.0/admin/datacollector/dropboxaccess/selectdlpcriteria.md,0
docs/accessanalyzer/12.0/admin/datacollector/dropboxaccess/standardtables.md,0
docs/accessanalyzer/12.0/admin/datacollector/entra/options.md,0
docs/accessanalyzer/12.0/admin/datacollector/entra/overview.md,0
docs/accessanalyzer/12.0/admin/datacollector/entra/results.md,0
docs/accessanalyzer/12.0/admin/datacollector/entra/summary.md,0
docs/accessanalyzer/12.0/admin/datacollector/eventlog.md,0
docs/accessanalyzer/12.0/admin/datacollector/ewsmailbox/category.md,0
docs/accessanalyzer/12.0/admin/datacollector/ewsmailbox/criteria.md,0
docs/accessanalyzer/12.0/admin/datacollector/ewsmailbox/filter.md,0
docs/accessanalyzer/12.0/admin/datacollector/ewsmailbox/options.md,0
docs/accessanalyzer/12.0/admin/datacollector/ewsmailbox/overview.md,0
docs/accessanalyzer/12.0/admin/datacollector/ewsmailbox/results.md,0
docs/accessanalyzer/12.0/admin/datacollector/ewsmailbox/scope.md,0
docs/accessanalyzer/12.0/admin/datacollector/ewsmailbox/scopeselect.md,0
docs/accessanalyzer/12.0/admin/datacollector/ewsmailbox/sddoptions.md,0
docs/accessanalyzer/12.0/admin/datacollector/ewsmailbox/searchfilter/bodyoptions.md,0
docs/accessanalyzer/12.0/admin/datacollector/ewsmailbox/searchfilter/filterwizard.md,0
docs/accessanalyzer/12.0/admin/datacollector/ewsmailbox/searchfilter/folderconditions.md,0
docs/accessanalyzer/12.0/admin/datacollector/ewsmailbox/searchfilter/messageconditions.md,0
docs/accessanalyzer/12.0/admin/datacollector/ewsmailbox/searchfilter/savefilter.md,0
docs/accessanalyzer/12.0/admin/datacollector/ewsmailbox/searchfilter/searchfilter.md,0
docs/accessanalyzer/12.0/admin/datacollector/ewsmailbox/summary.md,0
docs/accessanalyzer/12.0/admin/datacollector/ewspublicfolder/category.md,0
docs/accessanalyzer/12.0/admin/datacollector/ewspublicfolder/critieria.md,0
docs/accessanalyzer/12.0/admin/datacollector/ewspublicfolder/filter.md,0
docs/accessanalyzer/12.0/admin/datacollector/ewspublicfolder/options.md,0
docs/accessanalyzer/12.0/admin/datacollector/ewspublicfolder/overview.md,0
docs/accessanalyzer/12.0/admin/datacollector/ewspublicfolder/results.md,0
docs/accessanalyzer/12.0/admin/datacollector/ewspublicfolder/sddoptions.md,0
docs/accessanalyzer/12.0/admin/datacollector/ewspublicfolder/searchfilter/bodyoptions.md,0
docs/accessanalyzer/12.0/admin/datacollector/ewspublicfolder/searchfilter/filterwizard.md,0
docs/accessanalyzer/12.0/admin/datacollector/ewspublicfolder/searchfilter/folderconditions.md,0
docs/accessanalyzer/12.0/admin/datacollector/ewspublicfolder/searchfilter/messageconditions.md,0
docs/accessanalyzer/12.0/admin/datacollector/ewspublicfolder/searchfilter/savefilter.md,0
docs/accessanalyzer/12.0/admin/datacollector/ewspublicfolder/searchfilter/searchfilter.md,0
docs/accessanalyzer/12.0/admin/datacollector/ewspublicfolder/summary.md,0
docs/accessanalyzer/12.0/admin/datacollector/exchange2k/category.md,0
docs/accessanalyzer/12.0/admin/datacollector/exchange2k/mapisettings.md,0
docs/accessanalyzer/12.0/admin/datacollector/exchange2k/options.md,0
docs/accessanalyzer/12.0/admin/datacollector/exchange2k/overview.md,0
docs/accessanalyzer/12.0/admin/datacollector/exchange2k/results.md,0
docs/accessanalyzer/12.0/admin/datacollector/exchange2k/scope.md,0
docs/accessanalyzer/12.0/admin/datacollector/exchange2k/summary.md,0
docs/accessanalyzer/12.0/admin/datacollector/exchangemailbox/category.md,0
docs/accessanalyzer/12.0/admin/datacollector/exchangemailbox/options.md,0
docs/accessanalyzer/12.0/admin/datacollector/exchangemailbox/overview.md,0
docs/accessanalyzer/12.0/admin/datacollector/exchangemailbox/properties.md,0
docs/accessanalyzer/12.0/admin/datacollector/exchangemailbox/scope.md,0
docs/accessanalyzer/12.0/admin/datacollector/exchangemailbox/sddcriteria.md,0
docs/accessanalyzer/12.0/admin/datacollector/exchangemailbox/summary.md,0
docs/accessanalyzer/12.0/admin/datacollector/exchangemetrics/category.md,0
docs/accessanalyzer/12.0/admin/datacollector/exchangemetrics/collectmode.md,0
docs/accessanalyzer/12.0/admin/datacollector/exchangemetrics/messageactivityfilter.md,0
docs/accessanalyzer/12.0/admin/datacollector/exchangemetrics/messagesizes.md,0
docs/accessanalyzer/12.0/admin/datacollector/exchangemetrics/options.md,0
docs/accessanalyzer/12.0/admin/datacollector/exchangemetrics/overview.md,0
docs/accessanalyzer/12.0/admin/datacollector/exchangemetrics/results.md,0
docs/accessanalyzer/12.0/admin/datacollector/exchangemetrics/scope.md,0
docs/accessanalyzer/12.0/admin/datacollector/exchangemetrics/summary.md,0
docs/accessanalyzer/12.0/admin/datacollector/exchangemetrics/timeframes.md,0
docs/accessanalyzer/12.0/admin/datacollector/exchangeps/category.md,0
docs/accessanalyzer/12.0/admin/datacollector/exchangeps/configurejob.md,0
docs/accessanalyzer/12.0/admin/datacollector/exchangeps/errorlogging.md,0
docs/accessanalyzer/12.0/admin/datacollector/exchangeps/filtermessage.md,0
docs/accessanalyzer/12.0/admin/datacollector/exchangeps/mailboxlogons.md,0
docs/accessanalyzer/12.0/admin/datacollector/exchangeps/mailflow.md,0
docs/accessanalyzer/12.0/admin/datacollector/exchangeps/options.md,0
docs/accessanalyzer/12.0/admin/datacollector/exchangeps/overview.md,0
docs/accessanalyzer/12.0/admin/datacollector/exchangeps/results.md,0
docs/accessanalyzer/12.0/admin/datacollector/exchangeps/scope.md,0
docs/accessanalyzer/12.0/admin/datacollector/exchangeps/scopedatabases.md,0
docs/accessanalyzer/12.0/admin/datacollector/exchangeps/scopemailboxes.md,0
docs/accessanalyzer/12.0/admin/datacollector/exchangeps/scopepublicfolders.md,0
docs/accessanalyzer/12.0/admin/datacollector/exchangeps/summary.md,0
docs/accessanalyzer/12.0/admin/datacollector/exchangepublicfolder/category.md,0
docs/accessanalyzer/12.0/admin/datacollector/exchangepublicfolder/options.md,0
docs/accessanalyzer/12.0/admin/datacollector/exchangepublicfolder/overview.md,0
docs/accessanalyzer/12.0/admin/datacollector/exchangepublicfolder/probableowner.md,0
docs/accessanalyzer/12.0/admin/datacollector/exchangepublicfolder/properties.md,0
docs/accessanalyzer/12.0/admin/datacollector/exchangepublicfolder/scope.md,0
docs/accessanalyzer/12.0/admin/datacollector/exchangepublicfolder/summary.md,0
docs/accessanalyzer/12.0/admin/datacollector/file/category.md,0
docs/accessanalyzer/12.0/admin/datacollector/file/overview.md,0
docs/accessanalyzer/12.0/admin/datacollector/file/results.md,0
docs/accessanalyzer/12.0/admin/datacollector/file/summary.md,0
docs/accessanalyzer/12.0/admin/datacollector/file/targetfiles.md,0
docs/accessanalyzer/12.0/admin/datacollector/fsaa/activitysettings.md,0
docs/accessanalyzer/12.0/admin/datacollector/fsaa/azuretenantmapping.md,0
docs/accessanalyzer/12.0/admin/datacollector/fsaa/bulkimport.md,0
docs/accessanalyzer/12.0/admin/datacollector/fsaa/certificatemanagement/certificateauthority.md,0
docs/accessanalyzer/12.0/admin/datacollector/fsaa/certificatemanagement/certificatemanagement.md,0
docs/accessanalyzer/12.0/admin/datacollector/fsaa/certificatemanagement/manualcertificate.md,0
docs/accessanalyzer/12.0/admin/datacollector/fsaa/defaultscopingoptions/defaultscopingoptions.md,0
docs/accessanalyzer/12.0/admin/datacollector/fsaa/defaultscopingoptions/filedetails.md,0
docs/accessanalyzer/12.0/admin/datacollector/fsaa/defaultscopingoptions/fileproperties.md,0
docs/accessanalyzer/12.0/admin/datacollector/fsaa/defaultscopingoptions/scansettings.md,0
docs/accessanalyzer/12.0/admin/datacollector/fsaa/overview.md,0
docs/accessanalyzer/12.0/admin/datacollector/fsaa/queryselection.md,0
docs/accessanalyzer/12.0/admin/datacollector/fsaa/scanserverselection.md,0
docs/accessanalyzer/12.0/admin/datacollector/fsaa/scansettings.md,0
docs/accessanalyzer/12.0/admin/datacollector/fsaa/scopingoptions.md,0
docs/accessanalyzer/12.0/admin/datacollector/fsaa/scopingqueries.md,0
docs/accessanalyzer/12.0/admin/datacollector/fsaa/sddcriteria.md,0
docs/accessanalyzer/12.0/admin/datacollector/fsaa/sensitivedatasettings.md,0
docs/accessanalyzer/12.0/admin/datacollector/fsaa/standardtables.md,0
docs/accessanalyzer/12.0/admin/datacollector/fsaa/workflows.md,0
docs/accessanalyzer/12.0/admin/datacollector/grouppolicy/category.md,0
docs/accessanalyzer/12.0/admin/datacollector/grouppolicy/options.md,0
docs/accessanalyzer/12.0/admin/datacollector/grouppolicy/overview.md,0
docs/accessanalyzer/12.0/admin/datacollector/grouppolicy/policieslist.md,0
docs/accessanalyzer/12.0/admin/datacollector/grouppolicy/summary.md,0
docs/accessanalyzer/12.0/admin/datacollector/grouppolicy/target.md,0
docs/accessanalyzer/12.0/admin/datacollector/inifile/overview.md,0
docs/accessanalyzer/12.0/admin/datacollector/inifile/properties.md,0
docs/accessanalyzer/12.0/admin/datacollector/inifile/summary.md,0
docs/accessanalyzer/12.0/admin/datacollector/inifile/targetfiles.md,0
docs/accessanalyzer/12.0/admin/datacollector/ldap.md,0
docs/accessanalyzer/12.0/admin/datacollector/nis/category.md,0
docs/accessanalyzer/12.0/admin/datacollector/nis/configurejob.md,0
docs/accessanalyzer/12.0/admin/datacollector/nis/overview.md,0
docs/accessanalyzer/12.0/admin/datacollector/nis/query.md,0
docs/accessanalyzer/12.0/admin/datacollector/nis/results.md,0
docs/accessanalyzer/12.0/admin/datacollector/nis/settings.md,0
docs/accessanalyzer/12.0/admin/datacollector/nis/sidmappings.md,0
docs/accessanalyzer/12.0/admin/datacollector/nis/standardtables.md,0
docs/accessanalyzer/12.0/admin/datacollector/nis/summary.md,0
docs/accessanalyzer/12.0/admin/datacollector/nosql/category.md,0
docs/accessanalyzer/12.0/admin/datacollector/nosql/configurejob.md,0
docs/accessanalyzer/12.0/admin/datacollector/nosql/criteria.md,0
docs/accessanalyzer/12.0/admin/datacollector/nosql/filter.md,0
docs/accessanalyzer/12.0/admin/datacollector/nosql/options.md,0
docs/accessanalyzer/12.0/admin/datacollector/nosql/overview.md,0
docs/accessanalyzer/12.0/admin/datacollector/nosql/results.md,0
docs/accessanalyzer/12.0/admin/datacollector/nosql/summary.md,0
docs/accessanalyzer/12.0/admin/datacollector/overview.md,0
docs/accessanalyzer/12.0/admin/datacollector/passwordsecurity/category.md,0
docs/accessanalyzer/12.0/admin/datacollector/passwordsecurity/dictionaries.md,0
docs/accessanalyzer/12.0/admin/datacollector/passwordsecurity/options.md,0
docs/accessanalyzer/12.0/admin/datacollector/passwordsecurity/overview.md,0
docs/accessanalyzer/12.0/admin/datacollector/passwordsecurity/results.md,0
docs/accessanalyzer/12.0/admin/datacollector/passwordsecurity/summary.md,0
docs/accessanalyzer/12.0/admin/datacollector/permissionmatrix.md,0
docs/accessanalyzer/12.0/admin/datacollector/powershell/editquery.md,0
docs/accessanalyzer/12.0/admin/datacollector/powershell/options.md,0
docs/accessanalyzer/12.0/admin/datacollector/powershell/overview.md,0
docs/accessanalyzer/12.0/admin/datacollector/powershell/results.md,0
docs/accessanalyzer/12.0/admin/datacollector/powershell/sampleserver.md,0
docs/accessanalyzer/12.0/admin/datacollector/powershell/summary.md,0
docs/accessanalyzer/12.0/admin/datacollector/registry.md,0
docs/accessanalyzer/12.0/admin/datacollector/script/add.md,0
docs/accessanalyzer/12.0/admin/datacollector/script/editor.md,0
docs/accessanalyzer/12.0/admin/datacollector/script/example1.md,0
docs/accessanalyzer/12.0/admin/datacollector/script/example2.md,0
docs/accessanalyzer/12.0/admin/datacollector/script/methodsproperties.md,0
docs/accessanalyzer/12.0/admin/datacollector/script/overview.md,0
docs/accessanalyzer/12.0/admin/datacollector/script/properties.md,0
docs/accessanalyzer/12.0/admin/datacollector/script/reference.md,0
docs/accessanalyzer/12.0/admin/datacollector/script/run.md,0
docs/accessanalyzer/12.0/admin/datacollector/services.md,0
docs/accessanalyzer/12.0/admin/datacollector/smartlog/collectionmethod.md,0
docs/accessanalyzer/12.0/admin/datacollector/smartlog/criteria.md,0
docs/accessanalyzer/12.0/admin/datacollector/smartlog/eventlogoptions.md,0
docs/accessanalyzer/12.0/admin/datacollector/smartlog/logstate.md,0
docs/accessanalyzer/12.0/admin/datacollector/smartlog/logtype.md,0
docs/accessanalyzer/12.0/admin/datacollector/smartlog/overview.md,0
docs/accessanalyzer/12.0/admin/datacollector/smartlog/results.md,0
docs/accessanalyzer/12.0/admin/datacollector/smartlog/samplehost.md,0
docs/accessanalyzer/12.0/admin/datacollector/smartlog/summary.md,0
docs/accessanalyzer/12.0/admin/datacollector/smartlog/targetlog/filedetectionlog.md,0
docs/accessanalyzer/12.0/admin/datacollector/smartlog/targetlog/targetlog.md,0
docs/accessanalyzer/12.0/admin/datacollector/smartlog/targetlog/windowseventlog.md,0
docs/accessanalyzer/12.0/admin/datacollector/spaa/activitydatescope.md,0
docs/accessanalyzer/12.0/admin/datacollector/spaa/activityloglocations.md,0
docs/accessanalyzer/12.0/admin/datacollector/spaa/additionalscoping.md,0
docs/accessanalyzer/12.0/admin/datacollector/spaa/agentsettings.md,0
docs/accessanalyzer/12.0/admin/datacollector/spaa/bulkimportsettings.md,0
docs/accessanalyzer/12.0/admin/datacollector/spaa/category.md,0
docs/accessanalyzer/12.0/admin/datacollector/spaa/configurejob.md,0
docs/accessanalyzer/12.0/admin/datacollector/spaa/dlpauditsettings.md,0
docs/accessanalyzer/12.0/admin/datacollector/spaa/droptables.md,0
docs/accessanalyzer/12.0/admin/datacollector/spaa/overview.md,0
docs/accessanalyzer/12.0/admin/datacollector/spaa/results.md,0
docs/accessanalyzer/12.0/admin/datacollector/spaa/scanscopingoptions.md,0
docs/accessanalyzer/12.0/admin/datacollector/spaa/selectdlpcriteria.md,0
docs/accessanalyzer/12.0/admin/datacollector/spaa/settings.md,0
docs/accessanalyzer/12.0/admin/datacollector/spaa/standardtables.md,0
docs/accessanalyzer/12.0/admin/datacollector/spaa/summary.md,0
docs/accessanalyzer/12.0/admin/datacollector/spaa/testaccess.md,0
docs/accessanalyzer/12.0/admin/datacollector/sql/category.md,0
docs/accessanalyzer/12.0/admin/datacollector/sql/configurejob.md,0
docs/accessanalyzer/12.0/admin/datacollector/sql/criteria.md,0
docs/accessanalyzer/12.0/admin/datacollector/sql/customqueryoracle.md,0
docs/accessanalyzer/12.0/admin/datacollector/sql/customquerysql.md,0
docs/accessanalyzer/12.0/admin/datacollector/sql/filter.md,0
docs/accessanalyzer/12.0/admin/datacollector/sql/options.md,0
docs/accessanalyzer/12.0/admin/datacollector/sql/overview.md,0
docs/accessanalyzer/12.0/admin/datacollector/sql/results.md,0
docs/accessanalyzer/12.0/admin/datacollector/sql/rowkey.md,0
docs/accessanalyzer/12.0/admin/datacollector/sql/settings.md,0
docs/accessanalyzer/12.0/admin/datacollector/sql/summary.md,0
docs/accessanalyzer/12.0/admin/datacollector/systeminfo/category.md,0
docs/accessanalyzer/12.0/admin/datacollector/systeminfo/filetypes.md,0
docs/accessanalyzer/12.0/admin/datacollector/systeminfo/jobscope.md,0
docs/accessanalyzer/12.0/admin/datacollector/systeminfo/options.md,0
docs/accessanalyzer/12.0/admin/datacollector/systeminfo/overview.md,0
docs/accessanalyzer/12.0/admin/datacollector/systeminfo/probableowner.md,0
docs/accessanalyzer/12.0/admin/datacollector/systeminfo/results.md,0
docs/accessanalyzer/12.0/admin/datacollector/systeminfo/shareslist.md,0
docs/accessanalyzer/12.0/admin/datacollector/systeminfo/summary.md,0
docs/accessanalyzer/12.0/admin/datacollector/systeminfo/vipmembership.md,0
docs/accessanalyzer/12.0/admin/datacollector/textsearch/advancedcriteria.md,0
docs/accessanalyzer/12.0/admin/datacollector/textsearch/overview.md,0
docs/accessanalyzer/12.0/admin/datacollector/textsearch/results.md,0
docs/accessanalyzer/12.0/admin/datacollector/textsearch/searchcriteria.md,0
docs/accessanalyzer/12.0/admin/datacollector/textsearch/sourcefiles.md,0
docs/accessanalyzer/12.0/admin/datacollector/textsearch/summary.md,0
docs/accessanalyzer/12.0/admin/datacollector/unix/editscript.md,0
docs/accessanalyzer/12.0/admin/datacollector/unix/input.md,0
docs/accessanalyzer/12.0/admin/datacollector/unix/overview.md,0
docs/accessanalyzer/12.0/admin/datacollector/unix/parsing.md,0
docs/accessanalyzer/12.0/admin/datacollector/unix/results.md,0
docs/accessanalyzer/12.0/admin/datacollector/unix/settings.md,0
docs/accessanalyzer/12.0/admin/datacollector/usersgroups/overview.md,0
docs/accessanalyzer/12.0/admin/datacollector/usersgroups/results/groups.md,0
docs/accessanalyzer/12.0/admin/datacollector/usersgroups/results/results.md,0
docs/accessanalyzer/12.0/admin/datacollector/usersgroups/results/security.md,0
docs/accessanalyzer/12.0/admin/datacollector/usersgroups/results/users.md,0
docs/accessanalyzer/12.0/admin/datacollector/usersgroups/summary.md,0
docs/accessanalyzer/12.0/admin/datacollector/wmicollector/classes.md,0
docs/accessanalyzer/12.0/admin/datacollector/wmicollector/overview.md,0
docs/accessanalyzer/12.0/admin/datacollector/wmicollector/properties.md,0
docs/accessanalyzer/12.0/admin/datacollector/wmicollector/samplehost.md,0
docs/accessanalyzer/12.0/admin/datacollector/wmicollector/summary.md,0
docs/accessanalyzer/12.0/admin/hostdiscovery/activities.md,0
docs/accessanalyzer/12.0/admin/hostdiscovery/log.md,0
docs/accessanalyzer/12.0/admin/hostdiscovery/overview.md,0
docs/accessanalyzer/12.0/admin/hostdiscovery/queries.md,0
docs/accessanalyzer/12.0/admin/hostdiscovery/wizard/addomaincontrollers.md,0
docs/accessanalyzer/12.0/admin/hostdiscovery/wizard/adexchange.md,0
docs/accessanalyzer/12.0/admin/hostdiscovery/wizard/adgeneral.md,0
docs/accessanalyzer/12.0/admin/hostdiscovery/wizard/csv.md,0
docs/accessanalyzer/12.0/admin/hostdiscovery/wizard/database.md,0
docs/accessanalyzer/12.0/admin/hostdiscovery/wizard/ipnetwork.md,0
docs/accessanalyzer/12.0/admin/hostdiscovery/wizard/overview.md,0
docs/accessanalyzer/12.0/admin/hostmanagement/actions/add.md,0
docs/accessanalyzer/12.0/admin/hostmanagement/actions/deletehost.md,0
docs/accessanalyzer/12.0/admin/hostmanagement/actions/deletelist.md,0
docs/accessanalyzer/12.0/admin/hostmanagement/actions/editlist.md,0
docs/accessanalyzer/12.0/admin/hostmanagement/actions/editquery.md,0
docs/accessanalyzer/12.0/admin/hostmanagement/actions/export.md,0
docs/accessanalyzer/12.0/admin/hostmanagement/actions/importhost.md,0
docs/accessanalyzer/12.0/admin/hostmanagement/actions/importlocation.md,0
docs/accessanalyzer/12.0/admin/hostmanagement/actions/overview.md,0
docs/accessanalyzer/12.0/admin/hostmanagement/actions/refresh.md,0
docs/accessanalyzer/12.0/admin/hostmanagement/actions/rename.md,0
docs/accessanalyzer/12.0/admin/hostmanagement/actions/savetolist.md,0
docs/accessanalyzer/12.0/admin/hostmanagement/actions/saveview.md,0
docs/accessanalyzer/12.0/admin/hostmanagement/actions/schedule.md,0
docs/accessanalyzer/12.0/admin/hostmanagement/actions/suspend.md,0
docs/accessanalyzer/12.0/admin/hostmanagement/actions/viewhost.md,0
docs/accessanalyzer/12.0/admin/hostmanagement/actions/viewquery.md,0
docs/accessanalyzer/12.0/admin/hostmanagement/datagrid.md,0
docs/accessanalyzer/12.0/admin/hostmanagement/lists.md,0
docs/accessanalyzer/12.0/admin/hostmanagement/overview.md,0
docs/accessanalyzer/12.0/admin/jobs/features.md,0
docs/accessanalyzer/12.0/admin/jobs/group/overview.md,0
docs/accessanalyzer/12.0/admin/jobs/group/settings/connection.md,0
docs/accessanalyzer/12.0/admin/jobs/group/settings/history.md,0
docs/accessanalyzer/12.0/admin/jobs/group/settings/hostlistsassignment.md,0
docs/accessanalyzer/12.0/admin/jobs/group/settings/reporting.md,0
docs/accessanalyzer/12.0/admin/jobs/group/settings/settings.md,0
docs/accessanalyzer/12.0/admin/jobs/group/settings/storage.md,0
docs/accessanalyzer/12.0/admin/jobs/instantiate.md,0
docs/accessanalyzer/12.0/admin/jobs/instantjobs/ad_passwordexpirationnotification.md,0
docs/accessanalyzer/12.0/admin/jobs/instantjobs/ex_registerazureappauth.md,0
docs/accessanalyzer/12.0/admin/jobs/instantjobs/fs_defend_sdd.md,0
docs/accessanalyzer/12.0/admin/jobs/instantjobs/fs_migrateschema.md,0
docs/accessanalyzer/12.0/admin/jobs/instantjobs/fs_sdd_delete.md,0
docs/accessanalyzer/12.0/admin/jobs/instantjobs/overview.md,0
docs/accessanalyzer/12.0/admin/jobs/instantjobs/sas_executionstatistics.md,0
docs/accessanalyzer/12.0/admin/jobs/instantjobs/sp_registerazureappauth.md,0
docs/accessanalyzer/12.0/admin/jobs/instantjobs/sp_removehost.md,0
docs/accessanalyzer/12.0/admin/jobs/job/configure/actions.md,0
docs/accessanalyzer/12.0/admin/jobs/job/configure/analysis/analysis.md,0
docs/accessanalyzer/12.0/admin/jobs/job/configure/analysis/analysiscustomizableparameters.md,0
docs/accessanalyzer/12.0/admin/jobs/job/configure/hosts.md,0
docs/accessanalyzer/12.0/admin/jobs/job/configure/overview.md,0
docs/accessanalyzer/12.0/admin/jobs/job/configure/queries.md,0
docs/accessanalyzer/12.0/admin/jobs/job/configure/reports.md,0
docs/accessanalyzer/12.0/admin/jobs/job/create.md,0
docs/accessanalyzer/12.0/admin/jobs/job/disableenable.md,0
docs/accessanalyzer/12.0/admin/jobs/job/overview.md,0
docs/accessanalyzer/12.0/admin/jobs/job/properties/autoretry.md,0
docs/accessanalyzer/12.0/admin/jobs/job/properties/connection.md,0
docs/accessanalyzer/12.0/admin/jobs/job/properties/general.md,0
docs/accessanalyzer/12.0/admin/jobs/job/properties/history.md,0
docs/accessanalyzer/12.0/admin/jobs/job/properties/notification.md,0
docs/accessanalyzer/12.0/admin/jobs/job/properties/overview.md,0
docs/accessanalyzer/12.0/admin/jobs/job/properties/performance.md,0
docs/accessanalyzer/12.0/admin/jobs/job/properties/reportroles.md,0
docs/accessanalyzer/12.0/admin/jobs/job/properties/reportsettings.md,0
docs/accessanalyzer/12.0/admin/jobs/job/properties/storage.md,0
docs/accessanalyzer/12.0/admin/jobs/job/properties/viewxml.md,0
docs/accessanalyzer/12.0/admin/jobs/job/results.md,0
docs/accessanalyzer/12.0/admin/jobs/job/status.md,0
docs/accessanalyzer/12.0/admin/jobs/overview.md,0
docs/accessanalyzer/12.0/admin/maintenance/antivirusexclusions.md,0
docs/accessanalyzer/12.0/admin/maintenance/backuprecovery.md,0
docs/accessanalyzer/12.0/admin/maintenance/bestpractices.md,0
docs/accessanalyzer/12.0/admin/maintenance/overview.md,0
docs/accessanalyzer/12.0/admin/maintenance/troubleshooting.md,0
docs/accessanalyzer/12.0/admin/maintenance/updatepasswords.md,0
docs/accessanalyzer/12.0/admin/navigate/activitiespane.md,0
docs/accessanalyzer/12.0/admin/navigate/datagrid.md,0
docs/accessanalyzer/12.0/admin/navigate/overview.md,0
docs/accessanalyzer/12.0/admin/navigate/pane.md,0
docs/accessanalyzer/12.0/admin/navigate/resultspane.md,0
docs/accessanalyzer/12.0/admin/navigate/top.md,0
docs/accessanalyzer/12.0/admin/overview.md,0
docs/accessanalyzer/12.0/admin/report/chartwizard/chartformat.md,0
docs/accessanalyzer/12.0/admin/report/chartwizard/configure.md,0
docs/accessanalyzer/12.0/admin/report/chartwizard/datasource.md,0
docs/accessanalyzer/12.0/admin/report/chartwizard/overview.md,0
docs/accessanalyzer/12.0/admin/report/cleanup.md,0
docs/accessanalyzer/12.0/admin/report/create.md,0
docs/accessanalyzer/12.0/admin/report/edit.md,0
docs/accessanalyzer/12.0/admin/report/interactivegrids/copyingcells.md,0
docs/accessanalyzer/12.0/admin/report/interactivegrids/grouping.md,0
docs/accessanalyzer/12.0/admin/report/interactivegrids/overview.md,0
docs/accessanalyzer/12.0/admin/report/interactivegrids/paging.md,0
docs/accessanalyzer/12.0/admin/report/interactivegrids/searchfilter.md,0
docs/accessanalyzer/12.0/admin/report/overview.md,0
docs/accessanalyzer/12.0/admin/report/tags.md,0
docs/accessanalyzer/12.0/admin/report/view.md,0
docs/accessanalyzer/12.0/admin/report/wizard/authoring.md,0
docs/accessanalyzer/12.0/admin/report/wizard/email.md,0
docs/accessanalyzer/12.0/admin/report/wizard/layout.md,0
docs/accessanalyzer/12.0/admin/report/wizard/overview.md,0
docs/accessanalyzer/12.0/admin/report/wizard/publishsecurity.md,0
docs/accessanalyzer/12.0/admin/report/wizard/widgets.md,0
docs/accessanalyzer/12.0/admin/runninginstances/jobdetails.md,0
docs/accessanalyzer/12.0/admin/runninginstances/overview.md,0
docs/accessanalyzer/12.0/admin/schedule/overview.md,0
docs/accessanalyzer/12.0/admin/schedule/renamewizard.md,0
docs/accessanalyzer/12.0/admin/schedule/wizard.md,0
docs/accessanalyzer/12.0/admin/schema/overview.md,0
docs/accessanalyzer/12.0/admin/schema/sqldc/coretables/overview.md,0
docs/accessanalyzer/12.0/admin/schema/sqldc/enumeration/overview.md,0
docs/accessanalyzer/12.0/admin/schema/sqldc/erd/overview.md,0
docs/accessanalyzer/12.0/admin/schema/sqldc/functions/overview.md,0
docs/accessanalyzer/12.0/admin/schema/sqldc/indexreference/overview.md,0
docs/accessanalyzer/12.0/admin/schema/sqldc/overview.md,0
docs/accessanalyzer/12.0/admin/schema/sqldc/reportingtables/overview.md,0
docs/accessanalyzer/12.0/admin/schema/sqldc/views/overview.md,0
docs/accessanalyzer/12.0/admin/settings/access/overview.md,0
docs/accessanalyzer/12.0/admin/settings/access/restapi/assignappaccess.md,0
docs/accessanalyzer/12.0/admin/settings/access/restapi/getdata.md,0
docs/accessanalyzer/12.0/admin/settings/access/restapi/obtaintoken.md,0
docs/accessanalyzer/12.0/admin/settings/access/restapi/overview.md,0
docs/accessanalyzer/12.0/admin/settings/access/restapi/powershellcommands.md,0
docs/accessanalyzer/12.0/admin/settings/access/restapi/refreshtoken.md,0
docs/accessanalyzer/12.0/admin/settings/access/rolebased/assignroles.md,0
docs/accessanalyzer/12.0/admin/settings/access/rolebased/configureroles.md,0
docs/accessanalyzer/12.0/admin/settings/access/rolebased/customroles.md,0
docs/accessanalyzer/12.0/admin/settings/access/rolebased/eventlog.md,0
docs/accessanalyzer/12.0/admin/settings/access/rolebased/faq.md,0
docs/accessanalyzer/12.0/admin/settings/access/rolebased/overview.md,0
docs/accessanalyzer/12.0/admin/settings/access/rolebased/roledefinitions.md,0
docs/accessanalyzer/12.0/admin/settings/access/rolebased/scheduleserviceaccount.md,0
docs/accessanalyzer/12.0/admin/settings/access/rolebased/securereports.md,0
docs/accessanalyzer/12.0/admin/settings/access/rolebased/workflow.md,0
docs/accessanalyzer/12.0/admin/settings/application/overview.md,0
docs/accessanalyzer/12.0/admin/settings/application/vault.md,0
docs/accessanalyzer/12.0/admin/settings/connection/create/activedirectory.md,0
docs/accessanalyzer/12.0/admin/settings/connection/create/aws.md,0
docs/accessanalyzer/12.0/admin/settings/connection/create/create.md,0
docs/accessanalyzer/12.0/admin/settings/connection/create/dropbox.md,0
docs/accessanalyzer/12.0/admin/settings/connection/create/entraid.md,0
docs/accessanalyzer/12.0/admin/settings/connection/create/exchangemodernauth.md,0
docs/accessanalyzer/12.0/admin/settings/connection/create/localwindows.md,0
docs/accessanalyzer/12.0/admin/settings/connection/create/oracle.md,0
docs/accessanalyzer/12.0/admin/settings/connection/create/sql.md,0
docs/accessanalyzer/12.0/admin/settings/connection/create/task.md,0
docs/accessanalyzer/12.0/admin/settings/connection/create/unix.md,0
docs/accessanalyzer/12.0/admin/settings/connection/create/webservices.md,0
docs/accessanalyzer/12.0/admin/settings/connection/cyberarkintegration.md,0
docs/accessanalyzer/12.0/admin/settings/connection/gmsa.md,0
docs/accessanalyzer/12.0/admin/settings/connection/overview.md,0
docs/accessanalyzer/12.0/admin/settings/exchange.md,0
docs/accessanalyzer/12.0/admin/settings/history.md,0
docs/accessanalyzer/12.0/admin/settings/hostdiscovery.md,0
docs/accessanalyzer/12.0/admin/settings/hostinventory.md,0
docs/accessanalyzer/12.0/admin/settings/notification.md,0
docs/accessanalyzer/12.0/admin/settings/overview.md,0
docs/accessanalyzer/12.0/admin/settings/reporting.md,0
docs/accessanalyzer/12.0/admin/settings/schedule.md,0
docs/accessanalyzer/12.0/admin/settings/sensitivedata/criteria.md,0
docs/accessanalyzer/12.0/admin/settings/sensitivedata/exclusions/add.md,0
docs/accessanalyzer/12.0/admin/settings/sensitivedata/exclusions/delete.md,0
docs/accessanalyzer/12.0/admin/settings/sensitivedata/exclusions/edit.md,0
docs/accessanalyzer/12.0/admin/settings/sensitivedata/exclusions/export.md,0
docs/accessanalyzer/12.0/admin/settings/sensitivedata/exclusions/import.md,0
docs/accessanalyzer/12.0/admin/settings/sensitivedata/exclusions/overview.md,0
docs/accessanalyzer/12.0/admin/settings/sensitivedata/overview.md,0
docs/accessanalyzer/12.0/admin/settings/servicenow.md,0
docs/accessanalyzer/12.0/admin/settings/storage/add.md,0
docs/accessanalyzer/12.0/admin/settings/storage/default.md,0
docs/accessanalyzer/12.0/admin/settings/storage/delete.md,0
docs/accessanalyzer/12.0/admin/settings/storage/overview.md,0
docs/accessanalyzer/12.0/admin/settings/storage/updateauth.md,0
docs/accessanalyzer/12.0/cdsa/job.md,0
docs/accessanalyzer/12.0/cdsa/overview.md,0
docs/accessanalyzer/12.0/cdsa/presentation.md,0
docs/accessanalyzer/12.0/gettingstarted.md,0
docs/accessanalyzer/12.0/index.md,0
docs/accessanalyzer/12.0/install/application/database/database.md,0
docs/accessanalyzer/12.0/install/application/database/otherlanguages.md,0
docs/accessanalyzer/12.0/install/application/firstlaunch.md,0
docs/accessanalyzer/12.0/install/application/overview.md,0
docs/accessanalyzer/12.0/install/application/reports/adfs.md,0
docs/accessanalyzer/12.0/install/application/reports/disclaimer.md,0
docs/accessanalyzer/12.0/install/application/reports/domains.md,0
docs/accessanalyzer/12.0/install/application/reports/entraidsso.md,0
docs/accessanalyzer/12.0/install/application/reports/kerberosencryption.md,0
docs/accessanalyzer/12.0/install/application/reports/okta.md,0
docs/accessanalyzer/12.0/install/application/reports/overview.md,0
docs/accessanalyzer/12.0/install/application/reports/secure.md,0
docs/accessanalyzer/12.0/install/application/reports/sso.md,0
docs/accessanalyzer/12.0/install/application/reports/timeout.md,0
docs/accessanalyzer/12.0/install/application/updatelicense.md,0
docs/accessanalyzer/12.0/install/application/upgrade/overview.md,0
docs/accessanalyzer/12.0/install/application/upgrade/solutionconsiderations.md,0
docs/accessanalyzer/12.0/install/application/upgrade/wizard.md,0
docs/accessanalyzer/12.0/install/application/wizard.md,0
docs/accessanalyzer/12.0/install/filesystemproxy/configuredatacollector.md,0
docs/accessanalyzer/12.0/install/filesystemproxy/overview.md,0
docs/accessanalyzer/12.0/install/filesystemproxy/silentinstall.md,0
docs/accessanalyzer/12.0/install/filesystemproxy/troubleshooting.md,0
docs/accessanalyzer/12.0/install/filesystemproxy/uninstall.md,0
docs/accessanalyzer/12.0/install/filesystemproxy/upgrade.md,0
docs/accessanalyzer/12.0/install/filesystemproxy/wizard.md,0
docs/accessanalyzer/12.0/install/mapicdo/appendix.md,0
docs/accessanalyzer/12.0/install/mapicdo/installation.md,0
docs/accessanalyzer/12.0/install/overview.md,0
docs/accessanalyzer/12.0/install/sharepointagent/overview.md,0
docs/accessanalyzer/12.0/install/sharepointagent/upgrade.md,0
docs/accessanalyzer/12.0/install/sharepointagent/wizard.md,0
docs/accessanalyzer/12.0/requirements/activedirectory/activedirectory.md,0
docs/accessanalyzer/12.0/requirements/activedirectory/target/access.md,0
docs/accessanalyzer/12.0/requirements/activedirectory/target/activity/activity.md,0
docs/accessanalyzer/12.0/requirements/activedirectory/target/activity/filearchive.md,0
docs/accessanalyzer/12.0/requirements/activedirectory/target/activity/threatprevention.md,0
docs/accessanalyzer/12.0/requirements/activedirectory/target/overview.md,0
docs/accessanalyzer/12.0/requirements/activedirectorypermissionsanalyzer/activedirectorypermissionsanalyzer.md,0
docs/accessanalyzer/12.0/requirements/activedirectorypermissionsanalyzer/target.md,0
docs/accessanalyzer/12.0/requirements/aws/aws.md,0
docs/accessanalyzer/12.0/requirements/aws/configurescans.md,0
docs/accessanalyzer/12.0/requirements/aws/target.md,0
docs/accessanalyzer/12.0/requirements/box/box.md,0
docs/accessanalyzer/12.0/requirements/box/target.md,0
docs/accessanalyzer/12.0/requirements/databases/azuresql/azuresql.md,0
docs/accessanalyzer/12.0/requirements/databases/azuresql/azuresqlaccess.md,0
docs/accessanalyzer/12.0/requirements/databases/azuresql/overview.md,0
docs/accessanalyzer/12.0/requirements/databases/databases.md,0
docs/accessanalyzer/12.0/requirements/databases/db2.md,0
docs/accessanalyzer/12.0/requirements/databases/mongodb.md,0
docs/accessanalyzer/12.0/requirements/databases/mysql.md,0
docs/accessanalyzer/12.0/requirements/databases/oracle/leastprivilege.md,0
docs/accessanalyzer/12.0/requirements/databases/oracle/oracle.md,0
docs/accessanalyzer/12.0/requirements/databases/postgresql.md,0
docs/accessanalyzer/12.0/requirements/databases/redshift.md,0
docs/accessanalyzer/12.0/requirements/databases/sql/sql.md,0
docs/accessanalyzer/12.0/requirements/dropbox/dropbox.md,0
docs/accessanalyzer/12.0/requirements/dropbox/target.md,0
docs/accessanalyzer/12.0/requirements/entraid/entraid.md,0
docs/accessanalyzer/12.0/requirements/entraid/entraid/access.md,0
docs/accessanalyzer/12.0/requirements/entraid/entraid/entraroles.md,0
docs/accessanalyzer/12.0/requirements/entraid/entraid/overview.md,0
docs/accessanalyzer/12.0/requirements/exchange/exchange.md,0
docs/accessanalyzer/12.0/requirements/exchange/exchangeonline/access.md,0
docs/accessanalyzer/12.0/requirements/exchange/exchangeonline/exchangeonline.md,0
docs/accessanalyzer/12.0/requirements/exchange/support/mailflow.md,0
docs/accessanalyzer/12.0/requirements/exchange/support/mapi.md,0
docs/accessanalyzer/12.0/requirements/exchange/support/powershell.md,0
docs/accessanalyzer/12.0/requirements/exchange/support/remoteconnections.md,0
docs/accessanalyzer/12.0/requirements/exchange/support/support.md,0
docs/accessanalyzer/12.0/requirements/exchange/support/webservicesapi.md,0
docs/accessanalyzer/12.0/requirements/exchange/target.md,0
docs/accessanalyzer/12.0/requirements/filesystem/filesystem.md,0
docs/accessanalyzer/12.0/requirements/filesystem/filesystems/azurefiles.md,0
docs/accessanalyzer/12.0/requirements/filesystem/filesystems/azureinformationprotection.md,0
docs/accessanalyzer/12.0/requirements/filesystem/filesystems/dellcelerravnx/access.md,0
docs/accessanalyzer/12.0/requirements/filesystem/filesystems/dellcelerravnx/activity/activity.md,0
docs/accessanalyzer/12.0/requirements/filesystem/filesystems/dellcelerravnx/activity/installcee.md,0
docs/accessanalyzer/12.0/requirements/filesystem/filesystems/dellcelerravnx/activity/validate.md,0
docs/accessanalyzer/12.0/requirements/filesystem/filesystems/dellcelerravnx/overview.md,0
docs/accessanalyzer/12.0/requirements/filesystem/filesystems/dellpowerscale/activity/activity.md,0
docs/accessanalyzer/12.0/requirements/filesystem/filesystems/dellpowerscale/activity/installcee.md,0
docs/accessanalyzer/12.0/requirements/filesystem/filesystems/dellpowerscale/activity/manualconfiguration.md,0
docs/accessanalyzer/12.0/requirements/filesystem/filesystems/dellpowerscale/activity/validate.md,0
docs/accessanalyzer/12.0/requirements/filesystem/filesystems/dellpowerscale/overview.md,0
docs/accessanalyzer/12.0/requirements/filesystem/filesystems/dellunity/access.md,0
docs/accessanalyzer/12.0/requirements/filesystem/filesystems/dellunity/activity/activity.md,0
docs/accessanalyzer/12.0/requirements/filesystem/filesystems/dellunity/activity/installcee.md,0
docs/accessanalyzer/12.0/requirements/filesystem/filesystems/dellunity/activity/setupunisphere.md,0
docs/accessanalyzer/12.0/requirements/filesystem/filesystems/dellunity/activity/validate.md,0
docs/accessanalyzer/12.0/requirements/filesystem/filesystems/dellunity/overview.md,0
docs/accessanalyzer/12.0/requirements/filesystem/filesystems/filesystems.md,0
docs/accessanalyzer/12.0/requirements/filesystem/filesystems/hitachi/activity/activity.md,0
docs/accessanalyzer/12.0/requirements/filesystem/filesystems/hitachi/activity/configureaccesstologs.md,0
docs/accessanalyzer/12.0/requirements/filesystem/filesystems/hitachi/activity/configurelogs.md,0
docs/accessanalyzer/12.0/requirements/filesystem/filesystems/hitachi/overview.md,0
docs/accessanalyzer/12.0/requirements/filesystem/filesystems/nasuni/access.md,0
docs/accessanalyzer/12.0/requirements/filesystem/filesystems/nasuni/activity.md,0
docs/accessanalyzer/12.0/requirements/filesystem/filesystems/nasuni/overview.md,0
docs/accessanalyzer/12.0/requirements/filesystem/filesystems/netapp7mode/access/access.md,0
docs/accessanalyzer/12.0/requirements/filesystem/filesystems/netapp7mode/access/provisionaccess.md,0
docs/accessanalyzer/12.0/requirements/filesystem/filesystems/netapp7mode/activity/activity.md,0
docs/accessanalyzer/12.0/requirements/filesystem/filesystems/netapp7mode/activity/configurefpolicy.md,0
docs/accessanalyzer/12.0/requirements/filesystem/filesystems/netapp7mode/activity/customizefpolicy.md,0
docs/accessanalyzer/12.0/requirements/filesystem/filesystems/netapp7mode/activity/enablehttp.md,0
docs/accessanalyzer/12.0/requirements/filesystem/filesystems/netapp7mode/activity/provisionactivity.md,0
docs/accessanalyzer/12.0/requirements/filesystem/filesystems/netapp7mode/overview.md,0
docs/accessanalyzer/12.0/requirements/filesystem/filesystems/netappcmode/access/access.md,0
docs/accessanalyzer/12.0/requirements/filesystem/filesystems/netappcmode/access/configureemptyfpolicy.md,0
docs/accessanalyzer/12.0/requirements/filesystem/filesystems/netappcmode/activity/activity.md,0
docs/accessanalyzer/12.0/requirements/filesystem/filesystems/netappcmode/activity/configurefirewall.md,0
docs/accessanalyzer/12.0/requirements/filesystem/filesystems/netappcmode/activity/configurefpolicy.md,0
docs/accessanalyzer/12.0/requirements/filesystem/filesystems/netappcmode/activity/provisionactivity.md,0
docs/accessanalyzer/12.0/requirements/filesystem/filesystems/netappcmode/overview.md,0
docs/accessanalyzer/12.0/requirements/filesystem/filesystems/nutanix/access.md,0
docs/accessanalyzer/12.0/requirements/filesystem/filesystems/nutanix/activity.md,0
docs/accessanalyzer/12.0/requirements/filesystem/filesystems/nutanix/overview.md,0
docs/accessanalyzer/12.0/requirements/filesystem/filesystems/qumulo/activity.md,0
docs/accessanalyzer/12.0/requirements/filesystem/filesystems/qumulo/overview.md,0
docs/accessanalyzer/12.0/requirements/filesystem/filesystems/windowsfile/access.md,0
docs/accessanalyzer/12.0/requirements/filesystem/filesystems/windowsfile/activity.md,0
docs/accessanalyzer/12.0/requirements/filesystem/filesystems/windowsfile/overview.md,0
docs/accessanalyzer/12.0/requirements/filesystem/scanoptions/applet-mode-scans/appletmodepermissions.md,0
docs/accessanalyzer/12.0/requirements/filesystem/scanoptions/applet-mode-scans/appletmodeports.md,0
docs/accessanalyzer/12.0/requirements/filesystem/scanoptions/local-mode-scans/localmodepermissions.md,0
docs/accessanalyzer/12.0/requirements/filesystem/scanoptions/local-mode-scans/localmodeports.md,0
docs/accessanalyzer/12.0/requirements/filesystem/scanoptions/proxy-mode-scans/as-a-service/proxymodeservicepermissions.md,0
docs/accessanalyzer/12.0/requirements/filesystem/scanoptions/proxy-mode-scans/as-a-service/proxymodeserviceports.md,0
docs/accessanalyzer/12.0/requirements/filesystem/scanoptions/proxy-mode-scans/proxymodeserver.md,0
docs/accessanalyzer/12.0/requirements/filesystem/scanoptions/proxy-mode-scans/with-applet/proxymodeappletpermissions.md,0
docs/accessanalyzer/12.0/requirements/filesystem/scanoptions/proxy-mode-scans/with-applet/proxymodeappletports.md,0
docs/accessanalyzer/12.0/requirements/filesystem/scanoptions/scanoptions.md,0
docs/accessanalyzer/12.0/requirements/overview.md,0
docs/accessanalyzer/12.0/requirements/sharepoint/scanoptions/agent-based-scans/agentpermissions.md,0
docs/accessanalyzer/12.0/requirements/sharepoint/scanoptions/agent-based-scans/agentports.md,0
docs/accessanalyzer/12.0/requirements/sharepoint/scanoptions/agent-less-scans/agentlesspermissions.md,0
docs/accessanalyzer/12.0/requirements/sharepoint/scanoptions/agent-less-scans/agentlessports.md,0
docs/accessanalyzer/12.0/requirements/sharepoint/scanoptions/agent-less-scans/onlinepermissions.md,0
docs/accessanalyzer/12.0/requirements/sharepoint/scanoptions/agent-less-scans/onlineports.md,0
docs/accessanalyzer/12.0/requirements/sharepoint/scanoptions/scanoptions.md,0
docs/accessanalyzer/12.0/requirements/sharepoint/sharepoint.md,0
docs/accessanalyzer/12.0/requirements/sharepoint/sharepoint/sharepoint.md,0
docs/accessanalyzer/12.0/requirements/sharepoint/sharepoint/sharepoint/access.md,0
docs/accessanalyzer/12.0/requirements/sharepoint/sharepoint/sharepoint/activity.md,0
docs/accessanalyzer/12.0/requirements/sharepoint/sharepoint/sharepoint/overview.md,0
docs/accessanalyzer/12.0/requirements/sharepoint/sharepoint/sharepointonline/access.md,0
docs/accessanalyzer/12.0/requirements/sharepoint/sharepoint/sharepointonline/activity.md,0
docs/accessanalyzer/12.0/requirements/sharepoint/sharepoint/sharepointonline/overview.md,0
docs/accessanalyzer/12.0/requirements/unix/target.md,0
docs/accessanalyzer/12.0/requirements/unix/unix.md,0
docs/accessanalyzer/12.0/requirements/windows/target.md,0
docs/accessanalyzer/12.0/requirements/windows/windows.md,0
docs/accessanalyzer/12.0/sensitivedatadiscovery/criteriaeditor/configuration.md,0
docs/accessanalyzer/12.0/sensitivedatadiscovery/criteriaeditor/keyword.md,0
docs/accessanalyzer/12.0/sensitivedatadiscovery/criteriaeditor/overview.md,0
docs/accessanalyzer/12.0/sensitivedatadiscovery/criteriaeditor/regularexpression.md,0
docs/accessanalyzer/12.0/sensitivedatadiscovery/criteriaeditor/summary.md,0
docs/accessanalyzer/12.0/sensitivedatadiscovery/exemptedfileextensions.md,0
docs/accessanalyzer/12.0/sensitivedatadiscovery/metadatatags.md,0
docs/accessanalyzer/12.0/sensitivedatadiscovery/overview.md,0
docs/accessanalyzer/12.0/sensitivedatadiscovery/supportedformats.md,0
docs/accessanalyzer/12.0/sensitivedatadiscovery/systemcriteria.md,0
docs/accessanalyzer/12.0/solutions/activedirectory/activity/ad_activitycollection.md,0
docs/accessanalyzer/12.0/solutions/activedirectory/activity/ad_ldapqueries.md,0
docs/accessanalyzer/12.0/solutions/activedirectory/activity/ad_lockouts.md,0
docs/accessanalyzer/12.0/solutions/activedirectory/activity/changes/ad_computermodifications.md,0
docs/accessanalyzer/12.0/solutions/activedirectory/activity/changes/ad_groupmodifications.md,0
docs/accessanalyzer/12.0/solutions/activedirectory/activity/changes/ad_usermodifications.md,0
docs/accessanalyzer/12.0/solutions/activedirectory/activity/changes/overview.md,0
docs/accessanalyzer/12.0/solutions/activedirectory/activity/groupusage/ad_accesschanges.md,0
docs/accessanalyzer/12.0/solutions/activedirectory/activity/groupusage/ad_grouphosts.md,0
docs/accessanalyzer/12.0/solutions/activedirectory/activity/groupusage/ad_groupmemberactivity.md,0
docs/accessanalyzer/12.0/solutions/activedirectory/activity/groupusage/overview.md,0
docs/accessanalyzer/12.0/solutions/activedirectory/activity/operations/ad_authenticationprotocol.md,0
docs/accessanalyzer/12.0/solutions/activedirectory/activity/operations/ad_domaincontrollertraffic.md,0
docs/accessanalyzer/12.0/solutions/activedirectory/activity/operations/ad_hardcodeddcs.md,0
docs/accessanalyzer/12.0/solutions/activedirectory/activity/operations/ad_loadbalancing.md,0
docs/accessanalyzer/12.0/solutions/activedirectory/activity/operations/ad_machineowners.md,0
docs/accessanalyzer/12.0/solutions/activedirectory/activity/operations/overview.md,0
docs/accessanalyzer/12.0/solutions/activedirectory/activity/overview.md,0
docs/accessanalyzer/12.0/solutions/activedirectory/activity/privilegedaccounts/ad_adminaccounts.md,0
docs/accessanalyzer/12.0/solutions/activedirectory/activity/privilegedaccounts/ad_serviceaccountauth.md,0
docs/accessanalyzer/12.0/solutions/activedirectory/activity/privilegedaccounts/overview.md,0
docs/accessanalyzer/12.0/solutions/activedirectory/activity/recommended.md,0
docs/accessanalyzer/12.0/solutions/activedirectory/ad_securityassessment.md,0
docs/accessanalyzer/12.0/solutions/activedirectory/certificateauthority/ad_cacollection.md,0
docs/accessanalyzer/12.0/solutions/activedirectory/certificateauthority/ad_certificateaudit.md,0
docs/accessanalyzer/12.0/solutions/activedirectory/certificateauthority/ad_certificaterequests.md,0
docs/accessanalyzer/12.0/solutions/activedirectory/certificateauthority/overview.md,0
docs/accessanalyzer/12.0/solutions/activedirectory/cleanup/ad_cleanupprogress.md,0
docs/accessanalyzer/12.0/solutions/activedirectory/cleanup/computers/ad_deprovisioncomputers_status.md,0
docs/accessanalyzer/12.0/solutions/activedirectory/cleanup/computers/ad_deprovisioncomputers.md,0
docs/accessanalyzer/12.0/solutions/activedirectory/cleanup/computers/overview.md,0
docs/accessanalyzer/12.0/solutions/activedirectory/cleanup/configuretargetou.md,0
docs/accessanalyzer/12.0/solutions/activedirectory/cleanup/groups/deprovision/ad_deprovisiongroups_status.md,0
docs/accessanalyzer/12.0/solutions/activedirectory/cleanup/groups/deprovision/ad_deprovisiongroups.md,0
docs/accessanalyzer/12.0/solutions/activedirectory/cleanup/groups/deprovision/overview.md,0
docs/accessanalyzer/12.0/solutions/activedirectory/cleanup/groups/overview.md,0
docs/accessanalyzer/12.0/solutions/activedirectory/cleanup/groups/stamping/ad_groupcleanup_permissions.md,0
docs/accessanalyzer/12.0/solutions/activedirectory/cleanup/groups/stamping/ad_groupstamping.md,0
docs/accessanalyzer/12.0/solutions/activedirectory/cleanup/groups/stamping/overview.md,0
docs/accessanalyzer/12.0/solutions/activedirectory/cleanup/overview.md,0
docs/accessanalyzer/12.0/solutions/activedirectory/cleanup/recommended.md,0
docs/accessanalyzer/12.0/solutions/activedirectory/cleanup/users/ad_deprovisionusers_status.md,0
docs/accessanalyzer/12.0/solutions/activedirectory/cleanup/users/ad_deprovisionusers.md,0
docs/accessanalyzer/12.0/solutions/activedirectory/cleanup/users/overview.md,0
docs/accessanalyzer/12.0/solutions/activedirectory/computers/ad_computerdelegation.md,0
docs/accessanalyzer/12.0/solutions/activedirectory/computers/ad_stalecomputers.md,0
docs/accessanalyzer/12.0/solutions/activedirectory/computers/overview.md,0
docs/accessanalyzer/12.0/solutions/activedirectory/computers/recommended.md,0
docs/accessanalyzer/12.0/solutions/activedirectory/domains/ad_dcsummary.md,0
docs/accessanalyzer/12.0/solutions/activedirectory/domains/ad_domaininfo.md,0
docs/accessanalyzer/12.0/solutions/activedirectory/domains/ad_dsrmsettings.md,0
docs/accessanalyzer/12.0/solutions/activedirectory/domains/ad_kerberoastingrisk.md,0
docs/accessanalyzer/12.0/solutions/activedirectory/domains/collection/ad_domaincontrollers.md,0
docs/accessanalyzer/12.0/solutions/activedirectory/domains/collection/ad_dsrm.md,0
docs/accessanalyzer/12.0/solutions/activedirectory/domains/collection/ad_timesync.md,0
docs/accessanalyzer/12.0/solutions/activedirectory/domains/collection/overview.md,0
docs/accessanalyzer/12.0/solutions/activedirectory/domains/overview.md,0
docs/accessanalyzer/12.0/solutions/activedirectory/domains/recommended.md,0
docs/accessanalyzer/12.0/solutions/activedirectory/grouppolicy/ad_cpassword.md,0
docs/accessanalyzer/12.0/solutions/activedirectory/grouppolicy/ad_grouppolicy.md,0
docs/accessanalyzer/12.0/solutions/activedirectory/grouppolicy/ad_overlappinggpos.md,0
docs/accessanalyzer/12.0/solutions/activedirectory/grouppolicy/ad_passwordpolicies.md,0
docs/accessanalyzer/12.0/solutions/activedirectory/grouppolicy/overview.md,0
docs/accessanalyzer/12.0/solutions/activedirectory/grouppolicy/recommended.md,0
docs/accessanalyzer/12.0/solutions/activedirectory/groups/ad_circularnesting.md,0
docs/accessanalyzer/12.0/solutions/activedirectory/groups/ad_dclogongroups.md,0
docs/accessanalyzer/12.0/solutions/activedirectory/groups/ad_duplicategroups.md,0
docs/accessanalyzer/12.0/solutions/activedirectory/groups/ad_emptygroups.md,0
docs/accessanalyzer/12.0/solutions/activedirectory/groups/ad_groupprobableowners.md,0
docs/accessanalyzer/12.0/solutions/activedirectory/groups/ad_largestgroups.md,0
docs/accessanalyzer/12.0/solutions/activedirectory/groups/ad_mailsecuritygroups.md,0
docs/accessanalyzer/12.0/solutions/activedirectory/groups/ad_nestedgroups.md,0
docs/accessanalyzer/12.0/solutions/activedirectory/groups/ad_sensitivesecuritygroups.md,0
docs/accessanalyzer/12.0/solutions/activedirectory/groups/ad_stalegroups.md,0
docs/accessanalyzer/12.0/solutions/activedirectory/groups/overview.md,0
docs/accessanalyzer/12.0/solutions/activedirectory/groups/recommended.md,0
docs/accessanalyzer/12.0/solutions/activedirectory/overview.md,0
docs/accessanalyzer/12.0/solutions/activedirectory/users/ad_directmembership.md,0
docs/accessanalyzer/12.0/solutions/activedirectory/users/ad_duplicateusers.md,0
docs/accessanalyzer/12.0/solutions/activedirectory/users/ad_orphanedusers.md,0
docs/accessanalyzer/12.0/solutions/activedirectory/users/ad_passwordstatus.md,0
docs/accessanalyzer/12.0/solutions/activedirectory/users/ad_serviceaccounts.md,0
docs/accessanalyzer/12.0/solutions/activedirectory/users/ad_sidhistory.md,0
docs/accessanalyzer/12.0/solutions/activedirectory/users/ad_staleusers.md,0
docs/accessanalyzer/12.0/solutions/activedirectory/users/ad_userattributecompletion.md,0
docs/accessanalyzer/12.0/solutions/activedirectory/users/ad_userdelegation.md,0
docs/accessanalyzer/12.0/solutions/activedirectory/users/ad_usertoken.md,0
docs/accessanalyzer/12.0/solutions/activedirectory/users/ad_weakpasswords.md,0
docs/accessanalyzer/12.0/solutions/activedirectory/users/overview.md,0
docs/accessanalyzer/12.0/solutions/activedirectory/users/recommended.md,0
docs/accessanalyzer/12.0/solutions/activedirectoryinventory/1-ad_scan.md,0
docs/accessanalyzer/12.0/solutions/activedirectoryinventory/2-ad_changes.md,0
docs/accessanalyzer/12.0/solutions/activedirectoryinventory/3-ad_exceptions.md,0
docs/accessanalyzer/12.0/solutions/activedirectoryinventory/overview.md,0
docs/accessanalyzer/12.0/solutions/activedirectoryinventory/recommended.md,0
docs/accessanalyzer/12.0/solutions/activedirectorypermissionsanalyzer/ad_brokeninheritance.md,0
docs/accessanalyzer/12.0/solutions/activedirectorypermissionsanalyzer/ad_openaccess.md,0
docs/accessanalyzer/12.0/solutions/activedirectorypermissionsanalyzer/ad_oupermissions.md,0
docs/accessanalyzer/12.0/solutions/activedirectorypermissionsanalyzer/ad_shadowaccess.md,0
docs/accessanalyzer/12.0/solutions/activedirectorypermissionsanalyzer/collection/ad_certificaterights.md,0
docs/accessanalyzer/12.0/solutions/activedirectorypermissionsanalyzer/collection/ad_computerrights.md,0
docs/accessanalyzer/12.0/solutions/activedirectorypermissionsanalyzer/collection/ad_containerrights.md,0
docs/accessanalyzer/12.0/solutions/activedirectorypermissionsanalyzer/collection/ad_domainrights.md,0
docs/accessanalyzer/12.0/solutions/activedirectorypermissionsanalyzer/collection/ad_grouprights.md,0
docs/accessanalyzer/12.0/solutions/activedirectorypermissionsanalyzer/collection/ad_ourights.md,0
docs/accessanalyzer/12.0/solutions/activedirectorypermissionsanalyzer/collection/ad_siterights.md,0
docs/accessanalyzer/12.0/solutions/activedirectorypermissionsanalyzer/collection/ad_userrights.md,0
docs/accessanalyzer/12.0/solutions/activedirectorypermissionsanalyzer/collection/overview.md,0
docs/accessanalyzer/12.0/solutions/activedirectorypermissionsanalyzer/computers/ad_computerpermissions.md,0
docs/accessanalyzer/12.0/solutions/activedirectorypermissionsanalyzer/computers/ad_lapspermissions.md,0
docs/accessanalyzer/12.0/solutions/activedirectorypermissionsanalyzer/computers/overview.md,0
docs/accessanalyzer/12.0/solutions/activedirectorypermissionsanalyzer/containers/ad_adminsdholder.md,0
docs/accessanalyzer/12.0/solutions/activedirectorypermissionsanalyzer/containers/ad_containerpermissions.md,0
docs/accessanalyzer/12.0/solutions/activedirectorypermissionsanalyzer/containers/overview.md,0
docs/accessanalyzer/12.0/solutions/activedirectorypermissionsanalyzer/domains/ad_certificateauthorityrights.md,0
docs/accessanalyzer/12.0/solutions/activedirectorypermissionsanalyzer/domains/ad_certificatetemplates.md,0
docs/accessanalyzer/12.0/solutions/activedirectorypermissionsanalyzer/domains/ad_certificatevulnerabilities.md,0
docs/accessanalyzer/12.0/solutions/activedirectorypermissionsanalyzer/domains/ad_domainpermissions.md,0
docs/accessanalyzer/12.0/solutions/activedirectorypermissionsanalyzer/domains/ad_domainreplication.md,0
docs/accessanalyzer/12.0/solutions/activedirectorypermissionsanalyzer/domains/overview.md,0
docs/accessanalyzer/12.0/solutions/activedirectorypermissionsanalyzer/groups/ad_groupmembershippermissions.md,0
docs/accessanalyzer/12.0/solutions/activedirectorypermissionsanalyzer/groups/ad_grouppermissions.md,0
docs/accessanalyzer/12.0/solutions/activedirectorypermissionsanalyzer/groups/overview.md,0
docs/accessanalyzer/12.0/solutions/activedirectorypermissionsanalyzer/overview.md,0
docs/accessanalyzer/12.0/solutions/activedirectorypermissionsanalyzer/recommended.md,0
docs/accessanalyzer/12.0/solutions/activedirectorypermissionsanalyzer/sites/ad_dcshadowpermissions.md,0
docs/accessanalyzer/12.0/solutions/activedirectorypermissionsanalyzer/sites/ad_sitepermissions.md,0
docs/accessanalyzer/12.0/solutions/activedirectorypermissionsanalyzer/sites/overview.md,0
docs/accessanalyzer/12.0/solutions/activedirectorypermissionsanalyzer/users/ad_resetpasswordpermissions.md,0
docs/accessanalyzer/12.0/solutions/activedirectorypermissionsanalyzer/users/ad_userpermissions.md,0
docs/accessanalyzer/12.0/solutions/activedirectorypermissionsanalyzer/users/overview.md,0
docs/accessanalyzer/12.0/solutions/anyid/anyid_csv.md,0
docs/accessanalyzer/12.0/solutions/anyid/anyid_epicclarity.md,0
docs/accessanalyzer/12.0/solutions/anyid/anyid_paycom.md,0
docs/accessanalyzer/12.0/solutions/anyid/anyid_salesforce.md,0
docs/accessanalyzer/12.0/solutions/anyid/overview.md,0
docs/accessanalyzer/12.0/solutions/aws/collection/1.aws_orgscan.md,0
docs/accessanalyzer/12.0/solutions/aws/collection/2.aws_s3scan.md,0
docs/accessanalyzer/12.0/solutions/aws/collection/3.aws_iamscan.md,0
docs/accessanalyzer/12.0/solutions/aws/collection/4.aws_s3sddscan.md,0
docs/accessanalyzer/12.0/solutions/aws/collection/overview.md,0
docs/accessanalyzer/12.0/solutions/aws/groups/aws_groupmembers.md,0
docs/accessanalyzer/12.0/solutions/aws/groups/aws_nopolicygroups.md,0
docs/accessanalyzer/12.0/solutions/aws/groups/aws_stalegroups.md,0
docs/accessanalyzer/12.0/solutions/aws/groups/overview.md,0
docs/accessanalyzer/12.0/solutions/aws/organizations/aws_accounts.md,0
docs/accessanalyzer/12.0/solutions/aws/organizations/aws_memberaccountusers.md,0
docs/accessanalyzer/12.0/solutions/aws/organizations/overview.md,0
docs/accessanalyzer/12.0/solutions/aws/overview.md,0
docs/accessanalyzer/12.0/solutions/aws/policies/aws_custommanagedpolicies.md,0
docs/accessanalyzer/12.0/solutions/aws/policies/aws_inlinepolicies.md,0
docs/accessanalyzer/12.0/solutions/aws/policies/aws_managedpolicies.md,0
docs/accessanalyzer/12.0/solutions/aws/policies/aws_sensitivepolicies.md,0
docs/accessanalyzer/12.0/solutions/aws/policies/aws_unusedmanagedpolicies.md,0
docs/accessanalyzer/12.0/solutions/aws/policies/aws_userpolicies.md,0
docs/accessanalyzer/12.0/solutions/aws/policies/overview.md,0
docs/accessanalyzer/12.0/solutions/aws/recommended.md,0
docs/accessanalyzer/12.0/solutions/aws/roles/aws_roles.md,0
docs/accessanalyzer/12.0/solutions/aws/roles/aws_staleroles.md,0
docs/accessanalyzer/12.0/solutions/aws/roles/overview.md,0
docs/accessanalyzer/12.0/solutions/aws/s3content/aws_s3buckets.md,0
docs/accessanalyzer/12.0/solutions/aws/s3content/aws_s3buckettags.md,0
docs/accessanalyzer/12.0/solutions/aws/s3content/overview.md,0
docs/accessanalyzer/12.0/solutions/aws/s3permissions/aws_brokeninheritance.md,0
docs/accessanalyzer/12.0/solutions/aws/s3permissions/aws_effectivepermissions.md,0
docs/accessanalyzer/12.0/solutions/aws/s3permissions/aws_openbuckets.md,0
docs/accessanalyzer/12.0/solutions/aws/s3permissions/overview.md,0
docs/accessanalyzer/12.0/solutions/aws/sensitivedata/aws_sensitivedata_permissions.md,0
docs/accessanalyzer/12.0/solutions/aws/sensitivedata/aws_sensitivedata.md,0
docs/accessanalyzer/12.0/solutions/aws/sensitivedata/overview.md,0
docs/accessanalyzer/12.0/solutions/aws/users/aws_accesskeys.md,0
docs/accessanalyzer/12.0/solutions/aws/users/aws_mfastatus.md,0
docs/accessanalyzer/12.0/solutions/aws/users/aws_rootaccounts.md,0
docs/accessanalyzer/12.0/solutions/aws/users/aws_staleusers.md,0
docs/accessanalyzer/12.0/solutions/aws/users/overview.md,0
docs/accessanalyzer/12.0/solutions/box/activity/forensics/box_deletions.md,0
docs/accessanalyzer/12.0/solutions/box/activity/forensics/box_downloads.md,0
docs/accessanalyzer/12.0/solutions/box/activity/forensics/box_externaluseractivity.md,0
docs/accessanalyzer/12.0/solutions/box/activity/forensics/box_externalusercollaborations.md,0
docs/accessanalyzer/12.0/solutions/box/activity/forensics/box_permissionchanges.md,0
docs/accessanalyzer/12.0/solutions/box/activity/forensics/box_sharing.md,0
docs/accessanalyzer/12.0/solutions/box/activity/forensics/overview.md,0
docs/accessanalyzer/12.0/solutions/box/activity/overview.md,0
docs/accessanalyzer/12.0/solutions/box/activity/suspiciousactivity/box_failedlogins.md,0
docs/accessanalyzer/12.0/solutions/box/activity/suspiciousactivity/box_firsttimefolderaccess.md,0
docs/accessanalyzer/12.0/solutions/box/activity/suspiciousactivity/box_unusualdownloadactivity.md,0
docs/accessanalyzer/12.0/solutions/box/activity/suspiciousactivity/box_unusualuseractivity.md,0
docs/accessanalyzer/12.0/solutions/box/activity/suspiciousactivity/box_weekendactivity.md,0
docs/accessanalyzer/12.0/solutions/box/activity/suspiciousactivity/overview.md,0
docs/accessanalyzer/12.0/solutions/box/activity/usagestatistics/box_folders_mostactive.md,0
docs/accessanalyzer/12.0/solutions/box/activity/usagestatistics/box_folders_stale.md,0
docs/accessanalyzer/12.0/solutions/box/activity/usagestatistics/box_users_mostactive.md,0
docs/accessanalyzer/12.0/solutions/box/activity/usagestatistics/overview.md,0
docs/accessanalyzer/12.0/solutions/box/box_access.md,0
docs/accessanalyzer/12.0/solutions/box/box_groupmembership.md,0
docs/accessanalyzer/12.0/solutions/box/collection/1-box_access_scans.md,0
docs/accessanalyzer/12.0/solutions/box/collection/1-box_activity_scans.md,0
docs/accessanalyzer/12.0/solutions/box/collection/2-box_import.md,0
docs/accessanalyzer/12.0/solutions/box/collection/overview.md,0
docs/accessanalyzer/12.0/solutions/box/content/box_filemetrics.md,0
docs/accessanalyzer/12.0/solutions/box/content/box_foldermetrics.md,0
docs/accessanalyzer/12.0/solutions/box/content/overview.md,0
docs/accessanalyzer/12.0/solutions/box/overview.md,0
docs/accessanalyzer/12.0/solutions/box/recommended.md,0
docs/accessanalyzer/12.0/solutions/databases/azuresql/collection-azuresql/0-azuresql_instancediscovery.md,0
docs/accessanalyzer/12.0/solutions/databases/azuresql/collection-azuresql/1-azuresql_permissionscan.md,0
docs/accessanalyzer/12.0/solutions/databases/azuresql/collection-azuresql/2-azuresql_sensitivedatascan.md,0
docs/accessanalyzer/12.0/solutions/databases/azuresql/collection-azuresql/3-azuresql_activityscan.md,0
docs/accessanalyzer/12.0/solutions/databases/azuresql/collection-azuresql/4-azuresql_serversettings.md,0
docs/accessanalyzer/12.0/solutions/databases/azuresql/collection-azuresql/overview.md,0
docs/accessanalyzer/12.0/solutions/databases/azuresql/overview.md,0
docs/accessanalyzer/12.0/solutions/databases/azuresql/recommended.md,0
docs/accessanalyzer/12.0/solutions/databases/db2/collection/db2_configuration.md,0
docs/accessanalyzer/12.0/solutions/databases/db2/collection/db2_permissionscan.md,0
docs/accessanalyzer/12.0/solutions/databases/db2/collection/db2_sensitivedatascan.md,0
docs/accessanalyzer/12.0/solutions/databases/db2/collection/overview.md,0
docs/accessanalyzer/12.0/solutions/databases/db2/db2_databasesizing.md,0
docs/accessanalyzer/12.0/solutions/databases/db2/overview.md,0
docs/accessanalyzer/12.0/solutions/databases/db2/permissions/db2_directpermissions.md,0
docs/accessanalyzer/12.0/solutions/databases/db2/permissions/db2_effectivepermissions.md,0
docs/accessanalyzer/12.0/solutions/databases/db2/permissions/overview.md,0
docs/accessanalyzer/12.0/solutions/databases/db2/recommended.md,0
docs/accessanalyzer/12.0/solutions/databases/db2/sensitivedata/db2_sensitivedata.md,0
docs/accessanalyzer/12.0/solutions/databases/db2/sensitivedata/db2_sensitivedatapermissions.md,0
docs/accessanalyzer/12.0/solutions/databases/db2/sensitivedata/overview.md,0
docs/accessanalyzer/12.0/solutions/databases/mongodb/collection/mongodb_configuration.md,0
docs/accessanalyzer/12.0/solutions/databases/mongodb/collection/mongodb_sensitivedatascan.md,0
docs/accessanalyzer/12.0/solutions/databases/mongodb/collection/overview.md,0
docs/accessanalyzer/12.0/solutions/databases/mongodb/mongodb_database_sizing.md,0
docs/accessanalyzer/12.0/solutions/databases/mongodb/mongodb_sensitivedata.md,0
docs/accessanalyzer/12.0/solutions/databases/mongodb/overview.md,0
docs/accessanalyzer/12.0/solutions/databases/mongodb/recommended.md,0
docs/accessanalyzer/12.0/solutions/databases/mysql/collection/mysql_configuration.md,0
docs/accessanalyzer/12.0/solutions/databases/mysql/collection/mysql_sensitivedatascan.md,0
docs/accessanalyzer/12.0/solutions/databases/mysql/collection/mysql_tableprivileges.md,0
docs/accessanalyzer/12.0/solutions/databases/mysql/collection/overview.md,0
docs/accessanalyzer/12.0/solutions/databases/mysql/mysql_databasesizing.md,0
docs/accessanalyzer/12.0/solutions/databases/mysql/overview.md,0
docs/accessanalyzer/12.0/solutions/databases/mysql/recommended.md,0
docs/accessanalyzer/12.0/solutions/databases/mysql/sensitivedata/mysql_sensitivedata.md,0
docs/accessanalyzer/12.0/solutions/databases/mysql/sensitivedata/mysql_sensitivedatapermissions.md,0
docs/accessanalyzer/12.0/solutions/databases/mysql/sensitivedata/overview.md,0
docs/accessanalyzer/12.0/solutions/databases/oracle/activity/oracle_activity.md,0
docs/accessanalyzer/12.0/solutions/databases/oracle/activity/oracle_logons.md,0
docs/accessanalyzer/12.0/solutions/databases/oracle/activity/oracle_permissionchanges.md,0
docs/accessanalyzer/12.0/solutions/databases/oracle/activity/oracle_schemachanges.md,0
docs/accessanalyzer/12.0/solutions/databases/oracle/activity/oracle_sensitivedataactivity.md,0
docs/accessanalyzer/12.0/solutions/databases/oracle/activity/oracle_suspiciousactivity.md,0
docs/accessanalyzer/12.0/solutions/databases/oracle/activity/oracle_unusualactivity.md,0
docs/accessanalyzer/12.0/solutions/databases/oracle/activity/overview.md,0
docs/accessanalyzer/12.0/solutions/databases/oracle/collection/0-oracle_servers.md,0
docs/accessanalyzer/12.0/solutions/databases/oracle/collection/1-oracle_permissionsscan.md,0
docs/accessanalyzer/12.0/solutions/databases/oracle/collection/2-oracle_sensitivedatascan.md,0
docs/accessanalyzer/12.0/solutions/databases/oracle/collection/3-oracle_activityscan.md,0
docs/accessanalyzer/12.0/solutions/databases/oracle/collection/4-oracle_defaultpasswordusers.md,0
docs/accessanalyzer/12.0/solutions/databases/oracle/collection/5-oracle_configuration.md,0
docs/accessanalyzer/12.0/solutions/databases/oracle/collection/overview.md,0
docs/accessanalyzer/12.0/solutions/databases/oracle/configuration/oracle_databaselinks.md,0
docs/accessanalyzer/12.0/solutions/databases/oracle/configuration/oracle_databasesizing.md,0
docs/accessanalyzer/12.0/solutions/databases/oracle/configuration/oracle_datadictionaryprotection.md,0
docs/accessanalyzer/12.0/solutions/databases/oracle/configuration/oracle_instancenameissues.md,0
docs/accessanalyzer/12.0/solutions/databases/oracle/configuration/oracle_remoteosauthentication.md,0
docs/accessanalyzer/12.0/solutions/databases/oracle/configuration/overview.md,0
docs/accessanalyzer/12.0/solutions/databases/oracle/oracle_securityassessment.md,0
docs/accessanalyzer/12.0/solutions/databases/oracle/overview.md,0
docs/accessanalyzer/12.0/solutions/databases/oracle/permissions/oracle_domainuserpermissions.md,0
docs/accessanalyzer/12.0/solutions/databases/oracle/permissions/oracle_objectpermissions.md,0
docs/accessanalyzer/12.0/solutions/databases/oracle/permissions/oracle_publicpermissions.md,0
docs/accessanalyzer/12.0/solutions/databases/oracle/permissions/oracle_serverpermissions.md,0
docs/accessanalyzer/12.0/solutions/databases/oracle/permissions/oracle_sysschemapermissions.md,0
docs/accessanalyzer/12.0/solutions/databases/oracle/permissions/overview.md,0
docs/accessanalyzer/12.0/solutions/databases/oracle/recommended.md,0
docs/accessanalyzer/12.0/solutions/databases/oracle/sensitivedata/oracle_sensitivedata.md,0
docs/accessanalyzer/12.0/solutions/databases/oracle/sensitivedata/oracle_sensitivedatapermissions.md,0
docs/accessanalyzer/12.0/solutions/databases/oracle/sensitivedata/overview.md,0
docs/accessanalyzer/12.0/solutions/databases/oracle/usersroles/oracle_passwordissues.md,0
docs/accessanalyzer/12.0/solutions/databases/oracle/usersroles/oracle_rolemembers.md,0
docs/accessanalyzer/12.0/solutions/databases/oracle/usersroles/oracle_systemadministrators.md,0
docs/accessanalyzer/12.0/solutions/databases/oracle/usersroles/oracle_users.md,0
docs/accessanalyzer/12.0/solutions/databases/oracle/usersroles/overview.md,0
docs/accessanalyzer/12.0/solutions/databases/overview.md,0
docs/accessanalyzer/12.0/solutions/databases/postgresql/collection/overview.md,0
docs/accessanalyzer/12.0/solutions/databases/postgresql/collection/pgsql_configuration.md,0
docs/accessanalyzer/12.0/solutions/databases/postgresql/collection/pgsql_sensitivedatascan.md,0
docs/accessanalyzer/12.0/solutions/databases/postgresql/collection/pgsql_tableprivileges.md,0
docs/accessanalyzer/12.0/solutions/databases/postgresql/overview.md,0
docs/accessanalyzer/12.0/solutions/databases/postgresql/pgsql_databasesizing.md,0
docs/accessanalyzer/12.0/solutions/databases/postgresql/recommended.md,0
docs/accessanalyzer/12.0/solutions/databases/postgresql/sensitivedata/overview.md,0
docs/accessanalyzer/12.0/solutions/databases/postgresql/sensitivedata/pgsql_sensitivedata.md,0
docs/accessanalyzer/12.0/solutions/databases/postgresql/sensitivedata/pgsql_sensitivedatapermissions.md,0
docs/accessanalyzer/12.0/solutions/databases/redshift/collection/overview.md,0
docs/accessanalyzer/12.0/solutions/databases/redshift/collection/redshift_configuration.md,0
docs/accessanalyzer/12.0/solutions/databases/redshift/collection/redshift_sensitivedatascan.md,0
docs/accessanalyzer/12.0/solutions/databases/redshift/collection/redshift_tableprivileges.md,0
docs/accessanalyzer/12.0/solutions/databases/redshift/overview.md,0
docs/accessanalyzer/12.0/solutions/databases/redshift/recommended.md,0
docs/accessanalyzer/12.0/solutions/databases/redshift/redshift_databasesizing.md,0
docs/accessanalyzer/12.0/solutions/databases/redshift/sensitive_data/overview.md,0
docs/accessanalyzer/12.0/solutions/databases/redshift/sensitive_data/redshift_sensitivedata.md,0
docs/accessanalyzer/12.0/solutions/databases/redshift/sensitive_data/redshift_sensitivedatapermissions.md,0
docs/accessanalyzer/12.0/solutions/databases/sql/activity/overview.md,0
docs/accessanalyzer/12.0/solutions/databases/sql/activity/sql_activity.md,0
docs/accessanalyzer/12.0/solutions/databases/sql/activity/sql_logons.md,0
docs/accessanalyzer/12.0/solutions/databases/sql/activity/sql_permissionchanges.md,0
docs/accessanalyzer/12.0/solutions/databases/sql/activity/sql_sensitivedataactivity.md,0
docs/accessanalyzer/12.0/solutions/databases/sql/activity/sql_unusualactivity.md,0
docs/accessanalyzer/12.0/solutions/databases/sql/collection/0-sql_instancediscovery.md,0
docs/accessanalyzer/12.0/solutions/databases/sql/collection/1-sql_permissionsscan.md,0
docs/accessanalyzer/12.0/solutions/databases/sql/collection/2-sql_sensitivedatascan.md,0
docs/accessanalyzer/12.0/solutions/databases/sql/collection/3-sql_activityscan.md,0
docs/accessanalyzer/12.0/solutions/databases/sql/collection/4-sql_serverlogons.md,0
docs/accessanalyzer/12.0/solutions/databases/sql/collection/5-sql_serversettings.md,0
docs/accessanalyzer/12.0/solutions/databases/sql/collection/overview.md,0
docs/accessanalyzer/12.0/solutions/databases/sql/configuration/overview.md,0
docs/accessanalyzer/12.0/solutions/databases/sql/configuration/sql_authentication.md,0
docs/accessanalyzer/12.0/solutions/databases/sql/configuration/sql_bestpractices.md,0
docs/accessanalyzer/12.0/solutions/databases/sql/configuration/sql_cmdshell.md,0
docs/accessanalyzer/12.0/solutions/databases/sql/configuration/sql_databasesizing.md,0
docs/accessanalyzer/12.0/solutions/databases/sql/configuration/sql_linkedservers.md,0
docs/accessanalyzer/12.0/solutions/databases/sql/overview.md,0
docs/accessanalyzer/12.0/solutions/databases/sql/permissions/overview.md,0
docs/accessanalyzer/12.0/solutions/databases/sql/permissions/sql_controlserver.md,0
docs/accessanalyzer/12.0/solutions/databases/sql/permissions/sql_directpermissions.md,0
docs/accessanalyzer/12.0/solutions/databases/sql/permissions/sql_domainuserpermissions.md,0
docs/accessanalyzer/12.0/solutions/databases/sql/permissions/sql_publicpermissions.md,0
docs/accessanalyzer/12.0/solutions/databases/sql/permissions/sql_serverpermissions.md,0
docs/accessanalyzer/12.0/solutions/databases/sql/recommended.md,0
docs/accessanalyzer/12.0/solutions/databases/sql/sensitivedata/overview.md,0
docs/accessanalyzer/12.0/solutions/databases/sql/sensitivedata/sql_sensitivedata.md,0
docs/accessanalyzer/12.0/solutions/databases/sql/sensitivedata/sql_sensitivedatapermissions.md,0
docs/accessanalyzer/12.0/solutions/databases/sql/sql_securityassessment.md,0
docs/accessanalyzer/12.0/solutions/databases/sql/usersroles/overview.md,0
docs/accessanalyzer/12.0/solutions/databases/sql/usersroles/sql_databaseprinciples.md,0
docs/accessanalyzer/12.0/solutions/databases/sql/usersroles/sql_passwordissues.md,0
docs/accessanalyzer/12.0/solutions/databases/sql/usersroles/sql_rolemembers.md,0
docs/accessanalyzer/12.0/solutions/databases/sql/usersroles/sql_serverprincipals.md,0
docs/accessanalyzer/12.0/solutions/databases/sql/usersroles/sql_sqllogins.md,0
docs/accessanalyzer/12.0/solutions/databases/sql/usersroles/sql_sysadmins.md,0
docs/accessanalyzer/12.0/solutions/databases/update-schema.md,0
docs/accessanalyzer/12.0/solutions/dropbox/collection/1-dropbox_permissions_scan.md,0
docs/accessanalyzer/12.0/solutions/dropbox/collection/1-dropbox_sdd_scan.md,0
docs/accessanalyzer/12.0/solutions/dropbox/collection/2-dropbox_permissions_bulk_import.md,0
docs/accessanalyzer/12.0/solutions/dropbox/collection/2-dropbox_sdd_bulk_import.md,0
docs/accessanalyzer/12.0/solutions/dropbox/collection/overview.md,0
docs/accessanalyzer/12.0/solutions/dropbox/dropbox_access.md,0
docs/accessanalyzer/12.0/solutions/dropbox/dropbox_content.md,0
docs/accessanalyzer/12.0/solutions/dropbox/dropbox_groupmembership.md,0
docs/accessanalyzer/12.0/solutions/dropbox/dropbox_sensitivedata.md,0
docs/accessanalyzer/12.0/solutions/dropbox/dropbox_sharing.md,0
docs/accessanalyzer/12.0/solutions/dropbox/overview.md,0
docs/accessanalyzer/12.0/solutions/dropbox/recommended.md,0
docs/accessanalyzer/12.0/solutions/entraid/groups/aad_circularnesting.md,0
docs/accessanalyzer/12.0/solutions/entraid/groups/aad_duplicategroups.md,0
docs/accessanalyzer/12.0/solutions/entraid/groups/aad_emptygroups.md,0
docs/accessanalyzer/12.0/solutions/entraid/groups/aad_groupdirsync.md,0
docs/accessanalyzer/12.0/solutions/entraid/groups/aad_largestgroups.md,0
docs/accessanalyzer/12.0/solutions/entraid/groups/aad_nestedgroups.md,0
docs/accessanalyzer/12.0/solutions/entraid/groups/aad_probableowners.md,0
docs/accessanalyzer/12.0/solutions/entraid/groups/aad_stalegroups.md,0
docs/accessanalyzer/12.0/solutions/entraid/groups/overview.md,0
docs/accessanalyzer/12.0/solutions/entraid/overview.md,0
docs/accessanalyzer/12.0/solutions/entraid/recommended.md,0
docs/accessanalyzer/12.0/solutions/entraid/users/aad_directmembership.md,0
docs/accessanalyzer/12.0/solutions/entraid/users/aad_disabledusers.md,0
docs/accessanalyzer/12.0/solutions/entraid/users/aad_staleusers.md,0
docs/accessanalyzer/12.0/solutions/entraid/users/aad_userattributecompletion.md,0
docs/accessanalyzer/12.0/solutions/entraid/users/aad_userdirsync.md,0
docs/accessanalyzer/12.0/solutions/entraid/users/overview.md,0
docs/accessanalyzer/12.0/solutions/entraidinventory/1-aad_scan.md,0
docs/accessanalyzer/12.0/solutions/entraidinventory/2-aad_exceptions.md,0
docs/accessanalyzer/12.0/solutions/entraidinventory/overview.md,0
docs/accessanalyzer/12.0/solutions/entraidinventory/recommended.md,0
docs/accessanalyzer/12.0/solutions/exchange/casmetrics/ex_activesync.md,0
docs/accessanalyzer/12.0/solutions/exchange/casmetrics/ex_aspolicies.md,0
docs/accessanalyzer/12.0/solutions/exchange/casmetrics/ex_iislogs.md,0
docs/accessanalyzer/12.0/solutions/exchange/casmetrics/ex_owatraffic.md,0
docs/accessanalyzer/12.0/solutions/exchange/casmetrics/ex_rpctraffic.md,0
docs/accessanalyzer/12.0/solutions/exchange/casmetrics/overview.md,0
docs/accessanalyzer/12.0/solutions/exchange/casmetrics/recommended.md,0
docs/accessanalyzer/12.0/solutions/exchange/databases/collection/ex_dbinfo.md,0
docs/accessanalyzer/12.0/solutions/exchange/databases/collection/ex_pfinfo.md,0
docs/accessanalyzer/12.0/solutions/exchange/databases/collection/overview.md,0
docs/accessanalyzer/12.0/solutions/exchange/databases/ex_dbsizing.md,0
docs/accessanalyzer/12.0/solutions/exchange/databases/ex_dbtrending.md,0
docs/accessanalyzer/12.0/solutions/exchange/databases/overview.md,0
docs/accessanalyzer/12.0/solutions/exchange/databases/recommended.md,0
docs/accessanalyzer/12.0/solutions/exchange/distributionlists/ex_dlcleanup.md,0
docs/accessanalyzer/12.0/solutions/exchange/distributionlists/ex_groupexpansion.md,0
docs/accessanalyzer/12.0/solutions/exchange/distributionlists/membershipanalysis/ex_circularnesting.md,0
docs/accessanalyzer/12.0/solutions/exchange/distributionlists/membershipanalysis/ex_emptygroups.md,0
docs/accessanalyzer/12.0/solutions/exchange/distributionlists/membershipanalysis/ex_largestgroups.md,0
docs/accessanalyzer/12.0/solutions/exchange/distributionlists/membershipanalysis/ex_nestedgroups.md,0
docs/accessanalyzer/12.0/solutions/exchange/distributionlists/membershipanalysis/ex_stalegroups.md,0
docs/accessanalyzer/12.0/solutions/exchange/distributionlists/membershipanalysis/overview.md,0
docs/accessanalyzer/12.0/solutions/exchange/distributionlists/overview.md,0
docs/accessanalyzer/12.0/solutions/exchange/distributionlists/recommended.md,0
docs/accessanalyzer/12.0/solutions/exchange/ex_useroverview.md,0
docs/accessanalyzer/12.0/solutions/exchange/hubmetrics/collection/appletstatuscheck.md,0
docs/accessanalyzer/12.0/solutions/exchange/hubmetrics/collection/ex_metricscollection.md,0
docs/accessanalyzer/12.0/solutions/exchange/hubmetrics/collection/ex_metricsdetails.md,0
docs/accessanalyzer/12.0/solutions/exchange/hubmetrics/collection/overview.md,0
docs/accessanalyzer/12.0/solutions/exchange/hubmetrics/ex_deliverytimes.md,0
docs/accessanalyzer/12.0/solutions/exchange/hubmetrics/ex_dlmetrics.md,0
docs/accessanalyzer/12.0/solutions/exchange/hubmetrics/ex_domainmetrics.md,0
docs/accessanalyzer/12.0/solutions/exchange/hubmetrics/ex_hourlymetrics.md,0
docs/accessanalyzer/12.0/solutions/exchange/hubmetrics/ex_messagesize.md,0
docs/accessanalyzer/12.0/solutions/exchange/hubmetrics/ex_servermetrics.md,0
docs/accessanalyzer/12.0/solutions/exchange/hubmetrics/ex_usermetrics.md,0
docs/accessanalyzer/12.0/solutions/exchange/hubmetrics/overview.md,0
docs/accessanalyzer/12.0/solutions/exchange/hubmetrics/recommended.md,0
docs/accessanalyzer/12.0/solutions/exchange/mailboxes/ex_features.md,0
docs/accessanalyzer/12.0/solutions/exchange/mailboxes/logons/ex_mailboxactivity.md,0
docs/accessanalyzer/12.0/solutions/exchange/mailboxes/logons/ex_mailboxlogons.md,0
docs/accessanalyzer/12.0/solutions/exchange/mailboxes/logons/overview.md,0
docs/accessanalyzer/12.0/solutions/exchange/mailboxes/overview.md,0
docs/accessanalyzer/12.0/solutions/exchange/mailboxes/permissions/collection/ex_delegates.md,0
docs/accessanalyzer/12.0/solutions/exchange/mailboxes/permissions/collection/ex_mbrights.md,0
docs/accessanalyzer/12.0/solutions/exchange/mailboxes/permissions/collection/ex_perms.md,0
docs/accessanalyzer/12.0/solutions/exchange/mailboxes/permissions/collection/ex_sendas.md,0
docs/accessanalyzer/12.0/solutions/exchange/mailboxes/permissions/collection/overview.md,0
docs/accessanalyzer/12.0/solutions/exchange/mailboxes/permissions/ex_admingroups.md,0
docs/accessanalyzer/12.0/solutions/exchange/mailboxes/permissions/ex_mailboxaccess.md,0
docs/accessanalyzer/12.0/solutions/exchange/mailboxes/permissions/overview.md,0
docs/accessanalyzer/12.0/solutions/exchange/mailboxes/recommended.md,0
docs/accessanalyzer/12.0/solutions/exchange/mailboxes/sizing/ex_mailboxsizes.md,0
docs/accessanalyzer/12.0/solutions/exchange/mailboxes/sizing/ex_mbsize.md,0
docs/accessanalyzer/12.0/solutions/exchange/mailboxes/sizing/ex_stalemailboxes.md,0
docs/accessanalyzer/12.0/solutions/exchange/mailboxes/sizing/ex_storesizes.md,0
docs/accessanalyzer/12.0/solutions/exchange/mailboxes/sizing/overview.md,0
docs/accessanalyzer/12.0/solutions/exchange/online/mailflow/ex_mailflow_dl.md,0
docs/accessanalyzer/12.0/solutions/exchange/online/mailflow/ex_mailflow_domain.md,0
docs/accessanalyzer/12.0/solutions/exchange/online/mailflow/ex_mailflow_mailbox.md,0
docs/accessanalyzer/12.0/solutions/exchange/online/mailflow/ex_mailflow_orgoverview.md,0
docs/accessanalyzer/12.0/solutions/exchange/online/mailflow/ex_mailflow.md,0
docs/accessanalyzer/12.0/solutions/exchange/online/mailflow/overview.md,0
docs/accessanalyzer/12.0/solutions/exchange/online/overview.md,0
docs/accessanalyzer/12.0/solutions/exchange/online/recommended.md,0
docs/accessanalyzer/12.0/solutions/exchange/overview.md,0
docs/accessanalyzer/12.0/solutions/exchange/publicfolders/content/overview.md,0
docs/accessanalyzer/12.0/solutions/exchange/publicfolders/content/pf_content.md,0
docs/accessanalyzer/12.0/solutions/exchange/publicfolders/content/pf_contentscans.md,0
docs/accessanalyzer/12.0/solutions/exchange/publicfolders/growthsize/overview.md,0
docs/accessanalyzer/12.0/solutions/exchange/publicfolders/growthsize/pf_folderscans.md,0
docs/accessanalyzer/12.0/solutions/exchange/publicfolders/growthsize/pf_foldersize.md,0
docs/accessanalyzer/12.0/solutions/exchange/publicfolders/overview.md,0
docs/accessanalyzer/12.0/solutions/exchange/publicfolders/ownership/overview.md,0
docs/accessanalyzer/12.0/solutions/exchange/publicfolders/ownership/pf_folderownership.md,0
docs/accessanalyzer/12.0/solutions/exchange/publicfolders/ownership/pf_owners.md,0
docs/accessanalyzer/12.0/solutions/exchange/publicfolders/permissions/overview.md,0
docs/accessanalyzer/12.0/solutions/exchange/publicfolders/permissions/pf_entitlements.md,0
docs/accessanalyzer/12.0/solutions/exchange/publicfolders/permissions/pf_entitlementscans.md,0
docs/accessanalyzer/12.0/solutions/exchange/publicfolders/pf_overview.md,0
docs/accessanalyzer/12.0/solutions/exchange/publicfolders/recommended.md,0
docs/accessanalyzer/12.0/solutions/exchange/recommended.md,0
docs/accessanalyzer/12.0/solutions/exchange/sensitivedata/collection/ex_mailbox_sdd.md,0
docs/accessanalyzer/12.0/solutions/exchange/sensitivedata/collection/ex_publicfolder_sdd.md,0
docs/accessanalyzer/12.0/solutions/exchange/sensitivedata/collection/overview.md,0
docs/accessanalyzer/12.0/solutions/exchange/sensitivedata/ex_sddresults.md,0
docs/accessanalyzer/12.0/solutions/exchange/sensitivedata/overview.md,0
docs/accessanalyzer/12.0/solutions/exchange/sensitivedata/recommended.md,0
docs/accessanalyzer/12.0/solutions/filesystem/activity/forensics/fs_deletions.md,0
docs/accessanalyzer/12.0/solutions/filesystem/activity/forensics/fs_permissionchanges.md,0
docs/accessanalyzer/12.0/solutions/filesystem/activity/forensics/overview.md,0
docs/accessanalyzer/12.0/solutions/filesystem/activity/fs_leastprivilegedaccess.md,0
docs/accessanalyzer/12.0/solutions/filesystem/activity/overview.md,0
docs/accessanalyzer/12.0/solutions/filesystem/activity/security/fs_adminactvity.md,0
docs/accessanalyzer/12.0/solutions/filesystem/activity/security/fs_highriskactivity.md,0
docs/accessanalyzer/12.0/solutions/filesystem/activity/security/fs_localuseractivity.md,0
docs/accessanalyzer/12.0/solutions/filesystem/activity/security/overview.md,0
docs/accessanalyzer/12.0/solutions/filesystem/activity/suspiciousactivity/fs_deniedactivity.md,0
docs/accessanalyzer/12.0/solutions/filesystem/activity/suspiciousactivity/fs_highesthourlyactivity.md,0
docs/accessanalyzer/12.0/solutions/filesystem/activity/suspiciousactivity/fs_hourlyshareactivity.md,0
docs/accessanalyzer/12.0/solutions/filesystem/activity/suspiciousactivity/fs_modifiedbinaries.md,0
docs/accessanalyzer/12.0/solutions/filesystem/activity/suspiciousactivity/fs_peergroupactivity.md,0
docs/accessanalyzer/12.0/solutions/filesystem/activity/suspiciousactivity/fs_ransomware.md,0
docs/accessanalyzer/12.0/solutions/filesystem/activity/suspiciousactivity/fs_sensitivedataactivity.md,0
docs/accessanalyzer/12.0/solutions/filesystem/activity/suspiciousactivity/fs_stalefileactivity.md,0
docs/accessanalyzer/12.0/solutions/filesystem/activity/suspiciousactivity/fs_usershareactivity.md,0
docs/accessanalyzer/12.0/solutions/filesystem/activity/suspiciousactivity/fs_weekendactivity.md,0
docs/accessanalyzer/12.0/solutions/filesystem/activity/suspiciousactivity/overview.md,0
docs/accessanalyzer/12.0/solutions/filesystem/activity/usagestatistics/fs_groupusage.md,0
docs/accessanalyzer/12.0/solutions/filesystem/activity/usagestatistics/fs_mostactiveservers.md,0
docs/accessanalyzer/12.0/solutions/filesystem/activity/usagestatistics/fs_mostactiveusers.md,0
docs/accessanalyzer/12.0/solutions/filesystem/activity/usagestatistics/fs_staleshares.md,0
docs/accessanalyzer/12.0/solutions/filesystem/activity/usagestatistics/overview.md,0
docs/accessanalyzer/12.0/solutions/filesystem/adhocaudits/fs_shareaudit.md,0
docs/accessanalyzer/12.0/solutions/filesystem/adhocaudits/fs_trusteepermissions.md,0
docs/accessanalyzer/12.0/solutions/filesystem/adhocaudits/overview.md,0
docs/accessanalyzer/12.0/solutions/filesystem/cleanup/delete/fs_deletefiles_status.md,0
docs/accessanalyzer/12.0/solutions/filesystem/cleanup/delete/fs_deletefiles.md,0
docs/accessanalyzer/12.0/solutions/filesystem/cleanup/delete/overview.md,0
docs/accessanalyzer/12.0/solutions/filesystem/cleanup/fs_cleanupassessment.md,0
docs/accessanalyzer/12.0/solutions/filesystem/cleanup/fs_cleanupprogress.md,0
docs/accessanalyzer/12.0/solutions/filesystem/cleanup/notify/fs_notifyowners_status.md,0
docs/accessanalyzer/12.0/solutions/filesystem/cleanup/notify/fs_notifyowners.md,0
docs/accessanalyzer/12.0/solutions/filesystem/cleanup/notify/overview.md,0
docs/accessanalyzer/12.0/solutions/filesystem/cleanup/overview.md,0
docs/accessanalyzer/12.0/solutions/filesystem/cleanup/quarantine/fs_quarantinedata_status.md,0
docs/accessanalyzer/12.0/solutions/filesystem/cleanup/quarantine/fs_quarantinedata.md,0
docs/accessanalyzer/12.0/solutions/filesystem/cleanup/quarantine/fs_restoreinheritance_status.md,0
docs/accessanalyzer/12.0/solutions/filesystem/cleanup/quarantine/fs_restoreinheritance.md,0
docs/accessanalyzer/12.0/solutions/filesystem/cleanup/quarantine/overview.md,0
docs/accessanalyzer/12.0/solutions/filesystem/collection/0-create_schema.md,0
docs/accessanalyzer/12.0/solutions/filesystem/collection/0-fs_nasuni.md,0
docs/accessanalyzer/12.0/solutions/filesystem/collection/0-fsdfs_system_scans.md,0
docs/accessanalyzer/12.0/solutions/filesystem/collection/1-fsaa_system_scans.md,0
docs/accessanalyzer/12.0/solutions/filesystem/collection/1-fsac_system_scans.md,0
docs/accessanalyzer/12.0/solutions/filesystem/collection/1-seek_system_scans.md,0
docs/accessanalyzer/12.0/solutions/filesystem/collection/2-fsaa_bulk_import.md,0
docs/accessanalyzer/12.0/solutions/filesystem/collection/2-fsac_bulk_import.md,0
docs/accessanalyzer/12.0/solutions/filesystem/collection/2-seek_bulk_import.md,0
docs/accessanalyzer/12.0/solutions/filesystem/collection/3-fsaa_exceptions.md,0
docs/accessanalyzer/12.0/solutions/filesystem/collection/3-fsac_exceptions.md,0
docs/accessanalyzer/12.0/solutions/filesystem/collection/fs_azuretenantscan.md,0
docs/accessanalyzer/12.0/solutions/filesystem/collection/overview.md,0
docs/accessanalyzer/12.0/solutions/filesystem/content/fs_filetypes.md,0
docs/accessanalyzer/12.0/solutions/filesystem/content/fs_stalecontent.md,0
docs/accessanalyzer/12.0/solutions/filesystem/content/overview.md,0
docs/accessanalyzer/12.0/solutions/filesystem/content/sizing/fs_emptyresources.md,0
docs/accessanalyzer/12.0/solutions/filesystem/content/sizing/fs_largestresources.md,0
docs/accessanalyzer/12.0/solutions/filesystem/content/sizing/fs_smallestresources.md,0
docs/accessanalyzer/12.0/solutions/filesystem/content/sizing/overview.md,0
docs/accessanalyzer/12.0/solutions/filesystem/content/tags/fs_aiplabels.md,0
docs/accessanalyzer/12.0/solutions/filesystem/content/tags/fs_filetags.md,0
docs/accessanalyzer/12.0/solutions/filesystem/content/tags/overview.md,0
docs/accessanalyzer/12.0/solutions/filesystem/directpermissions/fs_domainuseracls.md,0
docs/accessanalyzer/12.0/solutions/filesystem/directpermissions/fs_highriskacls.md,0
docs/accessanalyzer/12.0/solutions/filesystem/directpermissions/fs_localusersandgroups.md,0
docs/accessanalyzer/12.0/solutions/filesystem/directpermissions/fs_missingfullcontrol.md,0
docs/accessanalyzer/12.0/solutions/filesystem/directpermissions/fs_nestedshares.md,0
docs/accessanalyzer/12.0/solutions/filesystem/directpermissions/fs_sidhistory.md,0
docs/accessanalyzer/12.0/solutions/filesystem/directpermissions/fs_unresolvedsids.md,0
docs/accessanalyzer/12.0/solutions/filesystem/directpermissions/overview.md,0
docs/accessanalyzer/12.0/solutions/filesystem/filesystemoverview.md,0
docs/accessanalyzer/12.0/solutions/filesystem/fs_brokeninheritance.md,0
docs/accessanalyzer/12.0/solutions/filesystem/fs_dlpresults.md,0
docs/accessanalyzer/12.0/solutions/filesystem/fs_openaccess.md,0
docs/accessanalyzer/12.0/solutions/filesystem/fs_probableowner.md,0
docs/accessanalyzer/12.0/solutions/filesystem/fs_securityassessment.md,0
docs/accessanalyzer/12.0/solutions/filesystem/overview.md,0
docs/accessanalyzer/12.0/solutions/filesystem/recommended.md,0
docs/accessanalyzer/12.0/solutions/filesystem/resourcebasedgroups/fs_resourcebasedgroupaicimport.md,0
docs/accessanalyzer/12.0/solutions/filesystem/resourcebasedgroups/fs_resourcebasedgroups.md,0
docs/accessanalyzer/12.0/solutions/filesystem/resourcebasedgroups/fs_traversegroups.md,0
docs/accessanalyzer/12.0/solutions/filesystem/resourcebasedgroups/overview.md,0
docs/accessanalyzer/12.0/solutions/nisinventory/nis_scan.md,0
docs/accessanalyzer/12.0/solutions/nisinventory/overview.md,0
docs/accessanalyzer/12.0/solutions/nisinventory/recommended.md,0
docs/accessanalyzer/12.0/solutions/overview.md,0
docs/accessanalyzer/12.0/solutions/sharepoint/activity/forensics/overview.md,0
docs/accessanalyzer/12.0/solutions/sharepoint/activity/forensics/sp_deletions.md,0
docs/accessanalyzer/12.0/solutions/sharepoint/activity/forensics/sp_permissionchanges.md,0
docs/accessanalyzer/12.0/solutions/sharepoint/activity/forensics/sp_sensitivedataactivity.md,0
docs/accessanalyzer/12.0/solutions/sharepoint/activity/overview.md,0
docs/accessanalyzer/12.0/solutions/sharepoint/activity/usagestatistics/overview.md,0
docs/accessanalyzer/12.0/solutions/sharepoint/activity/usagestatistics/sp_inactivesites.md,0
docs/accessanalyzer/12.0/solutions/sharepoint/activity/usagestatistics/sp_mostactivesites.md,0
docs/accessanalyzer/12.0/solutions/sharepoint/activity/usagestatistics/sp_mostactiveusers.md,0
docs/accessanalyzer/12.0/solutions/sharepoint/collection/1-spseek_systemscans.md,0
docs/accessanalyzer/12.0/solutions/sharepoint/collection/2-spaa_systemscans.md,0
docs/accessanalyzer/12.0/solutions/sharepoint/collection/3-spac_systemscans.md,0
docs/accessanalyzer/12.0/solutions/sharepoint/collection/4-spseek_bulkimport.md,0
docs/accessanalyzer/12.0/solutions/sharepoint/collection/5-spaa_bulkimport.md,0
docs/accessanalyzer/12.0/solutions/sharepoint/collection/6-spac_bulkimport.md,0
docs/accessanalyzer/12.0/solutions/sharepoint/collection/7-spaa_exceptions.md,0
docs/accessanalyzer/12.0/solutions/sharepoint/collection/overview.md,0
docs/accessanalyzer/12.0/solutions/sharepoint/content/overview.md,0
docs/accessanalyzer/12.0/solutions/sharepoint/content/sp_largestfiles.md,0
docs/accessanalyzer/12.0/solutions/sharepoint/content/sp_stalefiles.md,0
docs/accessanalyzer/12.0/solutions/sharepoint/directpermissions/overview.md,0
docs/accessanalyzer/12.0/solutions/sharepoint/directpermissions/sp_domainusers.md,0
docs/accessanalyzer/12.0/solutions/sharepoint/directpermissions/sp_emptydomaingroupperms.md,0
docs/accessanalyzer/12.0/solutions/sharepoint/directpermissions/sp_highriskpermissions.md,0
docs/accessanalyzer/12.0/solutions/sharepoint/directpermissions/sp_sitecollectionperms.md,0
docs/accessanalyzer/12.0/solutions/sharepoint/directpermissions/sp_staleusers.md,0
docs/accessanalyzer/12.0/solutions/sharepoint/directpermissions/sp_unresolvedsids.md,0
docs/accessanalyzer/12.0/solutions/sharepoint/effectiveaccessaudits/overview.md,0
docs/accessanalyzer/12.0/solutions/sharepoint/effectiveaccessaudits/sp_trusteeaccess.md,0
docs/accessanalyzer/12.0/solutions/sharepoint/effectiveaccessaudits/sp_trusteeaudit.md,0
docs/accessanalyzer/12.0/solutions/sharepoint/m365/overview.md,0
docs/accessanalyzer/12.0/solutions/sharepoint/m365/sp_externalusers.md,0
docs/accessanalyzer/12.0/solutions/sharepoint/m365/sp_onedrives.md,0
docs/accessanalyzer/12.0/solutions/sharepoint/m365/sp_sharedlinks.md,0
docs/accessanalyzer/12.0/solutions/sharepoint/m365/sp_staleteamsites.md,0
docs/accessanalyzer/12.0/solutions/sharepoint/m365/sp_teams.md,0
docs/accessanalyzer/12.0/solutions/sharepoint/m365/sp_teamsexternaluseractivity.md,0
docs/accessanalyzer/12.0/solutions/sharepoint/m365/sp_teamssensitivedata.md,0
docs/accessanalyzer/12.0/solutions/sharepoint/overview.md,0
docs/accessanalyzer/12.0/solutions/sharepoint/recommended.md,0
docs/accessanalyzer/12.0/solutions/sharepoint/sp_brokeninheritance.md,0
docs/accessanalyzer/12.0/solutions/sharepoint/sp_openaccess.md,0
docs/accessanalyzer/12.0/solutions/sharepoint/sp_overview.md,0
docs/accessanalyzer/12.0/solutions/sharepoint/sp_probableowner.md,0
docs/accessanalyzer/12.0/solutions/sharepoint/sp_sensitivedata.md,0
docs/accessanalyzer/12.0/solutions/unix/overview.md,0
docs/accessanalyzer/12.0/solutions/unix/privilegedaccess/overview.md,0
docs/accessanalyzer/12.0/solutions/unix/privilegedaccess/sudoers/collection/overview.md,0
docs/accessanalyzer/12.0/solutions/unix/privilegedaccess/sudoers/collection/ux_makedirectory.md,0
docs/accessanalyzer/12.0/solutions/unix/privilegedaccess/sudoers/collection/ux_parsesudeors.md,0
docs/accessanalyzer/12.0/solutions/unix/privilegedaccess/sudoers/overview.md,0
docs/accessanalyzer/12.0/solutions/unix/privilegedaccess/sudoers/ux_sudoers.md,0
docs/accessanalyzer/12.0/solutions/unix/privilegedaccess/ux_criticalfiles.md,0
docs/accessanalyzer/12.0/solutions/unix/recommended.md,0
docs/accessanalyzer/12.0/solutions/unix/sharing/collection/overview.md,0
docs/accessanalyzer/12.0/solutions/unix/sharing/collection/ux_nfsconfiguration.md,0
docs/accessanalyzer/12.0/solutions/unix/sharing/collection/ux_sambaconfiguration.md,0
docs/accessanalyzer/12.0/solutions/unix/sharing/overview.md,0
docs/accessanalyzer/12.0/solutions/unix/sharing/ux_nfs.md,0
docs/accessanalyzer/12.0/solutions/unix/sharing/ux_samba.md,0
docs/accessanalyzer/12.0/solutions/unix/usersgroups/overview.md,0
docs/accessanalyzer/12.0/solutions/unix/usersgroups/ux_duplicategroups.md,0
docs/accessanalyzer/12.0/solutions/unix/usersgroups/ux_emptygroups.md,0
docs/accessanalyzer/12.0/solutions/unix/usersgroups/ux_largegroups.md,0
docs/accessanalyzer/12.0/solutions/unix/usersgroups/ux_localgroups.md,0
docs/accessanalyzer/12.0/solutions/unix/usersgroups/ux_localusers.md,0
docs/accessanalyzer/12.0/solutions/unix/usersgroups/ux_passwordsettings.md,0
docs/accessanalyzer/12.0/solutions/unix/usersgroups/ux_usersandgroups.md,0
docs/accessanalyzer/12.0/solutions/windows/applications/overview.md,0
docs/accessanalyzer/12.0/solutions/windows/applications/recommended.md,0
docs/accessanalyzer/12.0/solutions/windows/applications/sg_installedapplications.md,0
docs/accessanalyzer/12.0/solutions/windows/applications/sg_runatboot.md,0
docs/accessanalyzer/12.0/solutions/windows/applications/sg_scheduledtasks.md,0
docs/accessanalyzer/12.0/solutions/windows/authentication/overview.md,0
docs/accessanalyzer/12.0/solutions/windows/authentication/recommended.md,0
docs/accessanalyzer/12.0/solutions/windows/authentication/sg_lsasettings.md,0
docs/accessanalyzer/12.0/solutions/windows/authentication/sg_securitysupportproviders.md,0
docs/accessanalyzer/12.0/solutions/windows/authentication/sg_wdigestsettings.md,0
docs/accessanalyzer/12.0/solutions/windows/openaccess/overview.md,0
docs/accessanalyzer/12.0/solutions/windows/openaccess/recommended.md,0
docs/accessanalyzer/12.0/solutions/windows/openaccess/sg_openfolders.md,0
docs/accessanalyzer/12.0/solutions/windows/overview.md,0
docs/accessanalyzer/12.0/solutions/windows/privilegedaccounts/localadministrators/overview.md,0
docs/accessanalyzer/12.0/solutions/windows/privilegedaccounts/localadministrators/sg_localadmins.md,0
docs/accessanalyzer/12.0/solutions/windows/privilegedaccounts/localadministrators/sg_microsoftlaps.md,0
docs/accessanalyzer/12.0/solutions/windows/privilegedaccounts/localadministrators/sg_sessions.md,0
docs/accessanalyzer/12.0/solutions/windows/privilegedaccounts/logonrights/collection/overview.md,0
docs/accessanalyzer/12.0/solutions/windows/privilegedaccounts/logonrights/collection/sg_grouppolicy.md,0
docs/accessanalyzer/12.0/solutions/windows/privilegedaccounts/logonrights/collection/sg_localmembership.md,0
docs/accessanalyzer/12.0/solutions/windows/privilegedaccounts/logonrights/collection/sg_localusers.md,0
docs/accessanalyzer/12.0/solutions/windows/privilegedaccounts/logonrights/overview.md,0
docs/accessanalyzer/12.0/solutions/windows/privilegedaccounts/logonrights/sg_accountprivileges.md,0
docs/accessanalyzer/12.0/solutions/windows/privilegedaccounts/logonrights/sg_localpolicies.md,0
docs/accessanalyzer/12.0/solutions/windows/privilegedaccounts/overview.md,0
docs/accessanalyzer/12.0/solutions/windows/privilegedaccounts/recommended.md,0
docs/accessanalyzer/12.0/solutions/windows/privilegedaccounts/sg_serviceaccounts.md,0
docs/accessanalyzer/12.0/solutions/windows/recommended.md,0
docs/accessanalyzer/12.0/solutions/windows/securityutilities/openportscan/overview.md,0
docs/accessanalyzer/12.0/solutions/windows/securityutilities/openportscan/remoteopenport.md,0
docs/accessanalyzer/12.0/solutions/windows/securityutilities/openportscan/retrievenetstat.md,0
docs/accessanalyzer/12.0/solutions/windows/securityutilities/overview.md,0
docs/accessanalyzer/12.0/solutions/windows/securityutilities/recommended.md,0
docs/accessanalyzer/12.0/solutions/windows/securityutilities/sg_powershellcommands.md,0
docs/accessanalyzer/12.0/solutions/windows/sg_securityassessment.md,0
docs/accessanalyzer/2601/configurations/activity-monitor-integration.md,0
docs/accessanalyzer/2601/configurations/application-settings.md,0
docs/accessanalyzer/2601/configurations/identity-provider.md,0
docs/accessanalyzer/2601/configurations/logs.md,0
docs/accessanalyzer/2601/configurations/sensitive-data.md,0
docs/accessanalyzer/2601/configurations/service-accounts/client-id-certificate.md,0
docs/accessanalyzer/2601/configurations/service-accounts/client-id-secret.md,0
docs/accessanalyzer/2601/configurations/service-accounts/overview.md,0
docs/accessanalyzer/2601/configurations/service-accounts/ssh-username-key.md,0
docs/accessanalyzer/2601/configurations/service-accounts/username-password.md,0
docs/accessanalyzer/2601/configurations/source-groups/scan-executions.md,0
docs/accessanalyzer/2601/configurations/source-groups/scanners/best-practices.md,0
docs/accessanalyzer/2601/configurations/source-groups/scanners/deploy-scanner.md,0
docs/accessanalyzer/2601/configurations/source-groups/scanners/manage-scanners.md,0
docs/accessanalyzer/2601/configurations/source-groups/scanners/overview.md,0
docs/accessanalyzer/2601/configurations/source-groups/scanners/requirements.md,0
docs/accessanalyzer/2601/configurations/source-groups/scans.md,0
docs/accessanalyzer/2601/configurations/source-groups/source-groups.md,0
docs/accessanalyzer/2601/configurations/users.md,0
docs/accessanalyzer/2601/connectors/activedirectory.md,0
docs/accessanalyzer/2601/connectors/entra-id/app-registration-secret.md,0
docs/accessanalyzer/2601/connectors/entra-id/entra-requirements.md,0
docs/accessanalyzer/2601/connectors/entra-id/overview.md,0
docs/accessanalyzer/2601/connectors/file-servers/celerra.md,0
docs/accessanalyzer/2601/connectors/file-servers/cifs.md,0
docs/accessanalyzer/2601/connectors/file-servers/dell-unity.md,0
docs/accessanalyzer/2601/connectors/file-servers/isilon-powerscale.md,0
docs/accessanalyzer/2601/connectors/file-servers/netapp.md,0
docs/accessanalyzer/2601/connectors/file-servers/vnx.md,0
docs/accessanalyzer/2601/connectors/sharepoint-online/azure-permissions.md,0
docs/accessanalyzer/2601/connectors/sharepoint-online/overview.md,0
docs/accessanalyzer/2601/connectors/sharepoint-online/tenant-certificate-config.md,0
docs/accessanalyzer/2601/dashboards-reports/my-reports.md,0
docs/accessanalyzer/2601/dashboards-reports/reports.md,0
docs/accessanalyzer/2601/gettingstarted/active-directory/active-directory.md,0
docs/accessanalyzer/2601/gettingstarted/active-directory/reports.md,0
docs/accessanalyzer/2601/gettingstarted/active-directory/scanning-options.md,0
docs/accessanalyzer/2601/gettingstarted/active-directory/schema-reference.md,0
docs/accessanalyzer/2601/gettingstarted/active-directory/set-up-source-group.md,0
docs/accessanalyzer/2601/gettingstarted/entra-id/entra-id.md,0
docs/accessanalyzer/2601/gettingstarted/entra-id/reports.md,0
docs/accessanalyzer/2601/gettingstarted/entra-id/scanning-options.md,0
docs/accessanalyzer/2601/gettingstarted/entra-id/schema-reference.md,0
docs/accessanalyzer/2601/gettingstarted/entra-id/set-up-source-group.md,0
docs/accessanalyzer/2601/gettingstarted/file-servers/file-servers.md,0
docs/accessanalyzer/2601/gettingstarted/file-servers/reports.md,0
docs/accessanalyzer/2601/gettingstarted/file-servers/scanning-options.md,0
docs/accessanalyzer/2601/gettingstarted/file-servers/schema-reference.md,0
docs/accessanalyzer/2601/gettingstarted/file-servers/set-up-source-group.md,0
docs/accessanalyzer/2601/gettingstarted/sharepoint-online/reports.md,0
docs/accessanalyzer/2601/gettingstarted/sharepoint-online/scanning-options.md,0
docs/accessanalyzer/2601/gettingstarted/sharepoint-online/schema-reference.md,0
docs/accessanalyzer/2601/gettingstarted/sharepoint-online/set-up-source-group.md,0
docs/accessanalyzer/2601/gettingstarted/sharepoint-online/sharepoint-online.md,0
docs/accessanalyzer/2601/index.md,0
docs/accessanalyzer/2601/install/postinstall.md,0
docs/accessanalyzer/2601/install/quickinstall.md,0
docs/accessanalyzer/2601/install/security.md,0
docs/accessanalyzer/2601/install/system/certificates.md,0
docs/accessanalyzer/2601/install/system/kubernetes.md,0
docs/accessanalyzer/2601/install/system/network.md,0
docs/accessanalyzer/2601/install/system/requirements.md,0
docs/accessanalyzer/2601/install/uninstall.md,0
docs/accessanalyzer/2601/overview/keyconcepts.md,0
docs/accessanalyzer/2601/overview/overview.md,0
