document_title,version,live_page_url,source_path,also_covers,reviewer,audited,fixed,corrections,notes
Computer Details,11.6,https://docs.netwrix.com/docs/accessanalyzer/11_6/admin/action/activedirectory/operations/computerdetails,docs/accessanalyzer/11.6/admin/action/activedirectory/operations/computerdetails.md,,,,,,
Create Groups,11.6,https://docs.netwrix.com/docs/accessanalyzer/11_6/admin/action/activedirectory/operations/creategroups,docs/accessanalyzer/11.6/admin/action/activedirectory/operations/creategroups.md,Covered by 12.0 — see docs/accessanalyzer/12.0/admin/action/activedirectory/operations/creategroups.md,,,,,
Create Users,11.6,https://docs.netwrix.com/docs/accessanalyzer/11_6/admin/action/activedirectory/operations/createusers,docs/accessanalyzer/11.6/admin/action/activedirectory/operations/createusers.md,Covered by 12.0 — see docs/accessanalyzer/12.0/admin/action/activedirectory/operations/createusers.md,,,,,
Disable/Enable Computers,11.6,https://docs.netwrix.com/docs/accessanalyzer/11_6/admin/action/activedirectory/operations/disableenablecomputers,docs/accessanalyzer/11.6/admin/action/activedirectory/operations/disableenablecomputers.md,Covered by 12.0 — see docs/accessanalyzer/12.0/admin/action/activedirectory/operations/disableenablecomputers.md,,,,,
Disable/Enable Users,11.6,https://docs.netwrix.com/docs/accessanalyzer/11_6/admin/action/activedirectory/operations/disableenableusers,docs/accessanalyzer/11.6/admin/action/activedirectory/operations/disableenableusers.md,Covered by 12.0 — see docs/accessanalyzer/12.0/admin/action/activedirectory/operations/disableenableusers.md,,,,,
Group Details,11.6,https://docs.netwrix.com/docs/accessanalyzer/11_6/admin/action/activedirectory/operations/groupdetails,docs/accessanalyzer/11.6/admin/action/activedirectory/operations/groupdetails.md,,,,,,
Group Membership,11.6,https://docs.netwrix.com/docs/accessanalyzer/11_6/admin/action/activedirectory/operations/groupmembership,docs/accessanalyzer/11.6/admin/action/activedirectory/operations/groupmembership.md,Covered by 12.0 — see docs/accessanalyzer/12.0/admin/action/activedirectory/operations/groupmembership.md,,,,,
Move Objects,11.6,https://docs.netwrix.com/docs/accessanalyzer/11_6/admin/action/activedirectory/operations/moveobjects,docs/accessanalyzer/11.6/admin/action/activedirectory/operations/moveobjects.md,Covered by 12.0 — see docs/accessanalyzer/12.0/admin/action/activedirectory/operations/moveobjects.md,,,,,
Active Directory Action Operations,11.6,https://docs.netwrix.com/docs/accessanalyzer/11_6/admin/action/activedirectory/operations,docs/accessanalyzer/11.6/admin/action/activedirectory/operations/operations.md,Covered by 12.0 — see docs/accessanalyzer/12.0/admin/action/activedirectory/operations/operations.md,,,,,
Set/Reset Users Password,11.6,https://docs.netwrix.com/docs/accessanalyzer/11_6/admin/action/activedirectory/operations/setresetpassword,docs/accessanalyzer/11.6/admin/action/activedirectory/operations/setresetpassword.md,Covered by 12.0 — see docs/accessanalyzer/12.0/admin/action/activedirectory/operations/setresetpassword.md,,,,,
Clear/Set SID History,11.6,https://docs.netwrix.com/docs/accessanalyzer/11_6/admin/action/activedirectory/operations/sidhistory,docs/accessanalyzer/11.6/admin/action/activedirectory/operations/sidhistory.md,Covered by 12.0 — see docs/accessanalyzer/12.0/admin/action/activedirectory/operations/sidhistory.md,,,,,
Users Details,11.6,https://docs.netwrix.com/docs/accessanalyzer/11_6/admin/action/activedirectory/operations/usersdetails,docs/accessanalyzer/11.6/admin/action/activedirectory/operations/usersdetails.md,Covered by 12.0 — see docs/accessanalyzer/12.0/admin/action/activedirectory/operations/usersdetails.md,,,,,
Active Directory Action Options,11.6,https://docs.netwrix.com/docs/accessanalyzer/11_6/admin/action/activedirectory/options,docs/accessanalyzer/11.6/admin/action/activedirectory/options.md,Covered by 12.0 — see docs/accessanalyzer/12.0/admin/action/activedirectory/options.md,,,,,
Active Directory Action Module,11.6,https://docs.netwrix.com/docs/accessanalyzer/11_6/admin/action/activedirectory/overview,docs/accessanalyzer/11.6/admin/action/activedirectory/overview.md,,,,,,
Active Directory Action Summary,11.6,https://docs.netwrix.com/docs/accessanalyzer/11_6/admin/action/activedirectory/summary,docs/accessanalyzer/11.6/admin/action/activedirectory/summary.md,Covered by 12.0 — see docs/accessanalyzer/12.0/admin/action/activedirectory/summary.md,,,,,
Active Directory Action Target,11.6,https://docs.netwrix.com/docs/accessanalyzer/11_6/admin/action/activedirectory/target,docs/accessanalyzer/11.6/admin/action/activedirectory/target.md,,,,,,
File System Action: Action,11.6,https://docs.netwrix.com/docs/accessanalyzer/11_6/admin/action/filesystem/action,docs/accessanalyzer/11.6/admin/action/filesystem/action.md,,,,,,
File System Action: Applet Settings,11.6,https://docs.netwrix.com/docs/accessanalyzer/11_6/admin/action/filesystem/appletsettings,docs/accessanalyzer/11.6/admin/action/filesystem/appletsettings.md,,,,,,
File System Action: Destination,11.6,https://docs.netwrix.com/docs/accessanalyzer/11_6/admin/action/filesystem/destination,docs/accessanalyzer/11.6/admin/action/filesystem/destination.md,Covered by 12.0 — see docs/accessanalyzer/12.0/admin/action/filesystem/destination.md,,,,,
File System Action: Environment,11.6,https://docs.netwrix.com/docs/accessanalyzer/11_6/admin/action/filesystem/environment,docs/accessanalyzer/11.6/admin/action/filesystem/environment.md,Covered by 12.0 — see docs/accessanalyzer/12.0/admin/action/filesystem/environment.md,,,,,
File System Action: Operation,11.6,https://docs.netwrix.com/docs/accessanalyzer/11_6/admin/action/filesystem/operation,docs/accessanalyzer/11.6/admin/action/filesystem/operation.md,Covered by 12.0 — see docs/accessanalyzer/12.0/admin/action/filesystem/operation.md,,,,,
File System Action: Options,11.6,https://docs.netwrix.com/docs/accessanalyzer/11_6/admin/action/filesystem/options,docs/accessanalyzer/11.6/admin/action/filesystem/options.md,Covered by 12.0 — see docs/accessanalyzer/12.0/admin/action/filesystem/options.md,,,,,
File System Action Module,11.6,https://docs.netwrix.com/docs/accessanalyzer/11_6/admin/action/filesystem/overview,docs/accessanalyzer/11.6/admin/action/filesystem/overview.md,,,,,,
Add Tags,11.6,https://docs.netwrix.com/docs/accessanalyzer/11_6/admin/action/filesystem/parameters/addtags,docs/accessanalyzer/11.6/admin/action/filesystem/parameters/addtags.md,Covered by 12.0 — see docs/accessanalyzer/12.0/admin/action/filesystem/parameters/addtags.md,,,,,
Change Attributes,11.6,https://docs.netwrix.com/docs/accessanalyzer/11_6/admin/action/filesystem/parameters/changeattributes,docs/accessanalyzer/11.6/admin/action/filesystem/parameters/changeattributes.md,Covered by 12.0 — see docs/accessanalyzer/12.0/admin/action/filesystem/parameters/changeattributes.md,,,,,
Change Owner,11.6,https://docs.netwrix.com/docs/accessanalyzer/11_6/admin/action/filesystem/parameters/changeowner,docs/accessanalyzer/11.6/admin/action/filesystem/parameters/changeowner.md,Covered by 12.0 — see docs/accessanalyzer/12.0/admin/action/filesystem/parameters/changeowner.md,,,,,
Change Permission Inheritance,11.6,https://docs.netwrix.com/docs/accessanalyzer/11_6/admin/action/filesystem/parameters/changepermissioninheritance,docs/accessanalyzer/11.6/admin/action/filesystem/parameters/changepermissioninheritance.md,Covered by 12.0 — see docs/accessanalyzer/12.0/admin/action/filesystem/parameters/changepermissioninheritance.md,,,,,
Change Permissions and Auditing,11.6,https://docs.netwrix.com/docs/accessanalyzer/11_6/admin/action/filesystem/parameters/changepermissionsauditing,docs/accessanalyzer/11.6/admin/action/filesystem/parameters/changepermissionsauditing.md,Covered by 12.0 — see docs/accessanalyzer/12.0/admin/action/filesystem/parameters/changepermissionsauditing.md,,,,,
Change Share Permissions,11.6,https://docs.netwrix.com/docs/accessanalyzer/11_6/admin/action/filesystem/parameters/changesharepermissions,docs/accessanalyzer/11.6/admin/action/filesystem/parameters/changesharepermissions.md,Covered by 12.0 — see docs/accessanalyzer/12.0/admin/action/filesystem/parameters/changesharepermissions.md,,,,,
File System Action: Parameters,11.6,https://docs.netwrix.com/docs/accessanalyzer/11_6/admin/action/filesystem/parameters,docs/accessanalyzer/11.6/admin/action/filesystem/parameters/parameters.md,Covered by 12.0 — see docs/accessanalyzer/12.0/admin/action/filesystem/parameters/parameters.md,,,,,
Remove File Permissions,11.6,https://docs.netwrix.com/docs/accessanalyzer/11_6/admin/action/filesystem/parameters/removefilepermissions,docs/accessanalyzer/11.6/admin/action/filesystem/parameters/removefilepermissions.md,Covered by 12.0 — see docs/accessanalyzer/12.0/admin/action/filesystem/parameters/removefilepermissions.md,,,,,
Remove Share Permissions,11.6,https://docs.netwrix.com/docs/accessanalyzer/11_6/admin/action/filesystem/parameters/removesharepermissions,docs/accessanalyzer/11.6/admin/action/filesystem/parameters/removesharepermissions.md,Covered by 12.0 — see docs/accessanalyzer/12.0/admin/action/filesystem/parameters/removesharepermissions.md,,,,,
Remove Tags,11.6,https://docs.netwrix.com/docs/accessanalyzer/11_6/admin/action/filesystem/parameters/removetags,docs/accessanalyzer/11.6/admin/action/filesystem/parameters/removetags.md,Covered by 12.0 — see docs/accessanalyzer/12.0/admin/action/filesystem/parameters/removetags.md,,,,,
File System Action: Prior Actions,11.6,https://docs.netwrix.com/docs/accessanalyzer/11_6/admin/action/filesystem/prioractions,docs/accessanalyzer/11.6/admin/action/filesystem/prioractions.md,Covered by 12.0 — see docs/accessanalyzer/12.0/admin/action/filesystem/prioractions.md,,,,,
File System Action: Rollback,11.6,https://docs.netwrix.com/docs/accessanalyzer/11_6/admin/action/filesystem/rollback,docs/accessanalyzer/11.6/admin/action/filesystem/rollback.md,Covered by 12.0 — see docs/accessanalyzer/12.0/admin/action/filesystem/rollback.md,,,,,
File System Action: Summary,11.6,https://docs.netwrix.com/docs/accessanalyzer/11_6/admin/action/filesystem/summary,docs/accessanalyzer/11.6/admin/action/filesystem/summary.md,Covered by 12.0 — see docs/accessanalyzer/12.0/admin/action/filesystem/summary.md,,,,,
File System Action: Target,11.6,https://docs.netwrix.com/docs/accessanalyzer/11_6/admin/action/filesystem/target,docs/accessanalyzer/11.6/admin/action/filesystem/target.md,Covered by 12.0 — see docs/accessanalyzer/12.0/admin/action/filesystem/target.md,,,,,
Action Libraries,11.6,https://docs.netwrix.com/docs/accessanalyzer/11_6/admin/action/libraries,docs/accessanalyzer/11.6/admin/action/libraries.md,Covered by 12.0 — see docs/accessanalyzer/12.0/admin/action/libraries.md,,,,,
Mailbox: Affected Mailboxes,11.6,https://docs.netwrix.com/docs/accessanalyzer/11_6/admin/action/mailbox/affectedmailboxes,docs/accessanalyzer/11.6/admin/action/mailbox/affectedmailboxes.md,Covered by 12.0 — see docs/accessanalyzer/12.0/admin/action/mailbox/affectedmailboxes.md,,,,,
Mailbox: Criteria Selection,11.6,https://docs.netwrix.com/docs/accessanalyzer/11_6/admin/action/mailbox/criteriaselection,docs/accessanalyzer/11.6/admin/action/mailbox/criteriaselection.md,Covered by 12.0 — see docs/accessanalyzer/12.0/admin/action/mailbox/criteriaselection.md,,,,,
Mailbox: Delegate Rights,11.6,https://docs.netwrix.com/docs/accessanalyzer/11_6/admin/action/mailbox/delegaterights,docs/accessanalyzer/11.6/admin/action/mailbox/delegaterights.md,Covered by 12.0 — see docs/accessanalyzer/12.0/admin/action/mailbox/delegaterights.md,,,,,
Mailbox: Folder Conditions,11.6,https://docs.netwrix.com/docs/accessanalyzer/11_6/admin/action/mailbox/folderconditions,docs/accessanalyzer/11.6/admin/action/mailbox/folderconditions.md,Covered by 12.0 — see docs/accessanalyzer/12.0/admin/action/mailbox/folderconditions.md,,,,,
Mailbox: Folder Identification,11.6,https://docs.netwrix.com/docs/accessanalyzer/11_6/admin/action/mailbox/folderidentification,docs/accessanalyzer/11.6/admin/action/mailbox/folderidentification.md,,,,,,
Mailbox: Mailbox Identification,11.6,https://docs.netwrix.com/docs/accessanalyzer/11_6/admin/action/mailbox/identification,docs/accessanalyzer/11.6/admin/action/mailbox/identification.md,Covered by 12.0 — see docs/accessanalyzer/12.0/admin/action/mailbox/identification.md,,,,,
Mailbox: Message Actions,11.6,https://docs.netwrix.com/docs/accessanalyzer/11_6/admin/action/mailbox/messageactions,docs/accessanalyzer/11.6/admin/action/mailbox/messageactions.md,Covered by 12.0 — see docs/accessanalyzer/12.0/admin/action/mailbox/messageactions.md,,,,,
Mailbox: Message Conditions,11.6,https://docs.netwrix.com/docs/accessanalyzer/11_6/admin/action/mailbox/messageconditions,docs/accessanalyzer/11.6/admin/action/mailbox/messageconditions.md,Covered by 12.0 — see docs/accessanalyzer/12.0/admin/action/mailbox/messageconditions.md,,,,,
Mailbox: Operations,11.6,https://docs.netwrix.com/docs/accessanalyzer/11_6/admin/action/mailbox/operations,docs/accessanalyzer/11.6/admin/action/mailbox/operations.md,Covered by 12.0 — see docs/accessanalyzer/12.0/admin/action/mailbox/operations.md,,,,,
Mailbox Action Module,11.6,https://docs.netwrix.com/docs/accessanalyzer/11_6/admin/action/mailbox/overview,docs/accessanalyzer/11.6/admin/action/mailbox/overview.md,,,,,,
Mailbox: Permissions,11.6,https://docs.netwrix.com/docs/accessanalyzer/11_6/admin/action/mailbox/permissions,docs/accessanalyzer/11.6/admin/action/mailbox/permissions.md,Covered by 12.0 — see docs/accessanalyzer/12.0/admin/action/mailbox/permissions.md,,,,,
Mailbox: Sampling Host,11.6,https://docs.netwrix.com/docs/accessanalyzer/11_6/admin/action/mailbox/samplinghost,docs/accessanalyzer/11.6/admin/action/mailbox/samplinghost.md,,,,,,
Mailbox: Summary,11.6,https://docs.netwrix.com/docs/accessanalyzer/11_6/admin/action/mailbox/summary,docs/accessanalyzer/11.6/admin/action/mailbox/summary.md,Covered by 12.0 — see docs/accessanalyzer/12.0/admin/action/mailbox/summary.md,,,,,
Mailbox: Trusted Users,11.6,https://docs.netwrix.com/docs/accessanalyzer/11_6/admin/action/mailbox/trustedusers,docs/accessanalyzer/11.6/admin/action/mailbox/trustedusers.md,Covered by 12.0 — see docs/accessanalyzer/12.0/admin/action/mailbox/trustedusers.md,,,,,
Action Modules,11.6,https://docs.netwrix.com/docs/accessanalyzer/11_6/admin/action/overview,docs/accessanalyzer/11.6/admin/action/overview.md,,,,,,
PowerShell Action: Execution Options,11.6,https://docs.netwrix.com/docs/accessanalyzer/11_6/admin/action/powershell/executionoptions,docs/accessanalyzer/11.6/admin/action/powershell/executionoptions.md,,,,,,
PowerShell Action Module,11.6,https://docs.netwrix.com/docs/accessanalyzer/11_6/admin/action/powershell/overview,docs/accessanalyzer/11.6/admin/action/powershell/overview.md,,,,,,
PowerShell Action: Script,11.6,https://docs.netwrix.com/docs/accessanalyzer/11_6/admin/action/powershell/script,docs/accessanalyzer/11.6/admin/action/powershell/script.md,Covered by 12.0 — see docs/accessanalyzer/12.0/admin/action/powershell/script.md,,,,,
PowerShell Action: Summary,11.6,https://docs.netwrix.com/docs/accessanalyzer/11_6/admin/action/powershell/summary,docs/accessanalyzer/11.6/admin/action/powershell/summary.md,Covered by 12.0 — see docs/accessanalyzer/12.0/admin/action/powershell/summary.md,,,,,
Public Folder: Action,11.6,https://docs.netwrix.com/docs/accessanalyzer/11_6/admin/action/publicfolder/action,docs/accessanalyzer/11.6/admin/action/publicfolder/action.md,Covered by 12.0 — see docs/accessanalyzer/12.0/admin/action/publicfolder/action.md,,,,,
Public Folder: Folders,11.6,https://docs.netwrix.com/docs/accessanalyzer/11_6/admin/action/publicfolder/folders,docs/accessanalyzer/11.6/admin/action/publicfolder/folders.md,Covered by 12.0 — see docs/accessanalyzer/12.0/admin/action/publicfolder/folders.md,,,,,
Public Folder: MAPI Settings,11.6,https://docs.netwrix.com/docs/accessanalyzer/11_6/admin/action/publicfolder/mapisettings,docs/accessanalyzer/11.6/admin/action/publicfolder/mapisettings.md,,,,,,
Public Folder: Operations,11.6,https://docs.netwrix.com/docs/accessanalyzer/11_6/admin/action/publicfolder/operations,docs/accessanalyzer/11.6/admin/action/publicfolder/operations.md,Covered by 12.0 — see docs/accessanalyzer/12.0/admin/action/publicfolder/operations.md,,,,,
Public Folder: Options,11.6,https://docs.netwrix.com/docs/accessanalyzer/11_6/admin/action/publicfolder/options,docs/accessanalyzer/11.6/admin/action/publicfolder/options.md,Covered by 12.0 — see docs/accessanalyzer/12.0/admin/action/publicfolder/options.md,,,,,
PublicFolder Action Module,11.6,https://docs.netwrix.com/docs/accessanalyzer/11_6/admin/action/publicfolder/overview,docs/accessanalyzer/11.6/admin/action/publicfolder/overview.md,Covered by 12.0 — see docs/accessanalyzer/12.0/admin/action/publicfolder/overview.md,,,,,
Public Folder: Prior Actions,11.6,https://docs.netwrix.com/docs/accessanalyzer/11_6/admin/action/publicfolder/prioractions,docs/accessanalyzer/11.6/admin/action/publicfolder/prioractions.md,Covered by 12.0 — see docs/accessanalyzer/12.0/admin/action/publicfolder/prioractions.md,,,,,
Public Folder: Rollback,11.6,https://docs.netwrix.com/docs/accessanalyzer/11_6/admin/action/publicfolder/rollback,docs/accessanalyzer/11.6/admin/action/publicfolder/rollback.md,Covered by 12.0 — see docs/accessanalyzer/12.0/admin/action/publicfolder/rollback.md,,,,,
Public Folder: Summary,11.6,https://docs.netwrix.com/docs/accessanalyzer/11_6/admin/action/publicfolder/summary,docs/accessanalyzer/11.6/admin/action/publicfolder/summary.md,Covered by 12.0 — see docs/accessanalyzer/12.0/admin/action/publicfolder/summary.md,,,,,
Registry: Operations,11.6,https://docs.netwrix.com/docs/accessanalyzer/11_6/admin/action/registry/operations,docs/accessanalyzer/11.6/admin/action/registry/operations.md,,,,,,
Registry Action Module,11.6,https://docs.netwrix.com/docs/accessanalyzer/11_6/admin/action/registry/overview,docs/accessanalyzer/11.6/admin/action/registry/overview.md,,,,,,
Registry: Summary,11.6,https://docs.netwrix.com/docs/accessanalyzer/11_6/admin/action/registry/summary,docs/accessanalyzer/11.6/admin/action/registry/summary.md,Covered by 12.0 — see docs/accessanalyzer/12.0/admin/action/registry/summary.md,,,,,
Registry: Target Hosts,11.6,https://docs.netwrix.com/docs/accessanalyzer/11_6/admin/action/registry/targethosts,docs/accessanalyzer/11.6/admin/action/registry/targethosts.md,Covered by 12.0 — see docs/accessanalyzer/12.0/admin/action/registry/targethosts.md,,,,,
SendMail Action: Message,11.6,https://docs.netwrix.com/docs/accessanalyzer/11_6/admin/action/sendmail/message,docs/accessanalyzer/11.6/admin/action/sendmail/message.md,Covered by 12.0 — see docs/accessanalyzer/12.0/admin/action/sendmail/message.md,,,,,
SendMail Action Module,11.6,https://docs.netwrix.com/docs/accessanalyzer/11_6/admin/action/sendmail/overview,docs/accessanalyzer/11.6/admin/action/sendmail/overview.md,,,,,,
SendMail Action: Properties,11.6,https://docs.netwrix.com/docs/accessanalyzer/11_6/admin/action/sendmail/properties,docs/accessanalyzer/11.6/admin/action/sendmail/properties.md,Covered by 12.0 — see docs/accessanalyzer/12.0/admin/action/sendmail/properties.md,,,,,
SendMail Action: Summary,11.6,https://docs.netwrix.com/docs/accessanalyzer/11_6/admin/action/sendmail/summary,docs/accessanalyzer/11.6/admin/action/sendmail/summary.md,,,,,,
Viewing the Status of SendMail Actions,11.6,https://docs.netwrix.com/docs/accessanalyzer/11_6/admin/action/sendmail/viewstatus,docs/accessanalyzer/11.6/admin/action/sendmail/viewstatus.md,Covered by 12.0 — see docs/accessanalyzer/12.0/admin/action/sendmail/viewstatus.md,,,,,
ServiceNow Action: Authentication,11.6,https://docs.netwrix.com/docs/accessanalyzer/11_6/admin/action/servicenow/authentication,docs/accessanalyzer/11.6/admin/action/servicenow/authentication.md,,,,,,
ServiceNow Action: Description,11.6,https://docs.netwrix.com/docs/accessanalyzer/11_6/admin/action/servicenow/description,docs/accessanalyzer/11.6/admin/action/servicenow/description.md,Covered by 12.0 — see docs/accessanalyzer/12.0/admin/action/servicenow/description.md,,,,,
ServiceNow Action: Incident Creation,11.6,https://docs.netwrix.com/docs/accessanalyzer/11_6/admin/action/servicenow/incidentcreation,docs/accessanalyzer/11.6/admin/action/servicenow/incidentcreation.md,Covered by 12.0 — see docs/accessanalyzer/12.0/admin/action/servicenow/incidentcreation.md,,,,,
ServiceNow Action Module,11.6,https://docs.netwrix.com/docs/accessanalyzer/11_6/admin/action/servicenow/overview,docs/accessanalyzer/11.6/admin/action/servicenow/overview.md,,,,,,
ServiceNow Action: Summary,11.6,https://docs.netwrix.com/docs/accessanalyzer/11_6/admin/action/servicenow/summary,docs/accessanalyzer/11.6/admin/action/servicenow/summary.md,Covered by 12.0 — see docs/accessanalyzer/12.0/admin/action/servicenow/summary.md,,,,,
Survey HTML Style,11.6,https://docs.netwrix.com/docs/accessanalyzer/11_6/admin/action/survey/htmlstyle,docs/accessanalyzer/11.6/admin/action/survey/htmlstyle.md,Covered by 12.0 — see docs/accessanalyzer/12.0/admin/action/survey/htmlstyle.md,,,,,
Survey: Introduction,11.6,https://docs.netwrix.com/docs/accessanalyzer/11_6/admin/action/survey/introduction,docs/accessanalyzer/11.6/admin/action/survey/introduction.md,,,,,,
Survey: Mail – Message,11.6,https://docs.netwrix.com/docs/accessanalyzer/11_6/admin/action/survey/mailmessage,docs/accessanalyzer/11.6/admin/action/survey/mailmessage.md,Covered by 12.0 — see docs/accessanalyzer/12.0/admin/action/survey/mailmessage.md,,,,,
Survey: Mail – Properties,11.6,https://docs.netwrix.com/docs/accessanalyzer/11_6/admin/action/survey/mailproperties,docs/accessanalyzer/11.6/admin/action/survey/mailproperties.md,Covered by 12.0 — see docs/accessanalyzer/12.0/admin/action/survey/mailproperties.md,,,,,
Survey Action Module,11.6,https://docs.netwrix.com/docs/accessanalyzer/11_6/admin/action/survey/overview,docs/accessanalyzer/11.6/admin/action/survey/overview.md,,,,,,
Survey: Questions,11.6,https://docs.netwrix.com/docs/accessanalyzer/11_6/admin/action/survey/questions,docs/accessanalyzer/11.6/admin/action/survey/questions.md,Covered by 12.0 — see docs/accessanalyzer/12.0/admin/action/survey/questions.md,,,,,
Survey: Summary,11.6,https://docs.netwrix.com/docs/accessanalyzer/11_6/admin/action/survey/summary,docs/accessanalyzer/11.6/admin/action/survey/summary.md,Covered by 12.0 — see docs/accessanalyzer/12.0/admin/action/survey/summary.md,,,,,
Survey: Template,11.6,https://docs.netwrix.com/docs/accessanalyzer/11_6/admin/action/survey/template,docs/accessanalyzer/11.6/admin/action/survey/template.md,Covered by 12.0 — see docs/accessanalyzer/12.0/admin/action/survey/template.md,,,,,
Survey: Test Survey,11.6,https://docs.netwrix.com/docs/accessanalyzer/11_6/admin/action/survey/testsurvey,docs/accessanalyzer/11.6/admin/action/survey/testsurvey.md,Covered by 12.0 — see docs/accessanalyzer/12.0/admin/action/survey/testsurvey.md,,,,,
Survey: Web Server,11.6,https://docs.netwrix.com/docs/accessanalyzer/11_6/admin/action/survey/webserver,docs/accessanalyzer/11.6/admin/action/survey/webserver.md,Covered by 12.0 — see docs/accessanalyzer/12.0/admin/action/survey/webserver.md,,,,,
Web Request: Destination,11.6,https://docs.netwrix.com/docs/accessanalyzer/11_6/admin/action/webrequest/destination,docs/accessanalyzer/11.6/admin/action/webrequest/destination.md,Covered by 12.0 — see docs/accessanalyzer/12.0/admin/action/webrequest/destination.md,,,,,
Web Request: Header,11.6,https://docs.netwrix.com/docs/accessanalyzer/11_6/admin/action/webrequest/header,docs/accessanalyzer/11.6/admin/action/webrequest/header.md,Covered by 12.0 — see docs/accessanalyzer/12.0/admin/action/webrequest/header.md,,,,,
WebRequest Action Module,11.6,https://docs.netwrix.com/docs/accessanalyzer/11_6/admin/action/webrequest/overview,docs/accessanalyzer/11.6/admin/action/webrequest/overview.md,Covered by 12.0 — see docs/accessanalyzer/12.0/admin/action/webrequest/overview.md,,,,,
Web Request: Parameters,11.6,https://docs.netwrix.com/docs/accessanalyzer/11_6/admin/action/webrequest/parameters,docs/accessanalyzer/11.6/admin/action/webrequest/parameters.md,Covered by 12.0 — see docs/accessanalyzer/12.0/admin/action/webrequest/parameters.md,,,,,
Web Request: Settings,11.6,https://docs.netwrix.com/docs/accessanalyzer/11_6/admin/action/webrequest/settings,docs/accessanalyzer/11.6/admin/action/webrequest/settings.md,,,,,,
Web Request: Summary,11.6,https://docs.netwrix.com/docs/accessanalyzer/11_6/admin/action/webrequest/summary,docs/accessanalyzer/11.6/admin/action/webrequest/summary.md,Covered by 12.0 — see docs/accessanalyzer/12.0/admin/action/webrequest/summary.md,,,,,
AutoAction Analysis Module,11.6,https://docs.netwrix.com/docs/accessanalyzer/11_6/admin/analysis/autoaction,docs/accessanalyzer/11.6/admin/analysis/autoaction.md,,,,,,
Applies To Tab,11.6,https://docs.netwrix.com/docs/accessanalyzer/11_6/admin/analysis/businessrules/appliesto,docs/accessanalyzer/11.6/admin/analysis/businessrules/appliesto.md,,,,,,
Logic Tab,11.6,https://docs.netwrix.com/docs/accessanalyzer/11_6/admin/analysis/businessrules/logic,docs/accessanalyzer/11.6/admin/analysis/businessrules/logic.md,Covered by 12.0 — see docs/accessanalyzer/12.0/admin/analysis/businessrules/logic.md,,,,,
Business Rules Analysis Module,11.6,https://docs.netwrix.com/docs/accessanalyzer/11_6/admin/analysis/businessrules/overview,docs/accessanalyzer/11.6/admin/analysis/businessrules/overview.md,Covered by 12.0 — see docs/accessanalyzer/12.0/admin/analysis/businessrules/overview.md,,,,,
Variables Tab,11.6,https://docs.netwrix.com/docs/accessanalyzer/11_6/admin/analysis/businessrules/variables,docs/accessanalyzer/11.6/admin/analysis/businessrules/variables.md,Covered by 12.0 — see docs/accessanalyzer/12.0/admin/analysis/businessrules/variables.md,,,,,
Change Detection: Additional Fields,11.6,https://docs.netwrix.com/docs/accessanalyzer/11_6/admin/analysis/changedetection/additionalfields,docs/accessanalyzer/11.6/admin/analysis/changedetection/additionalfields.md,Covered by 12.0 — see docs/accessanalyzer/12.0/admin/analysis/changedetection/additionalfields.md,,,,,
Change Detection: Fields,11.6,https://docs.netwrix.com/docs/accessanalyzer/11_6/admin/analysis/changedetection/fields,docs/accessanalyzer/11.6/admin/analysis/changedetection/fields.md,Covered by 12.0 — see docs/accessanalyzer/12.0/admin/analysis/changedetection/fields.md,,,,,
Change Detection: Input,11.6,https://docs.netwrix.com/docs/accessanalyzer/11_6/admin/analysis/changedetection/input,docs/accessanalyzer/11.6/admin/analysis/changedetection/input.md,Covered by 12.0 — see docs/accessanalyzer/12.0/admin/analysis/changedetection/input.md,,,,,
Change Detection: Input Scope,11.6,https://docs.netwrix.com/docs/accessanalyzer/11_6/admin/analysis/changedetection/inputscope,docs/accessanalyzer/11.6/admin/analysis/changedetection/inputscope.md,,,,,,
Change Detection: Options,11.6,https://docs.netwrix.com/docs/accessanalyzer/11_6/admin/analysis/changedetection/options,docs/accessanalyzer/11.6/admin/analysis/changedetection/options.md,Covered by 12.0 — see docs/accessanalyzer/12.0/admin/analysis/changedetection/options.md,,,,,
Change Detection Analysis Module,11.6,https://docs.netwrix.com/docs/accessanalyzer/11_6/admin/analysis/changedetection/overview,docs/accessanalyzer/11.6/admin/analysis/changedetection/overview.md,,,,,,
Change Detection: Result Sample,11.6,https://docs.netwrix.com/docs/accessanalyzer/11_6/admin/analysis/changedetection/resultsample,docs/accessanalyzer/11.6/admin/analysis/changedetection/resultsample.md,Covered by 12.0 — see docs/accessanalyzer/12.0/admin/analysis/changedetection/resultsample.md,,,,,
Change Detection: Summary,11.6,https://docs.netwrix.com/docs/accessanalyzer/11_6/admin/analysis/changedetection/summary,docs/accessanalyzer/11.6/admin/analysis/changedetection/summary.md,Covered by 12.0 — see docs/accessanalyzer/12.0/admin/analysis/changedetection/summary.md,,,,,
Change Detection: Unique Key,11.6,https://docs.netwrix.com/docs/accessanalyzer/11_6/admin/analysis/changedetection/uniquekey,docs/accessanalyzer/11.6/admin/analysis/changedetection/uniquekey.md,,,,,,
Notification: Change Type,11.6,https://docs.netwrix.com/docs/accessanalyzer/11_6/admin/analysis/notification/changetype,docs/accessanalyzer/11.6/admin/analysis/notification/changetype.md,Covered by 12.0 — see docs/accessanalyzer/12.0/admin/analysis/notification/changetype.md,,,,,
Notification: Command Line,11.6,https://docs.netwrix.com/docs/accessanalyzer/11_6/admin/analysis/notification/commandline,docs/accessanalyzer/11.6/admin/analysis/notification/commandline.md,Covered by 12.0 — see docs/accessanalyzer/12.0/admin/analysis/notification/commandline.md,,,,,
Notification: Criteria,11.6,https://docs.netwrix.com/docs/accessanalyzer/11_6/admin/analysis/notification/criteria,docs/accessanalyzer/11.6/admin/analysis/notification/criteria.md,,,,,,
Notification: Event Log,11.6,https://docs.netwrix.com/docs/accessanalyzer/11_6/admin/analysis/notification/eventlog,docs/accessanalyzer/11.6/admin/analysis/notification/eventlog.md,,,,,,
Notification: Frequency,11.6,https://docs.netwrix.com/docs/accessanalyzer/11_6/admin/analysis/notification/frequency,docs/accessanalyzer/11.6/admin/analysis/notification/frequency.md,Covered by 12.0 — see docs/accessanalyzer/12.0/admin/analysis/notification/frequency.md,,,,,
Notification: Hosts,11.6,https://docs.netwrix.com/docs/accessanalyzer/11_6/admin/analysis/notification/hosts,docs/accessanalyzer/11.6/admin/analysis/notification/hosts.md,Covered by 12.0 — see docs/accessanalyzer/12.0/admin/analysis/notification/hosts.md,,,,,
Notification Analysis Module,11.6,https://docs.netwrix.com/docs/accessanalyzer/11_6/admin/analysis/notification/overview,docs/accessanalyzer/11.6/admin/analysis/notification/overview.md,,,,,,
Notification: Select Table,11.6,https://docs.netwrix.com/docs/accessanalyzer/11_6/admin/analysis/notification/selecttable,docs/accessanalyzer/11.6/admin/analysis/notification/selecttable.md,,,,,,
Notification: SMTP,11.6,https://docs.netwrix.com/docs/accessanalyzer/11_6/admin/analysis/notification/smtp,docs/accessanalyzer/11.6/admin/analysis/notification/smtp.md,,,,,,
Notification: Summary,11.6,https://docs.netwrix.com/docs/accessanalyzer/11_6/admin/analysis/notification/summary,docs/accessanalyzer/11.6/admin/analysis/notification/summary.md,Covered by 12.0 — see docs/accessanalyzer/12.0/admin/analysis/notification/summary.md,,,,,
Notification: Table Type,11.6,https://docs.netwrix.com/docs/accessanalyzer/11_6/admin/analysis/notification/tabletype,docs/accessanalyzer/11.6/admin/analysis/notification/tabletype.md,,,,,,
Notification: Time Window,11.6,https://docs.netwrix.com/docs/accessanalyzer/11_6/admin/analysis/notification/timewindow,docs/accessanalyzer/11.6/admin/analysis/notification/timewindow.md,,,,,,
Notification: Type,11.6,https://docs.netwrix.com/docs/accessanalyzer/11_6/admin/analysis/notification/type,docs/accessanalyzer/11.6/admin/analysis/notification/type.md,,,,,,
Analysis Modules,11.6,https://docs.netwrix.com/docs/accessanalyzer/11_6/admin/analysis/overview,docs/accessanalyzer/11.6/admin/analysis/overview.md,,,,,,
SQLscripting Analysis Module,11.6,https://docs.netwrix.com/docs/accessanalyzer/11_6/admin/analysis/sqlscripting,docs/accessanalyzer/11.6/admin/analysis/sqlscripting.md,,,,,,
SQLViewCreations: Columns,11.6,https://docs.netwrix.com/docs/accessanalyzer/11_6/admin/analysis/sqlviewcreation/columns,docs/accessanalyzer/11.6/admin/analysis/sqlviewcreation/columns.md,,,,,,
SQLViewCreation: Export,11.6,https://docs.netwrix.com/docs/accessanalyzer/11_6/admin/analysis/sqlviewcreation/export,docs/accessanalyzer/11.6/admin/analysis/sqlviewcreation/export.md,Covered by 12.0 — see docs/accessanalyzer/12.0/admin/analysis/sqlviewcreation/export.md,,,,,
SQLViewCreation: Filter,11.6,https://docs.netwrix.com/docs/accessanalyzer/11_6/admin/analysis/sqlviewcreation/filter,docs/accessanalyzer/11.6/admin/analysis/sqlviewcreation/filter.md,,,,,,
SQLViewCreation: Input Source,11.6,https://docs.netwrix.com/docs/accessanalyzer/11_6/admin/analysis/sqlviewcreation/input,docs/accessanalyzer/11.6/admin/analysis/sqlviewcreation/input.md,Covered by 12.0 — see docs/accessanalyzer/12.0/admin/analysis/sqlviewcreation/input.md,,,,,
SQLViewCreation: Input Scope,11.6,https://docs.netwrix.com/docs/accessanalyzer/11_6/admin/analysis/sqlviewcreation/inputscope,docs/accessanalyzer/11.6/admin/analysis/sqlviewcreation/inputscope.md,,,,,,
SQLViewCreations: Join Columns,11.6,https://docs.netwrix.com/docs/accessanalyzer/11_6/admin/analysis/sqlviewcreation/joincolumns,docs/accessanalyzer/11.6/admin/analysis/sqlviewcreation/joincolumns.md,,,,,,
SQLViewCreation Analysis Module,11.6,https://docs.netwrix.com/docs/accessanalyzer/11_6/admin/analysis/sqlviewcreation/overview,docs/accessanalyzer/11.6/admin/analysis/sqlviewcreation/overview.md,,,,,,
SQLViewCreation: Result Type,11.6,https://docs.netwrix.com/docs/accessanalyzer/11_6/admin/analysis/sqlviewcreation/result,docs/accessanalyzer/11.6/admin/analysis/sqlviewcreation/result.md,,,,,,
SQLViewCreation: Result Constraints,11.6,https://docs.netwrix.com/docs/accessanalyzer/11_6/admin/analysis/sqlviewcreation/resultconstraints,docs/accessanalyzer/11.6/admin/analysis/sqlviewcreation/resultconstraints.md,,,,,,
SQLViewCreation: Result Sample,11.6,https://docs.netwrix.com/docs/accessanalyzer/11_6/admin/analysis/sqlviewcreation/resultsample,docs/accessanalyzer/11.6/admin/analysis/sqlviewcreation/resultsample.md,Covered by 12.0 — see docs/accessanalyzer/12.0/admin/analysis/sqlviewcreation/resultsample.md,,,,,
SQLViewCreation: Summary,11.6,https://docs.netwrix.com/docs/accessanalyzer/11_6/admin/analysis/sqlviewcreation/summary,docs/accessanalyzer/11.6/admin/analysis/sqlviewcreation/summary.md,Covered by 12.0 — see docs/accessanalyzer/12.0/admin/analysis/sqlviewcreation/summary.md,,,,,
SQLViewCreation: Time Window,11.6,https://docs.netwrix.com/docs/accessanalyzer/11_6/admin/analysis/sqlviewcreation/timewindow,docs/accessanalyzer/11.6/admin/analysis/sqlviewcreation/timewindow.md,,,,,,
VBscripting Analysis Module,11.6,https://docs.netwrix.com/docs/accessanalyzer/11_6/admin/analysis/vbscripting,docs/accessanalyzer/11.6/admin/analysis/vbscripting.md,Covered by 12.0 — see docs/accessanalyzer/12.0/admin/analysis/vbscripting.md,,,,,
ActiveDirectory: Category,11.6,https://docs.netwrix.com/docs/accessanalyzer/11_6/admin/datacollector/activedirectory/category,docs/accessanalyzer/11.6/admin/datacollector/activedirectory/category.md,Covered by 12.0 — see docs/accessanalyzer/12.0/admin/datacollector/activedirectory/category.md,,,,,
ActiveDirectory: Directory Scope,11.6,https://docs.netwrix.com/docs/accessanalyzer/11_6/admin/datacollector/activedirectory/directoryscope,docs/accessanalyzer/11.6/admin/datacollector/activedirectory/directoryscope.md,,,,,,
ActiveDirectory: Options,11.6,https://docs.netwrix.com/docs/accessanalyzer/11_6/admin/datacollector/activedirectory/options,docs/accessanalyzer/11.6/admin/datacollector/activedirectory/options.md,Covered by 12.0 — see docs/accessanalyzer/12.0/admin/datacollector/activedirectory/options.md,,,,,
ActiveDirectory Data Collector,11.6,https://docs.netwrix.com/docs/accessanalyzer/11_6/admin/datacollector/activedirectory/overview,docs/accessanalyzer/11.6/admin/datacollector/activedirectory/overview.md,,,,,,
ActiveDirectory: Results,11.6,https://docs.netwrix.com/docs/accessanalyzer/11_6/admin/datacollector/activedirectory/results,docs/accessanalyzer/11.6/admin/datacollector/activedirectory/results.md,Covered by 12.0 — see docs/accessanalyzer/12.0/admin/datacollector/activedirectory/results.md,,,,,
ActiveDirectory: Summary,11.6,https://docs.netwrix.com/docs/accessanalyzer/11_6/admin/datacollector/activedirectory/summary,docs/accessanalyzer/11.6/admin/datacollector/activedirectory/summary.md,Covered by 12.0 — see docs/accessanalyzer/12.0/admin/datacollector/activedirectory/summary.md,,,,,
ADActivity: Category,11.6,https://docs.netwrix.com/docs/accessanalyzer/11_6/admin/datacollector/adactivity/category,docs/accessanalyzer/11.6/admin/datacollector/adactivity/category.md,,,,,,
Clear ADActivity Tables,11.6,https://docs.netwrix.com/docs/accessanalyzer/11_6/admin/datacollector/adactivity/cleartables,docs/accessanalyzer/11.6/admin/datacollector/adactivity/cleartables.md,Covered by 12.0 — see docs/accessanalyzer/12.0/admin/datacollector/adactivity/cleartables.md,,,,,
ADActivity: SAM Connection,11.6,https://docs.netwrix.com/docs/accessanalyzer/11_6/admin/datacollector/adactivity/connection,docs/accessanalyzer/11.6/admin/datacollector/adactivity/connection.md,,,,,,
ADActivity Data Collector,11.6,https://docs.netwrix.com/docs/accessanalyzer/11_6/admin/datacollector/adactivity/overview,docs/accessanalyzer/11.6/admin/datacollector/adactivity/overview.md,,,,,,
ADActivity: Results,11.6,https://docs.netwrix.com/docs/accessanalyzer/11_6/admin/datacollector/adactivity/results,docs/accessanalyzer/11.6/admin/datacollector/adactivity/results.md,Covered by 12.0 — see docs/accessanalyzer/12.0/admin/datacollector/adactivity/results.md,,,,,
ADActivity: Scope,11.6,https://docs.netwrix.com/docs/accessanalyzer/11_6/admin/datacollector/adactivity/scope,docs/accessanalyzer/11.6/admin/datacollector/adactivity/scope.md,,,,,,
ADActivity: Share,11.6,https://docs.netwrix.com/docs/accessanalyzer/11_6/admin/datacollector/adactivity/share,docs/accessanalyzer/11.6/admin/datacollector/adactivity/share.md,,,,,,
Standard Reference Tables & Views for the ADActivity Data Collector,11.6,https://docs.netwrix.com/docs/accessanalyzer/11_6/admin/datacollector/adactivity/standardtables,docs/accessanalyzer/11.6/admin/datacollector/adactivity/standardtables.md,,,,,,
ADActivity: Summary,11.6,https://docs.netwrix.com/docs/accessanalyzer/11_6/admin/datacollector/adactivity/summary,docs/accessanalyzer/11.6/admin/datacollector/adactivity/summary.md,Covered by 12.0 — see docs/accessanalyzer/12.0/admin/datacollector/adactivity/summary.md,,,,,
ADInventory: Category,11.6,https://docs.netwrix.com/docs/accessanalyzer/11_6/admin/datacollector/adinventory/category,docs/accessanalyzer/11.6/admin/datacollector/adinventory/category.md,,,,,,
Clear ADInventory Tables,11.6,https://docs.netwrix.com/docs/accessanalyzer/11_6/admin/datacollector/adinventory/cleartables,docs/accessanalyzer/11.6/admin/datacollector/adinventory/cleartables.md,,,,,,
ADInventory: Custom Attributes,11.6,https://docs.netwrix.com/docs/accessanalyzer/11_6/admin/datacollector/adinventory/customattributes,docs/accessanalyzer/11.6/admin/datacollector/adinventory/customattributes.md,,,,,,
ADInventory: Domains,11.6,https://docs.netwrix.com/docs/accessanalyzer/11_6/admin/datacollector/adinventory/domains,docs/accessanalyzer/11.6/admin/datacollector/adinventory/domains.md,Covered by 12.0 — see docs/accessanalyzer/12.0/admin/datacollector/adinventory/domains.md,,,,,
ADInventory: Index Update Options,11.6,https://docs.netwrix.com/docs/accessanalyzer/11_6/admin/datacollector/adinventory/indexupdateoptions,docs/accessanalyzer/11.6/admin/datacollector/adinventory/indexupdateoptions.md,Covered by 12.0 — see docs/accessanalyzer/12.0/admin/datacollector/adinventory/indexupdateoptions.md,,,,,
ADInventory: Options,11.6,https://docs.netwrix.com/docs/accessanalyzer/11_6/admin/datacollector/adinventory/options,docs/accessanalyzer/11.6/admin/datacollector/adinventory/options.md,Covered by 12.0 — see docs/accessanalyzer/12.0/admin/datacollector/adinventory/options.md,,,,,
ADInventory Data Collector,11.6,https://docs.netwrix.com/docs/accessanalyzer/11_6/admin/datacollector/adinventory/overview,docs/accessanalyzer/11.6/admin/datacollector/adinventory/overview.md,,,,,,
ADInventory: Results,11.6,https://docs.netwrix.com/docs/accessanalyzer/11_6/admin/datacollector/adinventory/results,docs/accessanalyzer/11.6/admin/datacollector/adinventory/results.md,Covered by 12.0 — see docs/accessanalyzer/12.0/admin/datacollector/adinventory/results.md,,,,,
Standard Reference Tables & Views for the ADInventory Data Collector,11.6,https://docs.netwrix.com/docs/accessanalyzer/11_6/admin/datacollector/adinventory/standardtables,docs/accessanalyzer/11.6/admin/datacollector/adinventory/standardtables.md,,,,,,
ADInventory: Summary,11.6,https://docs.netwrix.com/docs/accessanalyzer/11_6/admin/datacollector/adinventory/summary,docs/accessanalyzer/11.6/admin/datacollector/adinventory/summary.md,Covered by 12.0 — see docs/accessanalyzer/12.0/admin/datacollector/adinventory/summary.md,,,,,
ADPermissions: Category,11.6,https://docs.netwrix.com/docs/accessanalyzer/11_6/admin/datacollector/adpermissions/category,docs/accessanalyzer/11.6/admin/datacollector/adpermissions/category.md,,,,,,
ADPermissions: Custom Filter,11.6,https://docs.netwrix.com/docs/accessanalyzer/11_6/admin/datacollector/adpermissions/customfilter,docs/accessanalyzer/11.6/admin/datacollector/adpermissions/customfilter.md,Covered by 12.0 — see docs/accessanalyzer/12.0/admin/datacollector/adpermissions/customfilter.md,,,,,
ADPermissions: Options,11.6,https://docs.netwrix.com/docs/accessanalyzer/11_6/admin/datacollector/adpermissions/options,docs/accessanalyzer/11.6/admin/datacollector/adpermissions/options.md,Covered by 12.0 — see docs/accessanalyzer/12.0/admin/datacollector/adpermissions/options.md,,,,,
ADPermissions Data Collector,11.6,https://docs.netwrix.com/docs/accessanalyzer/11_6/admin/datacollector/adpermissions/overview,docs/accessanalyzer/11.6/admin/datacollector/adpermissions/overview.md,,,,,,
Remove ADPermissions Tables,11.6,https://docs.netwrix.com/docs/accessanalyzer/11_6/admin/datacollector/adpermissions/removetables,docs/accessanalyzer/11.6/admin/datacollector/adpermissions/removetables.md,,,,,,
ADPermissions: Results,11.6,https://docs.netwrix.com/docs/accessanalyzer/11_6/admin/datacollector/adpermissions/results,docs/accessanalyzer/11.6/admin/datacollector/adpermissions/results.md,Covered by 12.0 — see docs/accessanalyzer/12.0/admin/datacollector/adpermissions/results.md,,,,,
ADPermissions: Scope,11.6,https://docs.netwrix.com/docs/accessanalyzer/11_6/admin/datacollector/adpermissions/scope,docs/accessanalyzer/11.6/admin/datacollector/adpermissions/scope.md,,,,,,
Standard Reference Tables & Views,11.6,https://docs.netwrix.com/docs/accessanalyzer/11_6/admin/datacollector/adpermissions/standardtables,docs/accessanalyzer/11.6/admin/datacollector/adpermissions/standardtables.md,,,,,,
ADPermissions: Summary,11.6,https://docs.netwrix.com/docs/accessanalyzer/11_6/admin/datacollector/adpermissions/summary,docs/accessanalyzer/11.6/admin/datacollector/adpermissions/summary.md,Covered by 12.0 — see docs/accessanalyzer/12.0/admin/datacollector/adpermissions/summary.md,,,,,
AWS: Category,11.6,https://docs.netwrix.com/docs/accessanalyzer/11_6/admin/datacollector/aws/category,docs/accessanalyzer/11.6/admin/datacollector/aws/category.md,,,,,,
AWS: Criteria,11.6,https://docs.netwrix.com/docs/accessanalyzer/11_6/admin/datacollector/aws/criteria,docs/accessanalyzer/11.6/admin/datacollector/aws/criteria.md,,,,,,
Drop AWS Tables,11.6,https://docs.netwrix.com/docs/accessanalyzer/11_6/admin/datacollector/aws/droptables,docs/accessanalyzer/11.6/admin/datacollector/aws/droptables.md,,,,,,
AWS: Filter S3 Objects,11.6,https://docs.netwrix.com/docs/accessanalyzer/11_6/admin/datacollector/aws/filters3objects,docs/accessanalyzer/11.6/admin/datacollector/aws/filters3objects.md,Covered by 12.0 — see docs/accessanalyzer/12.0/admin/datacollector/aws/filters3objects.md,,,,,
AWS: Login Roles,11.6,https://docs.netwrix.com/docs/accessanalyzer/11_6/admin/datacollector/aws/loginroles,docs/accessanalyzer/11.6/admin/datacollector/aws/loginroles.md,,,,,,
AWS Data Collector,11.6,https://docs.netwrix.com/docs/accessanalyzer/11_6/admin/datacollector/aws/overview,docs/accessanalyzer/11.6/admin/datacollector/aws/overview.md,,,,,,
AWS: Results,11.6,https://docs.netwrix.com/docs/accessanalyzer/11_6/admin/datacollector/aws/results,docs/accessanalyzer/11.6/admin/datacollector/aws/results.md,Covered by 12.0 — see docs/accessanalyzer/12.0/admin/datacollector/aws/results.md,,,,,
AWS: Sensitive Data Settings,11.6,https://docs.netwrix.com/docs/accessanalyzer/11_6/admin/datacollector/aws/sensitivedata,docs/accessanalyzer/11.6/admin/datacollector/aws/sensitivedata.md,,,,,,
AWS: Summary,11.6,https://docs.netwrix.com/docs/accessanalyzer/11_6/admin/datacollector/aws/summary,docs/accessanalyzer/11.6/admin/datacollector/aws/summary.md,Covered by 12.0 — see docs/accessanalyzer/12.0/admin/datacollector/aws/summary.md,,,,,
AzureADInventory: Category,11.6,https://docs.netwrix.com/docs/accessanalyzer/11_6/admin/datacollector/azureadinventory/category,docs/accessanalyzer/11.6/admin/datacollector/azureadinventory/category.md,,,,,,
Microsoft Entra ID Connection Profile & Host List,11.6,https://docs.netwrix.com/docs/accessanalyzer/11_6/admin/datacollector/azureadinventory/configurejob,docs/accessanalyzer/11.6/admin/datacollector/azureadinventory/configurejob.md,,,,,,
AzureADInventory: Custom Attributes,11.6,https://docs.netwrix.com/docs/accessanalyzer/11_6/admin/datacollector/azureadinventory/customattributes,docs/accessanalyzer/11.6/admin/datacollector/azureadinventory/customattributes.md,,,,,,
AzureADInventory: Options,11.6,https://docs.netwrix.com/docs/accessanalyzer/11_6/admin/datacollector/azureadinventory/options,docs/accessanalyzer/11.6/admin/datacollector/azureadinventory/options.md,Covered by 12.0 — see docs/accessanalyzer/12.0/admin/datacollector/azureadinventory/options.md,,,,,
AzureADInventory Data Collector,11.6,https://docs.netwrix.com/docs/accessanalyzer/11_6/admin/datacollector/azureadinventory/overview,docs/accessanalyzer/11.6/admin/datacollector/azureadinventory/overview.md,,,,,,
AzureADInventory: Results,11.6,https://docs.netwrix.com/docs/accessanalyzer/11_6/admin/datacollector/azureadinventory/results,docs/accessanalyzer/11.6/admin/datacollector/azureadinventory/results.md,Covered by 12.0 — see docs/accessanalyzer/12.0/admin/datacollector/azureadinventory/results.md,,,,,
Standard Reference Tables & Views for the AzureADInventory Data Collector,11.6,https://docs.netwrix.com/docs/accessanalyzer/11_6/admin/datacollector/azureadinventory/standardtables,docs/accessanalyzer/11.6/admin/datacollector/azureadinventory/standardtables.md,,,,,,
AzureADInventory: Summary,11.6,https://docs.netwrix.com/docs/accessanalyzer/11_6/admin/datacollector/azureadinventory/summary,docs/accessanalyzer/11.6/admin/datacollector/azureadinventory/summary.md,Covered by 12.0 — see docs/accessanalyzer/12.0/admin/datacollector/azureadinventory/summary.md,,,,,
Troubleshooting AzureADInventory Data Collector,11.6,https://docs.netwrix.com/docs/accessanalyzer/11_6/admin/datacollector/azureadinventory/troubleshooting,docs/accessanalyzer/11.6/admin/datacollector/azureadinventory/troubleshooting.md,,,,,,
Box: Activity Operation Scope,11.6,https://docs.netwrix.com/docs/accessanalyzer/11_6/admin/datacollector/box/activityoperationscope,docs/accessanalyzer/11.6/admin/datacollector/box/activityoperationscope.md,Covered by 12.0 — see docs/accessanalyzer/12.0/admin/datacollector/box/activityoperationscope.md,,,,,
Box: Activity Timeframe Scope,11.6,https://docs.netwrix.com/docs/accessanalyzer/11_6/admin/datacollector/box/activitytimeframescope,docs/accessanalyzer/11.6/admin/datacollector/box/activitytimeframescope.md,Covered by 12.0 — see docs/accessanalyzer/12.0/admin/datacollector/box/activitytimeframescope.md,,,,,
Box: Additional Scoping,11.6,https://docs.netwrix.com/docs/accessanalyzer/11_6/admin/datacollector/box/additionalscoping,docs/accessanalyzer/11.6/admin/datacollector/box/additionalscoping.md,,,,,,
Box: Authenticate,11.6,https://docs.netwrix.com/docs/accessanalyzer/11_6/admin/datacollector/box/authenticate,docs/accessanalyzer/11.6/admin/datacollector/box/authenticate.md,,,,,,
Box: Category,11.6,https://docs.netwrix.com/docs/accessanalyzer/11_6/admin/datacollector/box/category,docs/accessanalyzer/11.6/admin/datacollector/box/category.md,Covered by 12.0 — see docs/accessanalyzer/12.0/admin/datacollector/box/category.md,,,,,
Box: Exclusions Page,11.6,https://docs.netwrix.com/docs/accessanalyzer/11_6/admin/datacollector/box/exclusions,docs/accessanalyzer/11.6/admin/datacollector/box/exclusions.md,Covered by 12.0 — see docs/accessanalyzer/12.0/admin/datacollector/box/exclusions.md,,,,,
Box Data Collector,11.6,https://docs.netwrix.com/docs/accessanalyzer/11_6/admin/datacollector/box/overview,docs/accessanalyzer/11.6/admin/datacollector/box/overview.md,,,,,,
Box: Results,11.6,https://docs.netwrix.com/docs/accessanalyzer/11_6/admin/datacollector/box/results,docs/accessanalyzer/11.6/admin/datacollector/box/results.md,Covered by 12.0 — see docs/accessanalyzer/12.0/admin/datacollector/box/results.md,,,,,
Box: Scope by User Page,11.6,https://docs.netwrix.com/docs/accessanalyzer/11_6/admin/datacollector/box/scopebyuser,docs/accessanalyzer/11.6/admin/datacollector/box/scopebyuser.md,Covered by 12.0 — see docs/accessanalyzer/12.0/admin/datacollector/box/scopebyuser.md,,,,,
Standard Reference Tables & Views For the Box Data Collector,11.6,https://docs.netwrix.com/docs/accessanalyzer/11_6/admin/datacollector/box/standardtables,docs/accessanalyzer/11.6/admin/datacollector/box/standardtables.md,,,,,,
Box: Summary,11.6,https://docs.netwrix.com/docs/accessanalyzer/11_6/admin/datacollector/box/summary,docs/accessanalyzer/11.6/admin/datacollector/box/summary.md,Covered by 12.0 — see docs/accessanalyzer/12.0/admin/datacollector/box/summary.md,,,,,
CLU: Define Fields,11.6,https://docs.netwrix.com/docs/accessanalyzer/11_6/admin/datacollector/commandlineutility/definefields,docs/accessanalyzer/11.6/admin/datacollector/commandlineutility/definefields.md,,,,,,
CLU: Execution Options,11.6,https://docs.netwrix.com/docs/accessanalyzer/11_6/admin/datacollector/commandlineutility/executionoptions,docs/accessanalyzer/11.6/admin/datacollector/commandlineutility/executionoptions.md,,,,,,
CommandLineUtility Data Collector,11.6,https://docs.netwrix.com/docs/accessanalyzer/11_6/admin/datacollector/commandlineutility/overview,docs/accessanalyzer/11.6/admin/datacollector/commandlineutility/overview.md,,,,,,
CLU: Profile Parameters,11.6,https://docs.netwrix.com/docs/accessanalyzer/11_6/admin/datacollector/commandlineutility/profileparameters,docs/accessanalyzer/11.6/admin/datacollector/commandlineutility/profileparameters.md,Covered by 12.0 — see docs/accessanalyzer/12.0/admin/datacollector/commandlineutility/profileparameters.md,,,,,
CLU: Profile Type,11.6,https://docs.netwrix.com/docs/accessanalyzer/11_6/admin/datacollector/commandlineutility/profiletype,docs/accessanalyzer/11.6/admin/datacollector/commandlineutility/profiletype.md,Covered by 12.0 — see docs/accessanalyzer/12.0/admin/datacollector/commandlineutility/profiletype.md,,,,,
CLU: Results,11.6,https://docs.netwrix.com/docs/accessanalyzer/11_6/admin/datacollector/commandlineutility/results,docs/accessanalyzer/11.6/admin/datacollector/commandlineutility/results.md,Covered by 12.0 — see docs/accessanalyzer/12.0/admin/datacollector/commandlineutility/results.md,,,,,
CLU: Script Editor,11.6,https://docs.netwrix.com/docs/accessanalyzer/11_6/admin/datacollector/commandlineutility/scripteditor,docs/accessanalyzer/11.6/admin/datacollector/commandlineutility/scripteditor.md,,,,,,
CLU: Summary,11.6,https://docs.netwrix.com/docs/accessanalyzer/11_6/admin/datacollector/commandlineutility/summary,docs/accessanalyzer/11.6/admin/datacollector/commandlineutility/summary.md,Covered by 12.0 — see docs/accessanalyzer/12.0/admin/datacollector/commandlineutility/summary.md,,,,,
DiskInfo Data Collector,11.6,https://docs.netwrix.com/docs/accessanalyzer/11_6/admin/datacollector/diskinfo/overview,docs/accessanalyzer/11.6/admin/datacollector/diskinfo/overview.md,,,,,,
DiskInfo: Results,11.6,https://docs.netwrix.com/docs/accessanalyzer/11_6/admin/datacollector/diskinfo/results,docs/accessanalyzer/11.6/admin/datacollector/diskinfo/results.md,Covered by 12.0 — see docs/accessanalyzer/12.0/admin/datacollector/diskinfo/results.md,,,,,
DiskInfo: Summary,11.6,https://docs.netwrix.com/docs/accessanalyzer/11_6/admin/datacollector/diskinfo/summary,docs/accessanalyzer/11.6/admin/datacollector/diskinfo/summary.md,Covered by 12.0 — see docs/accessanalyzer/12.0/admin/datacollector/diskinfo/summary.md,,,,,
DiskInfo: Target Disks,11.6,https://docs.netwrix.com/docs/accessanalyzer/11_6/admin/datacollector/diskinfo/targetdisks,docs/accessanalyzer/11.6/admin/datacollector/diskinfo/targetdisks.md,,,,,,
DNS: Category,11.6,https://docs.netwrix.com/docs/accessanalyzer/11_6/admin/datacollector/dns/category,docs/accessanalyzer/11.6/admin/datacollector/dns/category.md,Covered by 12.0 — see docs/accessanalyzer/12.0/admin/datacollector/dns/category.md,,,,,
DNS Data Collector,11.6,https://docs.netwrix.com/docs/accessanalyzer/11_6/admin/datacollector/dns/overview,docs/accessanalyzer/11.6/admin/datacollector/dns/overview.md,,,,,,
DNS: Results,11.6,https://docs.netwrix.com/docs/accessanalyzer/11_6/admin/datacollector/dns/results,docs/accessanalyzer/11.6/admin/datacollector/dns/results.md,Covered by 12.0 — see docs/accessanalyzer/12.0/admin/datacollector/dns/results.md,,,,,
DNS: Summary,11.6,https://docs.netwrix.com/docs/accessanalyzer/11_6/admin/datacollector/dns/summary,docs/accessanalyzer/11.6/admin/datacollector/dns/summary.md,Covered by 12.0 — see docs/accessanalyzer/12.0/admin/datacollector/dns/summary.md,,,,,
DropboxAccess: Category,11.6,https://docs.netwrix.com/docs/accessanalyzer/11_6/admin/datacollector/dropboxaccess/category,docs/accessanalyzer/11.6/admin/datacollector/dropboxaccess/category.md,,,,,,
DropboxAccess: Summary (Completion),11.6,https://docs.netwrix.com/docs/accessanalyzer/11_6/admin/datacollector/dropboxaccess/completion,docs/accessanalyzer/11.6/admin/datacollector/dropboxaccess/completion.md,,,,,,
Custom Dropbox Connection Profile & Host List,11.6,https://docs.netwrix.com/docs/accessanalyzer/11_6/admin/datacollector/dropboxaccess/configurejob,docs/accessanalyzer/11.6/admin/datacollector/dropboxaccess/configurejob.md,,,,,,
DropboxAccess: DLP Audit Settings,11.6,https://docs.netwrix.com/docs/accessanalyzer/11_6/admin/datacollector/dropboxaccess/dlpauditsettings,docs/accessanalyzer/11.6/admin/datacollector/dropboxaccess/dlpauditsettings.md,,,,,,
DropboxAccess Data Collector,11.6,https://docs.netwrix.com/docs/accessanalyzer/11_6/admin/datacollector/dropboxaccess/overview,docs/accessanalyzer/11.6/admin/datacollector/dropboxaccess/overview.md,,,,,,
DropboxAccess: Scan Options,11.6,https://docs.netwrix.com/docs/accessanalyzer/11_6/admin/datacollector/dropboxaccess/scanoptions,docs/accessanalyzer/11.6/admin/datacollector/dropboxaccess/scanoptions.md,,,,,,
DropboxAccess: Scoping,11.6,https://docs.netwrix.com/docs/accessanalyzer/11_6/admin/datacollector/dropboxaccess/scoping,docs/accessanalyzer/11.6/admin/datacollector/dropboxaccess/scoping.md,Covered by 12.0 — see docs/accessanalyzer/12.0/admin/datacollector/dropboxaccess/scoping.md,,,,,
DropboxAccess: Select DLP Criteria,11.6,https://docs.netwrix.com/docs/accessanalyzer/11_6/admin/datacollector/dropboxaccess/selectdlpcriteria,docs/accessanalyzer/11.6/admin/datacollector/dropboxaccess/selectdlpcriteria.md,,,,,,
Standard Reference Tables & Views for the DropboxAccess Data Collector,11.6,https://docs.netwrix.com/docs/accessanalyzer/11_6/admin/datacollector/dropboxaccess/standardtables,docs/accessanalyzer/11.6/admin/datacollector/dropboxaccess/standardtables.md,,,,,,
EventLog Data Collector,11.6,https://docs.netwrix.com/docs/accessanalyzer/11_6/admin/datacollector/eventlog,docs/accessanalyzer/11.6/admin/datacollector/eventlog.md,,,,,,
EWSMailbox: Category,11.6,https://docs.netwrix.com/docs/accessanalyzer/11_6/admin/datacollector/ewsmailbox/category,docs/accessanalyzer/11.6/admin/datacollector/ewsmailbox/category.md,Covered by 12.0 — see docs/accessanalyzer/12.0/admin/datacollector/ewsmailbox/category.md,,,,,
EWSMailbox: Criteria,11.6,https://docs.netwrix.com/docs/accessanalyzer/11_6/admin/datacollector/ewsmailbox/criteria,docs/accessanalyzer/11.6/admin/datacollector/ewsmailbox/criteria.md,,,,,,
EWSMailbox: Filter,11.6,https://docs.netwrix.com/docs/accessanalyzer/11_6/admin/datacollector/ewsmailbox/filter,docs/accessanalyzer/11.6/admin/datacollector/ewsmailbox/filter.md,Covered by 12.0 — see docs/accessanalyzer/12.0/admin/datacollector/ewsmailbox/filter.md,,,,,
EWSMailbox: Options,11.6,https://docs.netwrix.com/docs/accessanalyzer/11_6/admin/datacollector/ewsmailbox/options,docs/accessanalyzer/11.6/admin/datacollector/ewsmailbox/options.md,Covered by 12.0 — see docs/accessanalyzer/12.0/admin/datacollector/ewsmailbox/options.md,,,,,
EWSMailbox Data Collector,11.6,https://docs.netwrix.com/docs/accessanalyzer/11_6/admin/datacollector/ewsmailbox/overview,docs/accessanalyzer/11.6/admin/datacollector/ewsmailbox/overview.md,,,,,,
EWSMailbox: Results,11.6,https://docs.netwrix.com/docs/accessanalyzer/11_6/admin/datacollector/ewsmailbox/results,docs/accessanalyzer/11.6/admin/datacollector/ewsmailbox/results.md,Covered by 12.0 — see docs/accessanalyzer/12.0/admin/datacollector/ewsmailbox/results.md,,,,,
EWSMailbox: Scope,11.6,https://docs.netwrix.com/docs/accessanalyzer/11_6/admin/datacollector/ewsmailbox/scope,docs/accessanalyzer/11.6/admin/datacollector/ewsmailbox/scope.md,,,,,,
EWSMailbox: Scope Select,11.6,https://docs.netwrix.com/docs/accessanalyzer/11_6/admin/datacollector/ewsmailbox/scopeselect,docs/accessanalyzer/11.6/admin/datacollector/ewsmailbox/scopeselect.md,,,,,,
EWSMailbox: SDD Options,11.6,https://docs.netwrix.com/docs/accessanalyzer/11_6/admin/datacollector/ewsmailbox/sddoptions,docs/accessanalyzer/11.6/admin/datacollector/ewsmailbox/sddoptions.md,,,,,,
EWSMailbox FW: BodyOptions,11.6,https://docs.netwrix.com/docs/accessanalyzer/11_6/admin/datacollector/ewsmailbox/searchfilter/bodyoptions,docs/accessanalyzer/11.6/admin/datacollector/ewsmailbox/searchfilter/bodyoptions.md,Covered by 12.0 — see docs/accessanalyzer/12.0/admin/datacollector/ewsmailbox/searchfilter/bodyoptions.md,,,,,
EWSMailbox FW: Folder Conditions,11.6,https://docs.netwrix.com/docs/accessanalyzer/11_6/admin/datacollector/ewsmailbox/searchfilter/folderconditions,docs/accessanalyzer/11.6/admin/datacollector/ewsmailbox/searchfilter/folderconditions.md,Covered by 12.0 — see docs/accessanalyzer/12.0/admin/datacollector/ewsmailbox/searchfilter/folderconditions.md,,,,,
EWSMailbox FW: Message Conditions,11.6,https://docs.netwrix.com/docs/accessanalyzer/11_6/admin/datacollector/ewsmailbox/searchfilter/messageconditions,docs/accessanalyzer/11.6/admin/datacollector/ewsmailbox/searchfilter/messageconditions.md,Covered by 12.0 — see docs/accessanalyzer/12.0/admin/datacollector/ewsmailbox/searchfilter/messageconditions.md,,,,,
EWSMailbox FW: Save Filter,11.6,https://docs.netwrix.com/docs/accessanalyzer/11_6/admin/datacollector/ewsmailbox/searchfilter/savefilter,docs/accessanalyzer/11.6/admin/datacollector/ewsmailbox/searchfilter/savefilter.md,Covered by 12.0 — see docs/accessanalyzer/12.0/admin/datacollector/ewsmailbox/searchfilter/savefilter.md,,,,,
EWSMailbox FW: Search Filter,11.6,https://docs.netwrix.com/docs/accessanalyzer/11_6/admin/datacollector/ewsmailbox/searchfilter/searchfilter_1,docs/accessanalyzer/11.6/admin/datacollector/ewsmailbox/searchfilter/searchfilter_1.md,,,,,,
EWSMailbox: Search Filter,11.6,https://docs.netwrix.com/docs/accessanalyzer/11_6/admin/datacollector/ewsmailbox/searchfilter,docs/accessanalyzer/11.6/admin/datacollector/ewsmailbox/searchfilter/searchfilter.md,,,,,,
EWSMailbox: Summary,11.6,https://docs.netwrix.com/docs/accessanalyzer/11_6/admin/datacollector/ewsmailbox/summary,docs/accessanalyzer/11.6/admin/datacollector/ewsmailbox/summary.md,Covered by 12.0 — see docs/accessanalyzer/12.0/admin/datacollector/ewsmailbox/summary.md,,,,,
EWSPublicFolder: Category,11.6,https://docs.netwrix.com/docs/accessanalyzer/11_6/admin/datacollector/ewspublicfolder/category,docs/accessanalyzer/11.6/admin/datacollector/ewspublicfolder/category.md,Covered by 12.0 — see docs/accessanalyzer/12.0/admin/datacollector/ewspublicfolder/category.md,,,,,
EWSPublicFolder: Critieria,11.6,https://docs.netwrix.com/docs/accessanalyzer/11_6/admin/datacollector/ewspublicfolder/critieria,docs/accessanalyzer/11.6/admin/datacollector/ewspublicfolder/critieria.md,,,,,,
EWSPublicFolder: Filter,11.6,https://docs.netwrix.com/docs/accessanalyzer/11_6/admin/datacollector/ewspublicfolder/filter,docs/accessanalyzer/11.6/admin/datacollector/ewspublicfolder/filter.md,Covered by 12.0 — see docs/accessanalyzer/12.0/admin/datacollector/ewspublicfolder/filter.md,,,,,
EWSPublicFolder: Options,11.6,https://docs.netwrix.com/docs/accessanalyzer/11_6/admin/datacollector/ewspublicfolder/options,docs/accessanalyzer/11.6/admin/datacollector/ewspublicfolder/options.md,Covered by 12.0 — see docs/accessanalyzer/12.0/admin/datacollector/ewspublicfolder/options.md,,,,,
EWSPublicFolder Data Collector,11.6,https://docs.netwrix.com/docs/accessanalyzer/11_6/admin/datacollector/ewspublicfolder/overview,docs/accessanalyzer/11.6/admin/datacollector/ewspublicfolder/overview.md,,,,,,
EWSPublicFolder: Results,11.6,https://docs.netwrix.com/docs/accessanalyzer/11_6/admin/datacollector/ewspublicfolder/results,docs/accessanalyzer/11.6/admin/datacollector/ewspublicfolder/results.md,Covered by 12.0 — see docs/accessanalyzer/12.0/admin/datacollector/ewspublicfolder/results.md,,,,,
EWSPublicFolder: SDD Options,11.6,https://docs.netwrix.com/docs/accessanalyzer/11_6/admin/datacollector/ewspublicfolder/sddoptions,docs/accessanalyzer/11.6/admin/datacollector/ewspublicfolder/sddoptions.md,,,,,,
EWSPublicFolder FW: BodyOptions,11.6,https://docs.netwrix.com/docs/accessanalyzer/11_6/admin/datacollector/ewspublicfolder/searchfilter/bodyoptions,docs/accessanalyzer/11.6/admin/datacollector/ewspublicfolder/searchfilter/bodyoptions.md,Covered by 12.0 — see docs/accessanalyzer/12.0/admin/datacollector/ewspublicfolder/searchfilter/bodyoptions.md,,,,,
EWSPublicFolder FW: Folder Conditions,11.6,https://docs.netwrix.com/docs/accessanalyzer/11_6/admin/datacollector/ewspublicfolder/searchfilter/folderconditions,docs/accessanalyzer/11.6/admin/datacollector/ewspublicfolder/searchfilter/folderconditions.md,Covered by 12.0 — see docs/accessanalyzer/12.0/admin/datacollector/ewspublicfolder/searchfilter/folderconditions.md,,,,,
EWSPublicFolder FW: Message Conditions,11.6,https://docs.netwrix.com/docs/accessanalyzer/11_6/admin/datacollector/ewspublicfolder/searchfilter/messageconditions,docs/accessanalyzer/11.6/admin/datacollector/ewspublicfolder/searchfilter/messageconditions.md,Covered by 12.0 — see docs/accessanalyzer/12.0/admin/datacollector/ewspublicfolder/searchfilter/messageconditions.md,,,,,
EWSPublicFolder FW: Save Filter,11.6,https://docs.netwrix.com/docs/accessanalyzer/11_6/admin/datacollector/ewspublicfolder/searchfilter/savefilter,docs/accessanalyzer/11.6/admin/datacollector/ewspublicfolder/searchfilter/savefilter.md,Covered by 12.0 — see docs/accessanalyzer/12.0/admin/datacollector/ewspublicfolder/searchfilter/savefilter.md,,,,,
EWSPublicFolder FW: Search Filter,11.6,https://docs.netwrix.com/docs/accessanalyzer/11_6/admin/datacollector/ewspublicfolder/searchfilter/searchfilter_1,docs/accessanalyzer/11.6/admin/datacollector/ewspublicfolder/searchfilter/searchfilter_1.md,,,,,,
EWSPublicFolder: Search Filter,11.6,https://docs.netwrix.com/docs/accessanalyzer/11_6/admin/datacollector/ewspublicfolder/searchfilter,docs/accessanalyzer/11.6/admin/datacollector/ewspublicfolder/searchfilter/searchfilter.md,,,,,,
EWSPublicFolder: Summary,11.6,https://docs.netwrix.com/docs/accessanalyzer/11_6/admin/datacollector/ewspublicfolder/summary,docs/accessanalyzer/11.6/admin/datacollector/ewspublicfolder/summary.md,Covered by 12.0 — see docs/accessanalyzer/12.0/admin/datacollector/ewspublicfolder/summary.md,,,,,
Exchange2K: Category,11.6,https://docs.netwrix.com/docs/accessanalyzer/11_6/admin/datacollector/exchange2k/category,docs/accessanalyzer/11.6/admin/datacollector/exchange2k/category.md,Covered by 12.0 — see docs/accessanalyzer/12.0/admin/datacollector/exchange2k/category.md,,,,,
Exchange2K: MAPI Settings,11.6,https://docs.netwrix.com/docs/accessanalyzer/11_6/admin/datacollector/exchange2k/mapisettings,docs/accessanalyzer/11.6/admin/datacollector/exchange2k/mapisettings.md,,,,,,
Exchange2K: Options,11.6,https://docs.netwrix.com/docs/accessanalyzer/11_6/admin/datacollector/exchange2k/options,docs/accessanalyzer/11.6/admin/datacollector/exchange2k/options.md,Covered by 12.0 — see docs/accessanalyzer/12.0/admin/datacollector/exchange2k/options.md,,,,,
Exchange2K Data Collector,11.6,https://docs.netwrix.com/docs/accessanalyzer/11_6/admin/datacollector/exchange2k/overview,docs/accessanalyzer/11.6/admin/datacollector/exchange2k/overview.md,,,,,,
Exchange2K: Results,11.6,https://docs.netwrix.com/docs/accessanalyzer/11_6/admin/datacollector/exchange2k/results,docs/accessanalyzer/11.6/admin/datacollector/exchange2k/results.md,Covered by 12.0 — see docs/accessanalyzer/12.0/admin/datacollector/exchange2k/results.md,,,,,
Exchange2K: Scope,11.6,https://docs.netwrix.com/docs/accessanalyzer/11_6/admin/datacollector/exchange2k/scope,docs/accessanalyzer/11.6/admin/datacollector/exchange2k/scope.md,Covered by 12.0 — see docs/accessanalyzer/12.0/admin/datacollector/exchange2k/scope.md,,,,,
Exchange2K: Summary,11.6,https://docs.netwrix.com/docs/accessanalyzer/11_6/admin/datacollector/exchange2k/summary,docs/accessanalyzer/11.6/admin/datacollector/exchange2k/summary.md,Covered by 12.0 — see docs/accessanalyzer/12.0/admin/datacollector/exchange2k/summary.md,,,,,
ExchangeMailbox: Category,11.6,https://docs.netwrix.com/docs/accessanalyzer/11_6/admin/datacollector/exchangemailbox/category,docs/accessanalyzer/11.6/admin/datacollector/exchangemailbox/category.md,Covered by 12.0 — see docs/accessanalyzer/12.0/admin/datacollector/exchangemailbox/category.md,,,,,
ExchangeMailbox: Options,11.6,https://docs.netwrix.com/docs/accessanalyzer/11_6/admin/datacollector/exchangemailbox/options,docs/accessanalyzer/11.6/admin/datacollector/exchangemailbox/options.md,Covered by 12.0 — see docs/accessanalyzer/12.0/admin/datacollector/exchangemailbox/options.md,,,,,
ExchangeMailbox Data Collector,11.6,https://docs.netwrix.com/docs/accessanalyzer/11_6/admin/datacollector/exchangemailbox/overview,docs/accessanalyzer/11.6/admin/datacollector/exchangemailbox/overview.md,,,,,,
ExchangeMailbox: Properties,11.6,https://docs.netwrix.com/docs/accessanalyzer/11_6/admin/datacollector/exchangemailbox/properties,docs/accessanalyzer/11.6/admin/datacollector/exchangemailbox/properties.md,Covered by 12.0 — see docs/accessanalyzer/12.0/admin/datacollector/exchangemailbox/properties.md,,,,,
ExchangeMailbox: Scope,11.6,https://docs.netwrix.com/docs/accessanalyzer/11_6/admin/datacollector/exchangemailbox/scope,docs/accessanalyzer/11.6/admin/datacollector/exchangemailbox/scope.md,,,,,,
ExchangeMailbox: SDD Criteria,11.6,https://docs.netwrix.com/docs/accessanalyzer/11_6/admin/datacollector/exchangemailbox/sddcriteria,docs/accessanalyzer/11.6/admin/datacollector/exchangemailbox/sddcriteria.md,,,,,,
ExchangeMailbox: Summary,11.6,https://docs.netwrix.com/docs/accessanalyzer/11_6/admin/datacollector/exchangemailbox/summary,docs/accessanalyzer/11.6/admin/datacollector/exchangemailbox/summary.md,Covered by 12.0 — see docs/accessanalyzer/12.0/admin/datacollector/exchangemailbox/summary.md,,,,,
ExchangeMetrics: Category,11.6,https://docs.netwrix.com/docs/accessanalyzer/11_6/admin/datacollector/exchangemetrics/category,docs/accessanalyzer/11.6/admin/datacollector/exchangemetrics/category.md,Covered by 12.0 — see docs/accessanalyzer/12.0/admin/datacollector/exchangemetrics/category.md,,,,,
ExchangeMetrics: Collect Mode,11.6,https://docs.netwrix.com/docs/accessanalyzer/11_6/admin/datacollector/exchangemetrics/collectmode,docs/accessanalyzer/11.6/admin/datacollector/exchangemetrics/collectmode.md,,,,,,
ExchangeMetrics: Message Activity Filter,11.6,https://docs.netwrix.com/docs/accessanalyzer/11_6/admin/datacollector/exchangemetrics/messageactivityfilter,docs/accessanalyzer/11.6/admin/datacollector/exchangemetrics/messageactivityfilter.md,,,,,,
ExchangeMetrics: Message Sizes,11.6,https://docs.netwrix.com/docs/accessanalyzer/11_6/admin/datacollector/exchangemetrics/messagesizes,docs/accessanalyzer/11.6/admin/datacollector/exchangemetrics/messagesizes.md,Covered by 12.0 — see docs/accessanalyzer/12.0/admin/datacollector/exchangemetrics/messagesizes.md,,,,,
ExchangeMetrics: Options,11.6,https://docs.netwrix.com/docs/accessanalyzer/11_6/admin/datacollector/exchangemetrics/options,docs/accessanalyzer/11.6/admin/datacollector/exchangemetrics/options.md,,,,,,
ExchangeMetrics Data Collector,11.6,https://docs.netwrix.com/docs/accessanalyzer/11_6/admin/datacollector/exchangemetrics/overview,docs/accessanalyzer/11.6/admin/datacollector/exchangemetrics/overview.md,,,,,,
ExchangeMetrics: Results,11.6,https://docs.netwrix.com/docs/accessanalyzer/11_6/admin/datacollector/exchangemetrics/results,docs/accessanalyzer/11.6/admin/datacollector/exchangemetrics/results.md,Covered by 12.0 — see docs/accessanalyzer/12.0/admin/datacollector/exchangemetrics/results.md,,,,,
ExchangeMetrics: Scope,11.6,https://docs.netwrix.com/docs/accessanalyzer/11_6/admin/datacollector/exchangemetrics/scope,docs/accessanalyzer/11.6/admin/datacollector/exchangemetrics/scope.md,Covered by 12.0 — see docs/accessanalyzer/12.0/admin/datacollector/exchangemetrics/scope.md,,,,,
ExchangeMetrics: Summary,11.6,https://docs.netwrix.com/docs/accessanalyzer/11_6/admin/datacollector/exchangemetrics/summary,docs/accessanalyzer/11.6/admin/datacollector/exchangemetrics/summary.md,Covered by 12.0 — see docs/accessanalyzer/12.0/admin/datacollector/exchangemetrics/summary.md,,,,,
ExchangeMetrics: Time Frames,11.6,https://docs.netwrix.com/docs/accessanalyzer/11_6/admin/datacollector/exchangemetrics/timeframes,docs/accessanalyzer/11.6/admin/datacollector/exchangemetrics/timeframes.md,Covered by 12.0 — see docs/accessanalyzer/12.0/admin/datacollector/exchangemetrics/timeframes.md,,,,,
ExchangePS: Category,11.6,https://docs.netwrix.com/docs/accessanalyzer/11_6/admin/datacollector/exchangeps/category,docs/accessanalyzer/11.6/admin/datacollector/exchangeps/category.md,,,,,,
Exchange Custom Connection Profile & Host List,11.6,https://docs.netwrix.com/docs/accessanalyzer/11_6/admin/datacollector/exchangeps/configurejob,docs/accessanalyzer/11.6/admin/datacollector/exchangeps/configurejob.md,,,,,,
ExchangePS: Error Logging,11.6,https://docs.netwrix.com/docs/accessanalyzer/11_6/admin/datacollector/exchangeps/errorlogging,docs/accessanalyzer/11.6/admin/datacollector/exchangeps/errorlogging.md,Covered by 12.0 — see docs/accessanalyzer/12.0/admin/datacollector/exchangeps/errorlogging.md,,,,,
ExchangePS: Filter by Message,11.6,https://docs.netwrix.com/docs/accessanalyzer/11_6/admin/datacollector/exchangeps/filtermessage,docs/accessanalyzer/11.6/admin/datacollector/exchangeps/filtermessage.md,Covered by 12.0 — see docs/accessanalyzer/12.0/admin/datacollector/exchangeps/filtermessage.md,,,,,
ExchangePS: Mailbox Logons,11.6,https://docs.netwrix.com/docs/accessanalyzer/11_6/admin/datacollector/exchangeps/mailboxlogons,docs/accessanalyzer/11.6/admin/datacollector/exchangeps/mailboxlogons.md,Covered by 12.0 — see docs/accessanalyzer/12.0/admin/datacollector/exchangeps/mailboxlogons.md,,,,,
ExchangePS: Mail Flow,11.6,https://docs.netwrix.com/docs/accessanalyzer/11_6/admin/datacollector/exchangeps/mailflow,docs/accessanalyzer/11.6/admin/datacollector/exchangeps/mailflow.md,Covered by 12.0 — see docs/accessanalyzer/12.0/admin/datacollector/exchangeps/mailflow.md,,,,,
ExchangePS: Options,11.6,https://docs.netwrix.com/docs/accessanalyzer/11_6/admin/datacollector/exchangeps/options,docs/accessanalyzer/11.6/admin/datacollector/exchangeps/options.md,Covered by 12.0 — see docs/accessanalyzer/12.0/admin/datacollector/exchangeps/options.md,,,,,
ExchangePS Data Collector,11.6,https://docs.netwrix.com/docs/accessanalyzer/11_6/admin/datacollector/exchangeps/overview,docs/accessanalyzer/11.6/admin/datacollector/exchangeps/overview.md,,,,,,
ExchangePS: Results,11.6,https://docs.netwrix.com/docs/accessanalyzer/11_6/admin/datacollector/exchangeps/results,docs/accessanalyzer/11.6/admin/datacollector/exchangeps/results.md,Covered by 12.0 — see docs/accessanalyzer/12.0/admin/datacollector/exchangeps/results.md,,,,,
ExchangePS: Scope,11.6,https://docs.netwrix.com/docs/accessanalyzer/11_6/admin/datacollector/exchangeps/scope,docs/accessanalyzer/11.6/admin/datacollector/exchangeps/scope.md,,,,,,
ExchangePS: Scope by DB,11.6,https://docs.netwrix.com/docs/accessanalyzer/11_6/admin/datacollector/exchangeps/scopedatabases,docs/accessanalyzer/11.6/admin/datacollector/exchangeps/scopedatabases.md,,,,,,
ExchangePS: Scope by Mailboxes,11.6,https://docs.netwrix.com/docs/accessanalyzer/11_6/admin/datacollector/exchangeps/scopemailboxes,docs/accessanalyzer/11.6/admin/datacollector/exchangeps/scopemailboxes.md,,,,,,
ExchangePS: Scope by Public Folders,11.6,https://docs.netwrix.com/docs/accessanalyzer/11_6/admin/datacollector/exchangeps/scopepublicfolders,docs/accessanalyzer/11.6/admin/datacollector/exchangeps/scopepublicfolders.md,,,,,,
ExchangePS: Summary,11.6,https://docs.netwrix.com/docs/accessanalyzer/11_6/admin/datacollector/exchangeps/summary,docs/accessanalyzer/11.6/admin/datacollector/exchangeps/summary.md,Covered by 12.0 — see docs/accessanalyzer/12.0/admin/datacollector/exchangeps/summary.md,,,,,
ExchangePublicFolder: Category,11.6,https://docs.netwrix.com/docs/accessanalyzer/11_6/admin/datacollector/exchangepublicfolder/category,docs/accessanalyzer/11.6/admin/datacollector/exchangepublicfolder/category.md,Covered by 12.0 — see docs/accessanalyzer/12.0/admin/datacollector/exchangepublicfolder/category.md,,,,,
ExchangePublicFolder: Options,11.6,https://docs.netwrix.com/docs/accessanalyzer/11_6/admin/datacollector/exchangepublicfolder/options,docs/accessanalyzer/11.6/admin/datacollector/exchangepublicfolder/options.md,,,,,,
ExchangePublicFolder Data Collector,11.6,https://docs.netwrix.com/docs/accessanalyzer/11_6/admin/datacollector/exchangepublicfolder/overview,docs/accessanalyzer/11.6/admin/datacollector/exchangepublicfolder/overview.md,,,,,,
ExchangePublicFolder: Probable Owner,11.6,https://docs.netwrix.com/docs/accessanalyzer/11_6/admin/datacollector/exchangepublicfolder/probableowner,docs/accessanalyzer/11.6/admin/datacollector/exchangepublicfolder/probableowner.md,,,,,,
ExchangePublicFolder: Properties,11.6,https://docs.netwrix.com/docs/accessanalyzer/11_6/admin/datacollector/exchangepublicfolder/properties,docs/accessanalyzer/11.6/admin/datacollector/exchangepublicfolder/properties.md,Covered by 12.0 — see docs/accessanalyzer/12.0/admin/datacollector/exchangepublicfolder/properties.md,,,,,
ExchangePublicFolder: Scope,11.6,https://docs.netwrix.com/docs/accessanalyzer/11_6/admin/datacollector/exchangepublicfolder/scope,docs/accessanalyzer/11.6/admin/datacollector/exchangepublicfolder/scope.md,,,,,,
ExchangePublicFolder: Summary,11.6,https://docs.netwrix.com/docs/accessanalyzer/11_6/admin/datacollector/exchangepublicfolder/summary,docs/accessanalyzer/11.6/admin/datacollector/exchangepublicfolder/summary.md,Covered by 12.0 — see docs/accessanalyzer/12.0/admin/datacollector/exchangepublicfolder/summary.md,,,,,
File: Category,11.6,https://docs.netwrix.com/docs/accessanalyzer/11_6/admin/datacollector/file/category,docs/accessanalyzer/11.6/admin/datacollector/file/category.md,Covered by 12.0 — see docs/accessanalyzer/12.0/admin/datacollector/file/category.md,,,,,
File Data Collector,11.6,https://docs.netwrix.com/docs/accessanalyzer/11_6/admin/datacollector/file/overview,docs/accessanalyzer/11.6/admin/datacollector/file/overview.md,,,,,,
File: Results,11.6,https://docs.netwrix.com/docs/accessanalyzer/11_6/admin/datacollector/file/results,docs/accessanalyzer/11.6/admin/datacollector/file/results.md,Covered by 12.0 — see docs/accessanalyzer/12.0/admin/datacollector/file/results.md,,,,,
File: Summary,11.6,https://docs.netwrix.com/docs/accessanalyzer/11_6/admin/datacollector/file/summary,docs/accessanalyzer/11.6/admin/datacollector/file/summary.md,Covered by 12.0 — see docs/accessanalyzer/12.0/admin/datacollector/file/summary.md,,,,,
File: Target Files,11.6,https://docs.netwrix.com/docs/accessanalyzer/11_6/admin/datacollector/file/targetfiles,docs/accessanalyzer/11.6/admin/datacollector/file/targetfiles.md,,,,,,
FSAA: Activity Settings,11.6,https://docs.netwrix.com/docs/accessanalyzer/11_6/admin/datacollector/fsaa/activitysettings,docs/accessanalyzer/11.6/admin/datacollector/fsaa/activitysettings.md,,,,,,
FSAA: Azure Tenant Mapping,11.6,https://docs.netwrix.com/docs/accessanalyzer/11_6/admin/datacollector/fsaa/azuretenantmapping,docs/accessanalyzer/11.6/admin/datacollector/fsaa/azuretenantmapping.md,,,,,,
FSAA: Bulk Import Settings,11.6,https://docs.netwrix.com/docs/accessanalyzer/11_6/admin/datacollector/fsaa/bulkimport,docs/accessanalyzer/11.6/admin/datacollector/fsaa/bulkimport.md,Covered by 12.0 — see docs/accessanalyzer/12.0/admin/datacollector/fsaa/bulkimport.md,,,,,
FSAA Applet Certificate Management Overview,11.6,https://docs.netwrix.com/docs/accessanalyzer/11_6/admin/datacollector/fsaa/certificatemanagement,docs/accessanalyzer/11.6/admin/datacollector/fsaa/certificatemanagement/certificatemanagement.md,,,,,,
FSAA Manual Certificate Configuration,11.6,https://docs.netwrix.com/docs/accessanalyzer/11_6/admin/datacollector/fsaa/certificatemanagement/manualcertificate,docs/accessanalyzer/11.6/admin/datacollector/fsaa/certificatemanagement/manualcertificate.md,,,,,,
FSAA: Default Scoping Options,11.6,https://docs.netwrix.com/docs/accessanalyzer/11_6/admin/datacollector/fsaa/defaultscopingoptions,docs/accessanalyzer/11.6/admin/datacollector/fsaa/defaultscopingoptions/defaultscopingoptions.md,Covered by 12.0 — see docs/accessanalyzer/12.0/admin/datacollector/fsaa/defaultscopingoptions/defaultscopingoptions.md,,,,,
File Details Tab,11.6,https://docs.netwrix.com/docs/accessanalyzer/11_6/admin/datacollector/fsaa/defaultscopingoptions/filedetails,docs/accessanalyzer/11.6/admin/datacollector/fsaa/defaultscopingoptions/filedetails.md,Covered by 12.0 — see docs/accessanalyzer/12.0/admin/datacollector/fsaa/defaultscopingoptions/filedetails.md,,,,,
File Properties (Folder Summary) Tab,11.6,https://docs.netwrix.com/docs/accessanalyzer/11_6/admin/datacollector/fsaa/defaultscopingoptions/fileproperties,docs/accessanalyzer/11.6/admin/datacollector/fsaa/defaultscopingoptions/fileproperties.md,Covered by 12.0 — see docs/accessanalyzer/12.0/admin/datacollector/fsaa/defaultscopingoptions/fileproperties.md,,,,,
Scan Settings Tab,11.6,https://docs.netwrix.com/docs/accessanalyzer/11_6/admin/datacollector/fsaa/defaultscopingoptions/scansettings,docs/accessanalyzer/11.6/admin/datacollector/fsaa/defaultscopingoptions/scansettings.md,Covered by 12.0 — see docs/accessanalyzer/12.0/admin/datacollector/fsaa/defaultscopingoptions/scansettings.md,,,,,
FileSystemAccess Data Collector,11.6,https://docs.netwrix.com/docs/accessanalyzer/11_6/admin/datacollector/fsaa/overview,docs/accessanalyzer/11.6/admin/datacollector/fsaa/overview.md,,,,,,
FSAA: Query Selection,11.6,https://docs.netwrix.com/docs/accessanalyzer/11_6/admin/datacollector/fsaa/queryselection,docs/accessanalyzer/11.6/admin/datacollector/fsaa/queryselection.md,,,,,,
FSAA: Scan Server Selection,11.6,https://docs.netwrix.com/docs/accessanalyzer/11_6/admin/datacollector/fsaa/scanserverselection,docs/accessanalyzer/11.6/admin/datacollector/fsaa/scanserverselection.md,,,,,,
FSAA: Scan Settings,11.6,https://docs.netwrix.com/docs/accessanalyzer/11_6/admin/datacollector/fsaa/scansettings,docs/accessanalyzer/11.6/admin/datacollector/fsaa/scansettings.md,,,,,,
FSAA: Scoping Options,11.6,https://docs.netwrix.com/docs/accessanalyzer/11_6/admin/datacollector/fsaa/scopingoptions,docs/accessanalyzer/11.6/admin/datacollector/fsaa/scopingoptions.md,,,,,,
FSAA: Scoping Queries,11.6,https://docs.netwrix.com/docs/accessanalyzer/11_6/admin/datacollector/fsaa/scopingqueries,docs/accessanalyzer/11.6/admin/datacollector/fsaa/scopingqueries.md,,,,,,
FSAA: SDD Criteria Settings,11.6,https://docs.netwrix.com/docs/accessanalyzer/11_6/admin/datacollector/fsaa/sddcriteria,docs/accessanalyzer/11.6/admin/datacollector/fsaa/sddcriteria.md,,,,,,
FSAA: Sensitive Data Settings,11.6,https://docs.netwrix.com/docs/accessanalyzer/11_6/admin/datacollector/fsaa/sensitivedatasettings,docs/accessanalyzer/11.6/admin/datacollector/fsaa/sensitivedatasettings.md,,,,,,
Standard Reference Tables & Views for the FSAA Data Collector,11.6,https://docs.netwrix.com/docs/accessanalyzer/11_6/admin/datacollector/fsaa/standardtables,docs/accessanalyzer/11.6/admin/datacollector/fsaa/standardtables.md,,,,,,
Additional FSAA Workflows,11.6,https://docs.netwrix.com/docs/accessanalyzer/11_6/admin/datacollector/fsaa/workflows,docs/accessanalyzer/11.6/admin/datacollector/fsaa/workflows.md,,,,,,
GroupPolicy: Category,11.6,https://docs.netwrix.com/docs/accessanalyzer/11_6/admin/datacollector/grouppolicy/category,docs/accessanalyzer/11.6/admin/datacollector/grouppolicy/category.md,Covered by 12.0 — see docs/accessanalyzer/12.0/admin/datacollector/grouppolicy/category.md,,,,,
GroupPolicy: Options,11.6,https://docs.netwrix.com/docs/accessanalyzer/11_6/admin/datacollector/grouppolicy/options,docs/accessanalyzer/11.6/admin/datacollector/grouppolicy/options.md,Covered by 12.0 — see docs/accessanalyzer/12.0/admin/datacollector/grouppolicy/options.md,,,,,
GroupPolicy Data Collector,11.6,https://docs.netwrix.com/docs/accessanalyzer/11_6/admin/datacollector/grouppolicy/overview,docs/accessanalyzer/11.6/admin/datacollector/grouppolicy/overview.md,,,,,,
GroupPolicy: Policies List,11.6,https://docs.netwrix.com/docs/accessanalyzer/11_6/admin/datacollector/grouppolicy/policieslist,docs/accessanalyzer/11.6/admin/datacollector/grouppolicy/policieslist.md,Covered by 12.0 — see docs/accessanalyzer/12.0/admin/datacollector/grouppolicy/policieslist.md,,,,,
GroupPolicy: Summary,11.6,https://docs.netwrix.com/docs/accessanalyzer/11_6/admin/datacollector/grouppolicy/summary,docs/accessanalyzer/11.6/admin/datacollector/grouppolicy/summary.md,Covered by 12.0 — see docs/accessanalyzer/12.0/admin/datacollector/grouppolicy/summary.md,,,,,
GroupPolicy: Target,11.6,https://docs.netwrix.com/docs/accessanalyzer/11_6/admin/datacollector/grouppolicy/target,docs/accessanalyzer/11.6/admin/datacollector/grouppolicy/target.md,Covered by 12.0 — see docs/accessanalyzer/12.0/admin/datacollector/grouppolicy/target.md,,,,,
INIFile Data Collector,11.6,https://docs.netwrix.com/docs/accessanalyzer/11_6/admin/datacollector/inifile/overview,docs/accessanalyzer/11.6/admin/datacollector/inifile/overview.md,,,,,,
INIFile: Properties,11.6,https://docs.netwrix.com/docs/accessanalyzer/11_6/admin/datacollector/inifile/properties,docs/accessanalyzer/11.6/admin/datacollector/inifile/properties.md,Covered by 12.0 — see docs/accessanalyzer/12.0/admin/datacollector/inifile/properties.md,,,,,
INIFile: Summary,11.6,https://docs.netwrix.com/docs/accessanalyzer/11_6/admin/datacollector/inifile/summary,docs/accessanalyzer/11.6/admin/datacollector/inifile/summary.md,Covered by 12.0 — see docs/accessanalyzer/12.0/admin/datacollector/inifile/summary.md,,,,,
INIFile: Target Files,11.6,https://docs.netwrix.com/docs/accessanalyzer/11_6/admin/datacollector/inifile/targetfiles,docs/accessanalyzer/11.6/admin/datacollector/inifile/targetfiles.md,,,,,,
LDAP Data Collector,11.6,https://docs.netwrix.com/docs/accessanalyzer/11_6/admin/datacollector/ldap,docs/accessanalyzer/11.6/admin/datacollector/ldap.md,,,,,,
NIS: Category,11.6,https://docs.netwrix.com/docs/accessanalyzer/11_6/admin/datacollector/nis/category,docs/accessanalyzer/11.6/admin/datacollector/nis/category.md,Covered by 12.0 — see docs/accessanalyzer/12.0/admin/datacollector/nis/category.md,,,,,
Unix Connection Profile & Host List,11.6,https://docs.netwrix.com/docs/accessanalyzer/11_6/admin/datacollector/nis/configurejob,docs/accessanalyzer/11.6/admin/datacollector/nis/configurejob.md,,,,,,
NIS Data Collector,11.6,https://docs.netwrix.com/docs/accessanalyzer/11_6/admin/datacollector/nis/overview,docs/accessanalyzer/11.6/admin/datacollector/nis/overview.md,,,,,,
NIS: NIS Query,11.6,https://docs.netwrix.com/docs/accessanalyzer/11_6/admin/datacollector/nis/query,docs/accessanalyzer/11.6/admin/datacollector/nis/query.md,Covered by 12.0 — see docs/accessanalyzer/12.0/admin/datacollector/nis/query.md,,,,,
NIS: Results,11.6,https://docs.netwrix.com/docs/accessanalyzer/11_6/admin/datacollector/nis/results,docs/accessanalyzer/11.6/admin/datacollector/nis/results.md,Covered by 12.0 — see docs/accessanalyzer/12.0/admin/datacollector/nis/results.md,,,,,
NIS: NIS Settings,11.6,https://docs.netwrix.com/docs/accessanalyzer/11_6/admin/datacollector/nis/settings,docs/accessanalyzer/11.6/admin/datacollector/nis/settings.md,,,,,,
NIS: SID Mappings,11.6,https://docs.netwrix.com/docs/accessanalyzer/11_6/admin/datacollector/nis/sidmappings,docs/accessanalyzer/11.6/admin/datacollector/nis/sidmappings.md,Covered by 12.0 — see docs/accessanalyzer/12.0/admin/datacollector/nis/sidmappings.md,,,,,
Standard Reference Tables & Views for the NIS Data Collector,11.6,https://docs.netwrix.com/docs/accessanalyzer/11_6/admin/datacollector/nis/standardtables,docs/accessanalyzer/11.6/admin/datacollector/nis/standardtables.md,,,,,,
NIS: Summary,11.6,https://docs.netwrix.com/docs/accessanalyzer/11_6/admin/datacollector/nis/summary,docs/accessanalyzer/11.6/admin/datacollector/nis/summary.md,Covered by 12.0 — see docs/accessanalyzer/12.0/admin/datacollector/nis/summary.md,,,,,
NoSQL: Category,11.6,https://docs.netwrix.com/docs/accessanalyzer/11_6/admin/datacollector/nosql/category,docs/accessanalyzer/11.6/admin/datacollector/nosql/category.md,,,,,,
NoSQL Custom Connection Profile & Host List,11.6,https://docs.netwrix.com/docs/accessanalyzer/11_6/admin/datacollector/nosql/configurejob,docs/accessanalyzer/11.6/admin/datacollector/nosql/configurejob.md,,,,,,
NoSQL: Criteria,11.6,https://docs.netwrix.com/docs/accessanalyzer/11_6/admin/datacollector/nosql/criteria,docs/accessanalyzer/11.6/admin/datacollector/nosql/criteria.md,,,,,,
NoSQL: Filter,11.6,https://docs.netwrix.com/docs/accessanalyzer/11_6/admin/datacollector/nosql/filter,docs/accessanalyzer/11.6/admin/datacollector/nosql/filter.md,Covered by 12.0 — see docs/accessanalyzer/12.0/admin/datacollector/nosql/filter.md,,,,,
NoSQL: Options,11.6,https://docs.netwrix.com/docs/accessanalyzer/11_6/admin/datacollector/nosql/options,docs/accessanalyzer/11.6/admin/datacollector/nosql/options.md,,,,,,
NoSQL Data Collector,11.6,https://docs.netwrix.com/docs/accessanalyzer/11_6/admin/datacollector/nosql/overview,docs/accessanalyzer/11.6/admin/datacollector/nosql/overview.md,,,,,,
NoSQL: Results,11.6,https://docs.netwrix.com/docs/accessanalyzer/11_6/admin/datacollector/nosql/results,docs/accessanalyzer/11.6/admin/datacollector/nosql/results.md,Covered by 12.0 — see docs/accessanalyzer/12.0/admin/datacollector/nosql/results.md,,,,,
NoSQL: Summary,11.6,https://docs.netwrix.com/docs/accessanalyzer/11_6/admin/datacollector/nosql/summary,docs/accessanalyzer/11.6/admin/datacollector/nosql/summary.md,Covered by 12.0 — see docs/accessanalyzer/12.0/admin/datacollector/nosql/summary.md,,,,,
Data Collectors,11.6,https://docs.netwrix.com/docs/accessanalyzer/11_6/admin/datacollector/overview,docs/accessanalyzer/11.6/admin/datacollector/overview.md,,,,,,
PasswordSecurity: Category,11.6,https://docs.netwrix.com/docs/accessanalyzer/11_6/admin/datacollector/passwordsecurity/category,docs/accessanalyzer/11.6/admin/datacollector/passwordsecurity/category.md,,,,,,
PasswordSecurity: Dictionaries,11.6,https://docs.netwrix.com/docs/accessanalyzer/11_6/admin/datacollector/passwordsecurity/dictionaries,docs/accessanalyzer/11.6/admin/datacollector/passwordsecurity/dictionaries.md,,,,,,
PasswordSecurity: Options,11.6,https://docs.netwrix.com/docs/accessanalyzer/11_6/admin/datacollector/passwordsecurity/options,docs/accessanalyzer/11.6/admin/datacollector/passwordsecurity/options.md,,,,,,
PasswordSecurity Data Collector,11.6,https://docs.netwrix.com/docs/accessanalyzer/11_6/admin/datacollector/passwordsecurity/overview,docs/accessanalyzer/11.6/admin/datacollector/passwordsecurity/overview.md,,,,,,
PasswordSecurity: Results,11.6,https://docs.netwrix.com/docs/accessanalyzer/11_6/admin/datacollector/passwordsecurity/results,docs/accessanalyzer/11.6/admin/datacollector/passwordsecurity/results.md,Covered by 12.0 — see docs/accessanalyzer/12.0/admin/datacollector/passwordsecurity/results.md,,,,,
PasswordSecurity: Summary,11.6,https://docs.netwrix.com/docs/accessanalyzer/11_6/admin/datacollector/passwordsecurity/summary,docs/accessanalyzer/11.6/admin/datacollector/passwordsecurity/summary.md,Covered by 12.0 — see docs/accessanalyzer/12.0/admin/datacollector/passwordsecurity/summary.md,,,,,
Permissions by Data Collector (Matrix),11.6,https://docs.netwrix.com/docs/accessanalyzer/11_6/admin/datacollector/permissionmatrix,docs/accessanalyzer/11.6/admin/datacollector/permissionmatrix.md,,,,,,
PowerShell: Edit Query,11.6,https://docs.netwrix.com/docs/accessanalyzer/11_6/admin/datacollector/powershell/editquery,docs/accessanalyzer/11.6/admin/datacollector/powershell/editquery.md,Covered by 12.0 — see docs/accessanalyzer/12.0/admin/datacollector/powershell/editquery.md,,,,,
PowerShell: Options,11.6,https://docs.netwrix.com/docs/accessanalyzer/11_6/admin/datacollector/powershell/options,docs/accessanalyzer/11.6/admin/datacollector/powershell/options.md,,,,,,
PowerShell Data Collector,11.6,https://docs.netwrix.com/docs/accessanalyzer/11_6/admin/datacollector/powershell/overview,docs/accessanalyzer/11.6/admin/datacollector/powershell/overview.md,,,,,,
PowerShell: Results,11.6,https://docs.netwrix.com/docs/accessanalyzer/11_6/admin/datacollector/powershell/results,docs/accessanalyzer/11.6/admin/datacollector/powershell/results.md,Covered by 12.0 — see docs/accessanalyzer/12.0/admin/datacollector/powershell/results.md,,,,,
PowerShell: Sample Server,11.6,https://docs.netwrix.com/docs/accessanalyzer/11_6/admin/datacollector/powershell/sampleserver,docs/accessanalyzer/11.6/admin/datacollector/powershell/sampleserver.md,Covered by 12.0 — see docs/accessanalyzer/12.0/admin/datacollector/powershell/sampleserver.md,,,,,
PowerShell: Summary,11.6,https://docs.netwrix.com/docs/accessanalyzer/11_6/admin/datacollector/powershell/summary,docs/accessanalyzer/11.6/admin/datacollector/powershell/summary.md,Covered by 12.0 — see docs/accessanalyzer/12.0/admin/datacollector/powershell/summary.md,,,,,
Registry Data Collector,11.6,https://docs.netwrix.com/docs/accessanalyzer/11_6/admin/datacollector/registry,docs/accessanalyzer/11.6/admin/datacollector/registry.md,,,,,,
Add a Script to an Existing Query,11.6,https://docs.netwrix.com/docs/accessanalyzer/11_6/admin/datacollector/script/add,docs/accessanalyzer/11.6/admin/datacollector/script/add.md,,,,,,
VBScript Editor,11.6,https://docs.netwrix.com/docs/accessanalyzer/11_6/admin/datacollector/script/editor,docs/accessanalyzer/11.6/admin/datacollector/script/editor.md,,,,,,
Script Example 1: Conversion of Data,11.6,https://docs.netwrix.com/docs/accessanalyzer/11_6/admin/datacollector/script/example1,docs/accessanalyzer/11.6/admin/datacollector/script/example1.md,,,,,,
Script Example 2: Command Query,11.6,https://docs.netwrix.com/docs/accessanalyzer/11_6/admin/datacollector/script/example2,docs/accessanalyzer/11.6/admin/datacollector/script/example2.md,,,,,,
Script Methods and Properties,11.6,https://docs.netwrix.com/docs/accessanalyzer/11_6/admin/datacollector/script/methodsproperties,docs/accessanalyzer/11.6/admin/datacollector/script/methodsproperties.md,,,,,,
Script Data Collector,11.6,https://docs.netwrix.com/docs/accessanalyzer/11_6/admin/datacollector/script/overview,docs/accessanalyzer/11.6/admin/datacollector/script/overview.md,,,,,,
Script Properties,11.6,https://docs.netwrix.com/docs/accessanalyzer/11_6/admin/datacollector/script/properties,docs/accessanalyzer/11.6/admin/datacollector/script/properties.md,,,,,,
Script Reference,11.6,https://docs.netwrix.com/docs/accessanalyzer/11_6/admin/datacollector/script/reference,docs/accessanalyzer/11.6/admin/datacollector/script/reference.md,,,,,,
Run a Stand-Alone Script,11.6,https://docs.netwrix.com/docs/accessanalyzer/11_6/admin/datacollector/script/run,docs/accessanalyzer/11.6/admin/datacollector/script/run.md,,,,,,
Services Data Collector,11.6,https://docs.netwrix.com/docs/accessanalyzer/11_6/admin/datacollector/services,docs/accessanalyzer/11.6/admin/datacollector/services.md,,,,,,
SMARTLog: Collection Method,11.6,https://docs.netwrix.com/docs/accessanalyzer/11_6/admin/datacollector/smartlog/collectionmethod,docs/accessanalyzer/11.6/admin/datacollector/smartlog/collectionmethod.md,,,,,,
SMARTLog: Criteria,11.6,https://docs.netwrix.com/docs/accessanalyzer/11_6/admin/datacollector/smartlog/criteria,docs/accessanalyzer/11.6/admin/datacollector/smartlog/criteria.md,Covered by 12.0 — see docs/accessanalyzer/12.0/admin/datacollector/smartlog/criteria.md,,,,,
SMARTLog: Event Log Options,11.6,https://docs.netwrix.com/docs/accessanalyzer/11_6/admin/datacollector/smartlog/eventlogoptions,docs/accessanalyzer/11.6/admin/datacollector/smartlog/eventlogoptions.md,Covered by 12.0 — see docs/accessanalyzer/12.0/admin/datacollector/smartlog/eventlogoptions.md,,,,,
SMARTLog: Log State,11.6,https://docs.netwrix.com/docs/accessanalyzer/11_6/admin/datacollector/smartlog/logstate,docs/accessanalyzer/11.6/admin/datacollector/smartlog/logstate.md,,,,,,
SMARTLog: Log Type,11.6,https://docs.netwrix.com/docs/accessanalyzer/11_6/admin/datacollector/smartlog/logtype,docs/accessanalyzer/11.6/admin/datacollector/smartlog/logtype.md,,,,,,
SMARTLog Data Collector,11.6,https://docs.netwrix.com/docs/accessanalyzer/11_6/admin/datacollector/smartlog/overview,docs/accessanalyzer/11.6/admin/datacollector/smartlog/overview.md,,,,,,
SMARTLog: Results,11.6,https://docs.netwrix.com/docs/accessanalyzer/11_6/admin/datacollector/smartlog/results,docs/accessanalyzer/11.6/admin/datacollector/smartlog/results.md,Covered by 12.0 — see docs/accessanalyzer/12.0/admin/datacollector/smartlog/results.md,,,,,
SMARTLog: Sample Host,11.6,https://docs.netwrix.com/docs/accessanalyzer/11_6/admin/datacollector/smartlog/samplehost,docs/accessanalyzer/11.6/admin/datacollector/smartlog/samplehost.md,Covered by 12.0 — see docs/accessanalyzer/12.0/admin/datacollector/smartlog/samplehost.md,,,,,
SMARTLog: Summary,11.6,https://docs.netwrix.com/docs/accessanalyzer/11_6/admin/datacollector/smartlog/summary,docs/accessanalyzer/11.6/admin/datacollector/smartlog/summary.md,Covered by 12.0 — see docs/accessanalyzer/12.0/admin/datacollector/smartlog/summary.md,,,,,
SMARTLog: Target Log for File Detection Log Type,11.6,https://docs.netwrix.com/docs/accessanalyzer/11_6/admin/datacollector/smartlog/targetlog/filedetectionlog,docs/accessanalyzer/11.6/admin/datacollector/smartlog/targetlog/filedetectionlog.md,,,,,,
SMARTLog: Target Log,11.6,https://docs.netwrix.com/docs/accessanalyzer/11_6/admin/datacollector/smartlog/targetlog,docs/accessanalyzer/11.6/admin/datacollector/smartlog/targetlog/targetlog.md,,,,,,
SMARTLog: Target Log for Windows Event Log Type,11.6,https://docs.netwrix.com/docs/accessanalyzer/11_6/admin/datacollector/smartlog/targetlog/windowseventlog,docs/accessanalyzer/11.6/admin/datacollector/smartlog/targetlog/windowseventlog.md,Covered by 12.0 — see docs/accessanalyzer/12.0/admin/datacollector/smartlog/targetlog/windowseventlog.md,,,,,
SPAA: Activity Date Scope,11.6,https://docs.netwrix.com/docs/accessanalyzer/11_6/admin/datacollector/spaa/activitydatescope,docs/accessanalyzer/11.6/admin/datacollector/spaa/activitydatescope.md,Covered by 12.0 — see docs/accessanalyzer/12.0/admin/datacollector/spaa/activitydatescope.md,,,,,
SPAA: Activity Log Locations,11.6,https://docs.netwrix.com/docs/accessanalyzer/11_6/admin/datacollector/spaa/activityloglocations,docs/accessanalyzer/11.6/admin/datacollector/spaa/activityloglocations.md,Covered by 12.0 — see docs/accessanalyzer/12.0/admin/datacollector/spaa/activityloglocations.md,,,,,
SPAA: Additional Scoping,11.6,https://docs.netwrix.com/docs/accessanalyzer/11_6/admin/datacollector/spaa/additionalscoping,docs/accessanalyzer/11.6/admin/datacollector/spaa/additionalscoping.md,Covered by 12.0 — see docs/accessanalyzer/12.0/admin/datacollector/spaa/additionalscoping.md,,,,,
SPAA: Agent Settings,11.6,https://docs.netwrix.com/docs/accessanalyzer/11_6/admin/datacollector/spaa/agentsettings,docs/accessanalyzer/11.6/admin/datacollector/spaa/agentsettings.md,,,,,,
SPAA: Bulk Import Settings,11.6,https://docs.netwrix.com/docs/accessanalyzer/11_6/admin/datacollector/spaa/bulkimportsettings,docs/accessanalyzer/11.6/admin/datacollector/spaa/bulkimportsettings.md,,,,,,
SPAA: Category,11.6,https://docs.netwrix.com/docs/accessanalyzer/11_6/admin/datacollector/spaa/category,docs/accessanalyzer/11.6/admin/datacollector/spaa/category.md,,,,,,
SharePoint Custom Connection Profile & Host List,11.6,https://docs.netwrix.com/docs/accessanalyzer/11_6/admin/datacollector/spaa/configurejob,docs/accessanalyzer/11.6/admin/datacollector/spaa/configurejob.md,,,,,,
SPAA: DLP Audit Settings,11.6,https://docs.netwrix.com/docs/accessanalyzer/11_6/admin/datacollector/spaa/dlpauditsettings,docs/accessanalyzer/11.6/admin/datacollector/spaa/dlpauditsettings.md,,,,,,
SPAA Drop Tables & Views Workflow,11.6,https://docs.netwrix.com/docs/accessanalyzer/11_6/admin/datacollector/spaa/droptables,docs/accessanalyzer/11.6/admin/datacollector/spaa/droptables.md,,,,,,
SharePointAccess Data Collector,11.6,https://docs.netwrix.com/docs/accessanalyzer/11_6/admin/datacollector/spaa/overview,docs/accessanalyzer/11.6/admin/datacollector/spaa/overview.md,,,,,,
SPAA: Results,11.6,https://docs.netwrix.com/docs/accessanalyzer/11_6/admin/datacollector/spaa/results,docs/accessanalyzer/11.6/admin/datacollector/spaa/results.md,Covered by 12.0 — see docs/accessanalyzer/12.0/admin/datacollector/spaa/results.md,,,,,
SPAA: Scan Scoping Options,11.6,https://docs.netwrix.com/docs/accessanalyzer/11_6/admin/datacollector/spaa/scanscopingoptions,docs/accessanalyzer/11.6/admin/datacollector/spaa/scanscopingoptions.md,,,,,,
SPAA: Select DLP Criteria,11.6,https://docs.netwrix.com/docs/accessanalyzer/11_6/admin/datacollector/spaa/selectdlpcriteria,docs/accessanalyzer/11.6/admin/datacollector/spaa/selectdlpcriteria.md,,,,,,
SPAA: SharePoint Data Collection Settings,11.6,https://docs.netwrix.com/docs/accessanalyzer/11_6/admin/datacollector/spaa/settings,docs/accessanalyzer/11.6/admin/datacollector/spaa/settings.md,Covered by 12.0 — see docs/accessanalyzer/12.0/admin/datacollector/spaa/settings.md,,,,,
Standard Reference Tables & Views for the SPAA Data Collector,11.6,https://docs.netwrix.com/docs/accessanalyzer/11_6/admin/datacollector/spaa/standardtables,docs/accessanalyzer/11.6/admin/datacollector/spaa/standardtables.md,,,,,,
SPAA: Summary Page,11.6,https://docs.netwrix.com/docs/accessanalyzer/11_6/admin/datacollector/spaa/summary,docs/accessanalyzer/11.6/admin/datacollector/spaa/summary.md,Covered by 12.0 — see docs/accessanalyzer/12.0/admin/datacollector/spaa/summary.md,,,,,
SPAA: Test Access,11.6,https://docs.netwrix.com/docs/accessanalyzer/11_6/admin/datacollector/spaa/testaccess,docs/accessanalyzer/11.6/admin/datacollector/spaa/testaccess.md,,,,,,
SQL: Category,11.6,https://docs.netwrix.com/docs/accessanalyzer/11_6/admin/datacollector/sql/category,docs/accessanalyzer/11.6/admin/datacollector/sql/category.md,,,,,,
SQL Custom Connection Profile & Default Dynamic Host List,11.6,https://docs.netwrix.com/docs/accessanalyzer/11_6/admin/datacollector/sql/configurejob,docs/accessanalyzer/11.6/admin/datacollector/sql/configurejob.md,,,,,,
SQL: Criteria,11.6,https://docs.netwrix.com/docs/accessanalyzer/11_6/admin/datacollector/sql/criteria,docs/accessanalyzer/11.6/admin/datacollector/sql/criteria.md,,,,,,
SQL: Custom Oracle Query,11.6,https://docs.netwrix.com/docs/accessanalyzer/11_6/admin/datacollector/sql/customqueryoracle,docs/accessanalyzer/11.6/admin/datacollector/sql/customqueryoracle.md,Covered by 12.0 — see docs/accessanalyzer/12.0/admin/datacollector/sql/customqueryoracle.md,,,,,
SQL: Custom SQL Query,11.6,https://docs.netwrix.com/docs/accessanalyzer/11_6/admin/datacollector/sql/customquerysql,docs/accessanalyzer/11.6/admin/datacollector/sql/customquerysql.md,Covered by 12.0 — see docs/accessanalyzer/12.0/admin/datacollector/sql/customquerysql.md,,,,,
SQL: Filter,11.6,https://docs.netwrix.com/docs/accessanalyzer/11_6/admin/datacollector/sql/filter,docs/accessanalyzer/11.6/admin/datacollector/sql/filter.md,Covered by 12.0 — see docs/accessanalyzer/12.0/admin/datacollector/sql/filter.md,,,,,
SQL: Options,11.6,https://docs.netwrix.com/docs/accessanalyzer/11_6/admin/datacollector/sql/options,docs/accessanalyzer/11.6/admin/datacollector/sql/options.md,,,,,,
SQL Data Collector,11.6,https://docs.netwrix.com/docs/accessanalyzer/11_6/admin/datacollector/sql/overview,docs/accessanalyzer/11.6/admin/datacollector/sql/overview.md,,,,,,
SQL: Results,11.6,https://docs.netwrix.com/docs/accessanalyzer/11_6/admin/datacollector/sql/results,docs/accessanalyzer/11.6/admin/datacollector/sql/results.md,Covered by 12.0 — see docs/accessanalyzer/12.0/admin/datacollector/sql/results.md,,,,,
SQL: Rowkey,11.6,https://docs.netwrix.com/docs/accessanalyzer/11_6/admin/datacollector/sql/rowkey,docs/accessanalyzer/11.6/admin/datacollector/sql/rowkey.md,Covered by 12.0 — see docs/accessanalyzer/12.0/admin/datacollector/sql/rowkey.md,,,,,
SQL: Settings,11.6,https://docs.netwrix.com/docs/accessanalyzer/11_6/admin/datacollector/sql/settings,docs/accessanalyzer/11.6/admin/datacollector/sql/settings.md,,,,,,
SQL: Summary,11.6,https://docs.netwrix.com/docs/accessanalyzer/11_6/admin/datacollector/sql/summary,docs/accessanalyzer/11.6/admin/datacollector/sql/summary.md,Covered by 12.0 — see docs/accessanalyzer/12.0/admin/datacollector/sql/summary.md,,,,,
SystemInfo: Category,11.6,https://docs.netwrix.com/docs/accessanalyzer/11_6/admin/datacollector/systeminfo/category,docs/accessanalyzer/11.6/admin/datacollector/systeminfo/category.md,Covered by 12.0 — see docs/accessanalyzer/12.0/admin/datacollector/systeminfo/category.md,,,,,
SystemInfo: File Types,11.6,https://docs.netwrix.com/docs/accessanalyzer/11_6/admin/datacollector/systeminfo/filetypes,docs/accessanalyzer/11.6/admin/datacollector/systeminfo/filetypes.md,Covered by 12.0 — see docs/accessanalyzer/12.0/admin/datacollector/systeminfo/filetypes.md,,,,,
SystemInfo: Job Scope,11.6,https://docs.netwrix.com/docs/accessanalyzer/11_6/admin/datacollector/systeminfo/jobscope,docs/accessanalyzer/11.6/admin/datacollector/systeminfo/jobscope.md,Covered by 12.0 — see docs/accessanalyzer/12.0/admin/datacollector/systeminfo/jobscope.md,,,,,
SystemInfo: Options,11.6,https://docs.netwrix.com/docs/accessanalyzer/11_6/admin/datacollector/systeminfo/options,docs/accessanalyzer/11.6/admin/datacollector/systeminfo/options.md,Covered by 12.0 — see docs/accessanalyzer/12.0/admin/datacollector/systeminfo/options.md,,,,,
SystemInfo Data Collector,11.6,https://docs.netwrix.com/docs/accessanalyzer/11_6/admin/datacollector/systeminfo/overview,docs/accessanalyzer/11.6/admin/datacollector/systeminfo/overview.md,,,,,,
SystemInfo: Probable Owner,11.6,https://docs.netwrix.com/docs/accessanalyzer/11_6/admin/datacollector/systeminfo/probableowner,docs/accessanalyzer/11.6/admin/datacollector/systeminfo/probableowner.md,Covered by 12.0 — see docs/accessanalyzer/12.0/admin/datacollector/systeminfo/probableowner.md,,,,,
SystemInfo: Results,11.6,https://docs.netwrix.com/docs/accessanalyzer/11_6/admin/datacollector/systeminfo/results,docs/accessanalyzer/11.6/admin/datacollector/systeminfo/results.md,Covered by 12.0 — see docs/accessanalyzer/12.0/admin/datacollector/systeminfo/results.md,,,,,
SystemInfo: Shares List,11.6,https://docs.netwrix.com/docs/accessanalyzer/11_6/admin/datacollector/systeminfo/shareslist,docs/accessanalyzer/11.6/admin/datacollector/systeminfo/shareslist.md,Covered by 12.0 — see docs/accessanalyzer/12.0/admin/datacollector/systeminfo/shareslist.md,,,,,
SystemInfo: Summary,11.6,https://docs.netwrix.com/docs/accessanalyzer/11_6/admin/datacollector/systeminfo/summary,docs/accessanalyzer/11.6/admin/datacollector/systeminfo/summary.md,Covered by 12.0 — see docs/accessanalyzer/12.0/admin/datacollector/systeminfo/summary.md,,,,,
SystemInfo: VIP Membership,11.6,https://docs.netwrix.com/docs/accessanalyzer/11_6/admin/datacollector/systeminfo/vipmembership,docs/accessanalyzer/11.6/admin/datacollector/systeminfo/vipmembership.md,Covered by 12.0 — see docs/accessanalyzer/12.0/admin/datacollector/systeminfo/vipmembership.md,,,,,
TextSearch: Advanced Criteria,11.6,https://docs.netwrix.com/docs/accessanalyzer/11_6/admin/datacollector/textsearch/advancedcriteria,docs/accessanalyzer/11.6/admin/datacollector/textsearch/advancedcriteria.md,,,,,,
TextSearch Data Collector,11.6,https://docs.netwrix.com/docs/accessanalyzer/11_6/admin/datacollector/textsearch/overview,docs/accessanalyzer/11.6/admin/datacollector/textsearch/overview.md,,,,,,
TextSearch: Results,11.6,https://docs.netwrix.com/docs/accessanalyzer/11_6/admin/datacollector/textsearch/results,docs/accessanalyzer/11.6/admin/datacollector/textsearch/results.md,Covered by 12.0 — see docs/accessanalyzer/12.0/admin/datacollector/textsearch/results.md,,,,,
TextSearch: Search Criteria,11.6,https://docs.netwrix.com/docs/accessanalyzer/11_6/admin/datacollector/textsearch/searchcriteria,docs/accessanalyzer/11.6/admin/datacollector/textsearch/searchcriteria.md,,,,,,
TextSearch: Source Files,11.6,https://docs.netwrix.com/docs/accessanalyzer/11_6/admin/datacollector/textsearch/sourcefiles,docs/accessanalyzer/11.6/admin/datacollector/textsearch/sourcefiles.md,,,,,,
TextSearch: Summary,11.6,https://docs.netwrix.com/docs/accessanalyzer/11_6/admin/datacollector/textsearch/summary,docs/accessanalyzer/11.6/admin/datacollector/textsearch/summary.md,Covered by 12.0 — see docs/accessanalyzer/12.0/admin/datacollector/textsearch/summary.md,,,,,
Unix: Edit Script,11.6,https://docs.netwrix.com/docs/accessanalyzer/11_6/admin/datacollector/unix/editscript,docs/accessanalyzer/11.6/admin/datacollector/unix/editscript.md,Covered by 12.0 — see docs/accessanalyzer/12.0/admin/datacollector/unix/editscript.md,,,,,
Unix: Input,11.6,https://docs.netwrix.com/docs/accessanalyzer/11_6/admin/datacollector/unix/input,docs/accessanalyzer/11.6/admin/datacollector/unix/input.md,Covered by 12.0 — see docs/accessanalyzer/12.0/admin/datacollector/unix/input.md,,,,,
Unix Data Collector,11.6,https://docs.netwrix.com/docs/accessanalyzer/11_6/admin/datacollector/unix/overview,docs/accessanalyzer/11.6/admin/datacollector/unix/overview.md,,,,,,
Unix: Parsing,11.6,https://docs.netwrix.com/docs/accessanalyzer/11_6/admin/datacollector/unix/parsing,docs/accessanalyzer/11.6/admin/datacollector/unix/parsing.md,Covered by 12.0 — see docs/accessanalyzer/12.0/admin/datacollector/unix/parsing.md,,,,,
Unix: Results,11.6,https://docs.netwrix.com/docs/accessanalyzer/11_6/admin/datacollector/unix/results,docs/accessanalyzer/11.6/admin/datacollector/unix/results.md,Covered by 12.0 — see docs/accessanalyzer/12.0/admin/datacollector/unix/results.md,,,,,
Unix: Settings,11.6,https://docs.netwrix.com/docs/accessanalyzer/11_6/admin/datacollector/unix/settings,docs/accessanalyzer/11.6/admin/datacollector/unix/settings.md,,,,,,
UsersGroups Data Collector,11.6,https://docs.netwrix.com/docs/accessanalyzer/11_6/admin/datacollector/usersgroups/overview,docs/accessanalyzer/11.6/admin/datacollector/usersgroups/overview.md,,,,,,
UsersGroups: Groups Category,11.6,https://docs.netwrix.com/docs/accessanalyzer/11_6/admin/datacollector/usersgroups/results/groups,docs/accessanalyzer/11.6/admin/datacollector/usersgroups/results/groups.md,Covered by 12.0 — see docs/accessanalyzer/12.0/admin/datacollector/usersgroups/results/groups.md,,,,,
UsersGroups: Results,11.6,https://docs.netwrix.com/docs/accessanalyzer/11_6/admin/datacollector/usersgroups/results,docs/accessanalyzer/11.6/admin/datacollector/usersgroups/results/results.md,Covered by 12.0 — see docs/accessanalyzer/12.0/admin/datacollector/usersgroups/results/results.md,,,,,
UsersGroups: Security Category,11.6,https://docs.netwrix.com/docs/accessanalyzer/11_6/admin/datacollector/usersgroups/results/security,docs/accessanalyzer/11.6/admin/datacollector/usersgroups/results/security.md,Covered by 12.0 — see docs/accessanalyzer/12.0/admin/datacollector/usersgroups/results/security.md,,,,,
UsersGroups: Users Category,11.6,https://docs.netwrix.com/docs/accessanalyzer/11_6/admin/datacollector/usersgroups/results/users,docs/accessanalyzer/11.6/admin/datacollector/usersgroups/results/users.md,Covered by 12.0 — see docs/accessanalyzer/12.0/admin/datacollector/usersgroups/results/users.md,,,,,
UsersGroups: Summary,11.6,https://docs.netwrix.com/docs/accessanalyzer/11_6/admin/datacollector/usersgroups/summary,docs/accessanalyzer/11.6/admin/datacollector/usersgroups/summary.md,Covered by 12.0 — see docs/accessanalyzer/12.0/admin/datacollector/usersgroups/summary.md,,,,,
WMICollector: Classes,11.6,https://docs.netwrix.com/docs/accessanalyzer/11_6/admin/datacollector/wmicollector/classes,docs/accessanalyzer/11.6/admin/datacollector/wmicollector/classes.md,Covered by 12.0 — see docs/accessanalyzer/12.0/admin/datacollector/wmicollector/classes.md,,,,,
WMICollector Data Collector,11.6,https://docs.netwrix.com/docs/accessanalyzer/11_6/admin/datacollector/wmicollector/overview,docs/accessanalyzer/11.6/admin/datacollector/wmicollector/overview.md,,,,,,
WMICollector: Properties,11.6,https://docs.netwrix.com/docs/accessanalyzer/11_6/admin/datacollector/wmicollector/properties,docs/accessanalyzer/11.6/admin/datacollector/wmicollector/properties.md,Covered by 12.0 — see docs/accessanalyzer/12.0/admin/datacollector/wmicollector/properties.md,,,,,
WMICollector: Sample Host,11.6,https://docs.netwrix.com/docs/accessanalyzer/11_6/admin/datacollector/wmicollector/samplehost,docs/accessanalyzer/11.6/admin/datacollector/wmicollector/samplehost.md,Covered by 12.0 — see docs/accessanalyzer/12.0/admin/datacollector/wmicollector/samplehost.md,,,,,
WMICollector: Summary (Results),11.6,https://docs.netwrix.com/docs/accessanalyzer/11_6/admin/datacollector/wmicollector/summary,docs/accessanalyzer/11.6/admin/datacollector/wmicollector/summary.md,Covered by 12.0 — see docs/accessanalyzer/12.0/admin/datacollector/wmicollector/summary.md,,,,,
Host Discovery Queries Activities Pane,11.6,https://docs.netwrix.com/docs/accessanalyzer/11_6/admin/hostdiscovery/activities,docs/accessanalyzer/11.6/admin/hostdiscovery/activities.md,,,,,,
Discovery Log,11.6,https://docs.netwrix.com/docs/accessanalyzer/11_6/admin/hostdiscovery/log,docs/accessanalyzer/11.6/admin/hostdiscovery/log.md,,,,,,
Host Discovery Node,11.6,https://docs.netwrix.com/docs/accessanalyzer/11_6/admin/hostdiscovery/overview,docs/accessanalyzer/11.6/admin/hostdiscovery/overview.md,,,,,,
Host Discovery Queries,11.6,https://docs.netwrix.com/docs/accessanalyzer/11_6/admin/hostdiscovery/queries,docs/accessanalyzer/11.6/admin/hostdiscovery/queries.md,,,,,,
Query an Active Directory server (Discover Domain Controllers),11.6,https://docs.netwrix.com/docs/accessanalyzer/11_6/admin/hostdiscovery/wizard/addomaincontrollers,docs/accessanalyzer/11.6/admin/hostdiscovery/wizard/addomaincontrollers.md,,,,,,
Query an Active Directory Server (Discover Exchange servers),11.6,https://docs.netwrix.com/docs/accessanalyzer/11_6/admin/hostdiscovery/wizard/adexchange,docs/accessanalyzer/11.6/admin/hostdiscovery/wizard/adexchange.md,,,,,,
Query an Active Directory Server (General),11.6,https://docs.netwrix.com/docs/accessanalyzer/11_6/admin/hostdiscovery/wizard/adgeneral,docs/accessanalyzer/11.6/admin/hostdiscovery/wizard/adgeneral.md,,,,,,
Import From a Local CSV File,11.6,https://docs.netwrix.com/docs/accessanalyzer/11_6/admin/hostdiscovery/wizard/csv,docs/accessanalyzer/11.6/admin/hostdiscovery/wizard/csv.md,,,,,,
Import From a Database,11.6,https://docs.netwrix.com/docs/accessanalyzer/11_6/admin/hostdiscovery/wizard/database,docs/accessanalyzer/11.6/admin/hostdiscovery/wizard/database.md,,,,,,
Scan IP Network,11.6,https://docs.netwrix.com/docs/accessanalyzer/11_6/admin/hostdiscovery/wizard/ipnetwork,docs/accessanalyzer/11.6/admin/hostdiscovery/wizard/ipnetwork.md,,,,,,
Host Discovery Wizard,11.6,https://docs.netwrix.com/docs/accessanalyzer/11_6/admin/hostdiscovery/wizard/overview,docs/accessanalyzer/11.6/admin/hostdiscovery/wizard/overview.md,,,,,,
Add Hosts,11.6,https://docs.netwrix.com/docs/accessanalyzer/11_6/admin/hostmanagement/actions/add,docs/accessanalyzer/11.6/admin/hostmanagement/actions/add.md,,,,,,
Delete Host(s),11.6,https://docs.netwrix.com/docs/accessanalyzer/11_6/admin/hostmanagement/actions/deletehost,docs/accessanalyzer/11.6/admin/hostmanagement/actions/deletehost.md,,,,,,
Delete List,11.6,https://docs.netwrix.com/docs/accessanalyzer/11_6/admin/hostmanagement/actions/deletelist,docs/accessanalyzer/11.6/admin/hostmanagement/actions/deletelist.md,,,,,,
Edit List,11.6,https://docs.netwrix.com/docs/accessanalyzer/11_6/admin/hostmanagement/actions/editlist,docs/accessanalyzer/11.6/admin/hostmanagement/actions/editlist.md,,,,,,
Edit Query,11.6,https://docs.netwrix.com/docs/accessanalyzer/11_6/admin/hostmanagement/actions/editquery,docs/accessanalyzer/11.6/admin/hostmanagement/actions/editquery.md,,,,,,
Export Data,11.6,https://docs.netwrix.com/docs/accessanalyzer/11_6/admin/hostmanagement/actions/export,docs/accessanalyzer/11.6/admin/hostmanagement/actions/export.md,,,,,,
Import Hosts Option,11.6,https://docs.netwrix.com/docs/accessanalyzer/11_6/admin/hostmanagement/actions/importhost,docs/accessanalyzer/11.6/admin/hostmanagement/actions/importhost.md,,,,,,
Import Location,11.6,https://docs.netwrix.com/docs/accessanalyzer/11_6/admin/hostmanagement/actions/importlocation,docs/accessanalyzer/11.6/admin/hostmanagement/actions/importlocation.md,,,,,,
Host Management Activities,11.6,https://docs.netwrix.com/docs/accessanalyzer/11_6/admin/hostmanagement/actions/overview,docs/accessanalyzer/11.6/admin/hostmanagement/actions/overview.md,,,,,,
Refresh Hosts,11.6,https://docs.netwrix.com/docs/accessanalyzer/11_6/admin/hostmanagement/actions/refresh,docs/accessanalyzer/11.6/admin/hostmanagement/actions/refresh.md,Covered by 12.0 — see docs/accessanalyzer/12.0/admin/hostmanagement/actions/refresh.md,,,,,
Rename List,11.6,https://docs.netwrix.com/docs/accessanalyzer/11_6/admin/hostmanagement/actions/rename,docs/accessanalyzer/11.6/admin/hostmanagement/actions/rename.md,,,,,,
Save Selected To List,11.6,https://docs.netwrix.com/docs/accessanalyzer/11_6/admin/hostmanagement/actions/savetolist,docs/accessanalyzer/11.6/admin/hostmanagement/actions/savetolist.md,,,,,,
Save Current View,11.6,https://docs.netwrix.com/docs/accessanalyzer/11_6/admin/hostmanagement/actions/saveview,docs/accessanalyzer/11.6/admin/hostmanagement/actions/saveview.md,,,,,,
Schedule (Activities Pane Option),11.6,https://docs.netwrix.com/docs/accessanalyzer/11_6/admin/hostmanagement/actions/schedule,docs/accessanalyzer/11.6/admin/hostmanagement/actions/schedule.md,,,,,,
Suspend/Resume Host Inventory,11.6,https://docs.netwrix.com/docs/accessanalyzer/11_6/admin/hostmanagement/actions/suspend,docs/accessanalyzer/11.6/admin/hostmanagement/actions/suspend.md,Covered by 12.0 — see docs/accessanalyzer/12.0/admin/hostmanagement/actions/suspend.md,,,,,
View/Edit Host,11.6,https://docs.netwrix.com/docs/accessanalyzer/11_6/admin/hostmanagement/actions/viewhost,docs/accessanalyzer/11.6/admin/hostmanagement/actions/viewhost.md,,,,,,
View Query,11.6,https://docs.netwrix.com/docs/accessanalyzer/11_6/admin/hostmanagement/actions/viewquery,docs/accessanalyzer/11.6/admin/hostmanagement/actions/viewquery.md,,,,,,
Host Inventory Data Grid,11.6,https://docs.netwrix.com/docs/accessanalyzer/11_6/admin/hostmanagement/datagrid,docs/accessanalyzer/11.6/admin/hostmanagement/datagrid.md,,,,,,
Hosts Lists,11.6,https://docs.netwrix.com/docs/accessanalyzer/11_6/admin/hostmanagement/lists,docs/accessanalyzer/11.6/admin/hostmanagement/lists.md,,,,,,
Host Management,11.6,https://docs.netwrix.com/docs/accessanalyzer/11_6/admin/hostmanagement/overview,docs/accessanalyzer/11.6/admin/hostmanagement/overview.md,,,,,,
Special Features & Functions,11.6,https://docs.netwrix.com/docs/accessanalyzer/11_6/admin/jobs/features,docs/accessanalyzer/11.6/admin/jobs/features.md,,,,,,
Job Groups,11.6,https://docs.netwrix.com/docs/accessanalyzer/11_6/admin/jobs/group/overview,docs/accessanalyzer/11.6/admin/jobs/group/overview.md,,,,,,
Connection Node,11.6,https://docs.netwrix.com/docs/accessanalyzer/11_6/admin/jobs/group/settings/connection,docs/accessanalyzer/11.6/admin/jobs/group/settings/connection.md,,,,,,
History Node,11.6,https://docs.netwrix.com/docs/accessanalyzer/11_6/admin/jobs/group/settings/history,docs/accessanalyzer/11.6/admin/jobs/group/settings/history.md,,,,,,
Host Lists Assignment,11.6,https://docs.netwrix.com/docs/accessanalyzer/11_6/admin/jobs/group/settings/hostlistsassignment,docs/accessanalyzer/11.6/admin/jobs/group/settings/hostlistsassignment.md,,,,,,
Reporting Node,11.6,https://docs.netwrix.com/docs/accessanalyzer/11_6/admin/jobs/group/settings/reporting,docs/accessanalyzer/11.6/admin/jobs/group/settings/reporting.md,,,,,,
Job Groups Settings Node,11.6,https://docs.netwrix.com/docs/accessanalyzer/11_6/admin/jobs/group/settings,docs/accessanalyzer/11.6/admin/jobs/group/settings/settings.md,,,,,,
Storage Node,11.6,https://docs.netwrix.com/docs/accessanalyzer/11_6/admin/jobs/group/settings/storage,docs/accessanalyzer/11.6/admin/jobs/group/settings/storage.md,,,,,,
Instantiating Jobs into the Jobs Tree,11.6,https://docs.netwrix.com/docs/accessanalyzer/11_6/admin/jobs/instantiate,docs/accessanalyzer/11.6/admin/jobs/instantiate.md,,,,,,
AD_PasswordExpirationNotification Job,11.6,https://docs.netwrix.com/docs/accessanalyzer/11_6/admin/jobs/instantjobs/ad_passwordexpirationnotification,docs/accessanalyzer/11.6/admin/jobs/instantjobs/ad_passwordexpirationnotification.md,,,,,,
EX_RegisterAzureAppAuth Job,11.6,https://docs.netwrix.com/docs/accessanalyzer/11_6/admin/jobs/instantjobs/ex_registerazureappauth,docs/accessanalyzer/11.6/admin/jobs/instantjobs/ex_registerazureappauth.md,,,,,,
FS_DEFEND_SDD Job,11.6,https://docs.netwrix.com/docs/accessanalyzer/11_6/admin/jobs/instantjobs/fs_defend_sdd,docs/accessanalyzer/11.6/admin/jobs/instantjobs/fs_defend_sdd.md,,,,,,
FS_MigrateSchema Job,11.6,https://docs.netwrix.com/docs/accessanalyzer/11_6/admin/jobs/instantjobs/fs_migrateschema,docs/accessanalyzer/11.6/admin/jobs/instantjobs/fs_migrateschema.md,,,,,,
FS_SDD_DELETE Job,11.6,https://docs.netwrix.com/docs/accessanalyzer/11_6/admin/jobs/instantjobs/fs_sdd_delete,docs/accessanalyzer/11.6/admin/jobs/instantjobs/fs_sdd_delete.md,Covered by 12.0 — see docs/accessanalyzer/12.0/admin/jobs/instantjobs/fs_sdd_delete.md,,,,,
Instant Job Wizard,11.6,https://docs.netwrix.com/docs/accessanalyzer/11_6/admin/jobs/instantjobs/overview,docs/accessanalyzer/11.6/admin/jobs/instantjobs/overview.md,,,,,,
SAS_ExecutionStatistics Job,11.6,https://docs.netwrix.com/docs/accessanalyzer/11_6/admin/jobs/instantjobs/sas_executionstatistics,docs/accessanalyzer/11.6/admin/jobs/instantjobs/sas_executionstatistics.md,,,,,,
SP_RegisterAzureAppAuth Job,11.6,https://docs.netwrix.com/docs/accessanalyzer/11_6/admin/jobs/instantjobs/sp_registerazureappauth,docs/accessanalyzer/11.6/admin/jobs/instantjobs/sp_registerazureappauth.md,,,,,,
SP_RemoveHost Job,11.6,https://docs.netwrix.com/docs/accessanalyzer/11_6/admin/jobs/instantjobs/sp_removehost,docs/accessanalyzer/11.6/admin/jobs/instantjobs/sp_removehost.md,,,,,,
Actions Node,11.6,https://docs.netwrix.com/docs/accessanalyzer/11_6/admin/jobs/job/configure/actions,docs/accessanalyzer/11.6/admin/jobs/job/configure/actions.md,,,,,,
Analysis Node,11.6,https://docs.netwrix.com/docs/accessanalyzer/11_6/admin/jobs/job/configure/analysis,docs/accessanalyzer/11.6/admin/jobs/job/configure/analysis/analysis.md,,,,,,
Configure the Customizable Parameters in an Analysis Task,11.6,https://docs.netwrix.com/docs/accessanalyzer/11_6/admin/jobs/job/configure/analysis/analysiscustomizableparameters,docs/accessanalyzer/11.6/admin/jobs/job/configure/analysis/analysiscustomizableparameters.md,,,,,,
Hosts Node,11.6,https://docs.netwrix.com/docs/accessanalyzer/11_6/admin/jobs/job/configure/hosts,docs/accessanalyzer/11.6/admin/jobs/job/configure/hosts.md,Covered by 12.0 — see docs/accessanalyzer/12.0/admin/jobs/job/configure/hosts.md,,,,,
Configure Node,11.6,https://docs.netwrix.com/docs/accessanalyzer/11_6/admin/jobs/job/configure/overview,docs/accessanalyzer/11.6/admin/jobs/job/configure/overview.md,,,,,,
Queries Node,11.6,https://docs.netwrix.com/docs/accessanalyzer/11_6/admin/jobs/job/configure/queries,docs/accessanalyzer/11.6/admin/jobs/job/configure/queries.md,,,,,,
Reports Node,11.6,https://docs.netwrix.com/docs/accessanalyzer/11_6/admin/jobs/job/configure/reports,docs/accessanalyzer/11.6/admin/jobs/job/configure/reports.md,,,,,,
Create a New Job,11.6,https://docs.netwrix.com/docs/accessanalyzer/11_6/admin/jobs/job/create,docs/accessanalyzer/11.6/admin/jobs/job/create.md,,,,,,
Disable or Enable a Job,11.6,https://docs.netwrix.com/docs/accessanalyzer/11_6/admin/jobs/job/disableenable,docs/accessanalyzer/11.6/admin/jobs/job/disableenable.md,,,,,,
Jobs,11.6,https://docs.netwrix.com/docs/accessanalyzer/11_6/admin/jobs/job/overview,docs/accessanalyzer/11.6/admin/jobs/job/overview.md,,,,,,
Auto Retry Tab,11.6,https://docs.netwrix.com/docs/accessanalyzer/11_6/admin/jobs/job/properties/autoretry,docs/accessanalyzer/11.6/admin/jobs/job/properties/autoretry.md,Covered by 12.0 — see docs/accessanalyzer/12.0/admin/jobs/job/properties/autoretry.md,,,,,
Connection Tab,11.6,https://docs.netwrix.com/docs/accessanalyzer/11_6/admin/jobs/job/properties/connection,docs/accessanalyzer/11.6/admin/jobs/job/properties/connection.md,,,,,,
General Tab,11.6,https://docs.netwrix.com/docs/accessanalyzer/11_6/admin/jobs/job/properties/general,docs/accessanalyzer/11.6/admin/jobs/job/properties/general.md,Covered by 12.0 — see docs/accessanalyzer/12.0/admin/jobs/job/properties/general.md,,,,,
History Tab,11.6,https://docs.netwrix.com/docs/accessanalyzer/11_6/admin/jobs/job/properties/history,docs/accessanalyzer/11.6/admin/jobs/job/properties/history.md,,,,,,
Notification Tab,11.6,https://docs.netwrix.com/docs/accessanalyzer/11_6/admin/jobs/job/properties/notification,docs/accessanalyzer/11.6/admin/jobs/job/properties/notification.md,Covered by 12.0 — see docs/accessanalyzer/12.0/admin/jobs/job/properties/notification.md,,,,,
Job Properties,11.6,https://docs.netwrix.com/docs/accessanalyzer/11_6/admin/jobs/job/properties/overview,docs/accessanalyzer/11.6/admin/jobs/job/properties/overview.md,,,,,,
Performance Tab,11.6,https://docs.netwrix.com/docs/accessanalyzer/11_6/admin/jobs/job/properties/performance,docs/accessanalyzer/11.6/admin/jobs/job/properties/performance.md,,,,,,
Report Roles Tab,11.6,https://docs.netwrix.com/docs/accessanalyzer/11_6/admin/jobs/job/properties/reportroles,docs/accessanalyzer/11.6/admin/jobs/job/properties/reportroles.md,,,,,,
Report Settings Tab,11.6,https://docs.netwrix.com/docs/accessanalyzer/11_6/admin/jobs/job/properties/reportsettings,docs/accessanalyzer/11.6/admin/jobs/job/properties/reportsettings.md,,,,,,
Storage Tab,11.6,https://docs.netwrix.com/docs/accessanalyzer/11_6/admin/jobs/job/properties/storage,docs/accessanalyzer/11.6/admin/jobs/job/properties/storage.md,,,,,,
View Job XML File,11.6,https://docs.netwrix.com/docs/accessanalyzer/11_6/admin/jobs/job/properties/viewxml,docs/accessanalyzer/11.6/admin/jobs/job/properties/viewxml.md,,,,,,
Results Node,11.6,https://docs.netwrix.com/docs/accessanalyzer/11_6/admin/jobs/job/results,docs/accessanalyzer/11.6/admin/jobs/job/results.md,Covered by 12.0 — see docs/accessanalyzer/12.0/admin/jobs/job/results.md,,,,,
Status Node,11.6,https://docs.netwrix.com/docs/accessanalyzer/11_6/admin/jobs/job/status,docs/accessanalyzer/11.6/admin/jobs/job/status.md,,,,,,
Jobs Tree,11.6,https://docs.netwrix.com/docs/accessanalyzer/11_6/admin/jobs/overview,docs/accessanalyzer/11.6/admin/jobs/overview.md,,,,,,
Antivirus Exclusions,11.6,https://docs.netwrix.com/docs/accessanalyzer/11_6/admin/maintenance/antivirusexclusions,docs/accessanalyzer/11.6/admin/maintenance/antivirusexclusions.md,,,,,,
Backup and Recovery,11.6,https://docs.netwrix.com/docs/accessanalyzer/11_6/admin/maintenance/backuprecovery,docs/accessanalyzer/11.6/admin/maintenance/backuprecovery.md,,,,,,
Best Practices,11.6,https://docs.netwrix.com/docs/accessanalyzer/11_6/admin/maintenance/bestpractices,docs/accessanalyzer/11.6/admin/maintenance/bestpractices.md,,,,,,
Application Maintenance and Best Practices,11.6,https://docs.netwrix.com/docs/accessanalyzer/11_6/admin/maintenance/overview,docs/accessanalyzer/11.6/admin/maintenance/overview.md,,,,,,
Troubleshooting,11.6,https://docs.netwrix.com/docs/accessanalyzer/11_6/admin/maintenance/troubleshooting,docs/accessanalyzer/11.6/admin/maintenance/troubleshooting.md,,,,,,
Updating Passwords,11.6,https://docs.netwrix.com/docs/accessanalyzer/11_6/admin/maintenance/updatepasswords,docs/accessanalyzer/11.6/admin/maintenance/updatepasswords.md,,,,,,
Activities Pane,11.6,https://docs.netwrix.com/docs/accessanalyzer/11_6/admin/navigate/activitiespane,docs/accessanalyzer/11.6/admin/navigate/activitiespane.md,,,,,,
Data Grid Functionality,11.6,https://docs.netwrix.com/docs/accessanalyzer/11_6/admin/navigate/datagrid,docs/accessanalyzer/11.6/admin/navigate/datagrid.md,,,,,,
Navigating the Console,11.6,https://docs.netwrix.com/docs/accessanalyzer/11_6/admin/navigate/overview,docs/accessanalyzer/11.6/admin/navigate/overview.md,,,,,,
Navigation Pane,11.6,https://docs.netwrix.com/docs/accessanalyzer/11_6/admin/navigate/pane,docs/accessanalyzer/11.6/admin/navigate/pane.md,,,,,,
Results Pane,11.6,https://docs.netwrix.com/docs/accessanalyzer/11_6/admin/navigate/resultspane,docs/accessanalyzer/11.6/admin/navigate/resultspane.md,Covered by 12.0 — see docs/accessanalyzer/12.0/admin/navigate/resultspane.md,,,,,
Top Navigation,11.6,https://docs.netwrix.com/docs/accessanalyzer/11_6/admin/navigate/top,docs/accessanalyzer/11.6/admin/navigate/top.md,,,,,,
Administration,11.6,https://docs.netwrix.com/docs/accessanalyzer/11_6/admin/overview,docs/accessanalyzer/11.6/admin/overview.md,,,,,,
Report Cleanup when Deleting a Job or Job Group,11.6,https://docs.netwrix.com/docs/accessanalyzer/11_6/admin/report/cleanup,docs/accessanalyzer/11.6/admin/report/cleanup.md,,,,,,
Creating a Report,11.6,https://docs.netwrix.com/docs/accessanalyzer/11_6/admin/report/create,docs/accessanalyzer/11.6/admin/report/create.md,,,,,,
Editing Existing Reports,11.6,https://docs.netwrix.com/docs/accessanalyzer/11_6/admin/report/edit,docs/accessanalyzer/11.6/admin/report/edit.md,,,,,,
Copying Cells,11.6,https://docs.netwrix.com/docs/accessanalyzer/11_6/admin/report/interactivegrids/copyingcells,docs/accessanalyzer/11.6/admin/report/interactivegrids/copyingcells.md,Covered by 12.0 — see docs/accessanalyzer/12.0/admin/report/interactivegrids/copyingcells.md,,,,,
Grouping Data,11.6,https://docs.netwrix.com/docs/accessanalyzer/11_6/admin/report/interactivegrids/grouping,docs/accessanalyzer/11.6/admin/report/interactivegrids/grouping.md,,,,,,
Interactive Grids,11.6,https://docs.netwrix.com/docs/accessanalyzer/11_6/admin/report/interactivegrids/overview,docs/accessanalyzer/11.6/admin/report/interactivegrids/overview.md,,,,,,
Paging,11.6,https://docs.netwrix.com/docs/accessanalyzer/11_6/admin/report/interactivegrids/paging,docs/accessanalyzer/11.6/admin/report/interactivegrids/paging.md,,,,,,
Searching and Filtering Data,11.6,https://docs.netwrix.com/docs/accessanalyzer/11_6/admin/report/interactivegrids/searchfilter,docs/accessanalyzer/11.6/admin/report/interactivegrids/searchfilter.md,,,,,,
Reporting,11.6,https://docs.netwrix.com/docs/accessanalyzer/11_6/admin/report/overview,docs/accessanalyzer/11.6/admin/report/overview.md,,,,,,
Tags,11.6,https://docs.netwrix.com/docs/accessanalyzer/11_6/admin/report/tags,docs/accessanalyzer/11.6/admin/report/tags.md,,,,,,
Viewing Generated Reports,11.6,https://docs.netwrix.com/docs/accessanalyzer/11_6/admin/report/view,docs/accessanalyzer/11.6/admin/report/view.md,,,,,,
Authoring Page,11.6,https://docs.netwrix.com/docs/accessanalyzer/11_6/admin/report/wizard/authoring,docs/accessanalyzer/11.6/admin/report/wizard/authoring.md,,,,,,
E-mail Page,11.6,https://docs.netwrix.com/docs/accessanalyzer/11_6/admin/report/wizard/email,docs/accessanalyzer/11.6/admin/report/wizard/email.md,,,,,,
Layout Page,11.6,https://docs.netwrix.com/docs/accessanalyzer/11_6/admin/report/wizard/layout,docs/accessanalyzer/11.6/admin/report/wizard/layout.md,,,,,,
Report Configuration Wizard,11.6,https://docs.netwrix.com/docs/accessanalyzer/11_6/admin/report/wizard/overview,docs/accessanalyzer/11.6/admin/report/wizard/overview.md,,,,,,
Publish Security Page,11.6,https://docs.netwrix.com/docs/accessanalyzer/11_6/admin/report/wizard/publishsecurity,docs/accessanalyzer/11.6/admin/report/wizard/publishsecurity.md,,,,,,
Widgets Page,11.6,https://docs.netwrix.com/docs/accessanalyzer/11_6/admin/report/wizard/widgets,docs/accessanalyzer/11.6/admin/report/wizard/widgets.md,,,,,,
Running Job Details,11.6,https://docs.netwrix.com/docs/accessanalyzer/11_6/admin/runninginstances/jobdetails,docs/accessanalyzer/11.6/admin/runninginstances/jobdetails.md,,,,,,
Running Instances Node,11.6,https://docs.netwrix.com/docs/accessanalyzer/11_6/admin/runninginstances/overview,docs/accessanalyzer/11.6/admin/runninginstances/overview.md,,,,,,
Schedules,11.6,https://docs.netwrix.com/docs/accessanalyzer/11_6/admin/schedule/overview,docs/accessanalyzer/11.6/admin/schedule/overview.md,,,,,,
Schedule Wizard,11.6,https://docs.netwrix.com/docs/accessanalyzer/11_6/admin/schedule/wizard,docs/accessanalyzer/11.6/admin/schedule/wizard.md,,,,,,
Core Data Collection Tables,11.6,https://docs.netwrix.com/docs/accessanalyzer/11_6/admin/schema/fsaadc/coretables/overview,docs/accessanalyzer/11.6/admin/schema/fsaadc/coretables/overview.md,,,,,,
Enumeration & Lookup Values Reference,11.6,https://docs.netwrix.com/docs/accessanalyzer/11_6/admin/schema/fsaadc/enumeration/overview,docs/accessanalyzer/11.6/admin/schema/fsaadc/enumeration/overview.md,,,,,,
Table Relationship Diagrams (ERD),11.6,https://docs.netwrix.com/docs/accessanalyzer/11_6/admin/schema/fsaadc/erd/overview,docs/accessanalyzer/11.6/admin/schema/fsaadc/erd/overview.md,,,,,,
Foreign Key Reference,11.6,https://docs.netwrix.com/docs/accessanalyzer/11_6/admin/schema/fsaadc/fkreference/overview,docs/accessanalyzer/11.6/admin/schema/fsaadc/fkreference/overview.md,,,,,,
Functions & Stored Procedures,11.6,https://docs.netwrix.com/docs/accessanalyzer/11_6/admin/schema/fsaadc/functions/overview,docs/accessanalyzer/11.6/admin/schema/fsaadc/functions/overview.md,,,,,,
Index Reference,11.6,https://docs.netwrix.com/docs/accessanalyzer/11_6/admin/schema/fsaadc/indexreference/overview,docs/accessanalyzer/11.6/admin/schema/fsaadc/indexreference/overview.md,,,,,,
File System Access Data Collector Schema,11.6,https://docs.netwrix.com/docs/accessanalyzer/11_6/admin/schema/fsaadc/overview,docs/accessanalyzer/11.6/admin/schema/fsaadc/overview.md,,,,,,
Views,11.6,https://docs.netwrix.com/docs/accessanalyzer/11_6/admin/schema/fsaadc/views/overview,docs/accessanalyzer/11.6/admin/schema/fsaadc/views/overview.md,,,,,,
Database Schema,11.6,https://docs.netwrix.com/docs/accessanalyzer/11_6/admin/schema/overview,docs/accessanalyzer/11.6/admin/schema/overview.md,,,,,,
Core Data Collection Tables,11.6,https://docs.netwrix.com/docs/accessanalyzer/11_6/admin/schema/sqldc/coretables/overview,docs/accessanalyzer/11.6/admin/schema/sqldc/coretables/overview.md,Covered by 12.0 — see docs/accessanalyzer/12.0/admin/schema/sqldc/coretables/overview.md,,,,,
Enumeration & Lookup Values Reference,11.6,https://docs.netwrix.com/docs/accessanalyzer/11_6/admin/schema/sqldc/enumeration/overview,docs/accessanalyzer/11.6/admin/schema/sqldc/enumeration/overview.md,Covered by 12.0 — see docs/accessanalyzer/12.0/admin/schema/sqldc/enumeration/overview.md,,,,,
Table Relationship Diagrams (ERD),11.6,https://docs.netwrix.com/docs/accessanalyzer/11_6/admin/schema/sqldc/erd/overview,docs/accessanalyzer/11.6/admin/schema/sqldc/erd/overview.md,Covered by 12.0 — see docs/accessanalyzer/12.0/admin/schema/sqldc/erd/overview.md,,,,,
Scalar Functions & Stored Procedures,11.6,https://docs.netwrix.com/docs/accessanalyzer/11_6/admin/schema/sqldc/functions/overview,docs/accessanalyzer/11.6/admin/schema/sqldc/functions/overview.md,Covered by 12.0 — see docs/accessanalyzer/12.0/admin/schema/sqldc/functions/overview.md,,,,,
Index Reference,11.6,https://docs.netwrix.com/docs/accessanalyzer/11_6/admin/schema/sqldc/indexreference/overview,docs/accessanalyzer/11.6/admin/schema/sqldc/indexreference/overview.md,Covered by 12.0 — see docs/accessanalyzer/12.0/admin/schema/sqldc/indexreference/overview.md,,,,,
SQL Data Collector Schema,11.6,https://docs.netwrix.com/docs/accessanalyzer/11_6/admin/schema/sqldc/overview,docs/accessanalyzer/11.6/admin/schema/sqldc/overview.md,Covered by 12.0 — see docs/accessanalyzer/12.0/admin/schema/sqldc/overview.md,,,,,
Reporting Tables,11.6,https://docs.netwrix.com/docs/accessanalyzer/11_6/admin/schema/sqldc/reportingtables/overview,docs/accessanalyzer/11.6/admin/schema/sqldc/reportingtables/overview.md,Covered by 12.0 — see docs/accessanalyzer/12.0/admin/schema/sqldc/reportingtables/overview.md,,,,,
Views,11.6,https://docs.netwrix.com/docs/accessanalyzer/11_6/admin/schema/sqldc/views/overview,docs/accessanalyzer/11.6/admin/schema/sqldc/views/overview.md,Covered by 12.0 — see docs/accessanalyzer/12.0/admin/schema/sqldc/views/overview.md,,,,,
Access,11.6,https://docs.netwrix.com/docs/accessanalyzer/11_6/admin/settings/access/overview,docs/accessanalyzer/11.6/admin/settings/access/overview.md,,,,,,
Assign Application Access through the Web Service,11.6,https://docs.netwrix.com/docs/accessanalyzer/11_6/admin/settings/access/restapi/assignappaccess,docs/accessanalyzer/11.6/admin/settings/access/restapi/assignappaccess.md,Covered by 12.0 — see docs/accessanalyzer/12.0/admin/settings/access/restapi/assignappaccess.md,,,,,
Use Access Token to Get Data from the Enterprise Auditor Endpoint,11.6,https://docs.netwrix.com/docs/accessanalyzer/11_6/admin/settings/access/restapi/getdata,docs/accessanalyzer/11.6/admin/settings/access/restapi/getdata.md,,,,,,
Use the Client Credentials Grant to Obtain an Access Token,11.6,https://docs.netwrix.com/docs/accessanalyzer/11_6/admin/settings/access/restapi/obtaintoken,docs/accessanalyzer/11.6/admin/settings/access/restapi/obtaintoken.md,,,,,,
Web Service REST API for Applications Accessing Data Remotely,11.6,https://docs.netwrix.com/docs/accessanalyzer/11_6/admin/settings/access/restapi/overview,docs/accessanalyzer/11.6/admin/settings/access/restapi/overview.md,,,,,,
PowerShell Commands for the REST API,11.6,https://docs.netwrix.com/docs/accessanalyzer/11_6/admin/settings/access/restapi/powershellcommands,docs/accessanalyzer/11.6/admin/settings/access/restapi/powershellcommands.md,Covered by 12.0 — see docs/accessanalyzer/12.0/admin/settings/access/restapi/powershellcommands.md,,,,,
Use the Client Credentials to Grant a Refesh Token,11.6,https://docs.netwrix.com/docs/accessanalyzer/11_6/admin/settings/access/restapi/refreshtoken,docs/accessanalyzer/11.6/admin/settings/access/restapi/refreshtoken.md,Covered by 12.0 — see docs/accessanalyzer/12.0/admin/settings/access/restapi/refreshtoken.md,,,,,
Assign User to Role Members,11.6,https://docs.netwrix.com/docs/accessanalyzer/11_6/admin/settings/access/rolebased/assignroles,docs/accessanalyzer/11.6/admin/settings/access/rolebased/assignroles.md,,,,,,
Configuring Roles,11.6,https://docs.netwrix.com/docs/accessanalyzer/11_6/admin/settings/access/rolebased/configureroles,docs/accessanalyzer/11.6/admin/settings/access/rolebased/configureroles.md,,,,,,
Custom Roles,11.6,https://docs.netwrix.com/docs/accessanalyzer/11_6/admin/settings/access/rolebased/customroles,docs/accessanalyzer/11.6/admin/settings/access/rolebased/customroles.md,,,,,,
Roles and the Event Log,11.6,https://docs.netwrix.com/docs/accessanalyzer/11_6/admin/settings/access/rolebased/eventlog,docs/accessanalyzer/11.6/admin/settings/access/rolebased/eventlog.md,,,,,,
Role Based Access: FAQ,11.6,https://docs.netwrix.com/docs/accessanalyzer/11_6/admin/settings/access/rolebased/faq,docs/accessanalyzer/11.6/admin/settings/access/rolebased/faq.md,,,,,,
Role Based Access,11.6,https://docs.netwrix.com/docs/accessanalyzer/11_6/admin/settings/access/rolebased/overview,docs/accessanalyzer/11.6/admin/settings/access/rolebased/overview.md,,,,,,
Role Definitions,11.6,https://docs.netwrix.com/docs/accessanalyzer/11_6/admin/settings/access/rolebased/roledefinitions,docs/accessanalyzer/11.6/admin/settings/access/rolebased/roledefinitions.md,,,,,,
Roles & the Schedule Service Account,11.6,https://docs.netwrix.com/docs/accessanalyzer/11_6/admin/settings/access/rolebased/scheduleserviceaccount,docs/accessanalyzer/11.6/admin/settings/access/rolebased/scheduleserviceaccount.md,,,,,,
Securing Published Reports Only,11.6,https://docs.netwrix.com/docs/accessanalyzer/11_6/admin/settings/access/rolebased/securereports,docs/accessanalyzer/11.6/admin/settings/access/rolebased/securereports.md,,,,,,
Workflow with Role Based Access Enabled,11.6,https://docs.netwrix.com/docs/accessanalyzer/11_6/admin/settings/access/rolebased/workflow,docs/accessanalyzer/11.6/admin/settings/access/rolebased/workflow.md,,,,,,
Application,11.6,https://docs.netwrix.com/docs/accessanalyzer/11_6/admin/settings/application/overview,docs/accessanalyzer/11.6/admin/settings/application/overview.md,,,,,,
Vault,11.6,https://docs.netwrix.com/docs/accessanalyzer/11_6/admin/settings/application/vault,docs/accessanalyzer/11.6/admin/settings/application/vault.md,,,,,,
Active Directory Account for User Credentials,11.6,https://docs.netwrix.com/docs/accessanalyzer/11_6/admin/settings/connection/create/activedirectory,docs/accessanalyzer/11.6/admin/settings/connection/create/activedirectory.md,,,,,,
Amazon Web Services for User Credentials,11.6,https://docs.netwrix.com/docs/accessanalyzer/11_6/admin/settings/connection/create/aws,docs/accessanalyzer/11.6/admin/settings/connection/create/aws.md,,,,,,
Create a Connection Profile,11.6,https://docs.netwrix.com/docs/accessanalyzer/11_6/admin/settings/connection/create,docs/accessanalyzer/11.6/admin/settings/connection/create/create.md,,,,,,
Dropbox for User Credentials,11.6,https://docs.netwrix.com/docs/accessanalyzer/11_6/admin/settings/connection/create/dropbox,docs/accessanalyzer/11.6/admin/settings/connection/create/dropbox.md,,,,,,
Azure Active Directory for User Credentials,11.6,https://docs.netwrix.com/docs/accessanalyzer/11_6/admin/settings/connection/create/entraid,docs/accessanalyzer/11.6/admin/settings/connection/create/entraid.md,,,,,,
Exchange Modern Authentication for User Credentials,11.6,https://docs.netwrix.com/docs/accessanalyzer/11_6/admin/settings/connection/create/exchangemodernauth,docs/accessanalyzer/11.6/admin/settings/connection/create/exchangemodernauth.md,,,,,,
Local Windows Account for User Credentials,11.6,https://docs.netwrix.com/docs/accessanalyzer/11_6/admin/settings/connection/create/localwindows,docs/accessanalyzer/11.6/admin/settings/connection/create/localwindows.md,,,,,,
Oracle for User Credentials,11.6,https://docs.netwrix.com/docs/accessanalyzer/11_6/admin/settings/connection/create/oracle,docs/accessanalyzer/11.6/admin/settings/connection/create/oracle.md,,,,,,
SQL Authentication for User Credentials,11.6,https://docs.netwrix.com/docs/accessanalyzer/11_6/admin/settings/connection/create/sql,docs/accessanalyzer/11.6/admin/settings/connection/create/sql.md,,,,,,
Task for User Credentials,11.6,https://docs.netwrix.com/docs/accessanalyzer/11_6/admin/settings/connection/create/task,docs/accessanalyzer/11.6/admin/settings/connection/create/task.md,,,,,,
Unix Account for User Credentials,11.6,https://docs.netwrix.com/docs/accessanalyzer/11_6/admin/settings/connection/create/unix,docs/accessanalyzer/11.6/admin/settings/connection/create/unix.md,,,,,,
Web Services (JWT) for User Credentials,11.6,https://docs.netwrix.com/docs/accessanalyzer/11_6/admin/settings/connection/create/webservices,docs/accessanalyzer/11.6/admin/settings/connection/create/webservices.md,,,,,,
CyberArk Integration,11.6,https://docs.netwrix.com/docs/accessanalyzer/11_6/admin/settings/connection/cyberarkintegration,docs/accessanalyzer/11.6/admin/settings/connection/cyberarkintegration.md,,,,,,
Group Managed Service Accounts (gMSA) Configuration,11.6,https://docs.netwrix.com/docs/accessanalyzer/11_6/admin/settings/connection/gmsa,docs/accessanalyzer/11.6/admin/settings/connection/gmsa.md,,,,,,
Connection,11.6,https://docs.netwrix.com/docs/accessanalyzer/11_6/admin/settings/connection/overview,docs/accessanalyzer/11.6/admin/settings/connection/overview.md,,,,,,
Exchange,11.6,https://docs.netwrix.com/docs/accessanalyzer/11_6/admin/settings/exchange,docs/accessanalyzer/11.6/admin/settings/exchange.md,,,,,,
History,11.6,https://docs.netwrix.com/docs/accessanalyzer/11_6/admin/settings/history,docs/accessanalyzer/11.6/admin/settings/history.md,,,,,,
Host Discovery,11.6,https://docs.netwrix.com/docs/accessanalyzer/11_6/admin/settings/hostdiscovery,docs/accessanalyzer/11.6/admin/settings/hostdiscovery.md,,,,,,
Host Inventory,11.6,https://docs.netwrix.com/docs/accessanalyzer/11_6/admin/settings/hostinventory,docs/accessanalyzer/11.6/admin/settings/hostinventory.md,,,,,,
Notification,11.6,https://docs.netwrix.com/docs/accessanalyzer/11_6/admin/settings/notification,docs/accessanalyzer/11.6/admin/settings/notification.md,,,,,,
Global Settings,11.6,https://docs.netwrix.com/docs/accessanalyzer/11_6/admin/settings/overview,docs/accessanalyzer/11.6/admin/settings/overview.md,,,,,,
Reporting,11.6,https://docs.netwrix.com/docs/accessanalyzer/11_6/admin/settings/reporting,docs/accessanalyzer/11.6/admin/settings/reporting.md,,,,,,
Schedule,11.6,https://docs.netwrix.com/docs/accessanalyzer/11_6/admin/settings/schedule,docs/accessanalyzer/11.6/admin/settings/schedule.md,,,,,,
Criteria Tab,11.6,https://docs.netwrix.com/docs/accessanalyzer/11_6/admin/settings/sensitivedata/criteria,docs/accessanalyzer/11.6/admin/settings/sensitivedata/criteria.md,,,,,,
Adding False Positive Exclusion Filters,11.6,https://docs.netwrix.com/docs/accessanalyzer/11_6/admin/settings/sensitivedata/exclusions/add,docs/accessanalyzer/11.6/admin/settings/sensitivedata/exclusions/add.md,Covered by 12.0 — see docs/accessanalyzer/12.0/admin/settings/sensitivedata/exclusions/add.md,,,,,
Deleting False Positive Exclusion Filters,11.6,https://docs.netwrix.com/docs/accessanalyzer/11_6/admin/settings/sensitivedata/exclusions/delete,docs/accessanalyzer/11.6/admin/settings/sensitivedata/exclusions/delete.md,Covered by 12.0 — see docs/accessanalyzer/12.0/admin/settings/sensitivedata/exclusions/delete.md,,,,,
Editing False Positive Exclusion Filters,11.6,https://docs.netwrix.com/docs/accessanalyzer/11_6/admin/settings/sensitivedata/exclusions/edit,docs/accessanalyzer/11.6/admin/settings/sensitivedata/exclusions/edit.md,Covered by 12.0 — see docs/accessanalyzer/12.0/admin/settings/sensitivedata/exclusions/edit.md,,,,,
Exporting False Positive Exclusion Filters,11.6,https://docs.netwrix.com/docs/accessanalyzer/11_6/admin/settings/sensitivedata/exclusions/export,docs/accessanalyzer/11.6/admin/settings/sensitivedata/exclusions/export.md,Covered by 12.0 — see docs/accessanalyzer/12.0/admin/settings/sensitivedata/exclusions/export.md,,,,,
Importing False Positive Exclusion Filters,11.6,https://docs.netwrix.com/docs/accessanalyzer/11_6/admin/settings/sensitivedata/exclusions/import,docs/accessanalyzer/11.6/admin/settings/sensitivedata/exclusions/import.md,,,,,,
False Positives Tab,11.6,https://docs.netwrix.com/docs/accessanalyzer/11_6/admin/settings/sensitivedata/exclusions/overview,docs/accessanalyzer/11.6/admin/settings/sensitivedata/exclusions/overview.md,,,,,,
Sensitive Data,11.6,https://docs.netwrix.com/docs/accessanalyzer/11_6/admin/settings/sensitivedata/overview,docs/accessanalyzer/11.6/admin/settings/sensitivedata/overview.md,,,,,,
ServiceNow,11.6,https://docs.netwrix.com/docs/accessanalyzer/11_6/admin/settings/servicenow,docs/accessanalyzer/11.6/admin/settings/servicenow.md,,,,,,
Add a Storage Profile,11.6,https://docs.netwrix.com/docs/accessanalyzer/11_6/admin/settings/storage/add,docs/accessanalyzer/11.6/admin/settings/storage/add.md,,,,,,
Set a Default Storage Profile,11.6,https://docs.netwrix.com/docs/accessanalyzer/11_6/admin/settings/storage/default,docs/accessanalyzer/11.6/admin/settings/storage/default.md,,,,,,
Delete a Storage Profile,11.6,https://docs.netwrix.com/docs/accessanalyzer/11_6/admin/settings/storage/delete,docs/accessanalyzer/11.6/admin/settings/storage/delete.md,,,,,,
Storage,11.6,https://docs.netwrix.com/docs/accessanalyzer/11_6/admin/settings/storage/overview,docs/accessanalyzer/11.6/admin/settings/storage/overview.md,,,,,,
Update Authentication Credentials in a Storage Profile,11.6,https://docs.netwrix.com/docs/accessanalyzer/11_6/admin/settings/storage/updateauth,docs/accessanalyzer/11.6/admin/settings/storage/updateauth.md,,,,,,
CDSA Job,11.6,https://docs.netwrix.com/docs/accessanalyzer/11_6/cdsa/job,docs/accessanalyzer/11.6/cdsa/job.md,,,,,,
Credential & Data Security Assessment Overview,11.6,https://docs.netwrix.com/docs/accessanalyzer/11_6/cdsa/overview,docs/accessanalyzer/11.6/cdsa/overview.md,,,,,,
Presentation Dependencies,11.6,https://docs.netwrix.com/docs/accessanalyzer/11_6/cdsa/presentation,docs/accessanalyzer/11.6/cdsa/presentation.md,Covered by 12.0 — see docs/accessanalyzer/12.0/cdsa/presentation.md,,,,,
Getting Started,11.6,https://docs.netwrix.com/docs/accessanalyzer/11_6/gettingstarted,docs/accessanalyzer/11.6/gettingstarted.md,,,,,,
Netwrix Enterprise Auditor v11.6 Documentation,11.6,https://docs.netwrix.com/docs/accessanalyzer/11_6,docs/accessanalyzer/11.6/index.md,,,,,,
Enterprise Auditor Database,11.6,https://docs.netwrix.com/docs/accessanalyzer/11_6/install/application/database,docs/accessanalyzer/11.6/install/application/database/database.md,,,,,,
Non-English Language Environments,11.6,https://docs.netwrix.com/docs/accessanalyzer/11_6/install/application/database/otherlanguages,docs/accessanalyzer/11.6/install/application/database/otherlanguages.md,,,,,,
Enterprise Auditor Initial Configuration,11.6,https://docs.netwrix.com/docs/accessanalyzer/11_6/install/application/firstlaunch,docs/accessanalyzer/11.6/install/application/firstlaunch.md,,,,,,
Installation & Configuration Overview,11.6,https://docs.netwrix.com/docs/accessanalyzer/11_6/install/application/overview,docs/accessanalyzer/11.6/install/application/overview.md,,,,,,
Configuring the Web Console to use ADFS,11.6,https://docs.netwrix.com/docs/accessanalyzer/11_6/install/application/reports/adfs,docs/accessanalyzer/11.6/install/application/reports/adfs.md,,,,,,
Configuring Login Page Disclaimer,11.6,https://docs.netwrix.com/docs/accessanalyzer/11_6/install/application/reports/disclaimer,docs/accessanalyzer/11.6/install/application/reports/disclaimer.md,,,,,,
Enable Multiple Domain Access,11.6,https://docs.netwrix.com/docs/accessanalyzer/11_6/install/application/reports/domains,docs/accessanalyzer/11.6/install/application/reports/domains.md,,,,,,
Microsoft Entra ID Single Sign-On,11.6,https://docs.netwrix.com/docs/accessanalyzer/11_6/install/application/reports/entraidsso,docs/accessanalyzer/11.6/install/application/reports/entraidsso.md,,,,,,
Manage Kerberos Encryption Warning for the Web Console,11.6,https://docs.netwrix.com/docs/accessanalyzer/11_6/install/application/reports/kerberosencryption,docs/accessanalyzer/11.6/install/application/reports/kerberosencryption.md,,,,,,
Creating an Application and Attributes in Okta,11.6,https://docs.netwrix.com/docs/accessanalyzer/11_6/install/application/reports/okta,docs/accessanalyzer/11.6/install/application/reports/okta.md,,,,,,
Reports via the Web Console,11.6,https://docs.netwrix.com/docs/accessanalyzer/11_6/install/application/reports/overview,docs/accessanalyzer/11.6/install/application/reports/overview.md,,,,,,
Securing the Web Console,11.6,https://docs.netwrix.com/docs/accessanalyzer/11_6/install/application/reports/secure,docs/accessanalyzer/11.6/install/application/reports/secure.md,,,,,,
Enable Single Sign-On,11.6,https://docs.netwrix.com/docs/accessanalyzer/11_6/install/application/reports/sso,docs/accessanalyzer/11.6/install/application/reports/sso.md,,,,,,
Timeout Parameter for the Web Console,11.6,https://docs.netwrix.com/docs/accessanalyzer/11_6/install/application/reports/timeout,docs/accessanalyzer/11.6/install/application/reports/timeout.md,,,,,,
Update License Key,11.6,https://docs.netwrix.com/docs/accessanalyzer/11_6/install/application/updatelicense,docs/accessanalyzer/11.6/install/application/updatelicense.md,,,,,,
Enterprise Auditor Console Upgrade,11.6,https://docs.netwrix.com/docs/accessanalyzer/11_6/install/application/upgrade/overview,docs/accessanalyzer/11.6/install/application/upgrade/overview.md,,,,,,
Solution Upgrade Considerations,11.6,https://docs.netwrix.com/docs/accessanalyzer/11_6/install/application/upgrade/solutionconsiderations,docs/accessanalyzer/11.6/install/application/upgrade/solutionconsiderations.md,,,,,,
Enterprise Auditor Core Upgrade Instructions,11.6,https://docs.netwrix.com/docs/accessanalyzer/11_6/install/application/upgrade/wizard,docs/accessanalyzer/11.6/install/application/upgrade/wizard.md,,,,,,
Enterprise Auditor Core Installation,11.6,https://docs.netwrix.com/docs/accessanalyzer/11_6/install/application/wizard,docs/accessanalyzer/11.6/install/application/wizard.md,,,,,,
File System Data Collection Configuration for Proxy as a Service,11.6,https://docs.netwrix.com/docs/accessanalyzer/11_6/install/filesystemproxy/configuredatacollector,docs/accessanalyzer/11.6/install/filesystemproxy/configuredatacollector.md,Covered by 12.0 — see docs/accessanalyzer/12.0/install/filesystemproxy/configuredatacollector.md,,,,,
File System Proxy as a Service Overview,11.6,https://docs.netwrix.com/docs/accessanalyzer/11_6/install/filesystemproxy/overview,docs/accessanalyzer/11.6/install/filesystemproxy/overview.md,,,,,,
Silent Installer Option for Proxy,11.6,https://docs.netwrix.com/docs/accessanalyzer/11_6/install/filesystemproxy/silentinstall,docs/accessanalyzer/11.6/install/filesystemproxy/silentinstall.md,Covered by 12.0 — see docs/accessanalyzer/12.0/install/filesystemproxy/silentinstall.md,,,,,
Troubleshooting Proxy Service,11.6,https://docs.netwrix.com/docs/accessanalyzer/11_6/install/filesystemproxy/troubleshooting,docs/accessanalyzer/11.6/install/filesystemproxy/troubleshooting.md,,,,,,
Uninstall Proxy Service Process,11.6,https://docs.netwrix.com/docs/accessanalyzer/11_6/install/filesystemproxy/uninstall,docs/accessanalyzer/11.6/install/filesystemproxy/uninstall.md,,,,,,
Upgrade Proxy Service Procedure,11.6,https://docs.netwrix.com/docs/accessanalyzer/11_6/install/filesystemproxy/upgrade,docs/accessanalyzer/11.6/install/filesystemproxy/upgrade.md,,,,,,
File System Proxy Service Installation,11.6,https://docs.netwrix.com/docs/accessanalyzer/11_6/install/filesystemproxy/wizard,docs/accessanalyzer/11.6/install/filesystemproxy/wizard.md,,,,,,
Installation,11.6,https://docs.netwrix.com/docs/accessanalyzer/11_6/install/overview,docs/accessanalyzer/11.6/install/overview.md,,,,,,
Sensitive Data Discovery Add-On Installation,11.6,https://docs.netwrix.com/docs/accessanalyzer/11_6/install/sensitivedatadiscovery/overview,docs/accessanalyzer/11.6/install/sensitivedatadiscovery/overview.md,,,,,,
Upgrade Sensitive Data Discovery Add-on,11.6,https://docs.netwrix.com/docs/accessanalyzer/11_6/install/sensitivedatadiscovery/upgrade,docs/accessanalyzer/11.6/install/sensitivedatadiscovery/upgrade.md,,,,,,
Installing the Sensitive Data Discovery Add-On,11.6,https://docs.netwrix.com/docs/accessanalyzer/11_6/install/sensitivedatadiscovery/wizard,docs/accessanalyzer/11.6/install/sensitivedatadiscovery/wizard.md,,,,,,
SharePoint Agent Installation,11.6,https://docs.netwrix.com/docs/accessanalyzer/11_6/install/sharepointagent/overview,docs/accessanalyzer/11.6/install/sharepointagent/overview.md,,,,,,
Upgrade SharePoint Agent,11.6,https://docs.netwrix.com/docs/accessanalyzer/11_6/install/sharepointagent/upgrade,docs/accessanalyzer/11.6/install/sharepointagent/upgrade.md,,,,,,
Installing the SharePoint Agent,11.6,https://docs.netwrix.com/docs/accessanalyzer/11_6/install/sharepointagent/wizard,docs/accessanalyzer/11.6/install/sharepointagent/wizard.md,,,,,,
Appendix for the StealthAUDIT MAPI CDO Installation Guide,11.6,https://docs.netwrix.com/docs/accessanalyzer/11_6/install/stealthauditmapicdoinstallation/appendix,docs/accessanalyzer/11.6/install/stealthauditmapicdoinstallation/appendix.md,,,,,,
StealthAUDIT MAPI CDO Installation,11.6,https://docs.netwrix.com/docs/accessanalyzer/11_6/install/stealthauditmapicdoinstallation/stealthaudit_mapi_cdo_installation,docs/accessanalyzer/11.6/install/stealthauditmapicdoinstallation/stealthaudit_mapi_cdo_installation.md,,,,,,
Active Directory Solution,11.6,https://docs.netwrix.com/docs/accessanalyzer/11_6/requirements/activedirectory,docs/accessanalyzer/11.6/requirements/activedirectory/activedirectory.md,,,,,,
Active Directory Auditing Configuration,11.6,https://docs.netwrix.com/docs/accessanalyzer/11_6/requirements/activedirectory/activedirectory/access,docs/accessanalyzer/11.6/requirements/activedirectory/activedirectory/access.md,,,,,,
Active Directory Activity Auditing Configuration,11.6,https://docs.netwrix.com/docs/accessanalyzer/11_6/requirements/activedirectory/activedirectory/activity,docs/accessanalyzer/11.6/requirements/activedirectory/activedirectory/activity/activity.md,,,,,,
File Archive Repository Option,11.6,https://docs.netwrix.com/docs/accessanalyzer/11_6/requirements/activedirectory/activedirectory/activity/filearchive,docs/accessanalyzer/11.6/requirements/activedirectory/activedirectory/activity/filearchive.md,,,,,,
Getting Data from NTP for AD Activity Reporting,11.6,https://docs.netwrix.com/docs/accessanalyzer/11_6/requirements/activedirectory/activedirectory/activity/threatprevention,docs/accessanalyzer/11.6/requirements/activedirectory/activedirectory/activity/threatprevention.md,,,,,,
Active Directory Domain Target Requirements,11.6,https://docs.netwrix.com/docs/accessanalyzer/11_6/requirements/activedirectory/activedirectory/overview,docs/accessanalyzer/11.6/requirements/activedirectory/activedirectory/overview.md,,,,,,
Active Directory Permissions Analyzer Solution,11.6,https://docs.netwrix.com/docs/accessanalyzer/11_6/requirements/activedirectorypermissionsanalyzer,docs/accessanalyzer/11.6/requirements/activedirectorypermissionsanalyzer/activedirectorypermissionsanalyzer.md,,,,,,
"Domain Target Requirements, Permissions, and Ports",11.6,https://docs.netwrix.com/docs/accessanalyzer/11_6/requirements/activedirectorypermissionsanalyzer/target,docs/accessanalyzer/11.6/requirements/activedirectorypermissionsanalyzer/target.md,,,,,,
Amazon Web Services (AWS) Solution,11.6,https://docs.netwrix.com/docs/accessanalyzer/11_6/requirements/aws,docs/accessanalyzer/11.6/requirements/aws/aws.md,,,,,,
Configure AWS for Scans,11.6,https://docs.netwrix.com/docs/accessanalyzer/11_6/requirements/aws/configurescans,docs/accessanalyzer/11.6/requirements/aws/configurescans.md,,,,,,
"Target Amazon Web Service Requirements, Permissions, and Ports",11.6,https://docs.netwrix.com/docs/accessanalyzer/11_6/requirements/aws/target,docs/accessanalyzer/11.6/requirements/aws/target.md,,,,,,
Box Solution,11.6,https://docs.netwrix.com/docs/accessanalyzer/11_6/requirements/box,docs/accessanalyzer/11.6/requirements/box/box.md,,,,,,
"Target Box Requirements, Permissions, and Ports",11.6,https://docs.netwrix.com/docs/accessanalyzer/11_6/requirements/box/target,docs/accessanalyzer/11.6/requirements/box/target.md,,,,,,
Databases Solution,11.6,https://docs.netwrix.com/docs/accessanalyzer/11_6/requirements/databases,docs/accessanalyzer/11.6/requirements/databases/databases.md,,,,,,
"Target Db2 Requirements, Permissions, and Ports",11.6,https://docs.netwrix.com/docs/accessanalyzer/11_6/requirements/databases/db2,docs/accessanalyzer/11.6/requirements/databases/db2.md,,,,,,
"Target MongoDB Requirements, Permissions, and Ports",11.6,https://docs.netwrix.com/docs/accessanalyzer/11_6/requirements/databases/mongodb,docs/accessanalyzer/11.6/requirements/databases/mongodb.md,,,,,,
"Target MySQL Requirements, Permissions, and Ports",11.6,https://docs.netwrix.com/docs/accessanalyzer/11_6/requirements/databases/mysql,docs/accessanalyzer/11.6/requirements/databases/mysql.md,,,,,,
Oracle Target Least Privilege Model,11.6,https://docs.netwrix.com/docs/accessanalyzer/11_6/requirements/databases/oracle/leastprivilege,docs/accessanalyzer/11.6/requirements/databases/oracle/leastprivilege.md,,,,,,
"Target Oracle Requirements, Permissions, and Ports",11.6,https://docs.netwrix.com/docs/accessanalyzer/11_6/requirements/databases/oracle,docs/accessanalyzer/11.6/requirements/databases/oracle/oracle.md,,,,,,
"Target PostgreSQL Requirements, Permissions, and Ports",11.6,https://docs.netwrix.com/docs/accessanalyzer/11_6/requirements/databases/postgresql,docs/accessanalyzer/11.6/requirements/databases/postgresql.md,,,,,,
"Target Redshift Requirements, Permissions, and Ports",11.6,https://docs.netwrix.com/docs/accessanalyzer/11_6/requirements/databases/redshift,docs/accessanalyzer/11.6/requirements/databases/redshift.md,,,,,,
AzureSQL Target Least Privilege Model,11.6,https://docs.netwrix.com/docs/accessanalyzer/11_6/requirements/databases/sql/azuresql,docs/accessanalyzer/11.6/requirements/databases/sql/azuresql.md,,,,,,
Azure SQL Auditing Configuration,11.6,https://docs.netwrix.com/docs/accessanalyzer/11_6/requirements/databases/sql/azuresqlaccess,docs/accessanalyzer/11.6/requirements/databases/sql/azuresqlaccess.md,,,,,,
"Target SQL Server Requirements, Permissions, and Ports",11.6,https://docs.netwrix.com/docs/accessanalyzer/11_6/requirements/databases/sql,docs/accessanalyzer/11.6/requirements/databases/sql/sql.md,,,,,,
Dropbox Solution,11.6,https://docs.netwrix.com/docs/accessanalyzer/11_6/requirements/dropbox,docs/accessanalyzer/11.6/requirements/dropbox/dropbox.md,,,,,,
"Target Dropbox Requirements, Permissions, and Ports",11.6,https://docs.netwrix.com/docs/accessanalyzer/11_6/requirements/dropbox/target,docs/accessanalyzer/11.6/requirements/dropbox/target.md,,,,,,
Entra ID Solution,11.6,https://docs.netwrix.com/docs/accessanalyzer/11_6/requirements/entraid,docs/accessanalyzer/11.6/requirements/entraid/entraid.md,,,,,,
Microsoft Entra ID Auditing Configuration,11.6,https://docs.netwrix.com/docs/accessanalyzer/11_6/requirements/entraid/entraid/access,docs/accessanalyzer/11.6/requirements/entraid/entraid/access.md,,,,,,
Microsoft Entra ID Tenant Target Requirements,11.6,https://docs.netwrix.com/docs/accessanalyzer/11_6/requirements/entraid/entraid/overview,docs/accessanalyzer/11.6/requirements/entraid/entraid/overview.md,,,,,,
Exchange Solution,11.6,https://docs.netwrix.com/docs/accessanalyzer/11_6/requirements/exchange,docs/accessanalyzer/11.6/requirements/exchange/exchange.md,,,,,,
Exchange Online Auditing Configuration,11.6,https://docs.netwrix.com/docs/accessanalyzer/11_6/requirements/exchange/exchangeonline/access,docs/accessanalyzer/11.6/requirements/exchange/exchangeonline/access.md,,,,,,
"Target Exchange Online Requirements, Permissions, and Ports",11.6,https://docs.netwrix.com/docs/accessanalyzer/11_6/requirements/exchange/exchangeonline,docs/accessanalyzer/11.6/requirements/exchange/exchangeonline/exchangeonline.md,,,,,,
Exchange Mail-Flow Permissions,11.6,https://docs.netwrix.com/docs/accessanalyzer/11_6/requirements/exchange/support/mailflow,docs/accessanalyzer/11.6/requirements/exchange/support/mailflow.md,Covered by 12.0 — see docs/accessanalyzer/12.0/requirements/exchange/support/mailflow.md,,,,,
MAPI-Based Data Collector Permissions,11.6,https://docs.netwrix.com/docs/accessanalyzer/11_6/requirements/exchange/support/mapi,docs/accessanalyzer/11.6/requirements/exchange/support/mapi.md,,,,,,
Exchange PowerShell Permissions,11.6,https://docs.netwrix.com/docs/accessanalyzer/11_6/requirements/exchange/support/powershell,docs/accessanalyzer/11.6/requirements/exchange/support/powershell.md,,,,,,
Exchange Remote Connections Permissions,11.6,https://docs.netwrix.com/docs/accessanalyzer/11_6/requirements/exchange/support/remoteconnections,docs/accessanalyzer/11.6/requirements/exchange/support/remoteconnections.md,,,,,,
Exchange Support and Permissions Explained,11.6,https://docs.netwrix.com/docs/accessanalyzer/11_6/requirements/exchange/support,docs/accessanalyzer/11.6/requirements/exchange/support/support.md,,,,,,
Exchange Web Services API Permissions,11.6,https://docs.netwrix.com/docs/accessanalyzer/11_6/requirements/exchange/support/webservicesapi,docs/accessanalyzer/11.6/requirements/exchange/support/webservicesapi.md,Covered by 12.0 — see docs/accessanalyzer/12.0/requirements/exchange/support/webservicesapi.md,,,,,
"Target Exchange Servers Requirements, Permissions, and Ports",11.6,https://docs.netwrix.com/docs/accessanalyzer/11_6/requirements/exchange/target,docs/accessanalyzer/11.6/requirements/exchange/target.md,,,,,,
File System Solution,11.6,https://docs.netwrix.com/docs/accessanalyzer/11_6/requirements/filesystem,docs/accessanalyzer/11.6/requirements/filesystem/filesystem.md,,,,,,
Azure Information Protection Target Requirements,11.6,https://docs.netwrix.com/docs/accessanalyzer/11_6/requirements/filesystem/filesystems/azureinformationprotection,docs/accessanalyzer/11.6/requirements/filesystem/filesystems/azureinformationprotection.md,,,,,,
Dell Celerra & Dell VNX Access & Sensitive Data Auditing Configuration,11.6,https://docs.netwrix.com/docs/accessanalyzer/11_6/requirements/filesystem/filesystems/dellcelerravnx/access,docs/accessanalyzer/11.6/requirements/filesystem/filesystems/dellcelerravnx/access.md,Covered by 12.0 — see docs/accessanalyzer/12.0/requirements/filesystem/filesystems/dellcelerravnx/access.md,,,,,
Dell Celerra & Dell VNX Activity Auditing Configuration,11.6,https://docs.netwrix.com/docs/accessanalyzer/11_6/requirements/filesystem/filesystems/dellcelerravnx/activity,docs/accessanalyzer/11.6/requirements/filesystem/filesystems/dellcelerravnx/activity/activity.md,,,,,,
Install & Configure Dell CEE,11.6,https://docs.netwrix.com/docs/accessanalyzer/11_6/requirements/filesystem/filesystems/dellcelerravnx/activity/installcee,docs/accessanalyzer/11.6/requirements/filesystem/filesystems/dellcelerravnx/activity/installcee.md,,,,,,
Validate Setup,11.6,https://docs.netwrix.com/docs/accessanalyzer/11_6/requirements/filesystem/filesystems/dellcelerravnx/activity/validate,docs/accessanalyzer/11.6/requirements/filesystem/filesystems/dellcelerravnx/activity/validate.md,,,,,,
Dell Celerra & Dell VNX Target Requirements,11.6,https://docs.netwrix.com/docs/accessanalyzer/11_6/requirements/filesystem/filesystems/dellcelerravnx/overview,docs/accessanalyzer/11.6/requirements/filesystem/filesystems/dellcelerravnx/overview.md,,,,,,
Dell Isilon/PowerScale Activity Auditing Configuration,11.6,https://docs.netwrix.com/docs/accessanalyzer/11_6/requirements/filesystem/filesystems/dellpowerscale/activity,docs/accessanalyzer/11.6/requirements/filesystem/filesystems/dellpowerscale/activity/activity.md,,,,,,
Install Dell CEE,11.6,https://docs.netwrix.com/docs/accessanalyzer/11_6/requirements/filesystem/filesystems/dellpowerscale/activity/installcee,docs/accessanalyzer/11.6/requirements/filesystem/filesystems/dellpowerscale/activity/installcee.md,,,,,,
Manually Configure Auditing in OneFS,11.6,https://docs.netwrix.com/docs/accessanalyzer/11_6/requirements/filesystem/filesystems/dellpowerscale/activity/manualconfiguration,docs/accessanalyzer/11.6/requirements/filesystem/filesystems/dellpowerscale/activity/manualconfiguration.md,,,,,,
Validate Setup,11.6,https://docs.netwrix.com/docs/accessanalyzer/11_6/requirements/filesystem/filesystems/dellpowerscale/activity/validate,docs/accessanalyzer/11.6/requirements/filesystem/filesystems/dellpowerscale/activity/validate.md,,,,,,
Dell Isilon/PowerScale Target Requirements,11.6,https://docs.netwrix.com/docs/accessanalyzer/11_6/requirements/filesystem/filesystems/dellpowerscale/overview,docs/accessanalyzer/11.6/requirements/filesystem/filesystems/dellpowerscale/overview.md,,,,,,
Dell Unity Access & Sensitive Data Auditing Configuration,11.6,https://docs.netwrix.com/docs/accessanalyzer/11_6/requirements/filesystem/filesystems/dellunity/access,docs/accessanalyzer/11.6/requirements/filesystem/filesystems/dellunity/access.md,Covered by 12.0 — see docs/accessanalyzer/12.0/requirements/filesystem/filesystems/dellunity/access.md,,,,,
Dell Unity Activity Auditing Configuration,11.6,https://docs.netwrix.com/docs/accessanalyzer/11_6/requirements/filesystem/filesystems/dellunity/activity,docs/accessanalyzer/11.6/requirements/filesystem/filesystems/dellunity/activity/activity.md,,,,,,
Install Dell CEE,11.6,https://docs.netwrix.com/docs/accessanalyzer/11_6/requirements/filesystem/filesystems/dellunity/activity/installcee,docs/accessanalyzer/11.6/requirements/filesystem/filesystems/dellunity/activity/installcee.md,,,,,,
Unity Initial Setup with Unisphere,11.6,https://docs.netwrix.com/docs/accessanalyzer/11_6/requirements/filesystem/filesystems/dellunity/activity/setupunisphere,docs/accessanalyzer/11.6/requirements/filesystem/filesystems/dellunity/activity/setupunisphere.md,,,,,,
Validate Setup,11.6,https://docs.netwrix.com/docs/accessanalyzer/11_6/requirements/filesystem/filesystems/dellunity/activity/validate,docs/accessanalyzer/11.6/requirements/filesystem/filesystems/dellunity/activity/validate.md,,,,,,
Dell Unity Target Requirements,11.6,https://docs.netwrix.com/docs/accessanalyzer/11_6/requirements/filesystem/filesystems/dellunity/overview,docs/accessanalyzer/11.6/requirements/filesystem/filesystems/dellunity/overview.md,,,,,,
File System Supported Platforms,11.6,https://docs.netwrix.com/docs/accessanalyzer/11_6/requirements/filesystem/filesystems,docs/accessanalyzer/11.6/requirements/filesystem/filesystems/filesystems.md,,,,,,
Hitachi Activity Auditing Configuration,11.6,https://docs.netwrix.com/docs/accessanalyzer/11_6/requirements/filesystem/filesystems/hitachi/activity,docs/accessanalyzer/11.6/requirements/filesystem/filesystems/hitachi/activity/activity.md,,,,,,
Configure Access to HNAS Audit Logs on Activity Agent Server,11.6,https://docs.netwrix.com/docs/accessanalyzer/11_6/requirements/filesystem/filesystems/hitachi/activity/configureaccesstologs,docs/accessanalyzer/11.6/requirements/filesystem/filesystems/hitachi/activity/configureaccesstologs.md,Covered by 12.0 — see docs/accessanalyzer/12.0/requirements/filesystem/filesystems/hitachi/activity/configureaccesstologs.md,,,,,
Configure Audit Logs on HNAS,11.6,https://docs.netwrix.com/docs/accessanalyzer/11_6/requirements/filesystem/filesystems/hitachi/activity/configurelogs,docs/accessanalyzer/11.6/requirements/filesystem/filesystems/hitachi/activity/configurelogs.md,,,,,,
Hitachi Target Requirements,11.6,https://docs.netwrix.com/docs/accessanalyzer/11_6/requirements/filesystem/filesystems/hitachi/overview,docs/accessanalyzer/11.6/requirements/filesystem/filesystems/hitachi/overview.md,,,,,,
Nasuni Edge Appliance Access & Sensitive Data Auditing Configuration,11.6,https://docs.netwrix.com/docs/accessanalyzer/11_6/requirements/filesystem/filesystems/nasuni/access,docs/accessanalyzer/11.6/requirements/filesystem/filesystems/nasuni/access.md,,,,,,
Nasuni Edge Appliance Activity Auditing Configuration,11.6,https://docs.netwrix.com/docs/accessanalyzer/11_6/requirements/filesystem/filesystems/nasuni/activity,docs/accessanalyzer/11.6/requirements/filesystem/filesystems/nasuni/activity.md,Covered by 12.0 — see docs/accessanalyzer/12.0/requirements/filesystem/filesystems/nasuni/activity.md,,,,,
Nasuni Target Requirements,11.6,https://docs.netwrix.com/docs/accessanalyzer/11_6/requirements/filesystem/filesystems/nasuni/overview,docs/accessanalyzer/11.6/requirements/filesystem/filesystems/nasuni/overview.md,,,,,,
NetApp Data ONTAP 7-Mode Access & Sensitive Data Auditing Configuration,11.6,https://docs.netwrix.com/docs/accessanalyzer/11_6/requirements/filesystem/filesystems/netapp7mode/access,docs/accessanalyzer/11.6/requirements/filesystem/filesystems/netapp7mode/access/access.md,,,,,,
Provision Account,11.6,https://docs.netwrix.com/docs/accessanalyzer/11_6/requirements/filesystem/filesystems/netapp7mode/access/provisionaccess,docs/accessanalyzer/11.6/requirements/filesystem/filesystems/netapp7mode/access/provisionaccess.md,,,,,,
NetApp Data ONTAP 7-Mode Activity Auditing Configuration,11.6,https://docs.netwrix.com/docs/accessanalyzer/11_6/requirements/filesystem/filesystems/netapp7mode/activity,docs/accessanalyzer/11.6/requirements/filesystem/filesystems/netapp7mode/activity/activity.md,,,,,,
Configure FPolicy,11.6,https://docs.netwrix.com/docs/accessanalyzer/11_6/requirements/filesystem/filesystems/netapp7mode/activity/configurefpolicy,docs/accessanalyzer/11.6/requirements/filesystem/filesystems/netapp7mode/activity/configurefpolicy.md,,,,,,
Customize FPolicy Policy Name,11.6,https://docs.netwrix.com/docs/accessanalyzer/11_6/requirements/filesystem/filesystems/netapp7mode/activity/customizefpolicy,docs/accessanalyzer/11.6/requirements/filesystem/filesystems/netapp7mode/activity/customizefpolicy.md,Covered by 12.0 — see docs/accessanalyzer/12.0/requirements/filesystem/filesystems/netapp7mode/activity/customizefpolicy.md,,,,,
Enable HTTP or HTTPS,11.6,https://docs.netwrix.com/docs/accessanalyzer/11_6/requirements/filesystem/filesystems/netapp7mode/activity/enablehttp,docs/accessanalyzer/11.6/requirements/filesystem/filesystems/netapp7mode/activity/enablehttp.md,Covered by 12.0 — see docs/accessanalyzer/12.0/requirements/filesystem/filesystems/netapp7mode/activity/enablehttp.md,,,,,
Provision FPolicy Account,11.6,https://docs.netwrix.com/docs/accessanalyzer/11_6/requirements/filesystem/filesystems/netapp7mode/activity/provisionactivity,docs/accessanalyzer/11.6/requirements/filesystem/filesystems/netapp7mode/activity/provisionactivity.md,Covered by 12.0 — see docs/accessanalyzer/12.0/requirements/filesystem/filesystems/netapp7mode/activity/provisionactivity.md,,,,,
NetApp Data ONTAP 7-Mode Target Requirements,11.6,https://docs.netwrix.com/docs/accessanalyzer/11_6/requirements/filesystem/filesystems/netapp7mode/overview,docs/accessanalyzer/11.6/requirements/filesystem/filesystems/netapp7mode/overview.md,,,,,,
NetApp Data ONTAP Cluster-Mode Access & Sensitive Data Auditing Configuration,11.6,https://docs.netwrix.com/docs/accessanalyzer/11_6/requirements/filesystem/filesystems/netappcmode/access,docs/accessanalyzer/11.6/requirements/filesystem/filesystems/netappcmode/access/access.md,,,,,,
Configure Empty FPolicy,11.6,https://docs.netwrix.com/docs/accessanalyzer/11_6/requirements/filesystem/filesystems/netappcmode/access/configureemptyfpolicy,docs/accessanalyzer/11.6/requirements/filesystem/filesystems/netappcmode/access/configureemptyfpolicy.md,,,,,,
NetApp Data ONTAP Cluster-Mode Activity Auditing Configuration,11.6,https://docs.netwrix.com/docs/accessanalyzer/11_6/requirements/filesystem/filesystems/netappcmode/activity,docs/accessanalyzer/11.6/requirements/filesystem/filesystems/netappcmode/activity/activity.md,,,,,,
Configure Network,11.6,https://docs.netwrix.com/docs/accessanalyzer/11_6/requirements/filesystem/filesystems/netappcmode/activity/configurefirewall,docs/accessanalyzer/11.6/requirements/filesystem/filesystems/netappcmode/activity/configurefirewall.md,,,,,,
Configure FPolicy,11.6,https://docs.netwrix.com/docs/accessanalyzer/11_6/requirements/filesystem/filesystems/netappcmode/activity/configurefpolicy,docs/accessanalyzer/11.6/requirements/filesystem/filesystems/netappcmode/activity/configurefpolicy.md,,,,,,
Provision ONTAP Account,11.6,https://docs.netwrix.com/docs/accessanalyzer/11_6/requirements/filesystem/filesystems/netappcmode/activity/provisionactivity,docs/accessanalyzer/11.6/requirements/filesystem/filesystems/netappcmode/activity/provisionactivity.md,,,,,,
NetApp Data ONTAP Cluster-Mode Target Requirements,11.6,https://docs.netwrix.com/docs/accessanalyzer/11_6/requirements/filesystem/filesystems/netappcmode/overview,docs/accessanalyzer/11.6/requirements/filesystem/filesystems/netappcmode/overview.md,,,,,,
Nutanix Appliance Access & Sensitive Data Auditing Configuration,11.6,https://docs.netwrix.com/docs/accessanalyzer/11_6/requirements/filesystem/filesystems/nutanix/access,docs/accessanalyzer/11.6/requirements/filesystem/filesystems/nutanix/access.md,,,,,,
Nutanix Activity Auditing Configuration,11.6,https://docs.netwrix.com/docs/accessanalyzer/11_6/requirements/filesystem/filesystems/nutanix/activity,docs/accessanalyzer/11.6/requirements/filesystem/filesystems/nutanix/activity.md,,,,,,
Nutanix Target Requirements,11.6,https://docs.netwrix.com/docs/accessanalyzer/11_6/requirements/filesystem/filesystems/nutanix/overview,docs/accessanalyzer/11.6/requirements/filesystem/filesystems/nutanix/overview.md,,,,,,
Qumulo Activity Auditing Configuration,11.6,https://docs.netwrix.com/docs/accessanalyzer/11_6/requirements/filesystem/filesystems/qumulo/activity,docs/accessanalyzer/11.6/requirements/filesystem/filesystems/qumulo/activity.md,,,,,,
Qumulo Target Requirements,11.6,https://docs.netwrix.com/docs/accessanalyzer/11_6/requirements/filesystem/filesystems/qumulo/overview,docs/accessanalyzer/11.6/requirements/filesystem/filesystems/qumulo/overview.md,,,,,,
Windows File Server Access & Sensitive Data Auditing Configuration,11.6,https://docs.netwrix.com/docs/accessanalyzer/11_6/requirements/filesystem/filesystems/windowsfile/access,docs/accessanalyzer/11.6/requirements/filesystem/filesystems/windowsfile/access.md,Covered by 12.0 — see docs/accessanalyzer/12.0/requirements/filesystem/filesystems/windowsfile/access.md,,,,,
Windows File Server Activity Auditing Configuration,11.6,https://docs.netwrix.com/docs/accessanalyzer/11_6/requirements/filesystem/filesystems/windowsfile/activity,docs/accessanalyzer/11.6/requirements/filesystem/filesystems/windowsfile/activity.md,,,,,,
Windows File Server Target Requirements,11.6,https://docs.netwrix.com/docs/accessanalyzer/11_6/requirements/filesystem/filesystems/windowsfile/overview,docs/accessanalyzer/11.6/requirements/filesystem/filesystems/windowsfile/overview.md,Covered by 12.0 — see docs/accessanalyzer/12.0/requirements/filesystem/filesystems/windowsfile/overview.md,,,,,
Applet Mode Permissions,11.6,https://docs.netwrix.com/docs/accessanalyzer/11_6/requirements/filesystem/scanoptions/appletmodescans/appletmodepermissions,docs/accessanalyzer/11.6/requirements/filesystem/scanoptions/appletmodescans/appletmodepermissions.md,,,,,,
Applet Mode Port Requirements,11.6,https://docs.netwrix.com/docs/accessanalyzer/11_6/requirements/filesystem/scanoptions/appletmodescans/appletmodeports,docs/accessanalyzer/11.6/requirements/filesystem/scanoptions/appletmodescans/appletmodeports.md,,,,,,
Local Mode Permissions,11.6,https://docs.netwrix.com/docs/accessanalyzer/11_6/requirements/filesystem/scanoptions/localmodescans/localmodepermissions,docs/accessanalyzer/11.6/requirements/filesystem/scanoptions/localmodescans/localmodepermissions.md,,,,,,
Local Mode Port Requirements,11.6,https://docs.netwrix.com/docs/accessanalyzer/11_6/requirements/filesystem/scanoptions/localmodescans/localmodeports,docs/accessanalyzer/11.6/requirements/filesystem/scanoptions/localmodescans/localmodeports.md,,,,,,
Proxy Mode as a Service Permissions,11.6,https://docs.netwrix.com/docs/accessanalyzer/11_6/requirements/filesystem/scanoptions/proxymodescans/asaservice/proxymodeservicepermissions,docs/accessanalyzer/11.6/requirements/filesystem/scanoptions/proxymodescans/asaservice/proxymodeservicepermissions.md,,,,,,
Proxy Mode as a Service Port Requirements,11.6,https://docs.netwrix.com/docs/accessanalyzer/11_6/requirements/filesystem/scanoptions/proxymodescans/asaservice/proxymodeserviceports,docs/accessanalyzer/11.6/requirements/filesystem/scanoptions/proxymodescans/asaservice/proxymodeserviceports.md,,,,,,
Proxy Mode Server Requirements,11.6,https://docs.netwrix.com/docs/accessanalyzer/11_6/requirements/filesystem/scanoptions/proxymodescans/proxymodeserver,docs/accessanalyzer/11.6/requirements/filesystem/scanoptions/proxymodescans/proxymodeserver.md,,,,,,
Proxy Mode with Applet Permissions,11.6,https://docs.netwrix.com/docs/accessanalyzer/11_6/requirements/filesystem/scanoptions/proxymodescans/withapplet/proxymodeappletpermissions,docs/accessanalyzer/11.6/requirements/filesystem/scanoptions/proxymodescans/withapplet/proxymodeappletpermissions.md,,,,,,
Proxy Mode with Applet Port Requirements,11.6,https://docs.netwrix.com/docs/accessanalyzer/11_6/requirements/filesystem/scanoptions/proxymodescans/withapplet/proxymodeappletports,docs/accessanalyzer/11.6/requirements/filesystem/scanoptions/proxymodescans/withapplet/proxymodeappletports.md,,,,,,
File System Scan Options,11.6,https://docs.netwrix.com/docs/accessanalyzer/11_6/requirements/filesystem/scanoptions,docs/accessanalyzer/11.6/requirements/filesystem/scanoptions/scanoptions.md,,,,,,
Requirements,11.6,https://docs.netwrix.com/docs/accessanalyzer/11_6/requirements/overview,docs/accessanalyzer/11.6/requirements/overview.md,,,,,,
SharePoint Agent Permissions,11.6,https://docs.netwrix.com/docs/accessanalyzer/11_6/requirements/sharepoint/scanoptions/agentbasedscans/agentpermissions,docs/accessanalyzer/11.6/requirements/sharepoint/scanoptions/agentbasedscans/agentpermissions.md,,,,,,
SharePoint Agent Ports,11.6,https://docs.netwrix.com/docs/accessanalyzer/11_6/requirements/sharepoint/scanoptions/agentbasedscans/agentports,docs/accessanalyzer/11.6/requirements/sharepoint/scanoptions/agentbasedscans/agentports.md,,,,,,
SharePoint Agent-Less Permissions,11.6,https://docs.netwrix.com/docs/accessanalyzer/11_6/requirements/sharepoint/scanoptions/agentlessscans/agentlesspermissions,docs/accessanalyzer/11.6/requirements/sharepoint/scanoptions/agentlessscans/agentlesspermissions.md,,,,,,
SharePoint Agent-Less Ports,11.6,https://docs.netwrix.com/docs/accessanalyzer/11_6/requirements/sharepoint/scanoptions/agentlessscans/agentlessports,docs/accessanalyzer/11.6/requirements/sharepoint/scanoptions/agentlessscans/agentlessports.md,,,,,,
SharePoint Online Permissions,11.6,https://docs.netwrix.com/docs/accessanalyzer/11_6/requirements/sharepoint/scanoptions/agentlessscans/onlinepermissions,docs/accessanalyzer/11.6/requirements/sharepoint/scanoptions/agentlessscans/onlinepermissions.md,,,,,,
SharePoint Online Ports,11.6,https://docs.netwrix.com/docs/accessanalyzer/11_6/requirements/sharepoint/scanoptions/agentlessscans/onlineports,docs/accessanalyzer/11.6/requirements/sharepoint/scanoptions/agentlessscans/onlineports.md,,,,,,
SharePoint Scan Options,11.6,https://docs.netwrix.com/docs/accessanalyzer/11_6/requirements/sharepoint/scanoptions,docs/accessanalyzer/11.6/requirements/sharepoint/scanoptions/scanoptions.md,,,,,,
SharePoint Solution,11.6,https://docs.netwrix.com/docs/accessanalyzer/11_6/requirements/sharepoint,docs/accessanalyzer/11.6/requirements/sharepoint/sharepoint.md,,,,,,
SharePoint Support,11.6,https://docs.netwrix.com/docs/accessanalyzer/11_6/requirements/sharepoint/sharepoint,docs/accessanalyzer/11.6/requirements/sharepoint/sharepoint/sharepoint.md,,,,,,
SharePoint required permissions for Access Analyzer,11.6,https://docs.netwrix.com/docs/accessanalyzer/11_6/requirements/sharepoint/sharepoint/sharepoint/access,docs/accessanalyzer/11.6/requirements/sharepoint/sharepoint/sharepoint/access.md,,,,,,
SharePoint On-Premise Activity Auditing Configuration,11.6,https://docs.netwrix.com/docs/accessanalyzer/11_6/requirements/sharepoint/sharepoint/sharepoint/activity,docs/accessanalyzer/11.6/requirements/sharepoint/sharepoint/sharepoint/activity.md,,,,,,
SharePoint Target Requirements,11.6,https://docs.netwrix.com/docs/accessanalyzer/11_6/requirements/sharepoint/sharepoint/sharepoint/overview,docs/accessanalyzer/11.6/requirements/sharepoint/sharepoint/sharepoint/overview.md,,,,,,
SharePoint Online Access & Sensitive Data Auditing Configuration,11.6,https://docs.netwrix.com/docs/accessanalyzer/11_6/requirements/sharepoint/sharepoint/sharepointonline/access,docs/accessanalyzer/11.6/requirements/sharepoint/sharepoint/sharepointonline/access.md,,,,,,
SharePoint Online Activity Auditing Configuration,11.6,https://docs.netwrix.com/docs/accessanalyzer/11_6/requirements/sharepoint/sharepoint/sharepointonline/activity,docs/accessanalyzer/11.6/requirements/sharepoint/sharepoint/sharepointonline/activity.md,,,,,,
SharePoint Online Target Requirements,11.6,https://docs.netwrix.com/docs/accessanalyzer/11_6/requirements/sharepoint/sharepoint/sharepointonline/overview,docs/accessanalyzer/11.6/requirements/sharepoint/sharepoint/sharepointonline/overview.md,,,,,,
"Target Unix Requirements, Permissions, and Ports",11.6,https://docs.netwrix.com/docs/accessanalyzer/11_6/requirements/unix/target,docs/accessanalyzer/11.6/requirements/unix/target.md,,,,,,
Unix Solution,11.6,https://docs.netwrix.com/docs/accessanalyzer/11_6/requirements/unix,docs/accessanalyzer/11.6/requirements/unix/unix.md,,,,,,
"Target Windows Server and Desktop Requirements, Permissions, and Ports",11.6,https://docs.netwrix.com/docs/accessanalyzer/11_6/requirements/windows/target,docs/accessanalyzer/11.6/requirements/windows/target.md,,,,,,
Windows Solution,11.6,https://docs.netwrix.com/docs/accessanalyzer/11_6/requirements/windows,docs/accessanalyzer/11.6/requirements/windows/windows.md,,,,,,
Configuration Pane,11.6,https://docs.netwrix.com/docs/accessanalyzer/11_6/sensitivedatadiscovery/criteriaeditor/configuration,docs/accessanalyzer/11.6/sensitivedatadiscovery/criteriaeditor/configuration.md,,,,,,
Keyword Criteria,11.6,https://docs.netwrix.com/docs/accessanalyzer/11_6/sensitivedatadiscovery/criteriaeditor/keyword,docs/accessanalyzer/11.6/sensitivedatadiscovery/criteriaeditor/keyword.md,Covered by 12.0 — see docs/accessanalyzer/12.0/sensitivedatadiscovery/criteriaeditor/keyword.md,,,,,
Sensitive Data Criteria Editor,11.6,https://docs.netwrix.com/docs/accessanalyzer/11_6/sensitivedatadiscovery/criteriaeditor/overview,docs/accessanalyzer/11.6/sensitivedatadiscovery/criteriaeditor/overview.md,,,,,,
Regular Expression (Pattern) Criteria,11.6,https://docs.netwrix.com/docs/accessanalyzer/11_6/sensitivedatadiscovery/criteriaeditor/regularexpression,docs/accessanalyzer/11.6/sensitivedatadiscovery/criteriaeditor/regularexpression.md,,,,,,
Summary Criteria,11.6,https://docs.netwrix.com/docs/accessanalyzer/11_6/sensitivedatadiscovery/criteriaeditor/summary,docs/accessanalyzer/11.6/sensitivedatadiscovery/criteriaeditor/summary.md,,,,,,
Exempted File Extensions,11.6,https://docs.netwrix.com/docs/accessanalyzer/11_6/sensitivedatadiscovery/exemptedfileextensions,docs/accessanalyzer/11.6/sensitivedatadiscovery/exemptedfileextensions.md,Covered by 12.0 — see docs/accessanalyzer/12.0/sensitivedatadiscovery/exemptedfileextensions.md,,,,,
Default Metadata Tag Values,11.6,https://docs.netwrix.com/docs/accessanalyzer/11_6/sensitivedatadiscovery/metadatatags,docs/accessanalyzer/11.6/sensitivedatadiscovery/metadatatags.md,,,,,,
Sensitive Data Discovery Add-On,11.6,https://docs.netwrix.com/docs/accessanalyzer/11_6/sensitivedatadiscovery/overview,docs/accessanalyzer/11.6/sensitivedatadiscovery/overview.md,,,,,,
Supported Formats for Scanning & Metadata,11.6,https://docs.netwrix.com/docs/accessanalyzer/11_6/sensitivedatadiscovery/supportedformats,docs/accessanalyzer/11.6/sensitivedatadiscovery/supportedformats.md,,,,,,
Sensitive Data System Criteria,11.6,https://docs.netwrix.com/docs/accessanalyzer/11_6/sensitivedatadiscovery/systemcriteria,docs/accessanalyzer/11.6/sensitivedatadiscovery/systemcriteria.md,Covered by 12.0 — see docs/accessanalyzer/12.0/sensitivedatadiscovery/systemcriteria.md,,,,,
0.Collection > AD_ActivityCollection Job,11.6,https://docs.netwrix.com/docs/accessanalyzer/11_6/solutions/activedirectory/activity/ad_activitycollection,docs/accessanalyzer/11.6/solutions/activedirectory/activity/ad_activitycollection.md,,,,,,
LDAP > AD_LDAPQueries Job,11.6,https://docs.netwrix.com/docs/accessanalyzer/11_6/solutions/activedirectory/activity/ad_ldapqueries,docs/accessanalyzer/11.6/solutions/activedirectory/activity/ad_ldapqueries.md,Covered by 12.0 — see docs/accessanalyzer/12.0/solutions/activedirectory/activity/ad_ldapqueries.md,,,,,
Lockouts > AD_Lockouts Job,11.6,https://docs.netwrix.com/docs/accessanalyzer/11_6/solutions/activedirectory/activity/ad_lockouts,docs/accessanalyzer/11.6/solutions/activedirectory/activity/ad_lockouts.md,Covered by 12.0 — see docs/accessanalyzer/12.0/solutions/activedirectory/activity/ad_lockouts.md,,,,,
AD_ComputerModifications Job,11.6,https://docs.netwrix.com/docs/accessanalyzer/11_6/solutions/activedirectory/activity/changes/ad_computermodifications,docs/accessanalyzer/11.6/solutions/activedirectory/activity/changes/ad_computermodifications.md,Covered by 12.0 — see docs/accessanalyzer/12.0/solutions/activedirectory/activity/changes/ad_computermodifications.md,,,,,
AD_GroupModifications Job,11.6,https://docs.netwrix.com/docs/accessanalyzer/11_6/solutions/activedirectory/activity/changes/ad_groupmodifications,docs/accessanalyzer/11.6/solutions/activedirectory/activity/changes/ad_groupmodifications.md,Covered by 12.0 — see docs/accessanalyzer/12.0/solutions/activedirectory/activity/changes/ad_groupmodifications.md,,,,,
AD_UserModifications Job,11.6,https://docs.netwrix.com/docs/accessanalyzer/11_6/solutions/activedirectory/activity/changes/ad_usermodifications,docs/accessanalyzer/11.6/solutions/activedirectory/activity/changes/ad_usermodifications.md,Covered by 12.0 — see docs/accessanalyzer/12.0/solutions/activedirectory/activity/changes/ad_usermodifications.md,,,,,
Changes Job Group,11.6,https://docs.netwrix.com/docs/accessanalyzer/11_6/solutions/activedirectory/activity/changes/overview,docs/accessanalyzer/11.6/solutions/activedirectory/activity/changes/overview.md,,,,,,
AD_AccessChanges Job,11.6,https://docs.netwrix.com/docs/accessanalyzer/11_6/solutions/activedirectory/activity/groupusage/ad_accesschanges,docs/accessanalyzer/11.6/solutions/activedirectory/activity/groupusage/ad_accesschanges.md,Covered by 12.0 — see docs/accessanalyzer/12.0/solutions/activedirectory/activity/groupusage/ad_accesschanges.md,,,,,
AD_GroupHosts Job,11.6,https://docs.netwrix.com/docs/accessanalyzer/11_6/solutions/activedirectory/activity/groupusage/ad_grouphosts,docs/accessanalyzer/11.6/solutions/activedirectory/activity/groupusage/ad_grouphosts.md,Covered by 12.0 — see docs/accessanalyzer/12.0/solutions/activedirectory/activity/groupusage/ad_grouphosts.md,,,,,
AD_GroupMemberActivity Job,11.6,https://docs.netwrix.com/docs/accessanalyzer/11_6/solutions/activedirectory/activity/groupusage/ad_groupmemberactivity,docs/accessanalyzer/11.6/solutions/activedirectory/activity/groupusage/ad_groupmemberactivity.md,Covered by 12.0 — see docs/accessanalyzer/12.0/solutions/activedirectory/activity/groupusage/ad_groupmemberactivity.md,,,,,
Group Usage Job Group,11.6,https://docs.netwrix.com/docs/accessanalyzer/11_6/solutions/activedirectory/activity/groupusage/overview,docs/accessanalyzer/11.6/solutions/activedirectory/activity/groupusage/overview.md,,,,,,
AD_AuthenticationProtocol Job,11.6,https://docs.netwrix.com/docs/accessanalyzer/11_6/solutions/activedirectory/activity/operations/ad_authenticationprotocol,docs/accessanalyzer/11.6/solutions/activedirectory/activity/operations/ad_authenticationprotocol.md,Covered by 12.0 — see docs/accessanalyzer/12.0/solutions/activedirectory/activity/operations/ad_authenticationprotocol.md,,,,,
AD_DomainControllerTraffic Job,11.6,https://docs.netwrix.com/docs/accessanalyzer/11_6/solutions/activedirectory/activity/operations/ad_domaincontrollertraffic,docs/accessanalyzer/11.6/solutions/activedirectory/activity/operations/ad_domaincontrollertraffic.md,Covered by 12.0 — see docs/accessanalyzer/12.0/solutions/activedirectory/activity/operations/ad_domaincontrollertraffic.md,,,,,
AD_HardcodedDCs Job,11.6,https://docs.netwrix.com/docs/accessanalyzer/11_6/solutions/activedirectory/activity/operations/ad_hardcodeddcs,docs/accessanalyzer/11.6/solutions/activedirectory/activity/operations/ad_hardcodeddcs.md,Covered by 12.0 — see docs/accessanalyzer/12.0/solutions/activedirectory/activity/operations/ad_hardcodeddcs.md,,,,,
AD_LoadBalancing Job,11.6,https://docs.netwrix.com/docs/accessanalyzer/11_6/solutions/activedirectory/activity/operations/ad_loadbalancing,docs/accessanalyzer/11.6/solutions/activedirectory/activity/operations/ad_loadbalancing.md,Covered by 12.0 — see docs/accessanalyzer/12.0/solutions/activedirectory/activity/operations/ad_loadbalancing.md,,,,,
AD_MachineOwners Job,11.6,https://docs.netwrix.com/docs/accessanalyzer/11_6/solutions/activedirectory/activity/operations/ad_machineowners,docs/accessanalyzer/11.6/solutions/activedirectory/activity/operations/ad_machineowners.md,Covered by 12.0 — see docs/accessanalyzer/12.0/solutions/activedirectory/activity/operations/ad_machineowners.md,,,,,
Operations Job Group,11.6,https://docs.netwrix.com/docs/accessanalyzer/11_6/solutions/activedirectory/activity/operations/overview,docs/accessanalyzer/11.6/solutions/activedirectory/activity/operations/overview.md,,,,,,
6.Activity Job Group,11.6,https://docs.netwrix.com/docs/accessanalyzer/11_6/solutions/activedirectory/activity/overview,docs/accessanalyzer/11.6/solutions/activedirectory/activity/overview.md,,,,,,
AD_AdminAccounts Job,11.6,https://docs.netwrix.com/docs/accessanalyzer/11_6/solutions/activedirectory/activity/privilegedaccounts/ad_adminaccounts,docs/accessanalyzer/11.6/solutions/activedirectory/activity/privilegedaccounts/ad_adminaccounts.md,Covered by 12.0 — see docs/accessanalyzer/12.0/solutions/activedirectory/activity/privilegedaccounts/ad_adminaccounts.md,,,,,
AD_ServiceAccountAuth Job,11.6,https://docs.netwrix.com/docs/accessanalyzer/11_6/solutions/activedirectory/activity/privilegedaccounts/ad_serviceaccountauth,docs/accessanalyzer/11.6/solutions/activedirectory/activity/privilegedaccounts/ad_serviceaccountauth.md,Covered by 12.0 — see docs/accessanalyzer/12.0/solutions/activedirectory/activity/privilegedaccounts/ad_serviceaccountauth.md,,,,,
Privileged Accounts Job Group,11.6,https://docs.netwrix.com/docs/accessanalyzer/11_6/solutions/activedirectory/activity/privilegedaccounts/overview,docs/accessanalyzer/11.6/solutions/activedirectory/activity/privilegedaccounts/overview.md,,,,,,
Recommended Configurations for the 6.Activity Job Group,11.6,https://docs.netwrix.com/docs/accessanalyzer/11_6/solutions/activedirectory/activity/recommended,docs/accessanalyzer/11.6/solutions/activedirectory/activity/recommended.md,,,,,,
AD Security Assessment Job,11.6,https://docs.netwrix.com/docs/accessanalyzer/11_6/solutions/activedirectory/ad_securityassessment,docs/accessanalyzer/11.6/solutions/activedirectory/ad_securityassessment.md,,,,,,
AD_CleanupProgress Job,11.6,https://docs.netwrix.com/docs/accessanalyzer/11_6/solutions/activedirectory/cleanup/ad_cleanupprogress,docs/accessanalyzer/11.6/solutions/activedirectory/cleanup/ad_cleanupprogress.md,Covered by 12.0 — see docs/accessanalyzer/12.0/solutions/activedirectory/cleanup/ad_cleanupprogress.md,,,,,
AD_DeprovisionComputers_Status Job,11.6,https://docs.netwrix.com/docs/accessanalyzer/11_6/solutions/activedirectory/cleanup/computers/ad_deprovisioncomputers_status,docs/accessanalyzer/11.6/solutions/activedirectory/cleanup/computers/ad_deprovisioncomputers_status.md,Covered by 12.0 — see docs/accessanalyzer/12.0/solutions/activedirectory/cleanup/computers/ad_deprovisioncomputers_status.md,,,,,
AD_DeprovisionComputers Job,11.6,https://docs.netwrix.com/docs/accessanalyzer/11_6/solutions/activedirectory/cleanup/computers/ad_deprovisioncomputers,docs/accessanalyzer/11.6/solutions/activedirectory/cleanup/computers/ad_deprovisioncomputers.md,,,,,,
3.Computers Job Group,11.6,https://docs.netwrix.com/docs/accessanalyzer/11_6/solutions/activedirectory/cleanup/computers/overview,docs/accessanalyzer/11.6/solutions/activedirectory/cleanup/computers/overview.md,,,,,,
Configure the Target OU,11.6,https://docs.netwrix.com/docs/accessanalyzer/11_6/solutions/activedirectory/cleanup/configuretargetou,docs/accessanalyzer/11.6/solutions/activedirectory/cleanup/configuretargetou.md,Covered by 12.0 — see docs/accessanalyzer/12.0/solutions/activedirectory/cleanup/configuretargetou.md,,,,,
AD_DeprovisionGroups_Status Job,11.6,https://docs.netwrix.com/docs/accessanalyzer/11_6/solutions/activedirectory/cleanup/groups/deprovision/ad_deprovisiongroups_status,docs/accessanalyzer/11.6/solutions/activedirectory/cleanup/groups/deprovision/ad_deprovisiongroups_status.md,Covered by 12.0 — see docs/accessanalyzer/12.0/solutions/activedirectory/cleanup/groups/deprovision/ad_deprovisiongroups_status.md,,,,,
AD_DeprovisionGroups Job,11.6,https://docs.netwrix.com/docs/accessanalyzer/11_6/solutions/activedirectory/cleanup/groups/deprovision/ad_deprovisiongroups,docs/accessanalyzer/11.6/solutions/activedirectory/cleanup/groups/deprovision/ad_deprovisiongroups.md,,,,,,
1.Deprovision Job Group,11.6,https://docs.netwrix.com/docs/accessanalyzer/11_6/solutions/activedirectory/cleanup/groups/deprovision/overview,docs/accessanalyzer/11.6/solutions/activedirectory/cleanup/groups/deprovision/overview.md,,,,,,
1.Groups Job Group,11.6,https://docs.netwrix.com/docs/accessanalyzer/11_6/solutions/activedirectory/cleanup/groups/overview,docs/accessanalyzer/11.6/solutions/activedirectory/cleanup/groups/overview.md,,,,,,
AD_GroupCleanup_Permissions Job,11.6,https://docs.netwrix.com/docs/accessanalyzer/11_6/solutions/activedirectory/cleanup/groups/stamping/ad_groupcleanup_permissions,docs/accessanalyzer/11.6/solutions/activedirectory/cleanup/groups/stamping/ad_groupcleanup_permissions.md,Covered by 12.0 — see docs/accessanalyzer/12.0/solutions/activedirectory/cleanup/groups/stamping/ad_groupcleanup_permissions.md,,,,,
AD_GroupStamping Job,11.6,https://docs.netwrix.com/docs/accessanalyzer/11_6/solutions/activedirectory/cleanup/groups/stamping/ad_groupstamping,docs/accessanalyzer/11.6/solutions/activedirectory/cleanup/groups/stamping/ad_groupstamping.md,,,,,,
2.Group Stamping Job Group,11.6,https://docs.netwrix.com/docs/accessanalyzer/11_6/solutions/activedirectory/cleanup/groups/stamping/overview,docs/accessanalyzer/11.6/solutions/activedirectory/cleanup/groups/stamping/overview.md,,,,,,
Cleanup Job Group,11.6,https://docs.netwrix.com/docs/accessanalyzer/11_6/solutions/activedirectory/cleanup/overview,docs/accessanalyzer/11.6/solutions/activedirectory/cleanup/overview.md,,,,,,
Recommended Configurations for AD Cleanup Job Group,11.6,https://docs.netwrix.com/docs/accessanalyzer/11_6/solutions/activedirectory/cleanup/recommended,docs/accessanalyzer/11.6/solutions/activedirectory/cleanup/recommended.md,Covered by 12.0 — see docs/accessanalyzer/12.0/solutions/activedirectory/cleanup/recommended.md,,,,,
AD_DeprovisionUsers_Status Job,11.6,https://docs.netwrix.com/docs/accessanalyzer/11_6/solutions/activedirectory/cleanup/users/ad_deprovisionusers_status,docs/accessanalyzer/11.6/solutions/activedirectory/cleanup/users/ad_deprovisionusers_status.md,Covered by 12.0 — see docs/accessanalyzer/12.0/solutions/activedirectory/cleanup/users/ad_deprovisionusers_status.md,,,,,
AD_DeprovisionUsers Job,11.6,https://docs.netwrix.com/docs/accessanalyzer/11_6/solutions/activedirectory/cleanup/users/ad_deprovisionusers,docs/accessanalyzer/11.6/solutions/activedirectory/cleanup/users/ad_deprovisionusers.md,,,,,,
2.Users Job Group,11.6,https://docs.netwrix.com/docs/accessanalyzer/11_6/solutions/activedirectory/cleanup/users/overview,docs/accessanalyzer/11.6/solutions/activedirectory/cleanup/users/overview.md,,,,,,
AD_ComputerDelegation Job,11.6,https://docs.netwrix.com/docs/accessanalyzer/11_6/solutions/activedirectory/computers/ad_computerdelegation,docs/accessanalyzer/11.6/solutions/activedirectory/computers/ad_computerdelegation.md,Covered by 12.0 — see docs/accessanalyzer/12.0/solutions/activedirectory/computers/ad_computerdelegation.md,,,,,
AD_StaleComputers Job,11.6,https://docs.netwrix.com/docs/accessanalyzer/11_6/solutions/activedirectory/computers/ad_stalecomputers,docs/accessanalyzer/11.6/solutions/activedirectory/computers/ad_stalecomputers.md,,,,,,
3.Computers Job Group,11.6,https://docs.netwrix.com/docs/accessanalyzer/11_6/solutions/activedirectory/computers/overview,docs/accessanalyzer/11.6/solutions/activedirectory/computers/overview.md,,,,,,
Recommended Configurations for the 3.Computers Job Group,11.6,https://docs.netwrix.com/docs/accessanalyzer/11_6/solutions/activedirectory/computers/recommended,docs/accessanalyzer/11.6/solutions/activedirectory/computers/recommended.md,Covered by 12.0 — see docs/accessanalyzer/12.0/solutions/activedirectory/computers/recommended.md,,,,,
AD_DCSummary Job,11.6,https://docs.netwrix.com/docs/accessanalyzer/11_6/solutions/activedirectory/domains/ad_dcsummary,docs/accessanalyzer/11.6/solutions/activedirectory/domains/ad_dcsummary.md,,,,,,
AD_DomainInfo Job,11.6,https://docs.netwrix.com/docs/accessanalyzer/11_6/solutions/activedirectory/domains/ad_domaininfo,docs/accessanalyzer/11.6/solutions/activedirectory/domains/ad_domaininfo.md,Covered by 12.0 — see docs/accessanalyzer/12.0/solutions/activedirectory/domains/ad_domaininfo.md,,,,,
AD_DSRMSettings Job,11.6,https://docs.netwrix.com/docs/accessanalyzer/11_6/solutions/activedirectory/domains/ad_dsrmsettings,docs/accessanalyzer/11.6/solutions/activedirectory/domains/ad_dsrmsettings.md,Covered by 12.0 — see docs/accessanalyzer/12.0/solutions/activedirectory/domains/ad_dsrmsettings.md,,,,,
AD_DomainControllers Job,11.6,https://docs.netwrix.com/docs/accessanalyzer/11_6/solutions/activedirectory/domains/collection/ad_domaincontrollers,docs/accessanalyzer/11.6/solutions/activedirectory/domains/collection/ad_domaincontrollers.md,,,,,,
AD_DSRM Job,11.6,https://docs.netwrix.com/docs/accessanalyzer/11_6/solutions/activedirectory/domains/collection/ad_dsrm,docs/accessanalyzer/11.6/solutions/activedirectory/domains/collection/ad_dsrm.md,,,,,,
AD_TimeSync Job,11.6,https://docs.netwrix.com/docs/accessanalyzer/11_6/solutions/activedirectory/domains/collection/ad_timesync,docs/accessanalyzer/11.6/solutions/activedirectory/domains/collection/ad_timesync.md,,,,,,
0.Collection Job Group,11.6,https://docs.netwrix.com/docs/accessanalyzer/11_6/solutions/activedirectory/domains/collection/overview,docs/accessanalyzer/11.6/solutions/activedirectory/domains/collection/overview.md,,,,,,
5.Domains Job Group,11.6,https://docs.netwrix.com/docs/accessanalyzer/11_6/solutions/activedirectory/domains/overview,docs/accessanalyzer/11.6/solutions/activedirectory/domains/overview.md,,,,,,
Recommended Configurations for the 5.Domains Job Group,11.6,https://docs.netwrix.com/docs/accessanalyzer/11_6/solutions/activedirectory/domains/recommended,docs/accessanalyzer/11.6/solutions/activedirectory/domains/recommended.md,Covered by 12.0 — see docs/accessanalyzer/12.0/solutions/activedirectory/domains/recommended.md,,,,,
AD_CPassword Job,11.6,https://docs.netwrix.com/docs/accessanalyzer/11_6/solutions/activedirectory/grouppolicy/ad_cpassword,docs/accessanalyzer/11.6/solutions/activedirectory/grouppolicy/ad_cpassword.md,,,,,,
AD_GroupPolicy Job,11.6,https://docs.netwrix.com/docs/accessanalyzer/11_6/solutions/activedirectory/grouppolicy/ad_grouppolicy,docs/accessanalyzer/11.6/solutions/activedirectory/grouppolicy/ad_grouppolicy.md,,,,,,
AD_OverlappingGPOs Job,11.6,https://docs.netwrix.com/docs/accessanalyzer/11_6/solutions/activedirectory/grouppolicy/ad_overlappinggpos,docs/accessanalyzer/11.6/solutions/activedirectory/grouppolicy/ad_overlappinggpos.md,Covered by 12.0 — see docs/accessanalyzer/12.0/solutions/activedirectory/grouppolicy/ad_overlappinggpos.md,,,,,
AD_PasswordPolicies Job,11.6,https://docs.netwrix.com/docs/accessanalyzer/11_6/solutions/activedirectory/grouppolicy/ad_passwordpolicies,docs/accessanalyzer/11.6/solutions/activedirectory/grouppolicy/ad_passwordpolicies.md,,,,,,
4.Group Policy Job Group,11.6,https://docs.netwrix.com/docs/accessanalyzer/11_6/solutions/activedirectory/grouppolicy/overview,docs/accessanalyzer/11.6/solutions/activedirectory/grouppolicy/overview.md,,,,,,
Recommended Configurations for the 4.Group Policy Job Group,11.6,https://docs.netwrix.com/docs/accessanalyzer/11_6/solutions/activedirectory/grouppolicy/recommended,docs/accessanalyzer/11.6/solutions/activedirectory/grouppolicy/recommended.md,,,,,,
AD_CircularNesting Job,11.6,https://docs.netwrix.com/docs/accessanalyzer/11_6/solutions/activedirectory/groups/ad_circularnesting,docs/accessanalyzer/11.6/solutions/activedirectory/groups/ad_circularnesting.md,Covered by 12.0 — see docs/accessanalyzer/12.0/solutions/activedirectory/groups/ad_circularnesting.md,,,,,
AD_DCLogonGroups Job,11.6,https://docs.netwrix.com/docs/accessanalyzer/11_6/solutions/activedirectory/groups/ad_dclogongroups,docs/accessanalyzer/11.6/solutions/activedirectory/groups/ad_dclogongroups.md,Covered by 12.0 — see docs/accessanalyzer/12.0/solutions/activedirectory/groups/ad_dclogongroups.md,,,,,
AD_DuplicateGroups Job,11.6,https://docs.netwrix.com/docs/accessanalyzer/11_6/solutions/activedirectory/groups/ad_duplicategroups,docs/accessanalyzer/11.6/solutions/activedirectory/groups/ad_duplicategroups.md,Covered by 12.0 — see docs/accessanalyzer/12.0/solutions/activedirectory/groups/ad_duplicategroups.md,,,,,
AD_EmptyGroups Job,11.6,https://docs.netwrix.com/docs/accessanalyzer/11_6/solutions/activedirectory/groups/ad_emptygroups,docs/accessanalyzer/11.6/solutions/activedirectory/groups/ad_emptygroups.md,Covered by 12.0 — see docs/accessanalyzer/12.0/solutions/activedirectory/groups/ad_emptygroups.md,,,,,
AD_GroupProbableOwners Job,11.6,https://docs.netwrix.com/docs/accessanalyzer/11_6/solutions/activedirectory/groups/ad_groupprobableowners,docs/accessanalyzer/11.6/solutions/activedirectory/groups/ad_groupprobableowners.md,Covered by 12.0 — see docs/accessanalyzer/12.0/solutions/activedirectory/groups/ad_groupprobableowners.md,,,,,
AD_LargestGroups Job,11.6,https://docs.netwrix.com/docs/accessanalyzer/11_6/solutions/activedirectory/groups/ad_largestgroups,docs/accessanalyzer/11.6/solutions/activedirectory/groups/ad_largestgroups.md,Covered by 12.0 — see docs/accessanalyzer/12.0/solutions/activedirectory/groups/ad_largestgroups.md,,,,,
AD_MailSecurityGroups Job,11.6,https://docs.netwrix.com/docs/accessanalyzer/11_6/solutions/activedirectory/groups/ad_mailsecuritygroups,docs/accessanalyzer/11.6/solutions/activedirectory/groups/ad_mailsecuritygroups.md,Covered by 12.0 — see docs/accessanalyzer/12.0/solutions/activedirectory/groups/ad_mailsecuritygroups.md,,,,,
AD_NestedGroups Job,11.6,https://docs.netwrix.com/docs/accessanalyzer/11_6/solutions/activedirectory/groups/ad_nestedgroups,docs/accessanalyzer/11.6/solutions/activedirectory/groups/ad_nestedgroups.md,Covered by 12.0 — see docs/accessanalyzer/12.0/solutions/activedirectory/groups/ad_nestedgroups.md,,,,,
AD_SensitiveSecurityGroups Job,11.6,https://docs.netwrix.com/docs/accessanalyzer/11_6/solutions/activedirectory/groups/ad_sensitivesecuritygroups,docs/accessanalyzer/11.6/solutions/activedirectory/groups/ad_sensitivesecuritygroups.md,Covered by 12.0 — see docs/accessanalyzer/12.0/solutions/activedirectory/groups/ad_sensitivesecuritygroups.md,,,,,
AD_StaleGroups Job,11.6,https://docs.netwrix.com/docs/accessanalyzer/11_6/solutions/activedirectory/groups/ad_stalegroups,docs/accessanalyzer/11.6/solutions/activedirectory/groups/ad_stalegroups.md,Covered by 12.0 — see docs/accessanalyzer/12.0/solutions/activedirectory/groups/ad_stalegroups.md,,,,,
1.Groups Job Group,11.6,https://docs.netwrix.com/docs/accessanalyzer/11_6/solutions/activedirectory/groups/overview,docs/accessanalyzer/11.6/solutions/activedirectory/groups/overview.md,,,,,,
Recommended Configurations for the 1.Groups Job Group,11.6,https://docs.netwrix.com/docs/accessanalyzer/11_6/solutions/activedirectory/groups/recommended,docs/accessanalyzer/11.6/solutions/activedirectory/groups/recommended.md,Covered by 12.0 — see docs/accessanalyzer/12.0/solutions/activedirectory/groups/recommended.md,,,,,
Active Directory Solution,11.6,https://docs.netwrix.com/docs/accessanalyzer/11_6/solutions/activedirectory/overview,docs/accessanalyzer/11.6/solutions/activedirectory/overview.md,,,,,,
AD_DirectMembership Job,11.6,https://docs.netwrix.com/docs/accessanalyzer/11_6/solutions/activedirectory/users/ad_directmembership,docs/accessanalyzer/11.6/solutions/activedirectory/users/ad_directmembership.md,Covered by 12.0 — see docs/accessanalyzer/12.0/solutions/activedirectory/users/ad_directmembership.md,,,,,
AD_DuplicateUsers Job,11.6,https://docs.netwrix.com/docs/accessanalyzer/11_6/solutions/activedirectory/users/ad_duplicateusers,docs/accessanalyzer/11.6/solutions/activedirectory/users/ad_duplicateusers.md,Covered by 12.0 — see docs/accessanalyzer/12.0/solutions/activedirectory/users/ad_duplicateusers.md,,,,,
AD_OrphanedUsers Job,11.6,https://docs.netwrix.com/docs/accessanalyzer/11_6/solutions/activedirectory/users/ad_orphanedusers,docs/accessanalyzer/11.6/solutions/activedirectory/users/ad_orphanedusers.md,Covered by 12.0 — see docs/accessanalyzer/12.0/solutions/activedirectory/users/ad_orphanedusers.md,,,,,
AD_PasswordStatus Job,11.6,https://docs.netwrix.com/docs/accessanalyzer/11_6/solutions/activedirectory/users/ad_passwordstatus,docs/accessanalyzer/11.6/solutions/activedirectory/users/ad_passwordstatus.md,Covered by 12.0 — see docs/accessanalyzer/12.0/solutions/activedirectory/users/ad_passwordstatus.md,,,,,
AD_ServiceAccounts Job,11.6,https://docs.netwrix.com/docs/accessanalyzer/11_6/solutions/activedirectory/users/ad_serviceaccounts,docs/accessanalyzer/11.6/solutions/activedirectory/users/ad_serviceaccounts.md,Covered by 12.0 — see docs/accessanalyzer/12.0/solutions/activedirectory/users/ad_serviceaccounts.md,,,,,
AD_SIDHistory Job,11.6,https://docs.netwrix.com/docs/accessanalyzer/11_6/solutions/activedirectory/users/ad_sidhistory,docs/accessanalyzer/11.6/solutions/activedirectory/users/ad_sidhistory.md,Covered by 12.0 — see docs/accessanalyzer/12.0/solutions/activedirectory/users/ad_sidhistory.md,,,,,
AD_StaleUsers Job,11.6,https://docs.netwrix.com/docs/accessanalyzer/11_6/solutions/activedirectory/users/ad_staleusers,docs/accessanalyzer/11.6/solutions/activedirectory/users/ad_staleusers.md,,,,,,
AD_UserAttributeCompletion Job,11.6,https://docs.netwrix.com/docs/accessanalyzer/11_6/solutions/activedirectory/users/ad_userattributecompletion,docs/accessanalyzer/11.6/solutions/activedirectory/users/ad_userattributecompletion.md,Covered by 12.0 — see docs/accessanalyzer/12.0/solutions/activedirectory/users/ad_userattributecompletion.md,,,,,
AD_UserDelegation Job,11.6,https://docs.netwrix.com/docs/accessanalyzer/11_6/solutions/activedirectory/users/ad_userdelegation,docs/accessanalyzer/11.6/solutions/activedirectory/users/ad_userdelegation.md,Covered by 12.0 — see docs/accessanalyzer/12.0/solutions/activedirectory/users/ad_userdelegation.md,,,,,
AD_UserToken Job,11.6,https://docs.netwrix.com/docs/accessanalyzer/11_6/solutions/activedirectory/users/ad_usertoken,docs/accessanalyzer/11.6/solutions/activedirectory/users/ad_usertoken.md,Covered by 12.0 — see docs/accessanalyzer/12.0/solutions/activedirectory/users/ad_usertoken.md,,,,,
AD_WeakPasswords Job,11.6,https://docs.netwrix.com/docs/accessanalyzer/11_6/solutions/activedirectory/users/ad_weakpasswords,docs/accessanalyzer/11.6/solutions/activedirectory/users/ad_weakpasswords.md,,,,,,
2.Users Job Group,11.6,https://docs.netwrix.com/docs/accessanalyzer/11_6/solutions/activedirectory/users/overview,docs/accessanalyzer/11.6/solutions/activedirectory/users/overview.md,,,,,,
Recommended Configurations for the 2.Users Job Group,11.6,https://docs.netwrix.com/docs/accessanalyzer/11_6/solutions/activedirectory/users/recommended,docs/accessanalyzer/11.6/solutions/activedirectory/users/recommended.md,,,,,,
1-AD_Scan Job,11.6,https://docs.netwrix.com/docs/accessanalyzer/11_6/solutions/activedirectoryinventory/ad_scan,docs/accessanalyzer/11.6/solutions/activedirectoryinventory/1-ad_scan.md,,,,,,
2-AD_Changes Job,11.6,https://docs.netwrix.com/docs/accessanalyzer/11_6/solutions/activedirectoryinventory/ad_changes,docs/accessanalyzer/11.6/solutions/activedirectoryinventory/2-ad_changes.md,,,,,,
3-AD_Exceptions Job,11.6,https://docs.netwrix.com/docs/accessanalyzer/11_6/solutions/activedirectoryinventory/ad_exceptions,docs/accessanalyzer/11.6/solutions/activedirectoryinventory/3-ad_exceptions.md,,,,,,
.Active Directory Inventory Solution,11.6,https://docs.netwrix.com/docs/accessanalyzer/11_6/solutions/activedirectoryinventory/overview,docs/accessanalyzer/11.6/solutions/activedirectoryinventory/overview.md,,,,,,
Recommended Configurations for the .Active Directory Inventory Solution,11.6,https://docs.netwrix.com/docs/accessanalyzer/11_6/solutions/activedirectoryinventory/recommended,docs/accessanalyzer/11.6/solutions/activedirectoryinventory/recommended.md,,,,,,
6.Broken Inheritance > AD_BrokenInheritance Job,11.6,https://docs.netwrix.com/docs/accessanalyzer/11_6/solutions/activedirectorypermissionsanalyzer/ad_brokeninheritance,docs/accessanalyzer/11.6/solutions/activedirectorypermissionsanalyzer/ad_brokeninheritance.md,Covered by 12.0 — see docs/accessanalyzer/12.0/solutions/activedirectorypermissionsanalyzer/ad_brokeninheritance.md,,,,,
5.Open Access > AD_OpenAccess Job,11.6,https://docs.netwrix.com/docs/accessanalyzer/11_6/solutions/activedirectorypermissionsanalyzer/ad_openaccess,docs/accessanalyzer/11.6/solutions/activedirectorypermissionsanalyzer/ad_openaccess.md,Covered by 12.0 — see docs/accessanalyzer/12.0/solutions/activedirectorypermissionsanalyzer/ad_openaccess.md,,,,,
3.OUs > AD_OUPermissions Job,11.6,https://docs.netwrix.com/docs/accessanalyzer/11_6/solutions/activedirectorypermissionsanalyzer/ad_oupermissions,docs/accessanalyzer/11.6/solutions/activedirectorypermissionsanalyzer/ad_oupermissions.md,,,,,,
AD_ShadowAccess Job,11.6,https://docs.netwrix.com/docs/accessanalyzer/11_6/solutions/activedirectorypermissionsanalyzer/ad_shadowaccess,docs/accessanalyzer/11.6/solutions/activedirectorypermissionsanalyzer/ad_shadowaccess.md,,,,,,
AD_ComputerRights Job,11.6,https://docs.netwrix.com/docs/accessanalyzer/11_6/solutions/activedirectorypermissionsanalyzer/collection/ad_computerrights,docs/accessanalyzer/11.6/solutions/activedirectorypermissionsanalyzer/collection/ad_computerrights.md,,,,,,
AD_ContainerRights Job,11.6,https://docs.netwrix.com/docs/accessanalyzer/11_6/solutions/activedirectorypermissionsanalyzer/collection/ad_containerrights,docs/accessanalyzer/11.6/solutions/activedirectorypermissionsanalyzer/collection/ad_containerrights.md,,,,,,
AD_DomainRights Job,11.6,https://docs.netwrix.com/docs/accessanalyzer/11_6/solutions/activedirectorypermissionsanalyzer/collection/ad_domainrights,docs/accessanalyzer/11.6/solutions/activedirectorypermissionsanalyzer/collection/ad_domainrights.md,,,,,,
AD_GroupRights Job,11.6,https://docs.netwrix.com/docs/accessanalyzer/11_6/solutions/activedirectorypermissionsanalyzer/collection/ad_grouprights,docs/accessanalyzer/11.6/solutions/activedirectorypermissionsanalyzer/collection/ad_grouprights.md,,,,,,
AD_OURights Job,11.6,https://docs.netwrix.com/docs/accessanalyzer/11_6/solutions/activedirectorypermissionsanalyzer/collection/ad_ourights,docs/accessanalyzer/11.6/solutions/activedirectorypermissionsanalyzer/collection/ad_ourights.md,,,,,,
AD_SiteRights Job,11.6,https://docs.netwrix.com/docs/accessanalyzer/11_6/solutions/activedirectorypermissionsanalyzer/collection/ad_siterights,docs/accessanalyzer/11.6/solutions/activedirectorypermissionsanalyzer/collection/ad_siterights.md,,,,,,
AD_UserRights Job,11.6,https://docs.netwrix.com/docs/accessanalyzer/11_6/solutions/activedirectorypermissionsanalyzer/collection/ad_userrights,docs/accessanalyzer/11.6/solutions/activedirectorypermissionsanalyzer/collection/ad_userrights.md,,,,,,
0.Collection Job Group,11.6,https://docs.netwrix.com/docs/accessanalyzer/11_6/solutions/activedirectorypermissionsanalyzer/collection/overview,docs/accessanalyzer/11.6/solutions/activedirectorypermissionsanalyzer/collection/overview.md,,,,,,
AD_ComputerPermissions Job,11.6,https://docs.netwrix.com/docs/accessanalyzer/11_6/solutions/activedirectorypermissionsanalyzer/computers/ad_computerpermissions,docs/accessanalyzer/11.6/solutions/activedirectorypermissionsanalyzer/computers/ad_computerpermissions.md,,,,,,
AD_LAPSPermissions Job,11.6,https://docs.netwrix.com/docs/accessanalyzer/11_6/solutions/activedirectorypermissionsanalyzer/computers/ad_lapspermissions,docs/accessanalyzer/11.6/solutions/activedirectorypermissionsanalyzer/computers/ad_lapspermissions.md,Covered by 12.0 — see docs/accessanalyzer/12.0/solutions/activedirectorypermissionsanalyzer/computers/ad_lapspermissions.md,,,,,
4.Computers Job Group,11.6,https://docs.netwrix.com/docs/accessanalyzer/11_6/solutions/activedirectorypermissionsanalyzer/computers/overview,docs/accessanalyzer/11.6/solutions/activedirectorypermissionsanalyzer/computers/overview.md,,,,,,
AD_AdminSDHolder Job,11.6,https://docs.netwrix.com/docs/accessanalyzer/11_6/solutions/activedirectorypermissionsanalyzer/containers/ad_adminsdholder,docs/accessanalyzer/11.6/solutions/activedirectorypermissionsanalyzer/containers/ad_adminsdholder.md,,,,,,
AD_ContainerPermissions Job,11.6,https://docs.netwrix.com/docs/accessanalyzer/11_6/solutions/activedirectorypermissionsanalyzer/containers/ad_containerpermissions,docs/accessanalyzer/11.6/solutions/activedirectorypermissionsanalyzer/containers/ad_containerpermissions.md,Covered by 12.0 — see docs/accessanalyzer/12.0/solutions/activedirectorypermissionsanalyzer/containers/ad_containerpermissions.md,,,,,
7.Containers Job Group,11.6,https://docs.netwrix.com/docs/accessanalyzer/11_6/solutions/activedirectorypermissionsanalyzer/containers/overview,docs/accessanalyzer/11.6/solutions/activedirectorypermissionsanalyzer/containers/overview.md,,,,,,
AD_DomainPermissions Job,11.6,https://docs.netwrix.com/docs/accessanalyzer/11_6/solutions/activedirectorypermissionsanalyzer/domains/ad_domainpermissions,docs/accessanalyzer/11.6/solutions/activedirectorypermissionsanalyzer/domains/ad_domainpermissions.md,,,,,,
AD_DomainReplication Job,11.6,https://docs.netwrix.com/docs/accessanalyzer/11_6/solutions/activedirectorypermissionsanalyzer/domains/ad_domainreplication,docs/accessanalyzer/11.6/solutions/activedirectorypermissionsanalyzer/domains/ad_domainreplication.md,,,,,,
8.Domains Job Group,11.6,https://docs.netwrix.com/docs/accessanalyzer/11_6/solutions/activedirectorypermissionsanalyzer/domains/overview,docs/accessanalyzer/11.6/solutions/activedirectorypermissionsanalyzer/domains/overview.md,,,,,,
AD_GroupMembershipPermissions Job,11.6,https://docs.netwrix.com/docs/accessanalyzer/11_6/solutions/activedirectorypermissionsanalyzer/groups/ad_groupmembershippermissions,docs/accessanalyzer/11.6/solutions/activedirectorypermissionsanalyzer/groups/ad_groupmembershippermissions.md,Covered by 12.0 — see docs/accessanalyzer/12.0/solutions/activedirectorypermissionsanalyzer/groups/ad_groupmembershippermissions.md,,,,,
AD_GroupPermissions Job,11.6,https://docs.netwrix.com/docs/accessanalyzer/11_6/solutions/activedirectorypermissionsanalyzer/groups/ad_grouppermissions,docs/accessanalyzer/11.6/solutions/activedirectorypermissionsanalyzer/groups/ad_grouppermissions.md,,,,,,
2.Groups Job Group,11.6,https://docs.netwrix.com/docs/accessanalyzer/11_6/solutions/activedirectorypermissionsanalyzer/groups/overview,docs/accessanalyzer/11.6/solutions/activedirectorypermissionsanalyzer/groups/overview.md,,,,,,
Active Directory Permissions Analyzer Solution,11.6,https://docs.netwrix.com/docs/accessanalyzer/11_6/solutions/activedirectorypermissionsanalyzer/overview,docs/accessanalyzer/11.6/solutions/activedirectorypermissionsanalyzer/overview.md,,,,,,
Recommended Configurations for AD Permissions Analyzer Solution,11.6,https://docs.netwrix.com/docs/accessanalyzer/11_6/solutions/activedirectorypermissionsanalyzer/recommended,docs/accessanalyzer/11.6/solutions/activedirectorypermissionsanalyzer/recommended.md,,,,,,
AD_DCShadowPermissions Job,11.6,https://docs.netwrix.com/docs/accessanalyzer/11_6/solutions/activedirectorypermissionsanalyzer/sites/ad_dcshadowpermissions,docs/accessanalyzer/11.6/solutions/activedirectorypermissionsanalyzer/sites/ad_dcshadowpermissions.md,Covered by 12.0 — see docs/accessanalyzer/12.0/solutions/activedirectorypermissionsanalyzer/sites/ad_dcshadowpermissions.md,,,,,
AD_SitePermissions Job,11.6,https://docs.netwrix.com/docs/accessanalyzer/11_6/solutions/activedirectorypermissionsanalyzer/sites/ad_sitepermissions,docs/accessanalyzer/11.6/solutions/activedirectorypermissionsanalyzer/sites/ad_sitepermissions.md,Covered by 12.0 — see docs/accessanalyzer/12.0/solutions/activedirectorypermissionsanalyzer/sites/ad_sitepermissions.md,,,,,
9.Sites Job Group,11.6,https://docs.netwrix.com/docs/accessanalyzer/11_6/solutions/activedirectorypermissionsanalyzer/sites/overview,docs/accessanalyzer/11.6/solutions/activedirectorypermissionsanalyzer/sites/overview.md,,,,,,
AD_ResetPasswordPermissions Job,11.6,https://docs.netwrix.com/docs/accessanalyzer/11_6/solutions/activedirectorypermissionsanalyzer/users/ad_resetpasswordpermissions,docs/accessanalyzer/11.6/solutions/activedirectorypermissionsanalyzer/users/ad_resetpasswordpermissions.md,Covered by 12.0 — see docs/accessanalyzer/12.0/solutions/activedirectorypermissionsanalyzer/users/ad_resetpasswordpermissions.md,,,,,
AD_UserPermissions Job,11.6,https://docs.netwrix.com/docs/accessanalyzer/11_6/solutions/activedirectorypermissionsanalyzer/users/ad_userpermissions,docs/accessanalyzer/11.6/solutions/activedirectorypermissionsanalyzer/users/ad_userpermissions.md,,,,,,
1.Users Job Group,11.6,https://docs.netwrix.com/docs/accessanalyzer/11_6/solutions/activedirectorypermissionsanalyzer/users/overview,docs/accessanalyzer/11.6/solutions/activedirectorypermissionsanalyzer/users/overview.md,,,,,,
AnyID_CSV Job,11.6,https://docs.netwrix.com/docs/accessanalyzer/11_6/solutions/anyid/anyid_csv,docs/accessanalyzer/11.6/solutions/anyid/anyid_csv.md,,,,,,
AnyID_EpicClarity Job,11.6,https://docs.netwrix.com/docs/accessanalyzer/11_6/solutions/anyid/anyid_epicclarity,docs/accessanalyzer/11.6/solutions/anyid/anyid_epicclarity.md,,,,,,
AnyID_Paycom Job,11.6,https://docs.netwrix.com/docs/accessanalyzer/11_6/solutions/anyid/anyid_paycom,docs/accessanalyzer/11.6/solutions/anyid/anyid_paycom.md,,,,,,
AnyID_Salesforce Job,11.6,https://docs.netwrix.com/docs/accessanalyzer/11_6/solutions/anyid/anyid_salesforce,docs/accessanalyzer/11.6/solutions/anyid/anyid_salesforce.md,,,,,,
AnyID Connectors Solution,11.6,https://docs.netwrix.com/docs/accessanalyzer/11_6/solutions/anyid/overview,docs/accessanalyzer/11.6/solutions/anyid/overview.md,,,,,,
1.AWS_OrgScan Job,11.6,https://docs.netwrix.com/docs/accessanalyzer/11_6/solutions/aws/collection/aws_orgscan,docs/accessanalyzer/11.6/solutions/aws/collection/1.aws_orgscan.md,,,,,,
2.AWS_S3Scan Job,11.6,https://docs.netwrix.com/docs/accessanalyzer/11_6/solutions/aws/collection/aws_s3scan,docs/accessanalyzer/11.6/solutions/aws/collection/2.aws_s3scan.md,,,,,,
3.AWS_IAMScan Job,11.6,https://docs.netwrix.com/docs/accessanalyzer/11_6/solutions/aws/collection/aws_iamscan,docs/accessanalyzer/11.6/solutions/aws/collection/3.aws_iamscan.md,,,,,,
4.AWS_S3SDDScan Job,11.6,https://docs.netwrix.com/docs/accessanalyzer/11_6/solutions/aws/collection/aws_s3sddscan,docs/accessanalyzer/11.6/solutions/aws/collection/4.aws_s3sddscan.md,,,,,,
0.Collection Job Group,11.6,https://docs.netwrix.com/docs/accessanalyzer/11_6/solutions/aws/collection/overview,docs/accessanalyzer/11.6/solutions/aws/collection/overview.md,,,,,,
AWS_GroupMembers Job,11.6,https://docs.netwrix.com/docs/accessanalyzer/11_6/solutions/aws/groups/aws_groupmembers,docs/accessanalyzer/11.6/solutions/aws/groups/aws_groupmembers.md,Covered by 12.0 — see docs/accessanalyzer/12.0/solutions/aws/groups/aws_groupmembers.md,,,,,
AWS_NoPolicyGroups Job,11.6,https://docs.netwrix.com/docs/accessanalyzer/11_6/solutions/aws/groups/aws_nopolicygroups,docs/accessanalyzer/11.6/solutions/aws/groups/aws_nopolicygroups.md,Covered by 12.0 — see docs/accessanalyzer/12.0/solutions/aws/groups/aws_nopolicygroups.md,,,,,
AWS_StaleGroups Job,11.6,https://docs.netwrix.com/docs/accessanalyzer/11_6/solutions/aws/groups/aws_stalegroups,docs/accessanalyzer/11.6/solutions/aws/groups/aws_stalegroups.md,,,,,,
3.Groups Job Group,11.6,https://docs.netwrix.com/docs/accessanalyzer/11_6/solutions/aws/groups/overview,docs/accessanalyzer/11.6/solutions/aws/groups/overview.md,,,,,,
AWS_Accounts Job,11.6,https://docs.netwrix.com/docs/accessanalyzer/11_6/solutions/aws/organizations/aws_accounts,docs/accessanalyzer/11.6/solutions/aws/organizations/aws_accounts.md,Covered by 12.0 — see docs/accessanalyzer/12.0/solutions/aws/organizations/aws_accounts.md,,,,,
AWS_MemberAccountUsers Job,11.6,https://docs.netwrix.com/docs/accessanalyzer/11_6/solutions/aws/organizations/aws_memberaccountusers,docs/accessanalyzer/11.6/solutions/aws/organizations/aws_memberaccountusers.md,Covered by 12.0 — see docs/accessanalyzer/12.0/solutions/aws/organizations/aws_memberaccountusers.md,,,,,
1.Organizations Job Group,11.6,https://docs.netwrix.com/docs/accessanalyzer/11_6/solutions/aws/organizations/overview,docs/accessanalyzer/11.6/solutions/aws/organizations/overview.md,,,,,,
AWS Solution,11.6,https://docs.netwrix.com/docs/accessanalyzer/11_6/solutions/aws/overview,docs/accessanalyzer/11.6/solutions/aws/overview.md,,,,,,
AWS_CustomManagedPolicies Job,11.6,https://docs.netwrix.com/docs/accessanalyzer/11_6/solutions/aws/policies/aws_custommanagedpolicies,docs/accessanalyzer/11.6/solutions/aws/policies/aws_custommanagedpolicies.md,Covered by 12.0 — see docs/accessanalyzer/12.0/solutions/aws/policies/aws_custommanagedpolicies.md,,,,,
AWS_InlinePolicies Job,11.6,https://docs.netwrix.com/docs/accessanalyzer/11_6/solutions/aws/policies/aws_inlinepolicies,docs/accessanalyzer/11.6/solutions/aws/policies/aws_inlinepolicies.md,Covered by 12.0 — see docs/accessanalyzer/12.0/solutions/aws/policies/aws_inlinepolicies.md,,,,,
AWS_ManagedPolicies Job,11.6,https://docs.netwrix.com/docs/accessanalyzer/11_6/solutions/aws/policies/aws_managedpolicies,docs/accessanalyzer/11.6/solutions/aws/policies/aws_managedpolicies.md,Covered by 12.0 — see docs/accessanalyzer/12.0/solutions/aws/policies/aws_managedpolicies.md,,,,,
AWS_SensitivePolicies Job,11.6,https://docs.netwrix.com/docs/accessanalyzer/11_6/solutions/aws/policies/aws_sensitivepolicies,docs/accessanalyzer/11.6/solutions/aws/policies/aws_sensitivepolicies.md,Covered by 12.0 — see docs/accessanalyzer/12.0/solutions/aws/policies/aws_sensitivepolicies.md,,,,,
AWS_UnusedManagedPolicies Job,11.6,https://docs.netwrix.com/docs/accessanalyzer/11_6/solutions/aws/policies/aws_unusedmanagedpolicies,docs/accessanalyzer/11.6/solutions/aws/policies/aws_unusedmanagedpolicies.md,,,,,,
AWS_UserPolicies Job,11.6,https://docs.netwrix.com/docs/accessanalyzer/11_6/solutions/aws/policies/aws_userpolicies,docs/accessanalyzer/11.6/solutions/aws/policies/aws_userpolicies.md,Covered by 12.0 — see docs/accessanalyzer/12.0/solutions/aws/policies/aws_userpolicies.md,,,,,
5.Policies Job Group,11.6,https://docs.netwrix.com/docs/accessanalyzer/11_6/solutions/aws/policies/overview,docs/accessanalyzer/11.6/solutions/aws/policies/overview.md,,,,,,
Recommended Configuration for the AWS Solution,11.6,https://docs.netwrix.com/docs/accessanalyzer/11_6/solutions/aws/recommended,docs/accessanalyzer/11.6/solutions/aws/recommended.md,,,,,,
AWS_Roles Job,11.6,https://docs.netwrix.com/docs/accessanalyzer/11_6/solutions/aws/roles/aws_roles,docs/accessanalyzer/11.6/solutions/aws/roles/aws_roles.md,Covered by 12.0 — see docs/accessanalyzer/12.0/solutions/aws/roles/aws_roles.md,,,,,
AWS_StaleRoles Job,11.6,https://docs.netwrix.com/docs/accessanalyzer/11_6/solutions/aws/roles/aws_staleroles,docs/accessanalyzer/11.6/solutions/aws/roles/aws_staleroles.md,,,,,,
4.Roles Job Group,11.6,https://docs.netwrix.com/docs/accessanalyzer/11_6/solutions/aws/roles/overview,docs/accessanalyzer/11.6/solutions/aws/roles/overview.md,,,,,,
AWS_S3Buckets Job,11.6,https://docs.netwrix.com/docs/accessanalyzer/11_6/solutions/aws/s3content/aws_s3buckets,docs/accessanalyzer/11.6/solutions/aws/s3content/aws_s3buckets.md,Covered by 12.0 — see docs/accessanalyzer/12.0/solutions/aws/s3content/aws_s3buckets.md,,,,,
AWS_S3BucketTags Job,11.6,https://docs.netwrix.com/docs/accessanalyzer/11_6/solutions/aws/s3content/aws_s3buckettags,docs/accessanalyzer/11.6/solutions/aws/s3content/aws_s3buckettags.md,Covered by 12.0 — see docs/accessanalyzer/12.0/solutions/aws/s3content/aws_s3buckettags.md,,,,,
7.S3 Content Job Group,11.6,https://docs.netwrix.com/docs/accessanalyzer/11_6/solutions/aws/s3content/overview,docs/accessanalyzer/11.6/solutions/aws/s3content/overview.md,,,,,,
AWS_BrokenInheritance Job,11.6,https://docs.netwrix.com/docs/accessanalyzer/11_6/solutions/aws/s3permissions/aws_brokeninheritance,docs/accessanalyzer/11.6/solutions/aws/s3permissions/aws_brokeninheritance.md,Covered by 12.0 — see docs/accessanalyzer/12.0/solutions/aws/s3permissions/aws_brokeninheritance.md,,,,,
AWS_EffectivePermissions Job,11.6,https://docs.netwrix.com/docs/accessanalyzer/11_6/solutions/aws/s3permissions/aws_effectivepermissions,docs/accessanalyzer/11.6/solutions/aws/s3permissions/aws_effectivepermissions.md,Covered by 12.0 — see docs/accessanalyzer/12.0/solutions/aws/s3permissions/aws_effectivepermissions.md,,,,,
AWS_OpenBuckets Job,11.6,https://docs.netwrix.com/docs/accessanalyzer/11_6/solutions/aws/s3permissions/aws_openbuckets,docs/accessanalyzer/11.6/solutions/aws/s3permissions/aws_openbuckets.md,Covered by 12.0 — see docs/accessanalyzer/12.0/solutions/aws/s3permissions/aws_openbuckets.md,,,,,
6.S3 Permissions Job Group,11.6,https://docs.netwrix.com/docs/accessanalyzer/11_6/solutions/aws/s3permissions/overview,docs/accessanalyzer/11.6/solutions/aws/s3permissions/overview.md,,,,,,
AWS_SensitiveData_Permissions Job,11.6,https://docs.netwrix.com/docs/accessanalyzer/11_6/solutions/aws/sensitivedata/aws_sensitivedata_permissions,docs/accessanalyzer/11.6/solutions/aws/sensitivedata/aws_sensitivedata_permissions.md,Covered by 12.0 — see docs/accessanalyzer/12.0/solutions/aws/sensitivedata/aws_sensitivedata_permissions.md,,,,,
AWS_SensitiveData Job,11.6,https://docs.netwrix.com/docs/accessanalyzer/11_6/solutions/aws/sensitivedata/aws_sensitivedata,docs/accessanalyzer/11.6/solutions/aws/sensitivedata/aws_sensitivedata.md,Covered by 12.0 — see docs/accessanalyzer/12.0/solutions/aws/sensitivedata/aws_sensitivedata.md,,,,,
8.S3 Sensitive Data Job Group,11.6,https://docs.netwrix.com/docs/accessanalyzer/11_6/solutions/aws/sensitivedata/overview,docs/accessanalyzer/11.6/solutions/aws/sensitivedata/overview.md,,,,,,
AWS_AccessKeys Job,11.6,https://docs.netwrix.com/docs/accessanalyzer/11_6/solutions/aws/users/aws_accesskeys,docs/accessanalyzer/11.6/solutions/aws/users/aws_accesskeys.md,Covered by 12.0 — see docs/accessanalyzer/12.0/solutions/aws/users/aws_accesskeys.md,,,,,
AWS_MFAStatus Job,11.6,https://docs.netwrix.com/docs/accessanalyzer/11_6/solutions/aws/users/aws_mfastatus,docs/accessanalyzer/11.6/solutions/aws/users/aws_mfastatus.md,Covered by 12.0 — see docs/accessanalyzer/12.0/solutions/aws/users/aws_mfastatus.md,,,,,
AWS_RootAccounts Job,11.6,https://docs.netwrix.com/docs/accessanalyzer/11_6/solutions/aws/users/aws_rootaccounts,docs/accessanalyzer/11.6/solutions/aws/users/aws_rootaccounts.md,Covered by 12.0 — see docs/accessanalyzer/12.0/solutions/aws/users/aws_rootaccounts.md,,,,,
AWS_StaleUsers Job,11.6,https://docs.netwrix.com/docs/accessanalyzer/11_6/solutions/aws/users/aws_staleusers,docs/accessanalyzer/11.6/solutions/aws/users/aws_staleusers.md,,,,,,
2.Users Job Group,11.6,https://docs.netwrix.com/docs/accessanalyzer/11_6/solutions/aws/users/overview,docs/accessanalyzer/11.6/solutions/aws/users/overview.md,,,,,,
Box_Deletions Job,11.6,https://docs.netwrix.com/docs/accessanalyzer/11_6/solutions/box/activity/forensics/box_deletions,docs/accessanalyzer/11.6/solutions/box/activity/forensics/box_deletions.md,Covered by 12.0 — see docs/accessanalyzer/12.0/solutions/box/activity/forensics/box_deletions.md,,,,,
Box_Downloads Job,11.6,https://docs.netwrix.com/docs/accessanalyzer/11_6/solutions/box/activity/forensics/box_downloads,docs/accessanalyzer/11.6/solutions/box/activity/forensics/box_downloads.md,Covered by 12.0 — see docs/accessanalyzer/12.0/solutions/box/activity/forensics/box_downloads.md,,,,,
Box_ExternalUserActivity Job,11.6,https://docs.netwrix.com/docs/accessanalyzer/11_6/solutions/box/activity/forensics/box_externaluseractivity,docs/accessanalyzer/11.6/solutions/box/activity/forensics/box_externaluseractivity.md,Covered by 12.0 — see docs/accessanalyzer/12.0/solutions/box/activity/forensics/box_externaluseractivity.md,,,,,
Box_ExternalUserCollaborations Job,11.6,https://docs.netwrix.com/docs/accessanalyzer/11_6/solutions/box/activity/forensics/box_externalusercollaborations,docs/accessanalyzer/11.6/solutions/box/activity/forensics/box_externalusercollaborations.md,Covered by 12.0 — see docs/accessanalyzer/12.0/solutions/box/activity/forensics/box_externalusercollaborations.md,,,,,
Box_PermissionChanges Job,11.6,https://docs.netwrix.com/docs/accessanalyzer/11_6/solutions/box/activity/forensics/box_permissionchanges,docs/accessanalyzer/11.6/solutions/box/activity/forensics/box_permissionchanges.md,Covered by 12.0 — see docs/accessanalyzer/12.0/solutions/box/activity/forensics/box_permissionchanges.md,,,,,
Box_Sharing Job,11.6,https://docs.netwrix.com/docs/accessanalyzer/11_6/solutions/box/activity/forensics/box_sharing,docs/accessanalyzer/11.6/solutions/box/activity/forensics/box_sharing.md,Covered by 12.0 — see docs/accessanalyzer/12.0/solutions/box/activity/forensics/box_sharing.md,,,,,
Forensics Job Group,11.6,https://docs.netwrix.com/docs/accessanalyzer/11_6/solutions/box/activity/forensics/overview,docs/accessanalyzer/11.6/solutions/box/activity/forensics/overview.md,,,,,,
1.Activity Job Group,11.6,https://docs.netwrix.com/docs/accessanalyzer/11_6/solutions/box/activity/overview,docs/accessanalyzer/11.6/solutions/box/activity/overview.md,,,,,,
Box_FailedLogins Job,11.6,https://docs.netwrix.com/docs/accessanalyzer/11_6/solutions/box/activity/suspiciousactivity/box_failedlogins,docs/accessanalyzer/11.6/solutions/box/activity/suspiciousactivity/box_failedlogins.md,Covered by 12.0 — see docs/accessanalyzer/12.0/solutions/box/activity/suspiciousactivity/box_failedlogins.md,,,,,
Box_FirstTimeFolderAccess Job,11.6,https://docs.netwrix.com/docs/accessanalyzer/11_6/solutions/box/activity/suspiciousactivity/box_firsttimefolderaccess,docs/accessanalyzer/11.6/solutions/box/activity/suspiciousactivity/box_firsttimefolderaccess.md,Covered by 12.0 — see docs/accessanalyzer/12.0/solutions/box/activity/suspiciousactivity/box_firsttimefolderaccess.md,,,,,
Box_UnusualDownloadActivity Job,11.6,https://docs.netwrix.com/docs/accessanalyzer/11_6/solutions/box/activity/suspiciousactivity/box_unusualdownloadactivity,docs/accessanalyzer/11.6/solutions/box/activity/suspiciousactivity/box_unusualdownloadactivity.md,Covered by 12.0 — see docs/accessanalyzer/12.0/solutions/box/activity/suspiciousactivity/box_unusualdownloadactivity.md,,,,,
Box_UnusualUserActivity Job,11.6,https://docs.netwrix.com/docs/accessanalyzer/11_6/solutions/box/activity/suspiciousactivity/box_unusualuseractivity,docs/accessanalyzer/11.6/solutions/box/activity/suspiciousactivity/box_unusualuseractivity.md,Covered by 12.0 — see docs/accessanalyzer/12.0/solutions/box/activity/suspiciousactivity/box_unusualuseractivity.md,,,,,
Box_WeekendActivity Job,11.6,https://docs.netwrix.com/docs/accessanalyzer/11_6/solutions/box/activity/suspiciousactivity/box_weekendactivity,docs/accessanalyzer/11.6/solutions/box/activity/suspiciousactivity/box_weekendactivity.md,Covered by 12.0 — see docs/accessanalyzer/12.0/solutions/box/activity/suspiciousactivity/box_weekendactivity.md,,,,,
Suspicious Activity Job Group,11.6,https://docs.netwrix.com/docs/accessanalyzer/11_6/solutions/box/activity/suspiciousactivity/overview,docs/accessanalyzer/11.6/solutions/box/activity/suspiciousactivity/overview.md,,,,,,
Box_Folders_MostActive Job,11.6,https://docs.netwrix.com/docs/accessanalyzer/11_6/solutions/box/activity/usagestatistics/box_folders_mostactive,docs/accessanalyzer/11.6/solutions/box/activity/usagestatistics/box_folders_mostactive.md,Covered by 12.0 — see docs/accessanalyzer/12.0/solutions/box/activity/usagestatistics/box_folders_mostactive.md,,,,,
Box_Folders_Stale Job,11.6,https://docs.netwrix.com/docs/accessanalyzer/11_6/solutions/box/activity/usagestatistics/box_folders_stale,docs/accessanalyzer/11.6/solutions/box/activity/usagestatistics/box_folders_stale.md,Covered by 12.0 — see docs/accessanalyzer/12.0/solutions/box/activity/usagestatistics/box_folders_stale.md,,,,,
Box_Users_MostActive Job,11.6,https://docs.netwrix.com/docs/accessanalyzer/11_6/solutions/box/activity/usagestatistics/box_users_mostactive,docs/accessanalyzer/11.6/solutions/box/activity/usagestatistics/box_users_mostactive.md,Covered by 12.0 — see docs/accessanalyzer/12.0/solutions/box/activity/usagestatistics/box_users_mostactive.md,,,,,
Usage Statistics Job Group,11.6,https://docs.netwrix.com/docs/accessanalyzer/11_6/solutions/box/activity/usagestatistics/overview,docs/accessanalyzer/11.6/solutions/box/activity/usagestatistics/overview.md,,,,,,
Box_Access Job,11.6,https://docs.netwrix.com/docs/accessanalyzer/11_6/solutions/box/box_access,docs/accessanalyzer/11.6/solutions/box/box_access.md,Covered by 12.0 — see docs/accessanalyzer/12.0/solutions/box/box_access.md,,,,,
Box_GroupMembership Job,11.6,https://docs.netwrix.com/docs/accessanalyzer/11_6/solutions/box/box_groupmembership,docs/accessanalyzer/11.6/solutions/box/box_groupmembership.md,Covered by 12.0 — see docs/accessanalyzer/12.0/solutions/box/box_groupmembership.md,,,,,
1-Box_Access Scans Job,11.6,https://docs.netwrix.com/docs/accessanalyzer/11_6/solutions/box/collection/box_access_scans,docs/accessanalyzer/11.6/solutions/box/collection/1-box_access_scans.md,,,,,,
1-Box_Activity Scans Job,11.6,https://docs.netwrix.com/docs/accessanalyzer/11_6/solutions/box/collection/box_activity_scans,docs/accessanalyzer/11.6/solutions/box/collection/1-box_activity_scans.md,,,,,,
2-Box_Import Job,11.6,https://docs.netwrix.com/docs/accessanalyzer/11_6/solutions/box/collection/box_import,docs/accessanalyzer/11.6/solutions/box/collection/2-box_import.md,,,,,,
0.Collection Job Group,11.6,https://docs.netwrix.com/docs/accessanalyzer/11_6/solutions/box/collection/overview,docs/accessanalyzer/11.6/solutions/box/collection/overview.md,,,,,,
Box_FileMetrics Job,11.6,https://docs.netwrix.com/docs/accessanalyzer/11_6/solutions/box/content/box_filemetrics,docs/accessanalyzer/11.6/solutions/box/content/box_filemetrics.md,Covered by 12.0 — see docs/accessanalyzer/12.0/solutions/box/content/box_filemetrics.md,,,,,
Box_FolderMetrics Job,11.6,https://docs.netwrix.com/docs/accessanalyzer/11_6/solutions/box/content/box_foldermetrics,docs/accessanalyzer/11.6/solutions/box/content/box_foldermetrics.md,Covered by 12.0 — see docs/accessanalyzer/12.0/solutions/box/content/box_foldermetrics.md,,,,,
2.Content Job Group,11.6,https://docs.netwrix.com/docs/accessanalyzer/11_6/solutions/box/content/overview,docs/accessanalyzer/11.6/solutions/box/content/overview.md,,,,,,
Box Solution,11.6,https://docs.netwrix.com/docs/accessanalyzer/11_6/solutions/box/overview,docs/accessanalyzer/11.6/solutions/box/overview.md,,,,,,
Recommended Configurations for the Box Solution,11.6,https://docs.netwrix.com/docs/accessanalyzer/11_6/solutions/box/recommended,docs/accessanalyzer/11.6/solutions/box/recommended.md,,,,,,
3-Db2_Configuration Job,11.6,https://docs.netwrix.com/docs/accessanalyzer/11_6/solutions/databases/db2/collection/db2_configuration,docs/accessanalyzer/11.6/solutions/databases/db2/collection/db2_configuration.md,,,,,,
2-Db2_PermissionScan Job,11.6,https://docs.netwrix.com/docs/accessanalyzer/11_6/solutions/databases/db2/collection/db2_permissionscan,docs/accessanalyzer/11.6/solutions/databases/db2/collection/db2_permissionscan.md,,,,,,
1-Db2_SensitiveDataScan,11.6,https://docs.netwrix.com/docs/accessanalyzer/11_6/solutions/databases/db2/collection/db2_sensitivedatascan,docs/accessanalyzer/11.6/solutions/databases/db2/collection/db2_sensitivedatascan.md,,,,,,
0.Collection Job Group,11.6,https://docs.netwrix.com/docs/accessanalyzer/11_6/solutions/databases/db2/collection/overview,docs/accessanalyzer/11.6/solutions/databases/db2/collection/overview.md,,,,,,
Configuration > Db2_DatabaseSizing Job,11.6,https://docs.netwrix.com/docs/accessanalyzer/11_6/solutions/databases/db2/db2_databasesizing,docs/accessanalyzer/11.6/solutions/databases/db2/db2_databasesizing.md,Covered by 12.0 — see docs/accessanalyzer/12.0/solutions/databases/db2/db2_databasesizing.md,,,,,
Db2 Solution,11.6,https://docs.netwrix.com/docs/accessanalyzer/11_6/solutions/databases/db2/overview,docs/accessanalyzer/11.6/solutions/databases/db2/overview.md,,,,,,
Db2_DirectPermissions Job,11.6,https://docs.netwrix.com/docs/accessanalyzer/11_6/solutions/databases/db2/permissions/db2_directpermissions,docs/accessanalyzer/11.6/solutions/databases/db2/permissions/db2_directpermissions.md,Covered by 12.0 — see docs/accessanalyzer/12.0/solutions/databases/db2/permissions/db2_directpermissions.md,,,,,
Db2_EffectivePermissions Job,11.6,https://docs.netwrix.com/docs/accessanalyzer/11_6/solutions/databases/db2/permissions/db2_effectivepermissions,docs/accessanalyzer/11.6/solutions/databases/db2/permissions/db2_effectivepermissions.md,,,,,,
Permissions Job Group,11.6,https://docs.netwrix.com/docs/accessanalyzer/11_6/solutions/databases/db2/permissions/overview,docs/accessanalyzer/11.6/solutions/databases/db2/permissions/overview.md,,,,,,
Recommended Configuration for the Db2 Solution,11.6,https://docs.netwrix.com/docs/accessanalyzer/11_6/solutions/databases/db2/recommended,docs/accessanalyzer/11.6/solutions/databases/db2/recommended.md,,,,,,
Db2_SensitiveData Job,11.6,https://docs.netwrix.com/docs/accessanalyzer/11_6/solutions/databases/db2/sensitivedata/db2_sensitivedata,docs/accessanalyzer/11.6/solutions/databases/db2/sensitivedata/db2_sensitivedata.md,,,,,,
Db2_SensitiveDataPermissions Job,11.6,https://docs.netwrix.com/docs/accessanalyzer/11_6/solutions/databases/db2/sensitivedata/db2_sensitivedatapermissions,docs/accessanalyzer/11.6/solutions/databases/db2/sensitivedata/db2_sensitivedatapermissions.md,Covered by 12.0 — see docs/accessanalyzer/12.0/solutions/databases/db2/sensitivedata/db2_sensitivedatapermissions.md,,,,,
Sensitive Data Job Group,11.6,https://docs.netwrix.com/docs/accessanalyzer/11_6/solutions/databases/db2/sensitivedata/overview,docs/accessanalyzer/11.6/solutions/databases/db2/sensitivedata/overview.md,,,,,,
MongoDB_Configuration Job,11.6,https://docs.netwrix.com/docs/accessanalyzer/11_6/solutions/databases/mongodb/collection/mongodb_configuration,docs/accessanalyzer/11.6/solutions/databases/mongodb/collection/mongodb_configuration.md,Covered by 12.0 — see docs/accessanalyzer/12.0/solutions/databases/mongodb/collection/mongodb_configuration.md,,,,,
MongoDB_SensitiveDataScan Job,11.6,https://docs.netwrix.com/docs/accessanalyzer/11_6/solutions/databases/mongodb/collection/mongodb_sensitivedatascan,docs/accessanalyzer/11.6/solutions/databases/mongodb/collection/mongodb_sensitivedatascan.md,,,,,,
0.Collection Job Group,11.6,https://docs.netwrix.com/docs/accessanalyzer/11_6/solutions/databases/mongodb/collection/overview,docs/accessanalyzer/11.6/solutions/databases/mongodb/collection/overview.md,,,,,,
Configuration > MongoDB_Database_Sizing Job,11.6,https://docs.netwrix.com/docs/accessanalyzer/11_6/solutions/databases/mongodb/mongodb_databasesizing,docs/accessanalyzer/11.6/solutions/databases/mongodb/mongodb_databasesizing.md,,,,,,
Sensitive Data > MongoDB_SensitiveData Job,11.6,https://docs.netwrix.com/docs/accessanalyzer/11_6/solutions/databases/mongodb/mongodb_sensitivedata,docs/accessanalyzer/11.6/solutions/databases/mongodb/mongodb_sensitivedata.md,Covered by 12.0 — see docs/accessanalyzer/12.0/solutions/databases/mongodb/mongodb_sensitivedata.md,,,,,
MongoDB Solution,11.6,https://docs.netwrix.com/docs/accessanalyzer/11_6/solutions/databases/mongodb/overview,docs/accessanalyzer/11.6/solutions/databases/mongodb/overview.md,,,,,,
Recommended Configuration for the MongoDB Solution,11.6,https://docs.netwrix.com/docs/accessanalyzer/11_6/solutions/databases/mongodb/recommended,docs/accessanalyzer/11.6/solutions/databases/mongodb/recommended.md,,,,,,
MySQL_Configuration Job,11.6,https://docs.netwrix.com/docs/accessanalyzer/11_6/solutions/databases/mysql/collection/mysql_configuration,docs/accessanalyzer/11.6/solutions/databases/mysql/collection/mysql_configuration.md,Covered by 12.0 — see docs/accessanalyzer/12.0/solutions/databases/mysql/collection/mysql_configuration.md,,,,,
MySQL_SensitiveDataScan Job,11.6,https://docs.netwrix.com/docs/accessanalyzer/11_6/solutions/databases/mysql/collection/mysql_sensitivedatascan,docs/accessanalyzer/11.6/solutions/databases/mysql/collection/mysql_sensitivedatascan.md,,,,,,
MySQL_TablePrivileges Job,11.6,https://docs.netwrix.com/docs/accessanalyzer/11_6/solutions/databases/mysql/collection/mysql_tableprivileges,docs/accessanalyzer/11.6/solutions/databases/mysql/collection/mysql_tableprivileges.md,Covered by 12.0 — see docs/accessanalyzer/12.0/solutions/databases/mysql/collection/mysql_tableprivileges.md,,,,,
0.Collection Job Group,11.6,https://docs.netwrix.com/docs/accessanalyzer/11_6/solutions/databases/mysql/collection/overview,docs/accessanalyzer/11.6/solutions/databases/mysql/collection/overview.md,,,,,,
Configuration > MySQL_DatabaseSizing Job,11.6,https://docs.netwrix.com/docs/accessanalyzer/11_6/solutions/databases/mysql/mysql_databasesizing,docs/accessanalyzer/11.6/solutions/databases/mysql/mysql_databasesizing.md,Covered by 12.0 — see docs/accessanalyzer/12.0/solutions/databases/mysql/mysql_databasesizing.md,,,,,
MySQL Solution,11.6,https://docs.netwrix.com/docs/accessanalyzer/11_6/solutions/databases/mysql/overview,docs/accessanalyzer/11.6/solutions/databases/mysql/overview.md,,,,,,
Recommended Configurations for the MySQL Solution,11.6,https://docs.netwrix.com/docs/accessanalyzer/11_6/solutions/databases/mysql/recommended,docs/accessanalyzer/11.6/solutions/databases/mysql/recommended.md,,,,,,
MySQL_SensitiveData Job,11.6,https://docs.netwrix.com/docs/accessanalyzer/11_6/solutions/databases/mysql/sensitivedata/mysql_sensitivedata,docs/accessanalyzer/11.6/solutions/databases/mysql/sensitivedata/mysql_sensitivedata.md,Covered by 12.0 — see docs/accessanalyzer/12.0/solutions/databases/mysql/sensitivedata/mysql_sensitivedata.md,,,,,
MySQL_SensitiveDataPermissions Job,11.6,https://docs.netwrix.com/docs/accessanalyzer/11_6/solutions/databases/mysql/sensitivedata/mysql_sensitivedatapermissions,docs/accessanalyzer/11.6/solutions/databases/mysql/sensitivedata/mysql_sensitivedatapermissions.md,Covered by 12.0 — see docs/accessanalyzer/12.0/solutions/databases/mysql/sensitivedata/mysql_sensitivedatapermissions.md,,,,,
Sensitive Data Job Group,11.6,https://docs.netwrix.com/docs/accessanalyzer/11_6/solutions/databases/mysql/sensitivedata/overview,docs/accessanalyzer/11.6/solutions/databases/mysql/sensitivedata/overview.md,,,,,,
Oracle_Activity Job,11.6,https://docs.netwrix.com/docs/accessanalyzer/11_6/solutions/databases/oracle/activity/oracle_activity,docs/accessanalyzer/11.6/solutions/databases/oracle/activity/oracle_activity.md,Covered by 12.0 — see docs/accessanalyzer/12.0/solutions/databases/oracle/activity/oracle_activity.md,,,,,
Oracle_Logons Job,11.6,https://docs.netwrix.com/docs/accessanalyzer/11_6/solutions/databases/oracle/activity/oracle_logons,docs/accessanalyzer/11.6/solutions/databases/oracle/activity/oracle_logons.md,Covered by 12.0 — see docs/accessanalyzer/12.0/solutions/databases/oracle/activity/oracle_logons.md,,,,,
Oracle_PermissionChanges Job,11.6,https://docs.netwrix.com/docs/accessanalyzer/11_6/solutions/databases/oracle/activity/oracle_permissionchanges,docs/accessanalyzer/11.6/solutions/databases/oracle/activity/oracle_permissionchanges.md,Covered by 12.0 — see docs/accessanalyzer/12.0/solutions/databases/oracle/activity/oracle_permissionchanges.md,,,,,
Oracle_SchemaChanges Job,11.6,https://docs.netwrix.com/docs/accessanalyzer/11_6/solutions/databases/oracle/activity/oracle_schemachanges,docs/accessanalyzer/11.6/solutions/databases/oracle/activity/oracle_schemachanges.md,Covered by 12.0 — see docs/accessanalyzer/12.0/solutions/databases/oracle/activity/oracle_schemachanges.md,,,,,
Oracle_SensitiveDataActivity Job,11.6,https://docs.netwrix.com/docs/accessanalyzer/11_6/solutions/databases/oracle/activity/oracle_sensitivedataactivity,docs/accessanalyzer/11.6/solutions/databases/oracle/activity/oracle_sensitivedataactivity.md,Covered by 12.0 — see docs/accessanalyzer/12.0/solutions/databases/oracle/activity/oracle_sensitivedataactivity.md,,,,,
Oracle_SuspiciousActivity Job,11.6,https://docs.netwrix.com/docs/accessanalyzer/11_6/solutions/databases/oracle/activity/oracle_suspiciousactivity,docs/accessanalyzer/11.6/solutions/databases/oracle/activity/oracle_suspiciousactivity.md,Covered by 12.0 — see docs/accessanalyzer/12.0/solutions/databases/oracle/activity/oracle_suspiciousactivity.md,,,,,
Oracle_UnusualActivity Job,11.6,https://docs.netwrix.com/docs/accessanalyzer/11_6/solutions/databases/oracle/activity/oracle_unusualactivity,docs/accessanalyzer/11.6/solutions/databases/oracle/activity/oracle_unusualactivity.md,Covered by 12.0 — see docs/accessanalyzer/12.0/solutions/databases/oracle/activity/oracle_unusualactivity.md,,,,,
2.Activity Job Group,11.6,https://docs.netwrix.com/docs/accessanalyzer/11_6/solutions/databases/oracle/activity/overview,docs/accessanalyzer/11.6/solutions/databases/oracle/activity/overview.md,,,,,,
0-Oracle_Servers Job,11.6,https://docs.netwrix.com/docs/accessanalyzer/11_6/solutions/databases/oracle/collection/oracle_servers,docs/accessanalyzer/11.6/solutions/databases/oracle/collection/0-oracle_servers.md,,,,,,
1-Oracle_PermissionsScan Job,11.6,https://docs.netwrix.com/docs/accessanalyzer/11_6/solutions/databases/oracle/collection/oracle_permissionsscan,docs/accessanalyzer/11.6/solutions/databases/oracle/collection/1-oracle_permissionsscan.md,Covered by 12.0 — see docs/accessanalyzer/12.0/solutions/databases/oracle/collection/1-oracle_permissionsscan.md,,,,,
2-Oracle_SensitiveDataScan Job,11.6,https://docs.netwrix.com/docs/accessanalyzer/11_6/solutions/databases/oracle/collection/oracle_sensitivedatascan,docs/accessanalyzer/11.6/solutions/databases/oracle/collection/2-oracle_sensitivedatascan.md,,,,,,
3-Oracle_ActivityScan Job,11.6,https://docs.netwrix.com/docs/accessanalyzer/11_6/solutions/databases/oracle/collection/oracle_activityscan,docs/accessanalyzer/11.6/solutions/databases/oracle/collection/3-oracle_activityscan.md,Covered by 12.0 — see docs/accessanalyzer/12.0/solutions/databases/oracle/collection/3-oracle_activityscan.md,,,,,
4-Oracle_DefaultPasswordUsers Job,11.6,https://docs.netwrix.com/docs/accessanalyzer/11_6/solutions/databases/oracle/collection/oracle_defaultpasswordusers,docs/accessanalyzer/11.6/solutions/databases/oracle/collection/4-oracle_defaultpasswordusers.md,Covered by 12.0 — see docs/accessanalyzer/12.0/solutions/databases/oracle/collection/4-oracle_defaultpasswordusers.md,,,,,
5-Oracle_Configuration Job,11.6,https://docs.netwrix.com/docs/accessanalyzer/11_6/solutions/databases/oracle/collection/oracle_configuration,docs/accessanalyzer/11.6/solutions/databases/oracle/collection/5-oracle_configuration.md,Covered by 12.0 — see docs/accessanalyzer/12.0/solutions/databases/oracle/collection/5-oracle_configuration.md,,,,,
0.Collection Job Group,11.6,https://docs.netwrix.com/docs/accessanalyzer/11_6/solutions/databases/oracle/collection/overview,docs/accessanalyzer/11.6/solutions/databases/oracle/collection/overview.md,,,,,,
Oracle_DatabaseLinks Job,11.6,https://docs.netwrix.com/docs/accessanalyzer/11_6/solutions/databases/oracle/configuration/oracle_databaselinks,docs/accessanalyzer/11.6/solutions/databases/oracle/configuration/oracle_databaselinks.md,Covered by 12.0 — see docs/accessanalyzer/12.0/solutions/databases/oracle/configuration/oracle_databaselinks.md,,,,,
Oracle_DatabaseSizing Job,11.6,https://docs.netwrix.com/docs/accessanalyzer/11_6/solutions/databases/oracle/configuration/oracle_databasesizing,docs/accessanalyzer/11.6/solutions/databases/oracle/configuration/oracle_databasesizing.md,Covered by 12.0 — see docs/accessanalyzer/12.0/solutions/databases/oracle/configuration/oracle_databasesizing.md,,,,,
Oracle_DataDictionaryProtection Job,11.6,https://docs.netwrix.com/docs/accessanalyzer/11_6/solutions/databases/oracle/configuration/oracle_datadictionaryprotection,docs/accessanalyzer/11.6/solutions/databases/oracle/configuration/oracle_datadictionaryprotection.md,Covered by 12.0 — see docs/accessanalyzer/12.0/solutions/databases/oracle/configuration/oracle_datadictionaryprotection.md,,,,,
Oracle_InstanceNameIssues Job,11.6,https://docs.netwrix.com/docs/accessanalyzer/11_6/solutions/databases/oracle/configuration/oracle_instancenameissues,docs/accessanalyzer/11.6/solutions/databases/oracle/configuration/oracle_instancenameissues.md,Covered by 12.0 — see docs/accessanalyzer/12.0/solutions/databases/oracle/configuration/oracle_instancenameissues.md,,,,,
Oracle_RemoteOSAuthentication Job,11.6,https://docs.netwrix.com/docs/accessanalyzer/11_6/solutions/databases/oracle/configuration/oracle_remoteosauthentication,docs/accessanalyzer/11.6/solutions/databases/oracle/configuration/oracle_remoteosauthentication.md,Covered by 12.0 — see docs/accessanalyzer/12.0/solutions/databases/oracle/configuration/oracle_remoteosauthentication.md,,,,,
4.Configuration Job Group,11.6,https://docs.netwrix.com/docs/accessanalyzer/11_6/solutions/databases/oracle/configuration/overview,docs/accessanalyzer/11.6/solutions/databases/oracle/configuration/overview.md,,,,,,
Oracle_SecurityAssessment Job,11.6,https://docs.netwrix.com/docs/accessanalyzer/11_6/solutions/databases/oracle/oracle_securityassessment,docs/accessanalyzer/11.6/solutions/databases/oracle/oracle_securityassessment.md,Covered by 12.0 — see docs/accessanalyzer/12.0/solutions/databases/oracle/oracle_securityassessment.md,,,,,
Oracle Solution,11.6,https://docs.netwrix.com/docs/accessanalyzer/11_6/solutions/databases/oracle/overview,docs/accessanalyzer/11.6/solutions/databases/oracle/overview.md,,,,,,
Oracle_DomainUserPermissions Job,11.6,https://docs.netwrix.com/docs/accessanalyzer/11_6/solutions/databases/oracle/permissions/oracle_domainuserpermissions,docs/accessanalyzer/11.6/solutions/databases/oracle/permissions/oracle_domainuserpermissions.md,Covered by 12.0 — see docs/accessanalyzer/12.0/solutions/databases/oracle/permissions/oracle_domainuserpermissions.md,,,,,
Oracle_ObjectPermissions Job,11.6,https://docs.netwrix.com/docs/accessanalyzer/11_6/solutions/databases/oracle/permissions/oracle_objectpermissions,docs/accessanalyzer/11.6/solutions/databases/oracle/permissions/oracle_objectpermissions.md,Covered by 12.0 — see docs/accessanalyzer/12.0/solutions/databases/oracle/permissions/oracle_objectpermissions.md,,,,,
Oracle_PublicPermissions Job,11.6,https://docs.netwrix.com/docs/accessanalyzer/11_6/solutions/databases/oracle/permissions/oracle_publicpermissions,docs/accessanalyzer/11.6/solutions/databases/oracle/permissions/oracle_publicpermissions.md,Covered by 12.0 — see docs/accessanalyzer/12.0/solutions/databases/oracle/permissions/oracle_publicpermissions.md,,,,,
Oracle_ServerPermissions Job,11.6,https://docs.netwrix.com/docs/accessanalyzer/11_6/solutions/databases/oracle/permissions/oracle_serverpermissions,docs/accessanalyzer/11.6/solutions/databases/oracle/permissions/oracle_serverpermissions.md,Covered by 12.0 — see docs/accessanalyzer/12.0/solutions/databases/oracle/permissions/oracle_serverpermissions.md,,,,,
Oracle_SysSchemaPermissions Job,11.6,https://docs.netwrix.com/docs/accessanalyzer/11_6/solutions/databases/oracle/permissions/oracle_sysschemapermissions,docs/accessanalyzer/11.6/solutions/databases/oracle/permissions/oracle_sysschemapermissions.md,Covered by 12.0 — see docs/accessanalyzer/12.0/solutions/databases/oracle/permissions/oracle_sysschemapermissions.md,,,,,
3.Permissions Job Group,11.6,https://docs.netwrix.com/docs/accessanalyzer/11_6/solutions/databases/oracle/permissions/overview,docs/accessanalyzer/11.6/solutions/databases/oracle/permissions/overview.md,,,,,,
Recommended Configuration,11.6,https://docs.netwrix.com/docs/accessanalyzer/11_6/solutions/databases/oracle/recommended,docs/accessanalyzer/11.6/solutions/databases/oracle/recommended.md,,,,,,
Oracle_SensitiveData Job,11.6,https://docs.netwrix.com/docs/accessanalyzer/11_6/solutions/databases/oracle/sensitivedata/oracle_sensitivedata,docs/accessanalyzer/11.6/solutions/databases/oracle/sensitivedata/oracle_sensitivedata.md,Covered by 12.0 — see docs/accessanalyzer/12.0/solutions/databases/oracle/sensitivedata/oracle_sensitivedata.md,,,,,
Oracle_SensitiveDataPermissions Job,11.6,https://docs.netwrix.com/docs/accessanalyzer/11_6/solutions/databases/oracle/sensitivedata/oracle_sensitivedatapermissions,docs/accessanalyzer/11.6/solutions/databases/oracle/sensitivedata/oracle_sensitivedatapermissions.md,Covered by 12.0 — see docs/accessanalyzer/12.0/solutions/databases/oracle/sensitivedata/oracle_sensitivedatapermissions.md,,,,,
5.Sensitive Data Job Group,11.6,https://docs.netwrix.com/docs/accessanalyzer/11_6/solutions/databases/oracle/sensitivedata/overview,docs/accessanalyzer/11.6/solutions/databases/oracle/sensitivedata/overview.md,,,,,,
Oracle_PasswordIssues Job,11.6,https://docs.netwrix.com/docs/accessanalyzer/11_6/solutions/databases/oracle/usersroles/oracle_passwordissues,docs/accessanalyzer/11.6/solutions/databases/oracle/usersroles/oracle_passwordissues.md,,,,,,
Oracle_RoleMembers Job,11.6,https://docs.netwrix.com/docs/accessanalyzer/11_6/solutions/databases/oracle/usersroles/oracle_rolemembers,docs/accessanalyzer/11.6/solutions/databases/oracle/usersroles/oracle_rolemembers.md,,,,,,
Oracle_SystemAdministrators Job,11.6,https://docs.netwrix.com/docs/accessanalyzer/11_6/solutions/databases/oracle/usersroles/oracle_systemadministrators,docs/accessanalyzer/11.6/solutions/databases/oracle/usersroles/oracle_systemadministrators.md,Covered by 12.0 — see docs/accessanalyzer/12.0/solutions/databases/oracle/usersroles/oracle_systemadministrators.md,,,,,
Oracle_Users Job,11.6,https://docs.netwrix.com/docs/accessanalyzer/11_6/solutions/databases/oracle/usersroles/oracle_users,docs/accessanalyzer/11.6/solutions/databases/oracle/usersroles/oracle_users.md,Covered by 12.0 — see docs/accessanalyzer/12.0/solutions/databases/oracle/usersroles/oracle_users.md,,,,,
1.Users and Roles Job Group,11.6,https://docs.netwrix.com/docs/accessanalyzer/11_6/solutions/databases/oracle/usersroles/overview,docs/accessanalyzer/11.6/solutions/databases/oracle/usersroles/overview.md,,,,,,
Databases Solutions,11.6,https://docs.netwrix.com/docs/accessanalyzer/11_6/solutions/databases/overview,docs/accessanalyzer/11.6/solutions/databases/overview.md,,,,,,
0.Collection Job Group,11.6,https://docs.netwrix.com/docs/accessanalyzer/11_6/solutions/databases/postgresql/collection/overview,docs/accessanalyzer/11.6/solutions/databases/postgresql/collection/overview.md,,,,,,
PgSQL_Configuration Job,11.6,https://docs.netwrix.com/docs/accessanalyzer/11_6/solutions/databases/postgresql/collection/pgsql_configuration,docs/accessanalyzer/11.6/solutions/databases/postgresql/collection/pgsql_configuration.md,,,,,,
PgSQL_SensitiveDataScan Job,11.6,https://docs.netwrix.com/docs/accessanalyzer/11_6/solutions/databases/postgresql/collection/pgsql_sensitivedatascan,docs/accessanalyzer/11.6/solutions/databases/postgresql/collection/pgsql_sensitivedatascan.md,,,,,,
PgSQL_TablePrivileges Job,11.6,https://docs.netwrix.com/docs/accessanalyzer/11_6/solutions/databases/postgresql/collection/pgsql_tableprivileges,docs/accessanalyzer/11.6/solutions/databases/postgresql/collection/pgsql_tableprivileges.md,Covered by 12.0 — see docs/accessanalyzer/12.0/solutions/databases/postgresql/collection/pgsql_tableprivileges.md,,,,,
PostgreSQL Solution,11.6,https://docs.netwrix.com/docs/accessanalyzer/11_6/solutions/databases/postgresql/overview,docs/accessanalyzer/11.6/solutions/databases/postgresql/overview.md,,,,,,
Configuration > PgSQL_DatabaseSizing Job,11.6,https://docs.netwrix.com/docs/accessanalyzer/11_6/solutions/databases/postgresql/pgsql_databasesizing,docs/accessanalyzer/11.6/solutions/databases/postgresql/pgsql_databasesizing.md,Covered by 12.0 — see docs/accessanalyzer/12.0/solutions/databases/postgresql/pgsql_databasesizing.md,,,,,
Recommended Configuration for the PostgreSQL Solution,11.6,https://docs.netwrix.com/docs/accessanalyzer/11_6/solutions/databases/postgresql/recommended,docs/accessanalyzer/11.6/solutions/databases/postgresql/recommended.md,,,,,,
Sensitive Data Job Group,11.6,https://docs.netwrix.com/docs/accessanalyzer/11_6/solutions/databases/postgresql/sensitivedata/overview,docs/accessanalyzer/11.6/solutions/databases/postgresql/sensitivedata/overview.md,,,,,,
PgSQL_SensitiveData Job,11.6,https://docs.netwrix.com/docs/accessanalyzer/11_6/solutions/databases/postgresql/sensitivedata/pgsql_sensitivedata,docs/accessanalyzer/11.6/solutions/databases/postgresql/sensitivedata/pgsql_sensitivedata.md,Covered by 12.0 — see docs/accessanalyzer/12.0/solutions/databases/postgresql/sensitivedata/pgsql_sensitivedata.md,,,,,
PgSQL_SensitiveDataPermissions Job,11.6,https://docs.netwrix.com/docs/accessanalyzer/11_6/solutions/databases/postgresql/sensitivedata/pgsql_sensitivedatapermissions,docs/accessanalyzer/11.6/solutions/databases/postgresql/sensitivedata/pgsql_sensitivedatapermissions.md,Covered by 12.0 — see docs/accessanalyzer/12.0/solutions/databases/postgresql/sensitivedata/pgsql_sensitivedatapermissions.md,,,,,
0.Collection Job Group,11.6,https://docs.netwrix.com/docs/accessanalyzer/11_6/solutions/databases/redshift/collection/overview,docs/accessanalyzer/11.6/solutions/databases/redshift/collection/overview.md,,,,,,
Redshift_Configuration Job,11.6,https://docs.netwrix.com/docs/accessanalyzer/11_6/solutions/databases/redshift/collection/redshift_configuration,docs/accessanalyzer/11.6/solutions/databases/redshift/collection/redshift_configuration.md,Covered by 12.0 — see docs/accessanalyzer/12.0/solutions/databases/redshift/collection/redshift_configuration.md,,,,,
Redshift_SensitiveDataScan Job,11.6,https://docs.netwrix.com/docs/accessanalyzer/11_6/solutions/databases/redshift/collection/redshift_sensitivedatascan,docs/accessanalyzer/11.6/solutions/databases/redshift/collection/redshift_sensitivedatascan.md,,,,,,
Redshift_TablePrivileges Job,11.6,https://docs.netwrix.com/docs/accessanalyzer/11_6/solutions/databases/redshift/collection/redshift_tableprivileges,docs/accessanalyzer/11.6/solutions/databases/redshift/collection/redshift_tableprivileges.md,Covered by 12.0 — see docs/accessanalyzer/12.0/solutions/databases/redshift/collection/redshift_tableprivileges.md,,,,,
Redshift Solution,11.6,https://docs.netwrix.com/docs/accessanalyzer/11_6/solutions/databases/redshift/overview,docs/accessanalyzer/11.6/solutions/databases/redshift/overview.md,,,,,,
Recommended Configuration for the Redshift Solution,11.6,https://docs.netwrix.com/docs/accessanalyzer/11_6/solutions/databases/redshift/recommended,docs/accessanalyzer/11.6/solutions/databases/redshift/recommended.md,,,,,,
Configuration > Redshift_DatabaseSizing Job,11.6,https://docs.netwrix.com/docs/accessanalyzer/11_6/solutions/databases/redshift/redshift_databasesizing,docs/accessanalyzer/11.6/solutions/databases/redshift/redshift_databasesizing.md,Covered by 12.0 — see docs/accessanalyzer/12.0/solutions/databases/redshift/redshift_databasesizing.md,,,,,
Sensitive Data Job Group,11.6,https://docs.netwrix.com/docs/accessanalyzer/11_6/solutions/databases/redshift/sensitivedata/overview,docs/accessanalyzer/11.6/solutions/databases/redshift/sensitivedata/overview.md,,,,,,
Redshift_SensitiveData Job,11.6,https://docs.netwrix.com/docs/accessanalyzer/11_6/solutions/databases/redshift/sensitivedata/redshift_sensitivedata,docs/accessanalyzer/11.6/solutions/databases/redshift/sensitivedata/redshift_sensitivedata.md,,,,,,
Redshift_SensitiveDataPermissions Job,11.6,https://docs.netwrix.com/docs/accessanalyzer/11_6/solutions/databases/redshift/sensitivedata/redshift_sensitivedatapermissions,docs/accessanalyzer/11.6/solutions/databases/redshift/sensitivedata/redshift_sensitivedatapermissions.md,,,,,,
2.Activity Job Group,11.6,https://docs.netwrix.com/docs/accessanalyzer/11_6/solutions/databases/sql/activity/overview,docs/accessanalyzer/11.6/solutions/databases/sql/activity/overview.md,,,,,,
SQL_Activity Job,11.6,https://docs.netwrix.com/docs/accessanalyzer/11_6/solutions/databases/sql/activity/sql_activity,docs/accessanalyzer/11.6/solutions/databases/sql/activity/sql_activity.md,Covered by 12.0 — see docs/accessanalyzer/12.0/solutions/databases/sql/activity/sql_activity.md,,,,,
SQL_Logons Job,11.6,https://docs.netwrix.com/docs/accessanalyzer/11_6/solutions/databases/sql/activity/sql_logons,docs/accessanalyzer/11.6/solutions/databases/sql/activity/sql_logons.md,Covered by 12.0 — see docs/accessanalyzer/12.0/solutions/databases/sql/activity/sql_logons.md,,,,,
SQL_PermissionChanges Job,11.6,https://docs.netwrix.com/docs/accessanalyzer/11_6/solutions/databases/sql/activity/sql_permissionchanges,docs/accessanalyzer/11.6/solutions/databases/sql/activity/sql_permissionchanges.md,Covered by 12.0 — see docs/accessanalyzer/12.0/solutions/databases/sql/activity/sql_permissionchanges.md,,,,,
SQL_SensitiveDataActivity Job,11.6,https://docs.netwrix.com/docs/accessanalyzer/11_6/solutions/databases/sql/activity/sql_sensitivedataactivity,docs/accessanalyzer/11.6/solutions/databases/sql/activity/sql_sensitivedataactivity.md,Covered by 12.0 — see docs/accessanalyzer/12.0/solutions/databases/sql/activity/sql_sensitivedataactivity.md,,,,,
SQL_UnusualActivity Job,11.6,https://docs.netwrix.com/docs/accessanalyzer/11_6/solutions/databases/sql/activity/sql_unusualactivity,docs/accessanalyzer/11.6/solutions/databases/sql/activity/sql_unusualactivity.md,Covered by 12.0 — see docs/accessanalyzer/12.0/solutions/databases/sql/activity/sql_unusualactivity.md,,,,,
0-AzureSQL_InstanceDiscovery Job,11.6,https://docs.netwrix.com/docs/accessanalyzer/11_6/solutions/databases/sql/collection-azuresql/azuresql_instancediscovery,docs/accessanalyzer/11.6/solutions/databases/sql/collection-azuresql/0-azuresql_instancediscovery.md,,,,,,
1-AzureSQL_PermissionScan Job,11.6,https://docs.netwrix.com/docs/accessanalyzer/11_6/solutions/databases/sql/collection-azuresql/azuresql_permissionscan,docs/accessanalyzer/11.6/solutions/databases/sql/collection-azuresql/1-azuresql_permissionscan.md,,,,,,
2-AzureSQL_SensitiveDataScan Job,11.6,https://docs.netwrix.com/docs/accessanalyzer/11_6/solutions/databases/sql/collection-azuresql/azuresql_sensitivedatascan,docs/accessanalyzer/11.6/solutions/databases/sql/collection-azuresql/2-azuresql_sensitivedatascan.md,,,,,,
3-AzureSQL_ActivityScan Job,11.6,https://docs.netwrix.com/docs/accessanalyzer/11_6/solutions/databases/sql/collection-azuresql/azuresql_activityscan,docs/accessanalyzer/11.6/solutions/databases/sql/collection-azuresql/3-azuresql_activityscan.md,,,,,,
4-AzureSQL_ServerSettings Job,11.6,https://docs.netwrix.com/docs/accessanalyzer/11_6/solutions/databases/sql/collection-azuresql/azuresql_serversettings,docs/accessanalyzer/11.6/solutions/databases/sql/collection-azuresql/4-azuresql_serversettings.md,,,,,,
0.Collection > Azure SQL Job Group,11.6,https://docs.netwrix.com/docs/accessanalyzer/11_6/solutions/databases/sql/collection-azuresql/overview,docs/accessanalyzer/11.6/solutions/databases/sql/collection-azuresql/overview.md,,,,,,
0-SQL_InstanceDiscovery Job,11.6,https://docs.netwrix.com/docs/accessanalyzer/11_6/solutions/databases/sql/collection/sql_instancediscovery,docs/accessanalyzer/11.6/solutions/databases/sql/collection/0-sql_instancediscovery.md,Covered by 12.0 — see docs/accessanalyzer/12.0/solutions/databases/sql/collection/0-sql_instancediscovery.md,,,,,
1-SQL_PermissionsScan,11.6,https://docs.netwrix.com/docs/accessanalyzer/11_6/solutions/databases/sql/collection/sql_permissionsscan,docs/accessanalyzer/11.6/solutions/databases/sql/collection/1-sql_permissionsscan.md,,,,,,
2-SQL_SensitiveDataScan Job,11.6,https://docs.netwrix.com/docs/accessanalyzer/11_6/solutions/databases/sql/collection/sql_sensitivedatascan,docs/accessanalyzer/11.6/solutions/databases/sql/collection/2-sql_sensitivedatascan.md,,,,,,
3-SQL_ActivityScan Job,11.6,https://docs.netwrix.com/docs/accessanalyzer/11_6/solutions/databases/sql/collection/sql_activityscan,docs/accessanalyzer/11.6/solutions/databases/sql/collection/3-sql_activityscan.md,,,,,,
4-SQL_ServerLogons Job,11.6,https://docs.netwrix.com/docs/accessanalyzer/11_6/solutions/databases/sql/collection/sql_serverlogons,docs/accessanalyzer/11.6/solutions/databases/sql/collection/4-sql_serverlogons.md,,,,,,
5-SQL_ServerSettings Job,11.6,https://docs.netwrix.com/docs/accessanalyzer/11_6/solutions/databases/sql/collection/sql_serversettings,docs/accessanalyzer/11.6/solutions/databases/sql/collection/5-sql_serversettings.md,,,,,,
0.Collection > SQL Job Group,11.6,https://docs.netwrix.com/docs/accessanalyzer/11_6/solutions/databases/sql/collection/overview,docs/accessanalyzer/11.6/solutions/databases/sql/collection/overview.md,,,,,,
4.Configuration Job Group,11.6,https://docs.netwrix.com/docs/accessanalyzer/11_6/solutions/databases/sql/configuration/overview,docs/accessanalyzer/11.6/solutions/databases/sql/configuration/overview.md,,,,,,
SQL_Authentication Job,11.6,https://docs.netwrix.com/docs/accessanalyzer/11_6/solutions/databases/sql/configuration/sql_authentication,docs/accessanalyzer/11.6/solutions/databases/sql/configuration/sql_authentication.md,Covered by 12.0 — see docs/accessanalyzer/12.0/solutions/databases/sql/configuration/sql_authentication.md,,,,,
SQL_BestPractices Job,11.6,https://docs.netwrix.com/docs/accessanalyzer/11_6/solutions/databases/sql/configuration/sql_bestpractices,docs/accessanalyzer/11.6/solutions/databases/sql/configuration/sql_bestpractices.md,Covered by 12.0 — see docs/accessanalyzer/12.0/solutions/databases/sql/configuration/sql_bestpractices.md,,,,,
SQL_CMDShell Job,11.6,https://docs.netwrix.com/docs/accessanalyzer/11_6/solutions/databases/sql/configuration/sql_cmdshell,docs/accessanalyzer/11.6/solutions/databases/sql/configuration/sql_cmdshell.md,Covered by 12.0 — see docs/accessanalyzer/12.0/solutions/databases/sql/configuration/sql_cmdshell.md,,,,,
SQL_DatabaseSizing Job,11.6,https://docs.netwrix.com/docs/accessanalyzer/11_6/solutions/databases/sql/configuration/sql_databasesizing,docs/accessanalyzer/11.6/solutions/databases/sql/configuration/sql_databasesizing.md,Covered by 12.0 — see docs/accessanalyzer/12.0/solutions/databases/sql/configuration/sql_databasesizing.md,,,,,
SQL_LinkedServers Job,11.6,https://docs.netwrix.com/docs/accessanalyzer/11_6/solutions/databases/sql/configuration/sql_linkedservers,docs/accessanalyzer/11.6/solutions/databases/sql/configuration/sql_linkedservers.md,Covered by 12.0 — see docs/accessanalyzer/12.0/solutions/databases/sql/configuration/sql_linkedservers.md,,,,,
SQL Job Group,11.6,https://docs.netwrix.com/docs/accessanalyzer/11_6/solutions/databases/sql/overview,docs/accessanalyzer/11.6/solutions/databases/sql/overview.md,,,,,,
3.Permissions Job Group,11.6,https://docs.netwrix.com/docs/accessanalyzer/11_6/solutions/databases/sql/permissions/overview,docs/accessanalyzer/11.6/solutions/databases/sql/permissions/overview.md,,,,,,
SQL_ControlServer Job,11.6,https://docs.netwrix.com/docs/accessanalyzer/11_6/solutions/databases/sql/permissions/sql_controlserver,docs/accessanalyzer/11.6/solutions/databases/sql/permissions/sql_controlserver.md,Covered by 12.0 — see docs/accessanalyzer/12.0/solutions/databases/sql/permissions/sql_controlserver.md,,,,,
SQL_DirectPermissions Job,11.6,https://docs.netwrix.com/docs/accessanalyzer/11_6/solutions/databases/sql/permissions/sql_directpermissions,docs/accessanalyzer/11.6/solutions/databases/sql/permissions/sql_directpermissions.md,Covered by 12.0 — see docs/accessanalyzer/12.0/solutions/databases/sql/permissions/sql_directpermissions.md,,,,,
SQL_DomainUserPermissions Job,11.6,https://docs.netwrix.com/docs/accessanalyzer/11_6/solutions/databases/sql/permissions/sql_domainuserpermissions,docs/accessanalyzer/11.6/solutions/databases/sql/permissions/sql_domainuserpermissions.md,Covered by 12.0 — see docs/accessanalyzer/12.0/solutions/databases/sql/permissions/sql_domainuserpermissions.md,,,,,
SQL_PublicPermissions Job,11.6,https://docs.netwrix.com/docs/accessanalyzer/11_6/solutions/databases/sql/permissions/sql_publicpermissions,docs/accessanalyzer/11.6/solutions/databases/sql/permissions/sql_publicpermissions.md,Covered by 12.0 — see docs/accessanalyzer/12.0/solutions/databases/sql/permissions/sql_publicpermissions.md,,,,,
SQL_ServerPermissions Job,11.6,https://docs.netwrix.com/docs/accessanalyzer/11_6/solutions/databases/sql/permissions/sql_serverpermissions,docs/accessanalyzer/11.6/solutions/databases/sql/permissions/sql_serverpermissions.md,Covered by 12.0 — see docs/accessanalyzer/12.0/solutions/databases/sql/permissions/sql_serverpermissions.md,,,,,
Recommended Configurations,11.6,https://docs.netwrix.com/docs/accessanalyzer/11_6/solutions/databases/sql/recommended,docs/accessanalyzer/11.6/solutions/databases/sql/recommended.md,,,,,,
5.Sensitive Data Job Group,11.6,https://docs.netwrix.com/docs/accessanalyzer/11_6/solutions/databases/sql/sensitivedata/overview,docs/accessanalyzer/11.6/solutions/databases/sql/sensitivedata/overview.md,,,,,,
SQL_SensitiveData Job,11.6,https://docs.netwrix.com/docs/accessanalyzer/11_6/solutions/databases/sql/sensitivedata/sql_sensitivedata,docs/accessanalyzer/11.6/solutions/databases/sql/sensitivedata/sql_sensitivedata.md,Covered by 12.0 — see docs/accessanalyzer/12.0/solutions/databases/sql/sensitivedata/sql_sensitivedata.md,,,,,
SQL_SensitiveDataPermissions Job,11.6,https://docs.netwrix.com/docs/accessanalyzer/11_6/solutions/databases/sql/sensitivedata/sql_sensitivedatapermissions,docs/accessanalyzer/11.6/solutions/databases/sql/sensitivedata/sql_sensitivedatapermissions.md,Covered by 12.0 — see docs/accessanalyzer/12.0/solutions/databases/sql/sensitivedata/sql_sensitivedatapermissions.md,,,,,
SQL_SecurityAssessment Job,11.6,https://docs.netwrix.com/docs/accessanalyzer/11_6/solutions/databases/sql/sql_securityassessment,docs/accessanalyzer/11.6/solutions/databases/sql/sql_securityassessment.md,Covered by 12.0 — see docs/accessanalyzer/12.0/solutions/databases/sql/sql_securityassessment.md,,,,,
1.Users and Roles Job Group,11.6,https://docs.netwrix.com/docs/accessanalyzer/11_6/solutions/databases/sql/usersroles/overview,docs/accessanalyzer/11.6/solutions/databases/sql/usersroles/overview.md,,,,,,
SQL_DatabasePrinciples Job,11.6,https://docs.netwrix.com/docs/accessanalyzer/11_6/solutions/databases/sql/usersroles/sql_databaseprinciples,docs/accessanalyzer/11.6/solutions/databases/sql/usersroles/sql_databaseprinciples.md,Covered by 12.0 — see docs/accessanalyzer/12.0/solutions/databases/sql/usersroles/sql_databaseprinciples.md,,,,,
SQL_PasswordIssues Job,11.6,https://docs.netwrix.com/docs/accessanalyzer/11_6/solutions/databases/sql/usersroles/sql_passwordissues,docs/accessanalyzer/11.6/solutions/databases/sql/usersroles/sql_passwordissues.md,,,,,,
SQL_RoleMembers Job,11.6,https://docs.netwrix.com/docs/accessanalyzer/11_6/solutions/databases/sql/usersroles/sql_rolemembers,docs/accessanalyzer/11.6/solutions/databases/sql/usersroles/sql_rolemembers.md,Covered by 12.0 — see docs/accessanalyzer/12.0/solutions/databases/sql/usersroles/sql_rolemembers.md,,,,,
SQL_ServerPrincipals Job,11.6,https://docs.netwrix.com/docs/accessanalyzer/11_6/solutions/databases/sql/usersroles/sql_serverprincipals,docs/accessanalyzer/11.6/solutions/databases/sql/usersroles/sql_serverprincipals.md,Covered by 12.0 — see docs/accessanalyzer/12.0/solutions/databases/sql/usersroles/sql_serverprincipals.md,,,,,
SQL_SQLLogins Job,11.6,https://docs.netwrix.com/docs/accessanalyzer/11_6/solutions/databases/sql/usersroles/sql_sqllogins,docs/accessanalyzer/11.6/solutions/databases/sql/usersroles/sql_sqllogins.md,Covered by 12.0 — see docs/accessanalyzer/12.0/solutions/databases/sql/usersroles/sql_sqllogins.md,,,,,
SQL_SysAdmins Job,11.6,https://docs.netwrix.com/docs/accessanalyzer/11_6/solutions/databases/sql/usersroles/sql_sysadmins,docs/accessanalyzer/11.6/solutions/databases/sql/usersroles/sql_sysadmins.md,Covered by 12.0 — see docs/accessanalyzer/12.0/solutions/databases/sql/usersroles/sql_sysadmins.md,,,,,
1-Dropbox_Permissions Scan Job,11.6,https://docs.netwrix.com/docs/accessanalyzer/11_6/solutions/dropbox/collection/dropbox_permissions_scan,docs/accessanalyzer/11.6/solutions/dropbox/collection/1-dropbox_permissions_scan.md,,,,,,
1-Dropbox_SDD Scan Job,11.6,https://docs.netwrix.com/docs/accessanalyzer/11_6/solutions/dropbox/collection/dropbox_sdd_scan,docs/accessanalyzer/11.6/solutions/dropbox/collection/1-dropbox_sdd_scan.md,,,,,,
2-Dropbox_Permissions Bulk Import Job,11.6,https://docs.netwrix.com/docs/accessanalyzer/11_6/solutions/dropbox/collection/dropbox_permissions_bulk_import,docs/accessanalyzer/11.6/solutions/dropbox/collection/2-dropbox_permissions_bulk_import.md,,,,,,
2-Dropbox_SDD Bulk Import Job,11.6,https://docs.netwrix.com/docs/accessanalyzer/11_6/solutions/dropbox/collection/dropbox_sdd_bulk_import,docs/accessanalyzer/11.6/solutions/dropbox/collection/2-dropbox_sdd_bulk_import.md,,,,,,
0.Collection Job Group,11.6,https://docs.netwrix.com/docs/accessanalyzer/11_6/solutions/dropbox/collection/overview,docs/accessanalyzer/11.6/solutions/dropbox/collection/overview.md,,,,,,
1.Access > Dropbox_Access Job,11.6,https://docs.netwrix.com/docs/accessanalyzer/11_6/solutions/dropbox/dropbox_access,docs/accessanalyzer/11.6/solutions/dropbox/dropbox_access.md,Covered by 12.0 — see docs/accessanalyzer/12.0/solutions/dropbox/dropbox_access.md,,,,,
4.Content > Dropbox_Content Job,11.6,https://docs.netwrix.com/docs/accessanalyzer/11_6/solutions/dropbox/dropbox_content,docs/accessanalyzer/11.6/solutions/dropbox/dropbox_content.md,,,,,,
3.Group Membership > Dropbox_GroupMembership Job,11.6,https://docs.netwrix.com/docs/accessanalyzer/11_6/solutions/dropbox/dropbox_groupmembership,docs/accessanalyzer/11.6/solutions/dropbox/dropbox_groupmembership.md,Covered by 12.0 — see docs/accessanalyzer/12.0/solutions/dropbox/dropbox_groupmembership.md,,,,,
5.Sensitive Data > Dropbox_SensitiveData Job,11.6,https://docs.netwrix.com/docs/accessanalyzer/11_6/solutions/dropbox/dropbox_sensitivedata,docs/accessanalyzer/11.6/solutions/dropbox/dropbox_sensitivedata.md,Covered by 12.0 — see docs/accessanalyzer/12.0/solutions/dropbox/dropbox_sensitivedata.md,,,,,
2.Sharing > Dropbox_Sharing Job,11.6,https://docs.netwrix.com/docs/accessanalyzer/11_6/solutions/dropbox/dropbox_sharing,docs/accessanalyzer/11.6/solutions/dropbox/dropbox_sharing.md,Covered by 12.0 — see docs/accessanalyzer/12.0/solutions/dropbox/dropbox_sharing.md,,,,,
Dropbox Solution,11.6,https://docs.netwrix.com/docs/accessanalyzer/11_6/solutions/dropbox/overview,docs/accessanalyzer/11.6/solutions/dropbox/overview.md,,,,,,
Recommended Configurations for the Dropbox Solution,11.6,https://docs.netwrix.com/docs/accessanalyzer/11_6/solutions/dropbox/recommended,docs/accessanalyzer/11.6/solutions/dropbox/recommended.md,,,,,,
AAD_CircularNesting Job,11.6,https://docs.netwrix.com/docs/accessanalyzer/11_6/solutions/entraid/groups/aad_circularnesting,docs/accessanalyzer/11.6/solutions/entraid/groups/aad_circularnesting.md,Covered by 12.0 — see docs/accessanalyzer/12.0/solutions/entraid/groups/aad_circularnesting.md,,,,,
AAD_DuplicateGroups Job,11.6,https://docs.netwrix.com/docs/accessanalyzer/11_6/solutions/entraid/groups/aad_duplicategroups,docs/accessanalyzer/11.6/solutions/entraid/groups/aad_duplicategroups.md,Covered by 12.0 — see docs/accessanalyzer/12.0/solutions/entraid/groups/aad_duplicategroups.md,,,,,
AAD_EmptyGroups Job,11.6,https://docs.netwrix.com/docs/accessanalyzer/11_6/solutions/entraid/groups/aad_emptygroups,docs/accessanalyzer/11.6/solutions/entraid/groups/aad_emptygroups.md,Covered by 12.0 — see docs/accessanalyzer/12.0/solutions/entraid/groups/aad_emptygroups.md,,,,,
AAD_GroupDirSync Job,11.6,https://docs.netwrix.com/docs/accessanalyzer/11_6/solutions/entraid/groups/aad_groupdirsync,docs/accessanalyzer/11.6/solutions/entraid/groups/aad_groupdirsync.md,Covered by 12.0 — see docs/accessanalyzer/12.0/solutions/entraid/groups/aad_groupdirsync.md,,,,,
AAD_LargestGroups Job,11.6,https://docs.netwrix.com/docs/accessanalyzer/11_6/solutions/entraid/groups/aad_largestgroups,docs/accessanalyzer/11.6/solutions/entraid/groups/aad_largestgroups.md,Covered by 12.0 — see docs/accessanalyzer/12.0/solutions/entraid/groups/aad_largestgroups.md,,,,,
AAD_NestedGroups Job,11.6,https://docs.netwrix.com/docs/accessanalyzer/11_6/solutions/entraid/groups/aad_nestedgroups,docs/accessanalyzer/11.6/solutions/entraid/groups/aad_nestedgroups.md,Covered by 12.0 — see docs/accessanalyzer/12.0/solutions/entraid/groups/aad_nestedgroups.md,,,,,
AAD_ProbableOwners Job,11.6,https://docs.netwrix.com/docs/accessanalyzer/11_6/solutions/entraid/groups/aad_probableowners,docs/accessanalyzer/11.6/solutions/entraid/groups/aad_probableowners.md,Covered by 12.0 — see docs/accessanalyzer/12.0/solutions/entraid/groups/aad_probableowners.md,,,,,
AAD_StaleGroups Job,11.6,https://docs.netwrix.com/docs/accessanalyzer/11_6/solutions/entraid/groups/aad_stalegroups,docs/accessanalyzer/11.6/solutions/entraid/groups/aad_stalegroups.md,Covered by 12.0 — see docs/accessanalyzer/12.0/solutions/entraid/groups/aad_stalegroups.md,,,,,
1.Groups Job Group,11.6,https://docs.netwrix.com/docs/accessanalyzer/11_6/solutions/entraid/groups/overview,docs/accessanalyzer/11.6/solutions/entraid/groups/overview.md,,,,,,
Entra ID Solution,11.6,https://docs.netwrix.com/docs/accessanalyzer/11_6/solutions/entraid/overview,docs/accessanalyzer/11.6/solutions/entraid/overview.md,,,,,,
Recommended Configurations for Entra ID Job Group,11.6,https://docs.netwrix.com/docs/accessanalyzer/11_6/solutions/entraid/recommended,docs/accessanalyzer/11.6/solutions/entraid/recommended.md,,,,,,
AAD_DirectMembership Job,11.6,https://docs.netwrix.com/docs/accessanalyzer/11_6/solutions/entraid/users/aad_directmembership,docs/accessanalyzer/11.6/solutions/entraid/users/aad_directmembership.md,Covered by 12.0 — see docs/accessanalyzer/12.0/solutions/entraid/users/aad_directmembership.md,,,,,
AAD_DisabledUsers Job,11.6,https://docs.netwrix.com/docs/accessanalyzer/11_6/solutions/entraid/users/aad_disabledusers,docs/accessanalyzer/11.6/solutions/entraid/users/aad_disabledusers.md,Covered by 12.0 — see docs/accessanalyzer/12.0/solutions/entraid/users/aad_disabledusers.md,,,,,
AAD_StaleUsers Job,11.6,https://docs.netwrix.com/docs/accessanalyzer/11_6/solutions/entraid/users/aad_staleusers,docs/accessanalyzer/11.6/solutions/entraid/users/aad_staleusers.md,Covered by 12.0 — see docs/accessanalyzer/12.0/solutions/entraid/users/aad_staleusers.md,,,,,
AAD_UserAttributeCompletion Job,11.6,https://docs.netwrix.com/docs/accessanalyzer/11_6/solutions/entraid/users/aad_userattributecompletion,docs/accessanalyzer/11.6/solutions/entraid/users/aad_userattributecompletion.md,Covered by 12.0 — see docs/accessanalyzer/12.0/solutions/entraid/users/aad_userattributecompletion.md,,,,,
AAD_UserDirSync Job,11.6,https://docs.netwrix.com/docs/accessanalyzer/11_6/solutions/entraid/users/aad_userdirsync,docs/accessanalyzer/11.6/solutions/entraid/users/aad_userdirsync.md,Covered by 12.0 — see docs/accessanalyzer/12.0/solutions/entraid/users/aad_userdirsync.md,,,,,
2.Users Job Group,11.6,https://docs.netwrix.com/docs/accessanalyzer/11_6/solutions/entraid/users/overview,docs/accessanalyzer/11.6/solutions/entraid/users/overview.md,,,,,,
1-AAD_Scan Job,11.6,https://docs.netwrix.com/docs/accessanalyzer/11_6/solutions/entraidinventory/aad_scan,docs/accessanalyzer/11.6/solutions/entraidinventory/1-aad_scan.md,,,,,,
2-AAD_Exceptions Job,11.6,https://docs.netwrix.com/docs/accessanalyzer/11_6/solutions/entraidinventory/aad_exceptions,docs/accessanalyzer/11.6/solutions/entraidinventory/2-aad_exceptions.md,,,,,,
.Entra ID Inventory Solution,11.6,https://docs.netwrix.com/docs/accessanalyzer/11_6/solutions/entraidinventory/overview,docs/accessanalyzer/11.6/solutions/entraidinventory/overview.md,,,,,,
Recommended Configurations for the .Entra ID Inventory Job Group,11.6,https://docs.netwrix.com/docs/accessanalyzer/11_6/solutions/entraidinventory/recommended,docs/accessanalyzer/11.6/solutions/entraidinventory/recommended.md,,,,,,
ActiveSync > EX_ActiveSync Job,11.6,https://docs.netwrix.com/docs/accessanalyzer/11_6/solutions/exchange/casmetrics/ex_activesync,docs/accessanalyzer/11.6/solutions/exchange/casmetrics/ex_activesync.md,,,,,,
EX_ASPolicies Job,11.6,https://docs.netwrix.com/docs/accessanalyzer/11_6/solutions/exchange/casmetrics/ex_aspolicies,docs/accessanalyzer/11.6/solutions/exchange/casmetrics/ex_aspolicies.md,,,,,,
0.Collection > EX_IISLogs Job,11.6,https://docs.netwrix.com/docs/accessanalyzer/11_6/solutions/exchange/casmetrics/ex_iislogs,docs/accessanalyzer/11.6/solutions/exchange/casmetrics/ex_iislogs.md,,,,,,
Outlook Web Access > EX_OWATraffic Job,11.6,https://docs.netwrix.com/docs/accessanalyzer/11_6/solutions/exchange/casmetrics/ex_owatraffic,docs/accessanalyzer/11.6/solutions/exchange/casmetrics/ex_owatraffic.md,Covered by 12.0 — see docs/accessanalyzer/12.0/solutions/exchange/casmetrics/ex_owatraffic.md,,,,,
Outlook Anywhere > EX_RPCTraffic Job,11.6,https://docs.netwrix.com/docs/accessanalyzer/11_6/solutions/exchange/casmetrics/ex_rpctraffic,docs/accessanalyzer/11.6/solutions/exchange/casmetrics/ex_rpctraffic.md,Covered by 12.0 — see docs/accessanalyzer/12.0/solutions/exchange/casmetrics/ex_rpctraffic.md,,,,,
2.CAS Metrics Job Group,11.6,https://docs.netwrix.com/docs/accessanalyzer/11_6/solutions/exchange/casmetrics/overview,docs/accessanalyzer/11.6/solutions/exchange/casmetrics/overview.md,,,,,,
Recommended Configurations for the 2. CAS Metrics Job Group,11.6,https://docs.netwrix.com/docs/accessanalyzer/11_6/solutions/exchange/casmetrics/recommended,docs/accessanalyzer/11.6/solutions/exchange/casmetrics/recommended.md,,,,,,
1.Local > EX_DBInfo Job,11.6,https://docs.netwrix.com/docs/accessanalyzer/11_6/solutions/exchange/databases/collection/ex_dbinfo,docs/accessanalyzer/11.6/solutions/exchange/databases/collection/ex_dbinfo.md,,,,,,
2.PF > EX_PFInfo Job,11.6,https://docs.netwrix.com/docs/accessanalyzer/11_6/solutions/exchange/databases/collection/ex_pfinfo,docs/accessanalyzer/11.6/solutions/exchange/databases/collection/ex_pfinfo.md,Covered by 12.0 — see docs/accessanalyzer/12.0/solutions/exchange/databases/collection/ex_pfinfo.md,,,,,
0.Collection Job Group,11.6,https://docs.netwrix.com/docs/accessanalyzer/11_6/solutions/exchange/databases/collection/overview,docs/accessanalyzer/11.6/solutions/exchange/databases/collection/overview.md,,,,,,
EX_DBSizing Job,11.6,https://docs.netwrix.com/docs/accessanalyzer/11_6/solutions/exchange/databases/ex_dbsizing,docs/accessanalyzer/11.6/solutions/exchange/databases/ex_dbsizing.md,,,,,,
EX_DBTrending,11.6,https://docs.netwrix.com/docs/accessanalyzer/11_6/solutions/exchange/databases/ex_dbtrending,docs/accessanalyzer/11.6/solutions/exchange/databases/ex_dbtrending.md,Covered by 12.0 — see docs/accessanalyzer/12.0/solutions/exchange/databases/ex_dbtrending.md,,,,,
3.Databases Job Group,11.6,https://docs.netwrix.com/docs/accessanalyzer/11_6/solutions/exchange/databases/overview,docs/accessanalyzer/11.6/solutions/exchange/databases/overview.md,,,,,,
Recommended Configurations for the 3. Databases Job Group,11.6,https://docs.netwrix.com/docs/accessanalyzer/11_6/solutions/exchange/databases/recommended,docs/accessanalyzer/11.6/solutions/exchange/databases/recommended.md,,,,,,
EX_DLCleanup Job,11.6,https://docs.netwrix.com/docs/accessanalyzer/11_6/solutions/exchange/distributionlists/ex_dlcleanup,docs/accessanalyzer/11.6/solutions/exchange/distributionlists/ex_dlcleanup.md,Covered by 12.0 — see docs/accessanalyzer/12.0/solutions/exchange/distributionlists/ex_dlcleanup.md,,,,,
Effective Membership > EX_GroupExpansion Job,11.6,https://docs.netwrix.com/docs/accessanalyzer/11_6/solutions/exchange/distributionlists/ex_groupexpansion,docs/accessanalyzer/11.6/solutions/exchange/distributionlists/ex_groupexpansion.md,Covered by 12.0 — see docs/accessanalyzer/12.0/solutions/exchange/distributionlists/ex_groupexpansion.md,,,,,
EX_CircularNesting Job,11.6,https://docs.netwrix.com/docs/accessanalyzer/11_6/solutions/exchange/distributionlists/membershipanalysis/ex_circularnesting,docs/accessanalyzer/11.6/solutions/exchange/distributionlists/membershipanalysis/ex_circularnesting.md,Covered by 12.0 — see docs/accessanalyzer/12.0/solutions/exchange/distributionlists/membershipanalysis/ex_circularnesting.md,,,,,
EX_EmptyGroups Job,11.6,https://docs.netwrix.com/docs/accessanalyzer/11_6/solutions/exchange/distributionlists/membershipanalysis/ex_emptygroups,docs/accessanalyzer/11.6/solutions/exchange/distributionlists/membershipanalysis/ex_emptygroups.md,Covered by 12.0 — see docs/accessanalyzer/12.0/solutions/exchange/distributionlists/membershipanalysis/ex_emptygroups.md,,,,,
EX_LargestGroups Job,11.6,https://docs.netwrix.com/docs/accessanalyzer/11_6/solutions/exchange/distributionlists/membershipanalysis/ex_largestgroups,docs/accessanalyzer/11.6/solutions/exchange/distributionlists/membershipanalysis/ex_largestgroups.md,Covered by 12.0 — see docs/accessanalyzer/12.0/solutions/exchange/distributionlists/membershipanalysis/ex_largestgroups.md,,,,,
EX_NestedGroups Job,11.6,https://docs.netwrix.com/docs/accessanalyzer/11_6/solutions/exchange/distributionlists/membershipanalysis/ex_nestedgroups,docs/accessanalyzer/11.6/solutions/exchange/distributionlists/membershipanalysis/ex_nestedgroups.md,Covered by 12.0 — see docs/accessanalyzer/12.0/solutions/exchange/distributionlists/membershipanalysis/ex_nestedgroups.md,,,,,
EX_StaleGroups Job,11.6,https://docs.netwrix.com/docs/accessanalyzer/11_6/solutions/exchange/distributionlists/membershipanalysis/ex_stalegroups,docs/accessanalyzer/11.6/solutions/exchange/distributionlists/membershipanalysis/ex_stalegroups.md,Covered by 12.0 — see docs/accessanalyzer/12.0/solutions/exchange/distributionlists/membershipanalysis/ex_stalegroups.md,,,,,
Membership Analysis Job Group,11.6,https://docs.netwrix.com/docs/accessanalyzer/11_6/solutions/exchange/distributionlists/membershipanalysis/overview,docs/accessanalyzer/11.6/solutions/exchange/distributionlists/membershipanalysis/overview.md,,,,,,
6. Distribution Lists Job Group,11.6,https://docs.netwrix.com/docs/accessanalyzer/11_6/solutions/exchange/distributionlists/overview,docs/accessanalyzer/11.6/solutions/exchange/distributionlists/overview.md,,,,,,
Recommended Configurations for the 6. Distribution Lists Job Group,11.6,https://docs.netwrix.com/docs/accessanalyzer/11_6/solutions/exchange/distributionlists/recommended,docs/accessanalyzer/11.6/solutions/exchange/distributionlists/recommended.md,Covered by 12.0 — see docs/accessanalyzer/12.0/solutions/exchange/distributionlists/recommended.md,,,,,
EX_UserOverview Job,11.6,https://docs.netwrix.com/docs/accessanalyzer/11_6/solutions/exchange/ex_useroverview,docs/accessanalyzer/11.6/solutions/exchange/ex_useroverview.md,Covered by 12.0 — see docs/accessanalyzer/12.0/solutions/exchange/ex_useroverview.md,,,,,
.AppletStatusCheck Job,11.6,https://docs.netwrix.com/docs/accessanalyzer/11_6/solutions/exchange/hubmetrics/collection/appletstatuscheck,docs/accessanalyzer/11.6/solutions/exchange/hubmetrics/collection/appletstatuscheck.md,Covered by 12.0 — see docs/accessanalyzer/12.0/solutions/exchange/hubmetrics/collection/appletstatuscheck.md,,,,,
EX_MetricsCollection Job,11.6,https://docs.netwrix.com/docs/accessanalyzer/11_6/solutions/exchange/hubmetrics/collection/ex_metricscollection,docs/accessanalyzer/11.6/solutions/exchange/hubmetrics/collection/ex_metricscollection.md,,,,,,
EX_MetricsDetails Job,11.6,https://docs.netwrix.com/docs/accessanalyzer/11_6/solutions/exchange/hubmetrics/collection/ex_metricsdetails,docs/accessanalyzer/11.6/solutions/exchange/hubmetrics/collection/ex_metricsdetails.md,,,,,,
0. Collection Job Group,11.6,https://docs.netwrix.com/docs/accessanalyzer/11_6/solutions/exchange/hubmetrics/collection/overview,docs/accessanalyzer/11.6/solutions/exchange/hubmetrics/collection/overview.md,,,,,,
EX_DeliveryTimes Job,11.6,https://docs.netwrix.com/docs/accessanalyzer/11_6/solutions/exchange/hubmetrics/ex_deliverytimes,docs/accessanalyzer/11.6/solutions/exchange/hubmetrics/ex_deliverytimes.md,Covered by 12.0 — see docs/accessanalyzer/12.0/solutions/exchange/hubmetrics/ex_deliverytimes.md,,,,,
EX_DLMetrics Job,11.6,https://docs.netwrix.com/docs/accessanalyzer/11_6/solutions/exchange/hubmetrics/ex_dlmetrics,docs/accessanalyzer/11.6/solutions/exchange/hubmetrics/ex_dlmetrics.md,Covered by 12.0 — see docs/accessanalyzer/12.0/solutions/exchange/hubmetrics/ex_dlmetrics.md,,,,,
EX_DomainMetrics Job,11.6,https://docs.netwrix.com/docs/accessanalyzer/11_6/solutions/exchange/hubmetrics/ex_domainmetrics,docs/accessanalyzer/11.6/solutions/exchange/hubmetrics/ex_domainmetrics.md,Covered by 12.0 — see docs/accessanalyzer/12.0/solutions/exchange/hubmetrics/ex_domainmetrics.md,,,,,
EX_HourlyMetrics Job,11.6,https://docs.netwrix.com/docs/accessanalyzer/11_6/solutions/exchange/hubmetrics/ex_hourlymetrics,docs/accessanalyzer/11.6/solutions/exchange/hubmetrics/ex_hourlymetrics.md,Covered by 12.0 — see docs/accessanalyzer/12.0/solutions/exchange/hubmetrics/ex_hourlymetrics.md,,,,,
EX_MessageSize Job,11.6,https://docs.netwrix.com/docs/accessanalyzer/11_6/solutions/exchange/hubmetrics/ex_messagesize,docs/accessanalyzer/11.6/solutions/exchange/hubmetrics/ex_messagesize.md,Covered by 12.0 — see docs/accessanalyzer/12.0/solutions/exchange/hubmetrics/ex_messagesize.md,,,,,
EX_ServerMetrics Job,11.6,https://docs.netwrix.com/docs/accessanalyzer/11_6/solutions/exchange/hubmetrics/ex_servermetrics,docs/accessanalyzer/11.6/solutions/exchange/hubmetrics/ex_servermetrics.md,Covered by 12.0 — see docs/accessanalyzer/12.0/solutions/exchange/hubmetrics/ex_servermetrics.md,,,,,
EX_UserMetrics Job,11.6,https://docs.netwrix.com/docs/accessanalyzer/11_6/solutions/exchange/hubmetrics/ex_usermetrics,docs/accessanalyzer/11.6/solutions/exchange/hubmetrics/ex_usermetrics.md,Covered by 12.0 — see docs/accessanalyzer/12.0/solutions/exchange/hubmetrics/ex_usermetrics.md,,,,,
1.HUB Metrics Job Group,11.6,https://docs.netwrix.com/docs/accessanalyzer/11_6/solutions/exchange/hubmetrics/overview,docs/accessanalyzer/11.6/solutions/exchange/hubmetrics/overview.md,,,,,,
Recommended Configurations for the 1. HUB Metrics Job Group,11.6,https://docs.netwrix.com/docs/accessanalyzer/11_6/solutions/exchange/hubmetrics/recommended,docs/accessanalyzer/11.6/solutions/exchange/hubmetrics/recommended.md,,,,,,
Features > EX_Features Job,11.6,https://docs.netwrix.com/docs/accessanalyzer/11_6/solutions/exchange/mailboxes/ex_features,docs/accessanalyzer/11.6/solutions/exchange/mailboxes/ex_features.md,,,,,,
0.Collection > EX_MailboxActivity Job,11.6,https://docs.netwrix.com/docs/accessanalyzer/11_6/solutions/exchange/mailboxes/logons/ex_mailboxactivity,docs/accessanalyzer/11.6/solutions/exchange/mailboxes/logons/ex_mailboxactivity.md,Covered by 12.0 — see docs/accessanalyzer/12.0/solutions/exchange/mailboxes/logons/ex_mailboxactivity.md,,,,,
EX_MailboxLogons Job,11.6,https://docs.netwrix.com/docs/accessanalyzer/11_6/solutions/exchange/mailboxes/logons/ex_mailboxlogons,docs/accessanalyzer/11.6/solutions/exchange/mailboxes/logons/ex_mailboxlogons.md,Covered by 12.0 — see docs/accessanalyzer/12.0/solutions/exchange/mailboxes/logons/ex_mailboxlogons.md,,,,,
Logons Job Group,11.6,https://docs.netwrix.com/docs/accessanalyzer/11_6/solutions/exchange/mailboxes/logons/overview,docs/accessanalyzer/11.6/solutions/exchange/mailboxes/logons/overview.md,,,,,,
4.Mailboxes Job Group,11.6,https://docs.netwrix.com/docs/accessanalyzer/11_6/solutions/exchange/mailboxes/overview,docs/accessanalyzer/11.6/solutions/exchange/mailboxes/overview.md,,,,,,
EX_Delegates Job,11.6,https://docs.netwrix.com/docs/accessanalyzer/11_6/solutions/exchange/mailboxes/permissions/collection/ex_delegates,docs/accessanalyzer/11.6/solutions/exchange/mailboxes/permissions/collection/ex_delegates.md,Covered by 12.0 — see docs/accessanalyzer/12.0/solutions/exchange/mailboxes/permissions/collection/ex_delegates.md,,,,,
EX_MBRights Job,11.6,https://docs.netwrix.com/docs/accessanalyzer/11_6/solutions/exchange/mailboxes/permissions/collection/ex_mbrights,docs/accessanalyzer/11.6/solutions/exchange/mailboxes/permissions/collection/ex_mbrights.md,Covered by 12.0 — see docs/accessanalyzer/12.0/solutions/exchange/mailboxes/permissions/collection/ex_mbrights.md,,,,,
EX_Perms Job,11.6,https://docs.netwrix.com/docs/accessanalyzer/11_6/solutions/exchange/mailboxes/permissions/collection/ex_perms,docs/accessanalyzer/11.6/solutions/exchange/mailboxes/permissions/collection/ex_perms.md,,,,,,
EX_SendAs Job,11.6,https://docs.netwrix.com/docs/accessanalyzer/11_6/solutions/exchange/mailboxes/permissions/collection/ex_sendas,docs/accessanalyzer/11.6/solutions/exchange/mailboxes/permissions/collection/ex_sendas.md,Covered by 12.0 — see docs/accessanalyzer/12.0/solutions/exchange/mailboxes/permissions/collection/ex_sendas.md,,,,,
0. Collection Job Group,11.6,https://docs.netwrix.com/docs/accessanalyzer/11_6/solutions/exchange/mailboxes/permissions/collection/overview,docs/accessanalyzer/11.6/solutions/exchange/mailboxes/permissions/collection/overview.md,,,,,,
EX_AdminGroups Job,11.6,https://docs.netwrix.com/docs/accessanalyzer/11_6/solutions/exchange/mailboxes/permissions/ex_admingroups,docs/accessanalyzer/11.6/solutions/exchange/mailboxes/permissions/ex_admingroups.md,Covered by 12.0 — see docs/accessanalyzer/12.0/solutions/exchange/mailboxes/permissions/ex_admingroups.md,,,,,
EX_MailboxAccess Job,11.6,https://docs.netwrix.com/docs/accessanalyzer/11_6/solutions/exchange/mailboxes/permissions/ex_mailboxaccess,docs/accessanalyzer/11.6/solutions/exchange/mailboxes/permissions/ex_mailboxaccess.md,Covered by 12.0 — see docs/accessanalyzer/12.0/solutions/exchange/mailboxes/permissions/ex_mailboxaccess.md,,,,,
Permissions Job Group,11.6,https://docs.netwrix.com/docs/accessanalyzer/11_6/solutions/exchange/mailboxes/permissions/overview,docs/accessanalyzer/11.6/solutions/exchange/mailboxes/permissions/overview.md,,,,,,
Recommended Configurations for the 4. Mailboxes Job Group,11.6,https://docs.netwrix.com/docs/accessanalyzer/11_6/solutions/exchange/mailboxes/recommended,docs/accessanalyzer/11.6/solutions/exchange/mailboxes/recommended.md,,,,,,
EX_MailboxSizes Job,11.6,https://docs.netwrix.com/docs/accessanalyzer/11_6/solutions/exchange/mailboxes/sizing/ex_mailboxsizes,docs/accessanalyzer/11.6/solutions/exchange/mailboxes/sizing/ex_mailboxsizes.md,Covered by 12.0 — see docs/accessanalyzer/12.0/solutions/exchange/mailboxes/sizing/ex_mailboxsizes.md,,,,,
0.Collection > EX_MBSize Job,11.6,https://docs.netwrix.com/docs/accessanalyzer/11_6/solutions/exchange/mailboxes/sizing/ex_mbsize,docs/accessanalyzer/11.6/solutions/exchange/mailboxes/sizing/ex_mbsize.md,Covered by 12.0 — see docs/accessanalyzer/12.0/solutions/exchange/mailboxes/sizing/ex_mbsize.md,,,,,
EX_StaleMailboxes Job,11.6,https://docs.netwrix.com/docs/accessanalyzer/11_6/solutions/exchange/mailboxes/sizing/ex_stalemailboxes,docs/accessanalyzer/11.6/solutions/exchange/mailboxes/sizing/ex_stalemailboxes.md,Covered by 12.0 — see docs/accessanalyzer/12.0/solutions/exchange/mailboxes/sizing/ex_stalemailboxes.md,,,,,
EX_StoreSizes Job,11.6,https://docs.netwrix.com/docs/accessanalyzer/11_6/solutions/exchange/mailboxes/sizing/ex_storesizes,docs/accessanalyzer/11.6/solutions/exchange/mailboxes/sizing/ex_storesizes.md,Covered by 12.0 — see docs/accessanalyzer/12.0/solutions/exchange/mailboxes/sizing/ex_storesizes.md,,,,,
Sizing Job Group,11.6,https://docs.netwrix.com/docs/accessanalyzer/11_6/solutions/exchange/mailboxes/sizing/overview,docs/accessanalyzer/11.6/solutions/exchange/mailboxes/sizing/overview.md,,,,,,
EX_Mailflow_DL Job,11.6,https://docs.netwrix.com/docs/accessanalyzer/11_6/solutions/exchange/online/mailflow/ex_mailflow_dl,docs/accessanalyzer/11.6/solutions/exchange/online/mailflow/ex_mailflow_dl.md,,,,,,
EX_Mailflow_Domain Job,11.6,https://docs.netwrix.com/docs/accessanalyzer/11_6/solutions/exchange/online/mailflow/ex_mailflow_domain,docs/accessanalyzer/11.6/solutions/exchange/online/mailflow/ex_mailflow_domain.md,,,,,,
EX_Mailflow_Mailbox Job,11.6,https://docs.netwrix.com/docs/accessanalyzer/11_6/solutions/exchange/online/mailflow/ex_mailflow_mailbox,docs/accessanalyzer/11.6/solutions/exchange/online/mailflow/ex_mailflow_mailbox.md,,,,,,
EX_Mailflow_OrgOverview Job,11.6,https://docs.netwrix.com/docs/accessanalyzer/11_6/solutions/exchange/online/mailflow/ex_mailflow_orgoverview,docs/accessanalyzer/11.6/solutions/exchange/online/mailflow/ex_mailflow_orgoverview.md,,,,,,
0. Collection > EX_Mailflow Job,11.6,https://docs.netwrix.com/docs/accessanalyzer/11_6/solutions/exchange/online/mailflow/ex_mailflow,docs/accessanalyzer/11.6/solutions/exchange/online/mailflow/ex_mailflow.md,,,,,,
Mailflow Job Group,11.6,https://docs.netwrix.com/docs/accessanalyzer/11_6/solutions/exchange/online/mailflow/overview,docs/accessanalyzer/11.6/solutions/exchange/online/mailflow/overview.md,,,,,,
8.Exchange Online Job Group,11.6,https://docs.netwrix.com/docs/accessanalyzer/11_6/solutions/exchange/online/overview,docs/accessanalyzer/11.6/solutions/exchange/online/overview.md,,,,,,
Recommended Configurations for the 8. Exchange Online Job Group,11.6,https://docs.netwrix.com/docs/accessanalyzer/11_6/solutions/exchange/online/recommended,docs/accessanalyzer/11.6/solutions/exchange/online/recommended.md,,,,,,
Exchange Solution,11.6,https://docs.netwrix.com/docs/accessanalyzer/11_6/solutions/exchange/overview,docs/accessanalyzer/11.6/solutions/exchange/overview.md,,,,,,
Content Job Group,11.6,https://docs.netwrix.com/docs/accessanalyzer/11_6/solutions/exchange/publicfolders/content/overview,docs/accessanalyzer/11.6/solutions/exchange/publicfolders/content/overview.md,,,,,,
PF_Content Job,11.6,https://docs.netwrix.com/docs/accessanalyzer/11_6/solutions/exchange/publicfolders/content/pf_content,docs/accessanalyzer/11.6/solutions/exchange/publicfolders/content/pf_content.md,Covered by 12.0 — see docs/accessanalyzer/12.0/solutions/exchange/publicfolders/content/pf_content.md,,,,,
Collection > PF_ContentScans Job,11.6,https://docs.netwrix.com/docs/accessanalyzer/11_6/solutions/exchange/publicfolders/content/pf_contentscans,docs/accessanalyzer/11.6/solutions/exchange/publicfolders/content/pf_contentscans.md,Covered by 12.0 — see docs/accessanalyzer/12.0/solutions/exchange/publicfolders/content/pf_contentscans.md,,,,,
Growth and Size Job Group,11.6,https://docs.netwrix.com/docs/accessanalyzer/11_6/solutions/exchange/publicfolders/growthsize/overview,docs/accessanalyzer/11.6/solutions/exchange/publicfolders/growthsize/overview.md,,,,,,
Collection > PF_FolderScans Job,11.6,https://docs.netwrix.com/docs/accessanalyzer/11_6/solutions/exchange/publicfolders/growthsize/pf_folderscans,docs/accessanalyzer/11.6/solutions/exchange/publicfolders/growthsize/pf_folderscans.md,Covered by 12.0 — see docs/accessanalyzer/12.0/solutions/exchange/publicfolders/growthsize/pf_folderscans.md,,,,,
PF_FolderSize Job,11.6,https://docs.netwrix.com/docs/accessanalyzer/11_6/solutions/exchange/publicfolders/growthsize/pf_foldersize,docs/accessanalyzer/11.6/solutions/exchange/publicfolders/growthsize/pf_foldersize.md,Covered by 12.0 — see docs/accessanalyzer/12.0/solutions/exchange/publicfolders/growthsize/pf_foldersize.md,,,,,
5. Public Folders Job Group,11.6,https://docs.netwrix.com/docs/accessanalyzer/11_6/solutions/exchange/publicfolders/overview,docs/accessanalyzer/11.6/solutions/exchange/publicfolders/overview.md,,,,,,
Ownership Job Group,11.6,https://docs.netwrix.com/docs/accessanalyzer/11_6/solutions/exchange/publicfolders/ownership/overview,docs/accessanalyzer/11.6/solutions/exchange/publicfolders/ownership/overview.md,,,,,,
Collection > PF_FolderOwnership Job,11.6,https://docs.netwrix.com/docs/accessanalyzer/11_6/solutions/exchange/publicfolders/ownership/pf_folderownership,docs/accessanalyzer/11.6/solutions/exchange/publicfolders/ownership/pf_folderownership.md,,,,,,
PF_Owners Job,11.6,https://docs.netwrix.com/docs/accessanalyzer/11_6/solutions/exchange/publicfolders/ownership/pf_owners,docs/accessanalyzer/11.6/solutions/exchange/publicfolders/ownership/pf_owners.md,Covered by 12.0 — see docs/accessanalyzer/12.0/solutions/exchange/publicfolders/ownership/pf_owners.md,,,,,
Permissions Job Group,11.6,https://docs.netwrix.com/docs/accessanalyzer/11_6/solutions/exchange/publicfolders/permissions/overview,docs/accessanalyzer/11.6/solutions/exchange/publicfolders/permissions/overview.md,,,,,,
PF_Entitlements Job,11.6,https://docs.netwrix.com/docs/accessanalyzer/11_6/solutions/exchange/publicfolders/permissions/pf_entitlements,docs/accessanalyzer/11.6/solutions/exchange/publicfolders/permissions/pf_entitlements.md,Covered by 12.0 — see docs/accessanalyzer/12.0/solutions/exchange/publicfolders/permissions/pf_entitlements.md,,,,,
Collection > PF_EntitlementScans Job,11.6,https://docs.netwrix.com/docs/accessanalyzer/11_6/solutions/exchange/publicfolders/permissions/pf_entitlementscans,docs/accessanalyzer/11.6/solutions/exchange/publicfolders/permissions/pf_entitlementscans.md,Covered by 12.0 — see docs/accessanalyzer/12.0/solutions/exchange/publicfolders/permissions/pf_entitlementscans.md,,,,,
PF_Overview Job,11.6,https://docs.netwrix.com/docs/accessanalyzer/11_6/solutions/exchange/publicfolders/pf_overview,docs/accessanalyzer/11.6/solutions/exchange/publicfolders/pf_overview.md,Covered by 12.0 — see docs/accessanalyzer/12.0/solutions/exchange/publicfolders/pf_overview.md,,,,,
Recommended Configurations for the 5. Public Folders Job Group,11.6,https://docs.netwrix.com/docs/accessanalyzer/11_6/solutions/exchange/publicfolders/recommended,docs/accessanalyzer/11.6/solutions/exchange/publicfolders/recommended.md,,,,,,
Recommended Configurations for the Exchange Solution,11.6,https://docs.netwrix.com/docs/accessanalyzer/11_6/solutions/exchange/recommended,docs/accessanalyzer/11.6/solutions/exchange/recommended.md,,,,,,
EX_Mailbox_SDD Job,11.6,https://docs.netwrix.com/docs/accessanalyzer/11_6/solutions/exchange/sensitivedata/collection/ex_mailbox_sdd,docs/accessanalyzer/11.6/solutions/exchange/sensitivedata/collection/ex_mailbox_sdd.md,,,,,,
EX_PublicFolder_SDD Job,11.6,https://docs.netwrix.com/docs/accessanalyzer/11_6/solutions/exchange/sensitivedata/collection/ex_publicfolder_sdd,docs/accessanalyzer/11.6/solutions/exchange/sensitivedata/collection/ex_publicfolder_sdd.md,,,,,,
0.Collection Job Group,11.6,https://docs.netwrix.com/docs/accessanalyzer/11_6/solutions/exchange/sensitivedata/collection/overview,docs/accessanalyzer/11.6/solutions/exchange/sensitivedata/collection/overview.md,,,,,,
EX_SDDResults Job,11.6,https://docs.netwrix.com/docs/accessanalyzer/11_6/solutions/exchange/sensitivedata/ex_sddresults,docs/accessanalyzer/11.6/solutions/exchange/sensitivedata/ex_sddresults.md,Covered by 12.0 — see docs/accessanalyzer/12.0/solutions/exchange/sensitivedata/ex_sddresults.md,,,,,
7.Sensitive Data Job Group,11.6,https://docs.netwrix.com/docs/accessanalyzer/11_6/solutions/exchange/sensitivedata/overview,docs/accessanalyzer/11.6/solutions/exchange/sensitivedata/overview.md,,,,,,
Recommended Configurations for the 7. Sensitive Data Job Group,11.6,https://docs.netwrix.com/docs/accessanalyzer/11_6/solutions/exchange/sensitivedata/recommended,docs/accessanalyzer/11.6/solutions/exchange/sensitivedata/recommended.md,,,,,,
FS_Deletions Job,11.6,https://docs.netwrix.com/docs/accessanalyzer/11_6/solutions/filesystem/activity/forensics/fs_deletions,docs/accessanalyzer/11.6/solutions/filesystem/activity/forensics/fs_deletions.md,Covered by 12.0 — see docs/accessanalyzer/12.0/solutions/filesystem/activity/forensics/fs_deletions.md,,,,,
FS_PermissionChanges Job,11.6,https://docs.netwrix.com/docs/accessanalyzer/11_6/solutions/filesystem/activity/forensics/fs_permissionchanges,docs/accessanalyzer/11.6/solutions/filesystem/activity/forensics/fs_permissionchanges.md,,,,,,
Forensics Job Group,11.6,https://docs.netwrix.com/docs/accessanalyzer/11_6/solutions/filesystem/activity/forensics/overview,docs/accessanalyzer/11.6/solutions/filesystem/activity/forensics/overview.md,,,,,,
Least Privileged Access > FS_LeastPrivilegedAccess Job,11.6,https://docs.netwrix.com/docs/accessanalyzer/11_6/solutions/filesystem/activity/fs_leastprivilegedaccess,docs/accessanalyzer/11.6/solutions/filesystem/activity/fs_leastprivilegedaccess.md,Covered by 12.0 — see docs/accessanalyzer/12.0/solutions/filesystem/activity/fs_leastprivilegedaccess.md,,,,,
5.Activity Job Group,11.6,https://docs.netwrix.com/docs/accessanalyzer/11_6/solutions/filesystem/activity/overview,docs/accessanalyzer/11.6/solutions/filesystem/activity/overview.md,,,,,,
FS_AdminActvity Job,11.6,https://docs.netwrix.com/docs/accessanalyzer/11_6/solutions/filesystem/activity/security/fs_adminactvity,docs/accessanalyzer/11.6/solutions/filesystem/activity/security/fs_adminactvity.md,Covered by 12.0 — see docs/accessanalyzer/12.0/solutions/filesystem/activity/security/fs_adminactvity.md,,,,,
FS_HighRiskActivity Job,11.6,https://docs.netwrix.com/docs/accessanalyzer/11_6/solutions/filesystem/activity/security/fs_highriskactivity,docs/accessanalyzer/11.6/solutions/filesystem/activity/security/fs_highriskactivity.md,Covered by 12.0 — see docs/accessanalyzer/12.0/solutions/filesystem/activity/security/fs_highriskactivity.md,,,,,
FS_LocalUserActivity Job,11.6,https://docs.netwrix.com/docs/accessanalyzer/11_6/solutions/filesystem/activity/security/fs_localuseractivity,docs/accessanalyzer/11.6/solutions/filesystem/activity/security/fs_localuseractivity.md,Covered by 12.0 — see docs/accessanalyzer/12.0/solutions/filesystem/activity/security/fs_localuseractivity.md,,,,,
Security Job Group,11.6,https://docs.netwrix.com/docs/accessanalyzer/11_6/solutions/filesystem/activity/security/overview,docs/accessanalyzer/11.6/solutions/filesystem/activity/security/overview.md,,,,,,
FS_DeniedActivity Job,11.6,https://docs.netwrix.com/docs/accessanalyzer/11_6/solutions/filesystem/activity/suspiciousactivity/fs_deniedactivity,docs/accessanalyzer/11.6/solutions/filesystem/activity/suspiciousactivity/fs_deniedactivity.md,Covered by 12.0 — see docs/accessanalyzer/12.0/solutions/filesystem/activity/suspiciousactivity/fs_deniedactivity.md,,,,,
FS_HighestHourlyActivity Job,11.6,https://docs.netwrix.com/docs/accessanalyzer/11_6/solutions/filesystem/activity/suspiciousactivity/fs_highesthourlyactivity,docs/accessanalyzer/11.6/solutions/filesystem/activity/suspiciousactivity/fs_highesthourlyactivity.md,Covered by 12.0 — see docs/accessanalyzer/12.0/solutions/filesystem/activity/suspiciousactivity/fs_highesthourlyactivity.md,,,,,
FS_HourlyShareActivity Job,11.6,https://docs.netwrix.com/docs/accessanalyzer/11_6/solutions/filesystem/activity/suspiciousactivity/fs_hourlyshareactivity,docs/accessanalyzer/11.6/solutions/filesystem/activity/suspiciousactivity/fs_hourlyshareactivity.md,Covered by 12.0 — see docs/accessanalyzer/12.0/solutions/filesystem/activity/suspiciousactivity/fs_hourlyshareactivity.md,,,,,
FS_ModifiedBinaries Job,11.6,https://docs.netwrix.com/docs/accessanalyzer/11_6/solutions/filesystem/activity/suspiciousactivity/fs_modifiedbinaries,docs/accessanalyzer/11.6/solutions/filesystem/activity/suspiciousactivity/fs_modifiedbinaries.md,Covered by 12.0 — see docs/accessanalyzer/12.0/solutions/filesystem/activity/suspiciousactivity/fs_modifiedbinaries.md,,,,,
FS_PeerGroupActivity Job,11.6,https://docs.netwrix.com/docs/accessanalyzer/11_6/solutions/filesystem/activity/suspiciousactivity/fs_peergroupactivity,docs/accessanalyzer/11.6/solutions/filesystem/activity/suspiciousactivity/fs_peergroupactivity.md,Covered by 12.0 — see docs/accessanalyzer/12.0/solutions/filesystem/activity/suspiciousactivity/fs_peergroupactivity.md,,,,,
FS_Ransomware Job,11.6,https://docs.netwrix.com/docs/accessanalyzer/11_6/solutions/filesystem/activity/suspiciousactivity/fs_ransomware,docs/accessanalyzer/11.6/solutions/filesystem/activity/suspiciousactivity/fs_ransomware.md,Covered by 12.0 — see docs/accessanalyzer/12.0/solutions/filesystem/activity/suspiciousactivity/fs_ransomware.md,,,,,
FS_SensitiveDataActivity Job,11.6,https://docs.netwrix.com/docs/accessanalyzer/11_6/solutions/filesystem/activity/suspiciousactivity/fs_sensitivedataactivity,docs/accessanalyzer/11.6/solutions/filesystem/activity/suspiciousactivity/fs_sensitivedataactivity.md,Covered by 12.0 — see docs/accessanalyzer/12.0/solutions/filesystem/activity/suspiciousactivity/fs_sensitivedataactivity.md,,,,,
FS_StaleFileActivity Job,11.6,https://docs.netwrix.com/docs/accessanalyzer/11_6/solutions/filesystem/activity/suspiciousactivity/fs_stalefileactivity,docs/accessanalyzer/11.6/solutions/filesystem/activity/suspiciousactivity/fs_stalefileactivity.md,Covered by 12.0 — see docs/accessanalyzer/12.0/solutions/filesystem/activity/suspiciousactivity/fs_stalefileactivity.md,,,,,
FS_UserShareActivity Job,11.6,https://docs.netwrix.com/docs/accessanalyzer/11_6/solutions/filesystem/activity/suspiciousactivity/fs_usershareactivity,docs/accessanalyzer/11.6/solutions/filesystem/activity/suspiciousactivity/fs_usershareactivity.md,Covered by 12.0 — see docs/accessanalyzer/12.0/solutions/filesystem/activity/suspiciousactivity/fs_usershareactivity.md,,,,,
FS_WeekendActivity Job,11.6,https://docs.netwrix.com/docs/accessanalyzer/11_6/solutions/filesystem/activity/suspiciousactivity/fs_weekendactivity,docs/accessanalyzer/11.6/solutions/filesystem/activity/suspiciousactivity/fs_weekendactivity.md,Covered by 12.0 — see docs/accessanalyzer/12.0/solutions/filesystem/activity/suspiciousactivity/fs_weekendactivity.md,,,,,
Suspicious Activity Job Group,11.6,https://docs.netwrix.com/docs/accessanalyzer/11_6/solutions/filesystem/activity/suspiciousactivity/overview,docs/accessanalyzer/11.6/solutions/filesystem/activity/suspiciousactivity/overview.md,,,,,,
FS_GroupUsage Job,11.6,https://docs.netwrix.com/docs/accessanalyzer/11_6/solutions/filesystem/activity/usagestatistics/fs_groupusage,docs/accessanalyzer/11.6/solutions/filesystem/activity/usagestatistics/fs_groupusage.md,Covered by 12.0 — see docs/accessanalyzer/12.0/solutions/filesystem/activity/usagestatistics/fs_groupusage.md,,,,,
FS_MostActiveServers Job,11.6,https://docs.netwrix.com/docs/accessanalyzer/11_6/solutions/filesystem/activity/usagestatistics/fs_mostactiveservers,docs/accessanalyzer/11.6/solutions/filesystem/activity/usagestatistics/fs_mostactiveservers.md,Covered by 12.0 — see docs/accessanalyzer/12.0/solutions/filesystem/activity/usagestatistics/fs_mostactiveservers.md,,,,,
FS_MostActiveUsers Job,11.6,https://docs.netwrix.com/docs/accessanalyzer/11_6/solutions/filesystem/activity/usagestatistics/fs_mostactiveusers,docs/accessanalyzer/11.6/solutions/filesystem/activity/usagestatistics/fs_mostactiveusers.md,Covered by 12.0 — see docs/accessanalyzer/12.0/solutions/filesystem/activity/usagestatistics/fs_mostactiveusers.md,,,,,
FS_StaleShares Job,11.6,https://docs.netwrix.com/docs/accessanalyzer/11_6/solutions/filesystem/activity/usagestatistics/fs_staleshares,docs/accessanalyzer/11.6/solutions/filesystem/activity/usagestatistics/fs_staleshares.md,Covered by 12.0 — see docs/accessanalyzer/12.0/solutions/filesystem/activity/usagestatistics/fs_staleshares.md,,,,,
Usage Statistics Job Group,11.6,https://docs.netwrix.com/docs/accessanalyzer/11_6/solutions/filesystem/activity/usagestatistics/overview,docs/accessanalyzer/11.6/solutions/filesystem/activity/usagestatistics/overview.md,,,,,,
FS_ShareAudit Job,11.6,https://docs.netwrix.com/docs/accessanalyzer/11_6/solutions/filesystem/adhocaudits/fs_shareaudit,docs/accessanalyzer/11.6/solutions/filesystem/adhocaudits/fs_shareaudit.md,,,,,,
FS_TrusteePermissions Job,11.6,https://docs.netwrix.com/docs/accessanalyzer/11_6/solutions/filesystem/adhocaudits/fs_trusteepermissions,docs/accessanalyzer/11.6/solutions/filesystem/adhocaudits/fs_trusteepermissions.md,Covered by 12.0 — see docs/accessanalyzer/12.0/solutions/filesystem/adhocaudits/fs_trusteepermissions.md,,,,,
Ad Hoc Audits Job Group,11.6,https://docs.netwrix.com/docs/accessanalyzer/11_6/solutions/filesystem/adhocaudits/overview,docs/accessanalyzer/11.6/solutions/filesystem/adhocaudits/overview.md,,,,,,
FS_DeleteFiles_Status Job,11.6,https://docs.netwrix.com/docs/accessanalyzer/11_6/solutions/filesystem/cleanup/delete/fs_deletefiles_status,docs/accessanalyzer/11.6/solutions/filesystem/cleanup/delete/fs_deletefiles_status.md,,,,,,
FS_DeleteFiles Job,11.6,https://docs.netwrix.com/docs/accessanalyzer/11_6/solutions/filesystem/cleanup/delete/fs_deletefiles,docs/accessanalyzer/11.6/solutions/filesystem/cleanup/delete/fs_deletefiles.md,,,,,,
4. Delete Job Group,11.6,https://docs.netwrix.com/docs/accessanalyzer/11_6/solutions/filesystem/cleanup/delete/overview,docs/accessanalyzer/11.6/solutions/filesystem/cleanup/delete/overview.md,,,,,,
1. Cleanup Assessment > FS_CleanupAssessment Job,11.6,https://docs.netwrix.com/docs/accessanalyzer/11_6/solutions/filesystem/cleanup/fs_cleanupassessment,docs/accessanalyzer/11.6/solutions/filesystem/cleanup/fs_cleanupassessment.md,,,,,,
FS_CleanupProgress Job,11.6,https://docs.netwrix.com/docs/accessanalyzer/11_6/solutions/filesystem/cleanup/fs_cleanupprogress,docs/accessanalyzer/11.6/solutions/filesystem/cleanup/fs_cleanupprogress.md,Covered by 12.0 — see docs/accessanalyzer/12.0/solutions/filesystem/cleanup/fs_cleanupprogress.md,,,,,
FS_NotifyOwners_Status Job,11.6,https://docs.netwrix.com/docs/accessanalyzer/11_6/solutions/filesystem/cleanup/notify/fs_notifyowners_status,docs/accessanalyzer/11.6/solutions/filesystem/cleanup/notify/fs_notifyowners_status.md,,,,,,
FS_NotifyOwners Job,11.6,https://docs.netwrix.com/docs/accessanalyzer/11_6/solutions/filesystem/cleanup/notify/fs_notifyowners,docs/accessanalyzer/11.6/solutions/filesystem/cleanup/notify/fs_notifyowners.md,,,,,,
2. Notify Job Group,11.6,https://docs.netwrix.com/docs/accessanalyzer/11_6/solutions/filesystem/cleanup/notify/overview,docs/accessanalyzer/11.6/solutions/filesystem/cleanup/notify/overview.md,,,,,,
Cleanup Job Group,11.6,https://docs.netwrix.com/docs/accessanalyzer/11_6/solutions/filesystem/cleanup/overview,docs/accessanalyzer/11.6/solutions/filesystem/cleanup/overview.md,,,,,,
FS_QuarantineData_Status Job,11.6,https://docs.netwrix.com/docs/accessanalyzer/11_6/solutions/filesystem/cleanup/quarantine/fs_quarantinedata_status,docs/accessanalyzer/11.6/solutions/filesystem/cleanup/quarantine/fs_quarantinedata_status.md,,,,,,
FS_QuarantineData Job,11.6,https://docs.netwrix.com/docs/accessanalyzer/11_6/solutions/filesystem/cleanup/quarantine/fs_quarantinedata,docs/accessanalyzer/11.6/solutions/filesystem/cleanup/quarantine/fs_quarantinedata.md,Covered by 12.0 — see docs/accessanalyzer/12.0/solutions/filesystem/cleanup/quarantine/fs_quarantinedata.md,,,,,
FS_RestoreInheritance_Status Job,11.6,https://docs.netwrix.com/docs/accessanalyzer/11_6/solutions/filesystem/cleanup/quarantine/fs_restoreinheritance_status,docs/accessanalyzer/11.6/solutions/filesystem/cleanup/quarantine/fs_restoreinheritance_status.md,Covered by 12.0 — see docs/accessanalyzer/12.0/solutions/filesystem/cleanup/quarantine/fs_restoreinheritance_status.md,,,,,
FS_RestoreInheritance Job,11.6,https://docs.netwrix.com/docs/accessanalyzer/11_6/solutions/filesystem/cleanup/quarantine/fs_restoreinheritance,docs/accessanalyzer/11.6/solutions/filesystem/cleanup/quarantine/fs_restoreinheritance.md,Covered by 12.0 — see docs/accessanalyzer/12.0/solutions/filesystem/cleanup/quarantine/fs_restoreinheritance.md,,,,,
3. Quarantine Job Group,11.6,https://docs.netwrix.com/docs/accessanalyzer/11_6/solutions/filesystem/cleanup/quarantine/overview,docs/accessanalyzer/11.6/solutions/filesystem/cleanup/quarantine/overview.md,,,,,,
0-Create Schema Job,11.6,https://docs.netwrix.com/docs/accessanalyzer/11_6/solutions/filesystem/collection/create_schema,docs/accessanalyzer/11.6/solutions/filesystem/collection/0-create_schema.md,,,,,,
0-FS_Nasuni Job,11.6,https://docs.netwrix.com/docs/accessanalyzer/11_6/solutions/filesystem/collection/fs_nasuni,docs/accessanalyzer/11.6/solutions/filesystem/collection/0-fs_nasuni.md,,,,,,
0-FSDFS System Scans Job,11.6,https://docs.netwrix.com/docs/accessanalyzer/11_6/solutions/filesystem/collection/fsdfs_system_scans,docs/accessanalyzer/11.6/solutions/filesystem/collection/0-fsdfs_system_scans.md,Covered by 12.0 — see docs/accessanalyzer/12.0/solutions/filesystem/collection/0-fsdfs_system_scans.md,,,,,
1-FSAA System Scans Job,11.6,https://docs.netwrix.com/docs/accessanalyzer/11_6/solutions/filesystem/collection/fsaa_system_scans,docs/accessanalyzer/11.6/solutions/filesystem/collection/1-fsaa_system_scans.md,,,,,,
1-FSAC System Scans Job,11.6,https://docs.netwrix.com/docs/accessanalyzer/11_6/solutions/filesystem/collection/fsac_system_scans,docs/accessanalyzer/11.6/solutions/filesystem/collection/1-fsac_system_scans.md,,,,,,
1-SEEK System Scans Job,11.6,https://docs.netwrix.com/docs/accessanalyzer/11_6/solutions/filesystem/collection/seek_system_scans,docs/accessanalyzer/11.6/solutions/filesystem/collection/1-seek_system_scans.md,,,,,,
2-FSAA Bulk Import Job,11.6,https://docs.netwrix.com/docs/accessanalyzer/11_6/solutions/filesystem/collection/fsaa_bulk_import,docs/accessanalyzer/11.6/solutions/filesystem/collection/2-fsaa_bulk_import.md,,,,,,
2-FSAC Bulk Import Job,11.6,https://docs.netwrix.com/docs/accessanalyzer/11_6/solutions/filesystem/collection/fsac_bulk_import,docs/accessanalyzer/11.6/solutions/filesystem/collection/2-fsac_bulk_import.md,,,,,,
2-SEEK Bulk Import Job,11.6,https://docs.netwrix.com/docs/accessanalyzer/11_6/solutions/filesystem/collection/seek_bulk_import,docs/accessanalyzer/11.6/solutions/filesystem/collection/2-seek_bulk_import.md,,,,,,
3-FSAA Exceptions Job,11.6,https://docs.netwrix.com/docs/accessanalyzer/11_6/solutions/filesystem/collection/fsaa_exceptions,docs/accessanalyzer/11.6/solutions/filesystem/collection/3-fsaa_exceptions.md,,,,,,
3-FSAC Exceptions Job,11.6,https://docs.netwrix.com/docs/accessanalyzer/11_6/solutions/filesystem/collection/fsac_exceptions,docs/accessanalyzer/11.6/solutions/filesystem/collection/3-fsac_exceptions.md,,,,,,
0.Collection Job Group,11.6,https://docs.netwrix.com/docs/accessanalyzer/11_6/solutions/filesystem/collection/overview,docs/accessanalyzer/11.6/solutions/filesystem/collection/overview.md,,,,,,
File Types > FS_FileTypes Job,11.6,https://docs.netwrix.com/docs/accessanalyzer/11_6/solutions/filesystem/content/fs_filetypes,docs/accessanalyzer/11.6/solutions/filesystem/content/fs_filetypes.md,Covered by 12.0 — see docs/accessanalyzer/12.0/solutions/filesystem/content/fs_filetypes.md,,,,,
Stale > FS_StaleContent Job,11.6,https://docs.netwrix.com/docs/accessanalyzer/11_6/solutions/filesystem/content/fs_stalecontent,docs/accessanalyzer/11.6/solutions/filesystem/content/fs_stalecontent.md,Covered by 12.0 — see docs/accessanalyzer/12.0/solutions/filesystem/content/fs_stalecontent.md,,,,,
4.Content Job Group,11.6,https://docs.netwrix.com/docs/accessanalyzer/11_6/solutions/filesystem/content/overview,docs/accessanalyzer/11.6/solutions/filesystem/content/overview.md,,,,,,
FS_EmptyResources Job,11.6,https://docs.netwrix.com/docs/accessanalyzer/11_6/solutions/filesystem/content/sizing/fs_emptyresources,docs/accessanalyzer/11.6/solutions/filesystem/content/sizing/fs_emptyresources.md,Covered by 12.0 — see docs/accessanalyzer/12.0/solutions/filesystem/content/sizing/fs_emptyresources.md,,,,,
FS_LargestResources Job,11.6,https://docs.netwrix.com/docs/accessanalyzer/11_6/solutions/filesystem/content/sizing/fs_largestresources,docs/accessanalyzer/11.6/solutions/filesystem/content/sizing/fs_largestresources.md,Covered by 12.0 — see docs/accessanalyzer/12.0/solutions/filesystem/content/sizing/fs_largestresources.md,,,,,
FS_SmallestResources Job,11.6,https://docs.netwrix.com/docs/accessanalyzer/11_6/solutions/filesystem/content/sizing/fs_smallestresources,docs/accessanalyzer/11.6/solutions/filesystem/content/sizing/fs_smallestresources.md,Covered by 12.0 — see docs/accessanalyzer/12.0/solutions/filesystem/content/sizing/fs_smallestresources.md,,,,,
Sizing Job Group,11.6,https://docs.netwrix.com/docs/accessanalyzer/11_6/solutions/filesystem/content/sizing/overview,docs/accessanalyzer/11.6/solutions/filesystem/content/sizing/overview.md,,,,,,
FS_AIPLabels Job,11.6,https://docs.netwrix.com/docs/accessanalyzer/11_6/solutions/filesystem/content/tags/fs_aiplabels,docs/accessanalyzer/11.6/solutions/filesystem/content/tags/fs_aiplabels.md,Covered by 12.0 — see docs/accessanalyzer/12.0/solutions/filesystem/content/tags/fs_aiplabels.md,,,,,
FS_FileTags Job,11.6,https://docs.netwrix.com/docs/accessanalyzer/11_6/solutions/filesystem/content/tags/fs_filetags,docs/accessanalyzer/11.6/solutions/filesystem/content/tags/fs_filetags.md,Covered by 12.0 — see docs/accessanalyzer/12.0/solutions/filesystem/content/tags/fs_filetags.md,,,,,
Tags Job Group,11.6,https://docs.netwrix.com/docs/accessanalyzer/11_6/solutions/filesystem/content/tags/overview,docs/accessanalyzer/11.6/solutions/filesystem/content/tags/overview.md,,,,,,
FS_DomainUserACLs Job,11.6,https://docs.netwrix.com/docs/accessanalyzer/11_6/solutions/filesystem/directpermissions/fs_domainuseracls,docs/accessanalyzer/11.6/solutions/filesystem/directpermissions/fs_domainuseracls.md,Covered by 12.0 — see docs/accessanalyzer/12.0/solutions/filesystem/directpermissions/fs_domainuseracls.md,,,,,
FS_HighRiskACLs Job,11.6,https://docs.netwrix.com/docs/accessanalyzer/11_6/solutions/filesystem/directpermissions/fs_highriskacls,docs/accessanalyzer/11.6/solutions/filesystem/directpermissions/fs_highriskacls.md,Covered by 12.0 — see docs/accessanalyzer/12.0/solutions/filesystem/directpermissions/fs_highriskacls.md,,,,,
FS_LocalUsersAndGroups Job,11.6,https://docs.netwrix.com/docs/accessanalyzer/11_6/solutions/filesystem/directpermissions/fs_localusersandgroups,docs/accessanalyzer/11.6/solutions/filesystem/directpermissions/fs_localusersandgroups.md,Covered by 12.0 — see docs/accessanalyzer/12.0/solutions/filesystem/directpermissions/fs_localusersandgroups.md,,,,,
FS_MissingFullControl Job,11.6,https://docs.netwrix.com/docs/accessanalyzer/11_6/solutions/filesystem/directpermissions/fs_missingfullcontrol,docs/accessanalyzer/11.6/solutions/filesystem/directpermissions/fs_missingfullcontrol.md,Covered by 12.0 — see docs/accessanalyzer/12.0/solutions/filesystem/directpermissions/fs_missingfullcontrol.md,,,,,
FS_NestedShares Job,11.6,https://docs.netwrix.com/docs/accessanalyzer/11_6/solutions/filesystem/directpermissions/fs_nestedshares,docs/accessanalyzer/11.6/solutions/filesystem/directpermissions/fs_nestedshares.md,Covered by 12.0 — see docs/accessanalyzer/12.0/solutions/filesystem/directpermissions/fs_nestedshares.md,,,,,
FS_SIDHistory Job,11.6,https://docs.netwrix.com/docs/accessanalyzer/11_6/solutions/filesystem/directpermissions/fs_sidhistory,docs/accessanalyzer/11.6/solutions/filesystem/directpermissions/fs_sidhistory.md,Covered by 12.0 — see docs/accessanalyzer/12.0/solutions/filesystem/directpermissions/fs_sidhistory.md,,,,,
FS_UnresolvedSIDs Job,11.6,https://docs.netwrix.com/docs/accessanalyzer/11_6/solutions/filesystem/directpermissions/fs_unresolvedsids,docs/accessanalyzer/11.6/solutions/filesystem/directpermissions/fs_unresolvedsids.md,Covered by 12.0 — see docs/accessanalyzer/12.0/solutions/filesystem/directpermissions/fs_unresolvedsids.md,,,,,
2.Direct Permissions Job Group,11.6,https://docs.netwrix.com/docs/accessanalyzer/11_6/solutions/filesystem/directpermissions/overview,docs/accessanalyzer/11.6/solutions/filesystem/directpermissions/overview.md,,,,,,
FileSystemOverview Job,11.6,https://docs.netwrix.com/docs/accessanalyzer/11_6/solutions/filesystem/filesystemoverview,docs/accessanalyzer/11.6/solutions/filesystem/filesystemoverview.md,,,,,,
3.Broken Inheritance > FS_BrokenInheritance Job,11.6,https://docs.netwrix.com/docs/accessanalyzer/11_6/solutions/filesystem/fs_brokeninheritance,docs/accessanalyzer/11.6/solutions/filesystem/fs_brokeninheritance.md,,,,,,
7.Sensitive Data > FS_DLPResults Job,11.6,https://docs.netwrix.com/docs/accessanalyzer/11_6/solutions/filesystem/fs_dlpresults,docs/accessanalyzer/11.6/solutions/filesystem/fs_dlpresults.md,Covered by 12.0 — see docs/accessanalyzer/12.0/solutions/filesystem/fs_dlpresults.md,,,,,
1.Open Access > FS_OpenAccess Job,11.6,https://docs.netwrix.com/docs/accessanalyzer/11_6/solutions/filesystem/fs_openaccess,docs/accessanalyzer/11.6/solutions/filesystem/fs_openaccess.md,Covered by 12.0 — see docs/accessanalyzer/12.0/solutions/filesystem/fs_openaccess.md,,,,,
6.Probable Owner > FS_ProbableOwner Job,11.6,https://docs.netwrix.com/docs/accessanalyzer/11_6/solutions/filesystem/fs_probableowner,docs/accessanalyzer/11.6/solutions/filesystem/fs_probableowner.md,Covered by 12.0 — see docs/accessanalyzer/12.0/solutions/filesystem/fs_probableowner.md,,,,,
FS_SecurityAssessment Job,11.6,https://docs.netwrix.com/docs/accessanalyzer/11_6/solutions/filesystem/fs_securityassessment,docs/accessanalyzer/11.6/solutions/filesystem/fs_securityassessment.md,,,,,,
File System Solution,11.6,https://docs.netwrix.com/docs/accessanalyzer/11_6/solutions/filesystem/overview,docs/accessanalyzer/11.6/solutions/filesystem/overview.md,,,,,,
Recommended Configuration for the File System Solution,11.6,https://docs.netwrix.com/docs/accessanalyzer/11_6/solutions/filesystem/recommended,docs/accessanalyzer/11.6/solutions/filesystem/recommended.md,,,,,,
FS_ResourceBasedGroupAICImport Job,11.6,https://docs.netwrix.com/docs/accessanalyzer/11_6/solutions/filesystem/resourcebasedgroups/fs_resourcebasedgroupaicimport,docs/accessanalyzer/11.6/solutions/filesystem/resourcebasedgroups/fs_resourcebasedgroupaicimport.md,,,,,,
FS_ResourceBasedGroups Job,11.6,https://docs.netwrix.com/docs/accessanalyzer/11_6/solutions/filesystem/resourcebasedgroups/fs_resourcebasedgroups,docs/accessanalyzer/11.6/solutions/filesystem/resourcebasedgroups/fs_resourcebasedgroups.md,,,,,,
FS_TraverseGroups Job,11.6,https://docs.netwrix.com/docs/accessanalyzer/11_6/solutions/filesystem/resourcebasedgroups/fs_traversegroups,docs/accessanalyzer/11.6/solutions/filesystem/resourcebasedgroups/fs_traversegroups.md,,,,,,
Resource Based Groups Job Group,11.6,https://docs.netwrix.com/docs/accessanalyzer/11_6/solutions/filesystem/resourcebasedgroups/overview,docs/accessanalyzer/11.6/solutions/filesystem/resourcebasedgroups/overview.md,,,,,,
NIS Scan Job,11.6,https://docs.netwrix.com/docs/accessanalyzer/11_6/solutions/nisinventory/nis_scan,docs/accessanalyzer/11.6/solutions/nisinventory/nis_scan.md,,,,,,
.NIS Inventory Solution,11.6,https://docs.netwrix.com/docs/accessanalyzer/11_6/solutions/nisinventory/overview,docs/accessanalyzer/11.6/solutions/nisinventory/overview.md,,,,,,
Recommended Configuration for the .NIS Inventory Solution,11.6,https://docs.netwrix.com/docs/accessanalyzer/11_6/solutions/nisinventory/recommended,docs/accessanalyzer/11.6/solutions/nisinventory/recommended.md,,,,,,
Solutions,11.6,https://docs.netwrix.com/docs/accessanalyzer/11_6/solutions/overview,docs/accessanalyzer/11.6/solutions/overview.md,,,,,,
Forensics Job Group,11.6,https://docs.netwrix.com/docs/accessanalyzer/11_6/solutions/sharepoint/activity/forensics/overview,docs/accessanalyzer/11.6/solutions/sharepoint/activity/forensics/overview.md,,,,,,
SP_Deletions Job,11.6,https://docs.netwrix.com/docs/accessanalyzer/11_6/solutions/sharepoint/activity/forensics/sp_deletions,docs/accessanalyzer/11.6/solutions/sharepoint/activity/forensics/sp_deletions.md,Covered by 12.0 — see docs/accessanalyzer/12.0/solutions/sharepoint/activity/forensics/sp_deletions.md,,,,,
SP_PermissionChanges Job,11.6,https://docs.netwrix.com/docs/accessanalyzer/11_6/solutions/sharepoint/activity/forensics/sp_permissionchanges,docs/accessanalyzer/11.6/solutions/sharepoint/activity/forensics/sp_permissionchanges.md,Covered by 12.0 — see docs/accessanalyzer/12.0/solutions/sharepoint/activity/forensics/sp_permissionchanges.md,,,,,
SP_SensitiveDataActivity Job,11.6,https://docs.netwrix.com/docs/accessanalyzer/11_6/solutions/sharepoint/activity/forensics/sp_sensitivedataactivity,docs/accessanalyzer/11.6/solutions/sharepoint/activity/forensics/sp_sensitivedataactivity.md,Covered by 12.0 — see docs/accessanalyzer/12.0/solutions/sharepoint/activity/forensics/sp_sensitivedataactivity.md,,,,,
7.Activity Job Group,11.6,https://docs.netwrix.com/docs/accessanalyzer/11_6/solutions/sharepoint/activity/overview,docs/accessanalyzer/11.6/solutions/sharepoint/activity/overview.md,,,,,,
Usage Statistics Job Group,11.6,https://docs.netwrix.com/docs/accessanalyzer/11_6/solutions/sharepoint/activity/usagestatistics/overview,docs/accessanalyzer/11.6/solutions/sharepoint/activity/usagestatistics/overview.md,,,,,,
SP_InactiveSites Job,11.6,https://docs.netwrix.com/docs/accessanalyzer/11_6/solutions/sharepoint/activity/usagestatistics/sp_inactivesites,docs/accessanalyzer/11.6/solutions/sharepoint/activity/usagestatistics/sp_inactivesites.md,Covered by 12.0 — see docs/accessanalyzer/12.0/solutions/sharepoint/activity/usagestatistics/sp_inactivesites.md,,,,,
SP_MostActiveSites Job,11.6,https://docs.netwrix.com/docs/accessanalyzer/11_6/solutions/sharepoint/activity/usagestatistics/sp_mostactivesites,docs/accessanalyzer/11.6/solutions/sharepoint/activity/usagestatistics/sp_mostactivesites.md,Covered by 12.0 — see docs/accessanalyzer/12.0/solutions/sharepoint/activity/usagestatistics/sp_mostactivesites.md,,,,,
SP_MostActiveUsers Job,11.6,https://docs.netwrix.com/docs/accessanalyzer/11_6/solutions/sharepoint/activity/usagestatistics/sp_mostactiveusers,docs/accessanalyzer/11.6/solutions/sharepoint/activity/usagestatistics/sp_mostactiveusers.md,Covered by 12.0 — see docs/accessanalyzer/12.0/solutions/sharepoint/activity/usagestatistics/sp_mostactiveusers.md,,,,,
1-SPSEEK_SystemScans Job,11.6,https://docs.netwrix.com/docs/accessanalyzer/11_6/solutions/sharepoint/collection/spseek_systemscans,docs/accessanalyzer/11.6/solutions/sharepoint/collection/1-spseek_systemscans.md,,,,,,
2-SPAA_SystemScans Job,11.6,https://docs.netwrix.com/docs/accessanalyzer/11_6/solutions/sharepoint/collection/spaa_systemscans,docs/accessanalyzer/11.6/solutions/sharepoint/collection/2-spaa_systemscans.md,,,,,,
3-SPAC_SystemScans Job,11.6,https://docs.netwrix.com/docs/accessanalyzer/11_6/solutions/sharepoint/collection/spac_systemscans,docs/accessanalyzer/11.6/solutions/sharepoint/collection/3-spac_systemscans.md,Covered by 12.0 — see docs/accessanalyzer/12.0/solutions/sharepoint/collection/3-spac_systemscans.md,,,,,
4-SPSEEK_BulkImport Job,11.6,https://docs.netwrix.com/docs/accessanalyzer/11_6/solutions/sharepoint/collection/spseek_bulkimport,docs/accessanalyzer/11.6/solutions/sharepoint/collection/4-spseek_bulkimport.md,,,,,,
5-SPAA_BulkImport Job,11.6,https://docs.netwrix.com/docs/accessanalyzer/11_6/solutions/sharepoint/collection/spaa_bulkimport,docs/accessanalyzer/11.6/solutions/sharepoint/collection/5-spaa_bulkimport.md,,,,,,
6-SPAC_BulkImport Job,11.6,https://docs.netwrix.com/docs/accessanalyzer/11_6/solutions/sharepoint/collection/spac_bulkimport,docs/accessanalyzer/11.6/solutions/sharepoint/collection/6-spac_bulkimport.md,,,,,,
7-SPAA_Exceptions Job,11.6,https://docs.netwrix.com/docs/accessanalyzer/11_6/solutions/sharepoint/collection/spaa_exceptions,docs/accessanalyzer/11.6/solutions/sharepoint/collection/7-spaa_exceptions.md,,,,,,
0.Collection Job Group,11.6,https://docs.netwrix.com/docs/accessanalyzer/11_6/solutions/sharepoint/collection/overview,docs/accessanalyzer/11.6/solutions/sharepoint/collection/overview.md,,,,,,
4.Content Job Group,11.6,https://docs.netwrix.com/docs/accessanalyzer/11_6/solutions/sharepoint/content/overview,docs/accessanalyzer/11.6/solutions/sharepoint/content/overview.md,,,,,,
SP_LargestFiles Job,11.6,https://docs.netwrix.com/docs/accessanalyzer/11_6/solutions/sharepoint/content/sp_largestfiles,docs/accessanalyzer/11.6/solutions/sharepoint/content/sp_largestfiles.md,Covered by 12.0 — see docs/accessanalyzer/12.0/solutions/sharepoint/content/sp_largestfiles.md,,,,,
SP_StaleFiles Job,11.6,https://docs.netwrix.com/docs/accessanalyzer/11_6/solutions/sharepoint/content/sp_stalefiles,docs/accessanalyzer/11.6/solutions/sharepoint/content/sp_stalefiles.md,,,,,,
1.Direct Permissions Job Group,11.6,https://docs.netwrix.com/docs/accessanalyzer/11_6/solutions/sharepoint/directpermissions/overview,docs/accessanalyzer/11.6/solutions/sharepoint/directpermissions/overview.md,,,,,,
SP_DomainUsers Job,11.6,https://docs.netwrix.com/docs/accessanalyzer/11_6/solutions/sharepoint/directpermissions/sp_domainusers,docs/accessanalyzer/11.6/solutions/sharepoint/directpermissions/sp_domainusers.md,Covered by 12.0 — see docs/accessanalyzer/12.0/solutions/sharepoint/directpermissions/sp_domainusers.md,,,,,
SP_EmptyDomainGroupPerms Job,11.6,https://docs.netwrix.com/docs/accessanalyzer/11_6/solutions/sharepoint/directpermissions/sp_emptydomaingroupperms,docs/accessanalyzer/11.6/solutions/sharepoint/directpermissions/sp_emptydomaingroupperms.md,Covered by 12.0 — see docs/accessanalyzer/12.0/solutions/sharepoint/directpermissions/sp_emptydomaingroupperms.md,,,,,
SP_HighRiskPermissions Job,11.6,https://docs.netwrix.com/docs/accessanalyzer/11_6/solutions/sharepoint/directpermissions/sp_highriskpermissions,docs/accessanalyzer/11.6/solutions/sharepoint/directpermissions/sp_highriskpermissions.md,,,,,,
SP_SiteCollectionPerms Job,11.6,https://docs.netwrix.com/docs/accessanalyzer/11_6/solutions/sharepoint/directpermissions/sp_sitecollectionperms,docs/accessanalyzer/11.6/solutions/sharepoint/directpermissions/sp_sitecollectionperms.md,Covered by 12.0 — see docs/accessanalyzer/12.0/solutions/sharepoint/directpermissions/sp_sitecollectionperms.md,,,,,
SP_StaleUsers Job,11.6,https://docs.netwrix.com/docs/accessanalyzer/11_6/solutions/sharepoint/directpermissions/sp_staleusers,docs/accessanalyzer/11.6/solutions/sharepoint/directpermissions/sp_staleusers.md,Covered by 12.0 — see docs/accessanalyzer/12.0/solutions/sharepoint/directpermissions/sp_staleusers.md,,,,,
SP_UnresolvedSIDs Job,11.6,https://docs.netwrix.com/docs/accessanalyzer/11_6/solutions/sharepoint/directpermissions/sp_unresolvedsids,docs/accessanalyzer/11.6/solutions/sharepoint/directpermissions/sp_unresolvedsids.md,Covered by 12.0 — see docs/accessanalyzer/12.0/solutions/sharepoint/directpermissions/sp_unresolvedsids.md,,,,,
Effective Access Audits Job Group,11.6,https://docs.netwrix.com/docs/accessanalyzer/11_6/solutions/sharepoint/effectiveaccessaudits/overview,docs/accessanalyzer/11.6/solutions/sharepoint/effectiveaccessaudits/overview.md,,,,,,
Scoping > SP_TrusteeAccess Job,11.6,https://docs.netwrix.com/docs/accessanalyzer/11_6/solutions/sharepoint/effectiveaccessaudits/sp_trusteeaccess,docs/accessanalyzer/11.6/solutions/sharepoint/effectiveaccessaudits/sp_trusteeaccess.md,Covered by 12.0 — see docs/accessanalyzer/12.0/solutions/sharepoint/effectiveaccessaudits/sp_trusteeaccess.md,,,,,
SP_TrusteeAudit Job,11.6,https://docs.netwrix.com/docs/accessanalyzer/11_6/solutions/sharepoint/effectiveaccessaudits/sp_trusteeaudit,docs/accessanalyzer/11.6/solutions/sharepoint/effectiveaccessaudits/sp_trusteeaudit.md,Covered by 12.0 — see docs/accessanalyzer/12.0/solutions/sharepoint/effectiveaccessaudits/sp_trusteeaudit.md,,,,,
8.M365 Job Group,11.6,https://docs.netwrix.com/docs/accessanalyzer/11_6/solutions/sharepoint/m365/overview,docs/accessanalyzer/11.6/solutions/sharepoint/m365/overview.md,,,,,,
SP_ExternalUsers Job,11.6,https://docs.netwrix.com/docs/accessanalyzer/11_6/solutions/sharepoint/m365/sp_externalusers,docs/accessanalyzer/11.6/solutions/sharepoint/m365/sp_externalusers.md,Covered by 12.0 — see docs/accessanalyzer/12.0/solutions/sharepoint/m365/sp_externalusers.md,,,,,
SP_OneDrives Job,11.6,https://docs.netwrix.com/docs/accessanalyzer/11_6/solutions/sharepoint/m365/sp_onedrives,docs/accessanalyzer/11.6/solutions/sharepoint/m365/sp_onedrives.md,Covered by 12.0 — see docs/accessanalyzer/12.0/solutions/sharepoint/m365/sp_onedrives.md,,,,,
SP_SharedLinks Job,11.6,https://docs.netwrix.com/docs/accessanalyzer/11_6/solutions/sharepoint/m365/sp_sharedlinks,docs/accessanalyzer/11.6/solutions/sharepoint/m365/sp_sharedlinks.md,Covered by 12.0 — see docs/accessanalyzer/12.0/solutions/sharepoint/m365/sp_sharedlinks.md,,,,,
SP_StaleTeamSites Job,11.6,https://docs.netwrix.com/docs/accessanalyzer/11_6/solutions/sharepoint/m365/sp_staleteamsites,docs/accessanalyzer/11.6/solutions/sharepoint/m365/sp_staleteamsites.md,,,,,,
SP_Teams,11.6,https://docs.netwrix.com/docs/accessanalyzer/11_6/solutions/sharepoint/m365/sp_teams,docs/accessanalyzer/11.6/solutions/sharepoint/m365/sp_teams.md,Covered by 12.0 — see docs/accessanalyzer/12.0/solutions/sharepoint/m365/sp_teams.md,,,,,
SP_TeamsExternalUserActivity Job,11.6,https://docs.netwrix.com/docs/accessanalyzer/11_6/solutions/sharepoint/m365/sp_teamsexternaluseractivity,docs/accessanalyzer/11.6/solutions/sharepoint/m365/sp_teamsexternaluseractivity.md,Covered by 12.0 — see docs/accessanalyzer/12.0/solutions/sharepoint/m365/sp_teamsexternaluseractivity.md,,,,,
SP_TeamsSensitiveData Job,11.6,https://docs.netwrix.com/docs/accessanalyzer/11_6/solutions/sharepoint/m365/sp_teamssensitivedata,docs/accessanalyzer/11.6/solutions/sharepoint/m365/sp_teamssensitivedata.md,Covered by 12.0 — see docs/accessanalyzer/12.0/solutions/sharepoint/m365/sp_teamssensitivedata.md,,,,,
SharePoint Solution,11.6,https://docs.netwrix.com/docs/accessanalyzer/11_6/solutions/sharepoint/overview,docs/accessanalyzer/11.6/solutions/sharepoint/overview.md,,,,,,
Recommended Configuration for the SharePoint Solution,11.6,https://docs.netwrix.com/docs/accessanalyzer/11_6/solutions/sharepoint/recommended,docs/accessanalyzer/11.6/solutions/sharepoint/recommended.md,,,,,,
3.Broken Inheritance > SP_BrokenInheritance Job,11.6,https://docs.netwrix.com/docs/accessanalyzer/11_6/solutions/sharepoint/sp_brokeninheritance,docs/accessanalyzer/11.6/solutions/sharepoint/sp_brokeninheritance.md,Covered by 12.0 — see docs/accessanalyzer/12.0/solutions/sharepoint/sp_brokeninheritance.md,,,,,
2.High Risk Sites > SP_OpenAccess Job,11.6,https://docs.netwrix.com/docs/accessanalyzer/11_6/solutions/sharepoint/sp_openaccess,docs/accessanalyzer/11.6/solutions/sharepoint/sp_openaccess.md,,,,,,
SP_Overview Job,11.6,https://docs.netwrix.com/docs/accessanalyzer/11_6/solutions/sharepoint/sp_overview,docs/accessanalyzer/11.6/solutions/sharepoint/sp_overview.md,,,,,,
5.Probable Owner > SP_ProbableOwner Job,11.6,https://docs.netwrix.com/docs/accessanalyzer/11_6/solutions/sharepoint/sp_probableowner,docs/accessanalyzer/11.6/solutions/sharepoint/sp_probableowner.md,Covered by 12.0 — see docs/accessanalyzer/12.0/solutions/sharepoint/sp_probableowner.md,,,,,
6.Sensitive Data > SP_SensitiveData Job,11.6,https://docs.netwrix.com/docs/accessanalyzer/11_6/solutions/sharepoint/sp_sensitivedata,docs/accessanalyzer/11.6/solutions/sharepoint/sp_sensitivedata.md,Covered by 12.0 — see docs/accessanalyzer/12.0/solutions/sharepoint/sp_sensitivedata.md,,,,,
Unix Solution,11.6,https://docs.netwrix.com/docs/accessanalyzer/11_6/solutions/unix/overview,docs/accessanalyzer/11.6/solutions/unix/overview.md,,,,,,
2.Privileged Access Job Group,11.6,https://docs.netwrix.com/docs/accessanalyzer/11_6/solutions/unix/privilegedaccess/overview,docs/accessanalyzer/11.6/solutions/unix/privilegedaccess/overview.md,,,,,,
0.Collection Job Group,11.6,https://docs.netwrix.com/docs/accessanalyzer/11_6/solutions/unix/privilegedaccess/sudoers/collection/overview,docs/accessanalyzer/11.6/solutions/unix/privilegedaccess/sudoers/collection/overview.md,,,,,,
UX_MakeDirectory Job,11.6,https://docs.netwrix.com/docs/accessanalyzer/11_6/solutions/unix/privilegedaccess/sudoers/collection/ux_makedirectory,docs/accessanalyzer/11.6/solutions/unix/privilegedaccess/sudoers/collection/ux_makedirectory.md,,,,,,
UX_ParseSudeors Job,11.6,https://docs.netwrix.com/docs/accessanalyzer/11_6/solutions/unix/privilegedaccess/sudoers/collection/ux_parsesudeors,docs/accessanalyzer/11.6/solutions/unix/privilegedaccess/sudoers/collection/ux_parsesudeors.md,Covered by 12.0 — see docs/accessanalyzer/12.0/solutions/unix/privilegedaccess/sudoers/collection/ux_parsesudeors.md,,,,,
Sudoers Job Group,11.6,https://docs.netwrix.com/docs/accessanalyzer/11_6/solutions/unix/privilegedaccess/sudoers/overview,docs/accessanalyzer/11.6/solutions/unix/privilegedaccess/sudoers/overview.md,,,,,,
UX_Sudoers Job,11.6,https://docs.netwrix.com/docs/accessanalyzer/11_6/solutions/unix/privilegedaccess/sudoers/ux_sudoers,docs/accessanalyzer/11.6/solutions/unix/privilegedaccess/sudoers/ux_sudoers.md,Covered by 12.0 — see docs/accessanalyzer/12.0/solutions/unix/privilegedaccess/sudoers/ux_sudoers.md,,,,,
UX_CriticalFiles Job,11.6,https://docs.netwrix.com/docs/accessanalyzer/11_6/solutions/unix/privilegedaccess/ux_criticalfiles,docs/accessanalyzer/11.6/solutions/unix/privilegedaccess/ux_criticalfiles.md,Covered by 12.0 — see docs/accessanalyzer/12.0/solutions/unix/privilegedaccess/ux_criticalfiles.md,,,,,
Recommended Configurations for the Unix Job Group,11.6,https://docs.netwrix.com/docs/accessanalyzer/11_6/solutions/unix/recommended,docs/accessanalyzer/11.6/solutions/unix/recommended.md,,,,,,
0.Collection Job Group,11.6,https://docs.netwrix.com/docs/accessanalyzer/11_6/solutions/unix/sharing/collection/overview,docs/accessanalyzer/11.6/solutions/unix/sharing/collection/overview.md,,,,,,
UX_NFSConfiguration Job,11.6,https://docs.netwrix.com/docs/accessanalyzer/11_6/solutions/unix/sharing/collection/ux_nfsconfiguration,docs/accessanalyzer/11.6/solutions/unix/sharing/collection/ux_nfsconfiguration.md,Covered by 12.0 — see docs/accessanalyzer/12.0/solutions/unix/sharing/collection/ux_nfsconfiguration.md,,,,,
UX_SambaConfiguration Job,11.6,https://docs.netwrix.com/docs/accessanalyzer/11_6/solutions/unix/sharing/collection/ux_sambaconfiguration,docs/accessanalyzer/11.6/solutions/unix/sharing/collection/ux_sambaconfiguration.md,Covered by 12.0 — see docs/accessanalyzer/12.0/solutions/unix/sharing/collection/ux_sambaconfiguration.md,,,,,
3.Sharing Job Group,11.6,https://docs.netwrix.com/docs/accessanalyzer/11_6/solutions/unix/sharing/overview,docs/accessanalyzer/11.6/solutions/unix/sharing/overview.md,,,,,,
UX_NFS Job,11.6,https://docs.netwrix.com/docs/accessanalyzer/11_6/solutions/unix/sharing/ux_nfs,docs/accessanalyzer/11.6/solutions/unix/sharing/ux_nfs.md,Covered by 12.0 — see docs/accessanalyzer/12.0/solutions/unix/sharing/ux_nfs.md,,,,,
UX_Samba Job,11.6,https://docs.netwrix.com/docs/accessanalyzer/11_6/solutions/unix/sharing/ux_samba,docs/accessanalyzer/11.6/solutions/unix/sharing/ux_samba.md,Covered by 12.0 — see docs/accessanalyzer/12.0/solutions/unix/sharing/ux_samba.md,,,,,
1.Users and Groups Job Group,11.6,https://docs.netwrix.com/docs/accessanalyzer/11_6/solutions/unix/usersgroups/overview,docs/accessanalyzer/11.6/solutions/unix/usersgroups/overview.md,,,,,,
UX_DuplicateGroups Job,11.6,https://docs.netwrix.com/docs/accessanalyzer/11_6/solutions/unix/usersgroups/ux_duplicategroups,docs/accessanalyzer/11.6/solutions/unix/usersgroups/ux_duplicategroups.md,Covered by 12.0 — see docs/accessanalyzer/12.0/solutions/unix/usersgroups/ux_duplicategroups.md,,,,,
UX_EmptyGroups Job,11.6,https://docs.netwrix.com/docs/accessanalyzer/11_6/solutions/unix/usersgroups/ux_emptygroups,docs/accessanalyzer/11.6/solutions/unix/usersgroups/ux_emptygroups.md,Covered by 12.0 — see docs/accessanalyzer/12.0/solutions/unix/usersgroups/ux_emptygroups.md,,,,,
UX_LargeGroups Job,11.6,https://docs.netwrix.com/docs/accessanalyzer/11_6/solutions/unix/usersgroups/ux_largegroups,docs/accessanalyzer/11.6/solutions/unix/usersgroups/ux_largegroups.md,,,,,,
UX_LocalGroups Job,11.6,https://docs.netwrix.com/docs/accessanalyzer/11_6/solutions/unix/usersgroups/ux_localgroups,docs/accessanalyzer/11.6/solutions/unix/usersgroups/ux_localgroups.md,Covered by 12.0 — see docs/accessanalyzer/12.0/solutions/unix/usersgroups/ux_localgroups.md,,,,,
UX_LocalUsers Job,11.6,https://docs.netwrix.com/docs/accessanalyzer/11_6/solutions/unix/usersgroups/ux_localusers,docs/accessanalyzer/11.6/solutions/unix/usersgroups/ux_localusers.md,Covered by 12.0 — see docs/accessanalyzer/12.0/solutions/unix/usersgroups/ux_localusers.md,,,,,
UX_PasswordSettings Job,11.6,https://docs.netwrix.com/docs/accessanalyzer/11_6/solutions/unix/usersgroups/ux_passwordsettings,docs/accessanalyzer/11.6/solutions/unix/usersgroups/ux_passwordsettings.md,Covered by 12.0 — see docs/accessanalyzer/12.0/solutions/unix/usersgroups/ux_passwordsettings.md,,,,,
0.Collection > UX_UsersAndGroups Job,11.6,https://docs.netwrix.com/docs/accessanalyzer/11_6/solutions/unix/usersgroups/ux_usersandgroups,docs/accessanalyzer/11.6/solutions/unix/usersgroups/ux_usersandgroups.md,Covered by 12.0 — see docs/accessanalyzer/12.0/solutions/unix/usersgroups/ux_usersandgroups.md,,,,,
Applications Job Group,11.6,https://docs.netwrix.com/docs/accessanalyzer/11_6/solutions/windows/applications/overview,docs/accessanalyzer/11.6/solutions/windows/applications/overview.md,,,,,,
Recommended Configurations for the Applications Job Group,11.6,https://docs.netwrix.com/docs/accessanalyzer/11_6/solutions/windows/applications/recommended,docs/accessanalyzer/11.6/solutions/windows/applications/recommended.md,Covered by 12.0 — see docs/accessanalyzer/12.0/solutions/windows/applications/recommended.md,,,,,
SG_InstalledApplications Job,11.6,https://docs.netwrix.com/docs/accessanalyzer/11_6/solutions/windows/applications/sg_installedapplications,docs/accessanalyzer/11.6/solutions/windows/applications/sg_installedapplications.md,,,,,,
SG_RunAtBoot Job,11.6,https://docs.netwrix.com/docs/accessanalyzer/11_6/solutions/windows/applications/sg_runatboot,docs/accessanalyzer/11.6/solutions/windows/applications/sg_runatboot.md,,,,,,
SG_ScheduledTasks Job,11.6,https://docs.netwrix.com/docs/accessanalyzer/11_6/solutions/windows/applications/sg_scheduledtasks,docs/accessanalyzer/11.6/solutions/windows/applications/sg_scheduledtasks.md,,,,,,
Authentication Job Group,11.6,https://docs.netwrix.com/docs/accessanalyzer/11_6/solutions/windows/authentication/overview,docs/accessanalyzer/11.6/solutions/windows/authentication/overview.md,,,,,,
Recommended Configurations for the Authentication Job Group,11.6,https://docs.netwrix.com/docs/accessanalyzer/11_6/solutions/windows/authentication/recommended,docs/accessanalyzer/11.6/solutions/windows/authentication/recommended.md,Covered by 12.0 — see docs/accessanalyzer/12.0/solutions/windows/authentication/recommended.md,,,,,
SG_LSASettings Job,11.6,https://docs.netwrix.com/docs/accessanalyzer/11_6/solutions/windows/authentication/sg_lsasettings,docs/accessanalyzer/11.6/solutions/windows/authentication/sg_lsasettings.md,Covered by 12.0 — see docs/accessanalyzer/12.0/solutions/windows/authentication/sg_lsasettings.md,,,,,
SG_SecuritySupportProviders Job,11.6,https://docs.netwrix.com/docs/accessanalyzer/11_6/solutions/windows/authentication/sg_securitysupportproviders,docs/accessanalyzer/11.6/solutions/windows/authentication/sg_securitysupportproviders.md,Covered by 12.0 — see docs/accessanalyzer/12.0/solutions/windows/authentication/sg_securitysupportproviders.md,,,,,
SG_WDigestSettings Job,11.6,https://docs.netwrix.com/docs/accessanalyzer/11_6/solutions/windows/authentication/sg_wdigestsettings,docs/accessanalyzer/11.6/solutions/windows/authentication/sg_wdigestsettings.md,Covered by 12.0 — see docs/accessanalyzer/12.0/solutions/windows/authentication/sg_wdigestsettings.md,,,,,
Open Access Job Group,11.6,https://docs.netwrix.com/docs/accessanalyzer/11_6/solutions/windows/openaccess/overview,docs/accessanalyzer/11.6/solutions/windows/openaccess/overview.md,,,,,,
Recommended Configurations for the Open Access Job Group,11.6,https://docs.netwrix.com/docs/accessanalyzer/11_6/solutions/windows/openaccess/recommended,docs/accessanalyzer/11.6/solutions/windows/openaccess/recommended.md,Covered by 12.0 — see docs/accessanalyzer/12.0/solutions/windows/openaccess/recommended.md,,,,,
SG_OpenFolders Job,11.6,https://docs.netwrix.com/docs/accessanalyzer/11_6/solutions/windows/openaccess/sg_openfolders,docs/accessanalyzer/11.6/solutions/windows/openaccess/sg_openfolders.md,,,,,,
Windows Solution,11.6,https://docs.netwrix.com/docs/accessanalyzer/11_6/solutions/windows/overview,docs/accessanalyzer/11.6/solutions/windows/overview.md,,,,,,
Local Administrators Job Group,11.6,https://docs.netwrix.com/docs/accessanalyzer/11_6/solutions/windows/privilegedaccounts/localadministrators/overview,docs/accessanalyzer/11.6/solutions/windows/privilegedaccounts/localadministrators/overview.md,,,,,,
SG_LocalAdmins Job,11.6,https://docs.netwrix.com/docs/accessanalyzer/11_6/solutions/windows/privilegedaccounts/localadministrators/sg_localadmins,docs/accessanalyzer/11.6/solutions/windows/privilegedaccounts/localadministrators/sg_localadmins.md,,,,,,
SG_MicrosoftLAPS Job,11.6,https://docs.netwrix.com/docs/accessanalyzer/11_6/solutions/windows/privilegedaccounts/localadministrators/sg_microsoftlaps,docs/accessanalyzer/11.6/solutions/windows/privilegedaccounts/localadministrators/sg_microsoftlaps.md,Covered by 12.0 — see docs/accessanalyzer/12.0/solutions/windows/privilegedaccounts/localadministrators/sg_microsoftlaps.md,,,,,
SG_Sessions Job,11.6,https://docs.netwrix.com/docs/accessanalyzer/11_6/solutions/windows/privilegedaccounts/localadministrators/sg_sessions,docs/accessanalyzer/11.6/solutions/windows/privilegedaccounts/localadministrators/sg_sessions.md,Covered by 12.0 — see docs/accessanalyzer/12.0/solutions/windows/privilegedaccounts/localadministrators/sg_sessions.md,,,,,
Collection Job Group,11.6,https://docs.netwrix.com/docs/accessanalyzer/11_6/solutions/windows/privilegedaccounts/logonrights/collection/overview,docs/accessanalyzer/11.6/solutions/windows/privilegedaccounts/logonrights/collection/overview.md,,,,,,
SG_GroupPolicy Job,11.6,https://docs.netwrix.com/docs/accessanalyzer/11_6/solutions/windows/privilegedaccounts/logonrights/collection/sg_grouppolicy,docs/accessanalyzer/11.6/solutions/windows/privilegedaccounts/logonrights/collection/sg_grouppolicy.md,Covered by 12.0 — see docs/accessanalyzer/12.0/solutions/windows/privilegedaccounts/logonrights/collection/sg_grouppolicy.md,,,,,
SG_LocalMembership Job,11.6,https://docs.netwrix.com/docs/accessanalyzer/11_6/solutions/windows/privilegedaccounts/logonrights/collection/sg_localmembership,docs/accessanalyzer/11.6/solutions/windows/privilegedaccounts/logonrights/collection/sg_localmembership.md,Covered by 12.0 — see docs/accessanalyzer/12.0/solutions/windows/privilegedaccounts/logonrights/collection/sg_localmembership.md,,,,,
SG_LocalUsers Job,11.6,https://docs.netwrix.com/docs/accessanalyzer/11_6/solutions/windows/privilegedaccounts/logonrights/collection/sg_localusers,docs/accessanalyzer/11.6/solutions/windows/privilegedaccounts/logonrights/collection/sg_localusers.md,Covered by 12.0 — see docs/accessanalyzer/12.0/solutions/windows/privilegedaccounts/logonrights/collection/sg_localusers.md,,,,,
Logon Rights Job Group,11.6,https://docs.netwrix.com/docs/accessanalyzer/11_6/solutions/windows/privilegedaccounts/logonrights/overview,docs/accessanalyzer/11.6/solutions/windows/privilegedaccounts/logonrights/overview.md,,,,,,
SG_AccountPrivileges Job,11.6,https://docs.netwrix.com/docs/accessanalyzer/11_6/solutions/windows/privilegedaccounts/logonrights/sg_accountprivileges,docs/accessanalyzer/11.6/solutions/windows/privilegedaccounts/logonrights/sg_accountprivileges.md,Covered by 12.0 — see docs/accessanalyzer/12.0/solutions/windows/privilegedaccounts/logonrights/sg_accountprivileges.md,,,,,
SG_LocalPolicies Job,11.6,https://docs.netwrix.com/docs/accessanalyzer/11_6/solutions/windows/privilegedaccounts/logonrights/sg_localpolicies,docs/accessanalyzer/11.6/solutions/windows/privilegedaccounts/logonrights/sg_localpolicies.md,Covered by 12.0 — see docs/accessanalyzer/12.0/solutions/windows/privilegedaccounts/logonrights/sg_localpolicies.md,,,,,
Privileged Accounts Job Group,11.6,https://docs.netwrix.com/docs/accessanalyzer/11_6/solutions/windows/privilegedaccounts/overview,docs/accessanalyzer/11.6/solutions/windows/privilegedaccounts/overview.md,,,,,,
Recommended Configurations for the Privileged Accounts Job Group,11.6,https://docs.netwrix.com/docs/accessanalyzer/11_6/solutions/windows/privilegedaccounts/recommended,docs/accessanalyzer/11.6/solutions/windows/privilegedaccounts/recommended.md,Covered by 12.0 — see docs/accessanalyzer/12.0/solutions/windows/privilegedaccounts/recommended.md,,,,,
Service Accounts > SG_ServiceAccounts Job,11.6,https://docs.netwrix.com/docs/accessanalyzer/11_6/solutions/windows/privilegedaccounts/sg_serviceaccounts,docs/accessanalyzer/11.6/solutions/windows/privilegedaccounts/sg_serviceaccounts.md,,,,,,
Recommended Configurations for the Windows Solution,11.6,https://docs.netwrix.com/docs/accessanalyzer/11_6/solutions/windows/recommended,docs/accessanalyzer/11.6/solutions/windows/recommended.md,,,,,,
OpenPortScan Job Group,11.6,https://docs.netwrix.com/docs/accessanalyzer/11_6/solutions/windows/securityutilities/openportscan/overview,docs/accessanalyzer/11.6/solutions/windows/securityutilities/openportscan/overview.md,,,,,,
RemoteOpenPort Job,11.6,https://docs.netwrix.com/docs/accessanalyzer/11_6/solutions/windows/securityutilities/openportscan/remoteopenport,docs/accessanalyzer/11.6/solutions/windows/securityutilities/openportscan/remoteopenport.md,Covered by 12.0 — see docs/accessanalyzer/12.0/solutions/windows/securityutilities/openportscan/remoteopenport.md,,,,,
RetrieveNetstat Job,11.6,https://docs.netwrix.com/docs/accessanalyzer/11_6/solutions/windows/securityutilities/openportscan/retrievenetstat,docs/accessanalyzer/11.6/solutions/windows/securityutilities/openportscan/retrievenetstat.md,Covered by 12.0 — see docs/accessanalyzer/12.0/solutions/windows/securityutilities/openportscan/retrievenetstat.md,,,,,
Security Utilities Job Group,11.6,https://docs.netwrix.com/docs/accessanalyzer/11_6/solutions/windows/securityutilities/overview,docs/accessanalyzer/11.6/solutions/windows/securityutilities/overview.md,,,,,,
Recommended Configurations for the Security Utilities Job Group,11.6,https://docs.netwrix.com/docs/accessanalyzer/11_6/solutions/windows/securityutilities/recommended,docs/accessanalyzer/11.6/solutions/windows/securityutilities/recommended.md,Covered by 12.0 — see docs/accessanalyzer/12.0/solutions/windows/securityutilities/recommended.md,,,,,
SG_PowerShellCommands Job,11.6,https://docs.netwrix.com/docs/accessanalyzer/11_6/solutions/windows/securityutilities/sg_powershellcommands,docs/accessanalyzer/11.6/solutions/windows/securityutilities/sg_powershellcommands.md,Covered by 12.0 — see docs/accessanalyzer/12.0/solutions/windows/securityutilities/sg_powershellcommands.md,,,,,
SG_SecurityAssessment Job,11.6,https://docs.netwrix.com/docs/accessanalyzer/11_6/solutions/windows/sg_securityassessment,docs/accessanalyzer/11.6/solutions/windows/sg_securityassessment.md,Covered by 12.0 — see docs/accessanalyzer/12.0/solutions/windows/sg_securityassessment.md,,,,,
Computer Details,12.0,https://docs.netwrix.com/docs/accessanalyzer/12_0/admin/action/activedirectory/operations/computerdetails,docs/accessanalyzer/12.0/admin/action/activedirectory/operations/computerdetails.md,,,,,,
Create Groups,12.0,https://docs.netwrix.com/docs/accessanalyzer/12_0/admin/action/activedirectory/operations/creategroups,docs/accessanalyzer/12.0/admin/action/activedirectory/operations/creategroups.md,,,,,,
Create Users,12.0,https://docs.netwrix.com/docs/accessanalyzer/12_0/admin/action/activedirectory/operations/createusers,docs/accessanalyzer/12.0/admin/action/activedirectory/operations/createusers.md,,,,,,
Disable/Enable Computers,12.0,https://docs.netwrix.com/docs/accessanalyzer/12_0/admin/action/activedirectory/operations/disableenablecomputers,docs/accessanalyzer/12.0/admin/action/activedirectory/operations/disableenablecomputers.md,,,,,,
Disable/Enable Users,12.0,https://docs.netwrix.com/docs/accessanalyzer/12_0/admin/action/activedirectory/operations/disableenableusers,docs/accessanalyzer/12.0/admin/action/activedirectory/operations/disableenableusers.md,,,,,,
Group Details,12.0,https://docs.netwrix.com/docs/accessanalyzer/12_0/admin/action/activedirectory/operations/groupdetails,docs/accessanalyzer/12.0/admin/action/activedirectory/operations/groupdetails.md,,,,,,
Group Membership,12.0,https://docs.netwrix.com/docs/accessanalyzer/12_0/admin/action/activedirectory/operations/groupmembership,docs/accessanalyzer/12.0/admin/action/activedirectory/operations/groupmembership.md,,,,,,
Move Objects,12.0,https://docs.netwrix.com/docs/accessanalyzer/12_0/admin/action/activedirectory/operations/moveobjects,docs/accessanalyzer/12.0/admin/action/activedirectory/operations/moveobjects.md,,,,,,
Active Directory Action Operations,12.0,https://docs.netwrix.com/docs/accessanalyzer/12_0/admin/action/activedirectory/operations,docs/accessanalyzer/12.0/admin/action/activedirectory/operations/operations.md,,,,,,
Set/Reset Users Password,12.0,https://docs.netwrix.com/docs/accessanalyzer/12_0/admin/action/activedirectory/operations/setresetpassword,docs/accessanalyzer/12.0/admin/action/activedirectory/operations/setresetpassword.md,,,,,,
Clear/Set SID History,12.0,https://docs.netwrix.com/docs/accessanalyzer/12_0/admin/action/activedirectory/operations/sidhistory,docs/accessanalyzer/12.0/admin/action/activedirectory/operations/sidhistory.md,,,,,,
Users Details,12.0,https://docs.netwrix.com/docs/accessanalyzer/12_0/admin/action/activedirectory/operations/usersdetails,docs/accessanalyzer/12.0/admin/action/activedirectory/operations/usersdetails.md,,,,,,
Active Directory Action Options,12.0,https://docs.netwrix.com/docs/accessanalyzer/12_0/admin/action/activedirectory/options,docs/accessanalyzer/12.0/admin/action/activedirectory/options.md,,,,,,
Active Directory Action Module,12.0,https://docs.netwrix.com/docs/accessanalyzer/12_0/admin/action/activedirectory/overview,docs/accessanalyzer/12.0/admin/action/activedirectory/overview.md,,,,,,
Active Directory Action Summary,12.0,https://docs.netwrix.com/docs/accessanalyzer/12_0/admin/action/activedirectory/summary,docs/accessanalyzer/12.0/admin/action/activedirectory/summary.md,,,,,,
Active Directory Action Target,12.0,https://docs.netwrix.com/docs/accessanalyzer/12_0/admin/action/activedirectory/target,docs/accessanalyzer/12.0/admin/action/activedirectory/target.md,,,,,,
File System Action: Action,12.0,https://docs.netwrix.com/docs/accessanalyzer/12_0/admin/action/filesystem/action,docs/accessanalyzer/12.0/admin/action/filesystem/action.md,,,,,,
File System Action: Applet Settings,12.0,https://docs.netwrix.com/docs/accessanalyzer/12_0/admin/action/filesystem/appletsettings,docs/accessanalyzer/12.0/admin/action/filesystem/appletsettings.md,,,,,,
File System Action: Destination,12.0,https://docs.netwrix.com/docs/accessanalyzer/12_0/admin/action/filesystem/destination,docs/accessanalyzer/12.0/admin/action/filesystem/destination.md,,,,,,
File System Action: Environment,12.0,https://docs.netwrix.com/docs/accessanalyzer/12_0/admin/action/filesystem/environment,docs/accessanalyzer/12.0/admin/action/filesystem/environment.md,,,,,,
File System Action: Operation,12.0,https://docs.netwrix.com/docs/accessanalyzer/12_0/admin/action/filesystem/operation,docs/accessanalyzer/12.0/admin/action/filesystem/operation.md,,,,,,
File System Action: Options,12.0,https://docs.netwrix.com/docs/accessanalyzer/12_0/admin/action/filesystem/options,docs/accessanalyzer/12.0/admin/action/filesystem/options.md,,,,,,
File System Action Module,12.0,https://docs.netwrix.com/docs/accessanalyzer/12_0/admin/action/filesystem/overview,docs/accessanalyzer/12.0/admin/action/filesystem/overview.md,,,,,,
Add Tags,12.0,https://docs.netwrix.com/docs/accessanalyzer/12_0/admin/action/filesystem/parameters/addtags,docs/accessanalyzer/12.0/admin/action/filesystem/parameters/addtags.md,,,,,,
Change Attributes,12.0,https://docs.netwrix.com/docs/accessanalyzer/12_0/admin/action/filesystem/parameters/changeattributes,docs/accessanalyzer/12.0/admin/action/filesystem/parameters/changeattributes.md,,,,,,
Change Owner,12.0,https://docs.netwrix.com/docs/accessanalyzer/12_0/admin/action/filesystem/parameters/changeowner,docs/accessanalyzer/12.0/admin/action/filesystem/parameters/changeowner.md,,,,,,
Change Permission Inheritance,12.0,https://docs.netwrix.com/docs/accessanalyzer/12_0/admin/action/filesystem/parameters/changepermissioninheritance,docs/accessanalyzer/12.0/admin/action/filesystem/parameters/changepermissioninheritance.md,,,,,,
Change Permissions and Auditing,12.0,https://docs.netwrix.com/docs/accessanalyzer/12_0/admin/action/filesystem/parameters/changepermissionsauditing,docs/accessanalyzer/12.0/admin/action/filesystem/parameters/changepermissionsauditing.md,,,,,,
Change Share Permissions,12.0,https://docs.netwrix.com/docs/accessanalyzer/12_0/admin/action/filesystem/parameters/changesharepermissions,docs/accessanalyzer/12.0/admin/action/filesystem/parameters/changesharepermissions.md,,,,,,
File System Action: Parameters,12.0,https://docs.netwrix.com/docs/accessanalyzer/12_0/admin/action/filesystem/parameters,docs/accessanalyzer/12.0/admin/action/filesystem/parameters/parameters.md,,,,,,
Remove File Permissions,12.0,https://docs.netwrix.com/docs/accessanalyzer/12_0/admin/action/filesystem/parameters/removefilepermissions,docs/accessanalyzer/12.0/admin/action/filesystem/parameters/removefilepermissions.md,,,,,,
Remove Share Permissions,12.0,https://docs.netwrix.com/docs/accessanalyzer/12_0/admin/action/filesystem/parameters/removesharepermissions,docs/accessanalyzer/12.0/admin/action/filesystem/parameters/removesharepermissions.md,,,,,,
Remove Tags,12.0,https://docs.netwrix.com/docs/accessanalyzer/12_0/admin/action/filesystem/parameters/removetags,docs/accessanalyzer/12.0/admin/action/filesystem/parameters/removetags.md,,,,,,
File System Action: Prior Actions,12.0,https://docs.netwrix.com/docs/accessanalyzer/12_0/admin/action/filesystem/prioractions,docs/accessanalyzer/12.0/admin/action/filesystem/prioractions.md,,,,,,
File System Action: Rollback,12.0,https://docs.netwrix.com/docs/accessanalyzer/12_0/admin/action/filesystem/rollback,docs/accessanalyzer/12.0/admin/action/filesystem/rollback.md,,,,,,
File System Action: Summary,12.0,https://docs.netwrix.com/docs/accessanalyzer/12_0/admin/action/filesystem/summary,docs/accessanalyzer/12.0/admin/action/filesystem/summary.md,,,,,,
File System Action: Target,12.0,https://docs.netwrix.com/docs/accessanalyzer/12_0/admin/action/filesystem/target,docs/accessanalyzer/12.0/admin/action/filesystem/target.md,,,,,,
Action Libraries,12.0,https://docs.netwrix.com/docs/accessanalyzer/12_0/admin/action/libraries,docs/accessanalyzer/12.0/admin/action/libraries.md,,,,,,
Mailbox: Affected Mailboxes,12.0,https://docs.netwrix.com/docs/accessanalyzer/12_0/admin/action/mailbox/affectedmailboxes,docs/accessanalyzer/12.0/admin/action/mailbox/affectedmailboxes.md,,,,,,
Mailbox: Criteria Selection,12.0,https://docs.netwrix.com/docs/accessanalyzer/12_0/admin/action/mailbox/criteriaselection,docs/accessanalyzer/12.0/admin/action/mailbox/criteriaselection.md,,,,,,
Mailbox: Delegate Rights,12.0,https://docs.netwrix.com/docs/accessanalyzer/12_0/admin/action/mailbox/delegaterights,docs/accessanalyzer/12.0/admin/action/mailbox/delegaterights.md,,,,,,
Mailbox: Folder Conditions,12.0,https://docs.netwrix.com/docs/accessanalyzer/12_0/admin/action/mailbox/folderconditions,docs/accessanalyzer/12.0/admin/action/mailbox/folderconditions.md,,,,,,
Mailbox: Folder Identification,12.0,https://docs.netwrix.com/docs/accessanalyzer/12_0/admin/action/mailbox/folderidentification,docs/accessanalyzer/12.0/admin/action/mailbox/folderidentification.md,,,,,,
Mailbox: Mailbox Identification,12.0,https://docs.netwrix.com/docs/accessanalyzer/12_0/admin/action/mailbox/identification,docs/accessanalyzer/12.0/admin/action/mailbox/identification.md,,,,,,
Mailbox: Message Actions,12.0,https://docs.netwrix.com/docs/accessanalyzer/12_0/admin/action/mailbox/messageactions,docs/accessanalyzer/12.0/admin/action/mailbox/messageactions.md,,,,,,
Mailbox: Message Conditions,12.0,https://docs.netwrix.com/docs/accessanalyzer/12_0/admin/action/mailbox/messageconditions,docs/accessanalyzer/12.0/admin/action/mailbox/messageconditions.md,,,,,,
Mailbox: Operations,12.0,https://docs.netwrix.com/docs/accessanalyzer/12_0/admin/action/mailbox/operations,docs/accessanalyzer/12.0/admin/action/mailbox/operations.md,,,,,,
Mailbox Action Module,12.0,https://docs.netwrix.com/docs/accessanalyzer/12_0/admin/action/mailbox/overview,docs/accessanalyzer/12.0/admin/action/mailbox/overview.md,,,,,,
Mailbox: Permissions,12.0,https://docs.netwrix.com/docs/accessanalyzer/12_0/admin/action/mailbox/permissions,docs/accessanalyzer/12.0/admin/action/mailbox/permissions.md,,,,,,
Mailbox: Sampling Host,12.0,https://docs.netwrix.com/docs/accessanalyzer/12_0/admin/action/mailbox/samplinghost,docs/accessanalyzer/12.0/admin/action/mailbox/samplinghost.md,,,,,,
Mailbox: Summary,12.0,https://docs.netwrix.com/docs/accessanalyzer/12_0/admin/action/mailbox/summary,docs/accessanalyzer/12.0/admin/action/mailbox/summary.md,,,,,,
Mailbox: Trusted Users,12.0,https://docs.netwrix.com/docs/accessanalyzer/12_0/admin/action/mailbox/trustedusers,docs/accessanalyzer/12.0/admin/action/mailbox/trustedusers.md,,,,,,
Action Modules,12.0,https://docs.netwrix.com/docs/accessanalyzer/12_0/admin/action/overview,docs/accessanalyzer/12.0/admin/action/overview.md,,,,,,
PowerShell Action: Execution Options,12.0,https://docs.netwrix.com/docs/accessanalyzer/12_0/admin/action/powershell/executionoptions,docs/accessanalyzer/12.0/admin/action/powershell/executionoptions.md,,,,,,
PowerShell Action Module,12.0,https://docs.netwrix.com/docs/accessanalyzer/12_0/admin/action/powershell/overview,docs/accessanalyzer/12.0/admin/action/powershell/overview.md,,,,,,
PowerShell Action: Script,12.0,https://docs.netwrix.com/docs/accessanalyzer/12_0/admin/action/powershell/script,docs/accessanalyzer/12.0/admin/action/powershell/script.md,,,,,,
PowerShell Action: Summary,12.0,https://docs.netwrix.com/docs/accessanalyzer/12_0/admin/action/powershell/summary,docs/accessanalyzer/12.0/admin/action/powershell/summary.md,,,,,,
Public Folder: Action,12.0,https://docs.netwrix.com/docs/accessanalyzer/12_0/admin/action/publicfolder/action,docs/accessanalyzer/12.0/admin/action/publicfolder/action.md,,,,,,
Public Folder: Folders,12.0,https://docs.netwrix.com/docs/accessanalyzer/12_0/admin/action/publicfolder/folders,docs/accessanalyzer/12.0/admin/action/publicfolder/folders.md,,,,,,
Public Folder: MAPI Settings,12.0,https://docs.netwrix.com/docs/accessanalyzer/12_0/admin/action/publicfolder/mapisettings,docs/accessanalyzer/12.0/admin/action/publicfolder/mapisettings.md,,,,,,
Public Folder: Operations,12.0,https://docs.netwrix.com/docs/accessanalyzer/12_0/admin/action/publicfolder/operations,docs/accessanalyzer/12.0/admin/action/publicfolder/operations.md,,,,,,
Public Folder: Options,12.0,https://docs.netwrix.com/docs/accessanalyzer/12_0/admin/action/publicfolder/options,docs/accessanalyzer/12.0/admin/action/publicfolder/options.md,,,,,,
PublicFolder Action Module,12.0,https://docs.netwrix.com/docs/accessanalyzer/12_0/admin/action/publicfolder/overview,docs/accessanalyzer/12.0/admin/action/publicfolder/overview.md,,,,,,
Public Folder: Prior Actions,12.0,https://docs.netwrix.com/docs/accessanalyzer/12_0/admin/action/publicfolder/prioractions,docs/accessanalyzer/12.0/admin/action/publicfolder/prioractions.md,,,,,,
Public Folder: Rollback,12.0,https://docs.netwrix.com/docs/accessanalyzer/12_0/admin/action/publicfolder/rollback,docs/accessanalyzer/12.0/admin/action/publicfolder/rollback.md,,,,,,
Public Folder: Summary,12.0,https://docs.netwrix.com/docs/accessanalyzer/12_0/admin/action/publicfolder/summary,docs/accessanalyzer/12.0/admin/action/publicfolder/summary.md,,,,,,
Registry: Operations,12.0,https://docs.netwrix.com/docs/accessanalyzer/12_0/admin/action/registry/operations,docs/accessanalyzer/12.0/admin/action/registry/operations.md,,,,,,
Registry Action Module,12.0,https://docs.netwrix.com/docs/accessanalyzer/12_0/admin/action/registry/overview,docs/accessanalyzer/12.0/admin/action/registry/overview.md,,,,,,
Registry: Summary,12.0,https://docs.netwrix.com/docs/accessanalyzer/12_0/admin/action/registry/summary,docs/accessanalyzer/12.0/admin/action/registry/summary.md,,,,,,
Registry: Target Hosts,12.0,https://docs.netwrix.com/docs/accessanalyzer/12_0/admin/action/registry/targethosts,docs/accessanalyzer/12.0/admin/action/registry/targethosts.md,,,,,,
SendMail Action: Message,12.0,https://docs.netwrix.com/docs/accessanalyzer/12_0/admin/action/sendmail/message,docs/accessanalyzer/12.0/admin/action/sendmail/message.md,,,,,,
SendMail Action Module,12.0,https://docs.netwrix.com/docs/accessanalyzer/12_0/admin/action/sendmail/overview,docs/accessanalyzer/12.0/admin/action/sendmail/overview.md,,,,,,
SendMail Action: Properties,12.0,https://docs.netwrix.com/docs/accessanalyzer/12_0/admin/action/sendmail/properties,docs/accessanalyzer/12.0/admin/action/sendmail/properties.md,,,,,,
SendMail Action: Summary,12.0,https://docs.netwrix.com/docs/accessanalyzer/12_0/admin/action/sendmail/summary,docs/accessanalyzer/12.0/admin/action/sendmail/summary.md,,,,,,
Viewing the Status of SendMail Actions,12.0,https://docs.netwrix.com/docs/accessanalyzer/12_0/admin/action/sendmail/viewstatus,docs/accessanalyzer/12.0/admin/action/sendmail/viewstatus.md,,,,,,
ServiceNow Action: Authentication,12.0,https://docs.netwrix.com/docs/accessanalyzer/12_0/admin/action/servicenow/authentication,docs/accessanalyzer/12.0/admin/action/servicenow/authentication.md,,,,,,
ServiceNow Action: Description,12.0,https://docs.netwrix.com/docs/accessanalyzer/12_0/admin/action/servicenow/description,docs/accessanalyzer/12.0/admin/action/servicenow/description.md,,,,,,
ServiceNow Action: Incident Creation,12.0,https://docs.netwrix.com/docs/accessanalyzer/12_0/admin/action/servicenow/incidentcreation,docs/accessanalyzer/12.0/admin/action/servicenow/incidentcreation.md,,,,,,
ServiceNow Action Module,12.0,https://docs.netwrix.com/docs/accessanalyzer/12_0/admin/action/servicenow/overview,docs/accessanalyzer/12.0/admin/action/servicenow/overview.md,,,,,,
ServiceNow Action: Summary,12.0,https://docs.netwrix.com/docs/accessanalyzer/12_0/admin/action/servicenow/summary,docs/accessanalyzer/12.0/admin/action/servicenow/summary.md,,,,,,
Survey HTML Style,12.0,https://docs.netwrix.com/docs/accessanalyzer/12_0/admin/action/survey/htmlstyle,docs/accessanalyzer/12.0/admin/action/survey/htmlstyle.md,,,,,,
Survey: Introduction,12.0,https://docs.netwrix.com/docs/accessanalyzer/12_0/admin/action/survey/introduction,docs/accessanalyzer/12.0/admin/action/survey/introduction.md,,,,,,
Survey: Mail – Message,12.0,https://docs.netwrix.com/docs/accessanalyzer/12_0/admin/action/survey/mailmessage,docs/accessanalyzer/12.0/admin/action/survey/mailmessage.md,,,,,,
Survey: Mail – Properties,12.0,https://docs.netwrix.com/docs/accessanalyzer/12_0/admin/action/survey/mailproperties,docs/accessanalyzer/12.0/admin/action/survey/mailproperties.md,,,,,,
Survey Action Module,12.0,https://docs.netwrix.com/docs/accessanalyzer/12_0/admin/action/survey/overview,docs/accessanalyzer/12.0/admin/action/survey/overview.md,,,,,,
Survey: Questions,12.0,https://docs.netwrix.com/docs/accessanalyzer/12_0/admin/action/survey/questions,docs/accessanalyzer/12.0/admin/action/survey/questions.md,,,,,,
Survey: Summary,12.0,https://docs.netwrix.com/docs/accessanalyzer/12_0/admin/action/survey/summary,docs/accessanalyzer/12.0/admin/action/survey/summary.md,,,,,,
Survey: Template,12.0,https://docs.netwrix.com/docs/accessanalyzer/12_0/admin/action/survey/template,docs/accessanalyzer/12.0/admin/action/survey/template.md,,,,,,
Survey: Test Survey,12.0,https://docs.netwrix.com/docs/accessanalyzer/12_0/admin/action/survey/testsurvey,docs/accessanalyzer/12.0/admin/action/survey/testsurvey.md,,,,,,
Survey: Web Server,12.0,https://docs.netwrix.com/docs/accessanalyzer/12_0/admin/action/survey/webserver,docs/accessanalyzer/12.0/admin/action/survey/webserver.md,,,,,,
Web Request: Destination,12.0,https://docs.netwrix.com/docs/accessanalyzer/12_0/admin/action/webrequest/destination,docs/accessanalyzer/12.0/admin/action/webrequest/destination.md,,,,,,
Web Request: Header,12.0,https://docs.netwrix.com/docs/accessanalyzer/12_0/admin/action/webrequest/header,docs/accessanalyzer/12.0/admin/action/webrequest/header.md,,,,,,
WebRequest Action Module,12.0,https://docs.netwrix.com/docs/accessanalyzer/12_0/admin/action/webrequest/overview,docs/accessanalyzer/12.0/admin/action/webrequest/overview.md,,,,,,
Web Request: Parameters,12.0,https://docs.netwrix.com/docs/accessanalyzer/12_0/admin/action/webrequest/parameters,docs/accessanalyzer/12.0/admin/action/webrequest/parameters.md,,,,,,
Web Request: Settings,12.0,https://docs.netwrix.com/docs/accessanalyzer/12_0/admin/action/webrequest/settings,docs/accessanalyzer/12.0/admin/action/webrequest/settings.md,,,,,,
Web Request: Summary,12.0,https://docs.netwrix.com/docs/accessanalyzer/12_0/admin/action/webrequest/summary,docs/accessanalyzer/12.0/admin/action/webrequest/summary.md,,,,,,
AutoAction Analysis Module,12.0,https://docs.netwrix.com/docs/accessanalyzer/12_0/admin/analysis/autoaction,docs/accessanalyzer/12.0/admin/analysis/autoaction.md,,,,,,
Applies To Tab,12.0,https://docs.netwrix.com/docs/accessanalyzer/12_0/admin/analysis/businessrules/appliesto,docs/accessanalyzer/12.0/admin/analysis/businessrules/appliesto.md,,,,,,
Logic Tab,12.0,https://docs.netwrix.com/docs/accessanalyzer/12_0/admin/analysis/businessrules/logic,docs/accessanalyzer/12.0/admin/analysis/businessrules/logic.md,,,,,,
Business Rules Analysis Module,12.0,https://docs.netwrix.com/docs/accessanalyzer/12_0/admin/analysis/businessrules/overview,docs/accessanalyzer/12.0/admin/analysis/businessrules/overview.md,,,,,,
Variables Tab,12.0,https://docs.netwrix.com/docs/accessanalyzer/12_0/admin/analysis/businessrules/variables,docs/accessanalyzer/12.0/admin/analysis/businessrules/variables.md,,,,,,
Change Detection: Additional Fields,12.0,https://docs.netwrix.com/docs/accessanalyzer/12_0/admin/analysis/changedetection/additionalfields,docs/accessanalyzer/12.0/admin/analysis/changedetection/additionalfields.md,,,,,,
Change Detection: Fields,12.0,https://docs.netwrix.com/docs/accessanalyzer/12_0/admin/analysis/changedetection/fields,docs/accessanalyzer/12.0/admin/analysis/changedetection/fields.md,,,,,,
Change Detection: Input,12.0,https://docs.netwrix.com/docs/accessanalyzer/12_0/admin/analysis/changedetection/input,docs/accessanalyzer/12.0/admin/analysis/changedetection/input.md,,,,,,
Change Detection: Input Scope,12.0,https://docs.netwrix.com/docs/accessanalyzer/12_0/admin/analysis/changedetection/inputscope,docs/accessanalyzer/12.0/admin/analysis/changedetection/inputscope.md,,,,,,
Change Detection: Options,12.0,https://docs.netwrix.com/docs/accessanalyzer/12_0/admin/analysis/changedetection/options,docs/accessanalyzer/12.0/admin/analysis/changedetection/options.md,,,,,,
Change Detection Analysis Module,12.0,https://docs.netwrix.com/docs/accessanalyzer/12_0/admin/analysis/changedetection/overview,docs/accessanalyzer/12.0/admin/analysis/changedetection/overview.md,,,,,,
Change Detection: Result Sample,12.0,https://docs.netwrix.com/docs/accessanalyzer/12_0/admin/analysis/changedetection/resultsample,docs/accessanalyzer/12.0/admin/analysis/changedetection/resultsample.md,,,,,,
Change Detection: Summary,12.0,https://docs.netwrix.com/docs/accessanalyzer/12_0/admin/analysis/changedetection/summary,docs/accessanalyzer/12.0/admin/analysis/changedetection/summary.md,,,,,,
Change Detection: Unique Key,12.0,https://docs.netwrix.com/docs/accessanalyzer/12_0/admin/analysis/changedetection/uniquekey,docs/accessanalyzer/12.0/admin/analysis/changedetection/uniquekey.md,,,,,,
Notification: Change Type,12.0,https://docs.netwrix.com/docs/accessanalyzer/12_0/admin/analysis/notification/changetype,docs/accessanalyzer/12.0/admin/analysis/notification/changetype.md,,,,,,
Notification: Command Line,12.0,https://docs.netwrix.com/docs/accessanalyzer/12_0/admin/analysis/notification/commandline,docs/accessanalyzer/12.0/admin/analysis/notification/commandline.md,,,,,,
Notification: Criteria,12.0,https://docs.netwrix.com/docs/accessanalyzer/12_0/admin/analysis/notification/criteria,docs/accessanalyzer/12.0/admin/analysis/notification/criteria.md,,,,,,
Notification: Event Log,12.0,https://docs.netwrix.com/docs/accessanalyzer/12_0/admin/analysis/notification/eventlog,docs/accessanalyzer/12.0/admin/analysis/notification/eventlog.md,,,,,,
Notification: Frequency,12.0,https://docs.netwrix.com/docs/accessanalyzer/12_0/admin/analysis/notification/frequency,docs/accessanalyzer/12.0/admin/analysis/notification/frequency.md,,,,,,
Notification: Hosts,12.0,https://docs.netwrix.com/docs/accessanalyzer/12_0/admin/analysis/notification/hosts,docs/accessanalyzer/12.0/admin/analysis/notification/hosts.md,,,,,,
Notification Analysis Module,12.0,https://docs.netwrix.com/docs/accessanalyzer/12_0/admin/analysis/notification/overview,docs/accessanalyzer/12.0/admin/analysis/notification/overview.md,,,,,,
Notification: Select Table,12.0,https://docs.netwrix.com/docs/accessanalyzer/12_0/admin/analysis/notification/selecttable,docs/accessanalyzer/12.0/admin/analysis/notification/selecttable.md,,,,,,
Notification: SMTP,12.0,https://docs.netwrix.com/docs/accessanalyzer/12_0/admin/analysis/notification/smtp,docs/accessanalyzer/12.0/admin/analysis/notification/smtp.md,,,,,,
Notification: Summary,12.0,https://docs.netwrix.com/docs/accessanalyzer/12_0/admin/analysis/notification/summary,docs/accessanalyzer/12.0/admin/analysis/notification/summary.md,,,,,,
Notification: Table Type,12.0,https://docs.netwrix.com/docs/accessanalyzer/12_0/admin/analysis/notification/tabletype,docs/accessanalyzer/12.0/admin/analysis/notification/tabletype.md,,,,,,
Notification: Time Window,12.0,https://docs.netwrix.com/docs/accessanalyzer/12_0/admin/analysis/notification/timewindow,docs/accessanalyzer/12.0/admin/analysis/notification/timewindow.md,,,,,,
Notification: Type,12.0,https://docs.netwrix.com/docs/accessanalyzer/12_0/admin/analysis/notification/type,docs/accessanalyzer/12.0/admin/analysis/notification/type.md,,,,,,
Analysis Modules,12.0,https://docs.netwrix.com/docs/accessanalyzer/12_0/admin/analysis/overview,docs/accessanalyzer/12.0/admin/analysis/overview.md,,,,,,
SQLscripting Analysis Module,12.0,https://docs.netwrix.com/docs/accessanalyzer/12_0/admin/analysis/sqlscripting,docs/accessanalyzer/12.0/admin/analysis/sqlscripting.md,,,,,,
SQLViewCreations: Columns,12.0,https://docs.netwrix.com/docs/accessanalyzer/12_0/admin/analysis/sqlviewcreation/columns,docs/accessanalyzer/12.0/admin/analysis/sqlviewcreation/columns.md,,,,,,
SQLViewCreation: Export,12.0,https://docs.netwrix.com/docs/accessanalyzer/12_0/admin/analysis/sqlviewcreation/export,docs/accessanalyzer/12.0/admin/analysis/sqlviewcreation/export.md,,,,,,
SQLViewCreation: Filter,12.0,https://docs.netwrix.com/docs/accessanalyzer/12_0/admin/analysis/sqlviewcreation/filter,docs/accessanalyzer/12.0/admin/analysis/sqlviewcreation/filter.md,,,,,,
SQLViewCreation: Input Source,12.0,https://docs.netwrix.com/docs/accessanalyzer/12_0/admin/analysis/sqlviewcreation/input,docs/accessanalyzer/12.0/admin/analysis/sqlviewcreation/input.md,,,,,,
SQLViewCreation: Input Scope,12.0,https://docs.netwrix.com/docs/accessanalyzer/12_0/admin/analysis/sqlviewcreation/inputscope,docs/accessanalyzer/12.0/admin/analysis/sqlviewcreation/inputscope.md,,,,,,
SQLViewCreations: Join Columns,12.0,https://docs.netwrix.com/docs/accessanalyzer/12_0/admin/analysis/sqlviewcreation/joincolumns,docs/accessanalyzer/12.0/admin/analysis/sqlviewcreation/joincolumns.md,,,,,,
SQLViewCreation Analysis Module,12.0,https://docs.netwrix.com/docs/accessanalyzer/12_0/admin/analysis/sqlviewcreation/overview,docs/accessanalyzer/12.0/admin/analysis/sqlviewcreation/overview.md,,,,,,
SQLViewCreation: Result Type,12.0,https://docs.netwrix.com/docs/accessanalyzer/12_0/admin/analysis/sqlviewcreation/result,docs/accessanalyzer/12.0/admin/analysis/sqlviewcreation/result.md,,,,,,
SQLViewCreation: Result Constraints,12.0,https://docs.netwrix.com/docs/accessanalyzer/12_0/admin/analysis/sqlviewcreation/resultconstraints,docs/accessanalyzer/12.0/admin/analysis/sqlviewcreation/resultconstraints.md,,,,,,
SQLViewCreation: Result Sample,12.0,https://docs.netwrix.com/docs/accessanalyzer/12_0/admin/analysis/sqlviewcreation/resultsample,docs/accessanalyzer/12.0/admin/analysis/sqlviewcreation/resultsample.md,,,,,,
SQLViewCreation: Summary,12.0,https://docs.netwrix.com/docs/accessanalyzer/12_0/admin/analysis/sqlviewcreation/summary,docs/accessanalyzer/12.0/admin/analysis/sqlviewcreation/summary.md,,,,,,
SQLViewCreation: Time Window,12.0,https://docs.netwrix.com/docs/accessanalyzer/12_0/admin/analysis/sqlviewcreation/timewindow,docs/accessanalyzer/12.0/admin/analysis/sqlviewcreation/timewindow.md,,,,,,
VBscripting Analysis Module,12.0,https://docs.netwrix.com/docs/accessanalyzer/12_0/admin/analysis/vbscripting,docs/accessanalyzer/12.0/admin/analysis/vbscripting.md,,,,,,
ActiveDirectory: Category,12.0,https://docs.netwrix.com/docs/accessanalyzer/12_0/admin/datacollector/activedirectory/category,docs/accessanalyzer/12.0/admin/datacollector/activedirectory/category.md,,,,,,
ActiveDirectory: Directory Scope,12.0,https://docs.netwrix.com/docs/accessanalyzer/12_0/admin/datacollector/activedirectory/directoryscope,docs/accessanalyzer/12.0/admin/datacollector/activedirectory/directoryscope.md,,,,,,
ActiveDirectory: Options,12.0,https://docs.netwrix.com/docs/accessanalyzer/12_0/admin/datacollector/activedirectory/options,docs/accessanalyzer/12.0/admin/datacollector/activedirectory/options.md,,,,,,
ActiveDirectory Data Collector,12.0,https://docs.netwrix.com/docs/accessanalyzer/12_0/admin/datacollector/activedirectory/overview,docs/accessanalyzer/12.0/admin/datacollector/activedirectory/overview.md,,,,,,
ActiveDirectory: Results,12.0,https://docs.netwrix.com/docs/accessanalyzer/12_0/admin/datacollector/activedirectory/results,docs/accessanalyzer/12.0/admin/datacollector/activedirectory/results.md,,,,,,
ActiveDirectory: Summary,12.0,https://docs.netwrix.com/docs/accessanalyzer/12_0/admin/datacollector/activedirectory/summary,docs/accessanalyzer/12.0/admin/datacollector/activedirectory/summary.md,,,,,,
ADActivity: Category,12.0,https://docs.netwrix.com/docs/accessanalyzer/12_0/admin/datacollector/adactivity/category,docs/accessanalyzer/12.0/admin/datacollector/adactivity/category.md,,,,,,
Clear ADActivity Tables,12.0,https://docs.netwrix.com/docs/accessanalyzer/12_0/admin/datacollector/adactivity/cleartables,docs/accessanalyzer/12.0/admin/datacollector/adactivity/cleartables.md,,,,,,
ADActivity: SAM Connection,12.0,https://docs.netwrix.com/docs/accessanalyzer/12_0/admin/datacollector/adactivity/connection,docs/accessanalyzer/12.0/admin/datacollector/adactivity/connection.md,,,,,,
ADActivity Data Collector,12.0,https://docs.netwrix.com/docs/accessanalyzer/12_0/admin/datacollector/adactivity/overview,docs/accessanalyzer/12.0/admin/datacollector/adactivity/overview.md,,,,,,
ADActivity: Results,12.0,https://docs.netwrix.com/docs/accessanalyzer/12_0/admin/datacollector/adactivity/results,docs/accessanalyzer/12.0/admin/datacollector/adactivity/results.md,,,,,,
ADActivity: Scope,12.0,https://docs.netwrix.com/docs/accessanalyzer/12_0/admin/datacollector/adactivity/scope,docs/accessanalyzer/12.0/admin/datacollector/adactivity/scope.md,,,,,,
ADActivity: Share,12.0,https://docs.netwrix.com/docs/accessanalyzer/12_0/admin/datacollector/adactivity/share,docs/accessanalyzer/12.0/admin/datacollector/adactivity/share.md,,,,,,
Standard Reference Tables & Views for the ADActivity Data Collector,12.0,https://docs.netwrix.com/docs/accessanalyzer/12_0/admin/datacollector/adactivity/standardtables,docs/accessanalyzer/12.0/admin/datacollector/adactivity/standardtables.md,,,,,,
ADActivity: Summary,12.0,https://docs.netwrix.com/docs/accessanalyzer/12_0/admin/datacollector/adactivity/summary,docs/accessanalyzer/12.0/admin/datacollector/adactivity/summary.md,,,,,,
ADInventory: Category,12.0,https://docs.netwrix.com/docs/accessanalyzer/12_0/admin/datacollector/adinventory/category,docs/accessanalyzer/12.0/admin/datacollector/adinventory/category.md,,,,,,
Clear ADInventory Tables,12.0,https://docs.netwrix.com/docs/accessanalyzer/12_0/admin/datacollector/adinventory/cleartables,docs/accessanalyzer/12.0/admin/datacollector/adinventory/cleartables.md,,,,,,
ADInventory: Custom Attributes,12.0,https://docs.netwrix.com/docs/accessanalyzer/12_0/admin/datacollector/adinventory/customattributes,docs/accessanalyzer/12.0/admin/datacollector/adinventory/customattributes.md,,,,,,
ADInventory: Domains,12.0,https://docs.netwrix.com/docs/accessanalyzer/12_0/admin/datacollector/adinventory/domains,docs/accessanalyzer/12.0/admin/datacollector/adinventory/domains.md,,,,,,
ADInventory: Index Update Options,12.0,https://docs.netwrix.com/docs/accessanalyzer/12_0/admin/datacollector/adinventory/indexupdateoptions,docs/accessanalyzer/12.0/admin/datacollector/adinventory/indexupdateoptions.md,,,,,,
ADInventory: Options,12.0,https://docs.netwrix.com/docs/accessanalyzer/12_0/admin/datacollector/adinventory/options,docs/accessanalyzer/12.0/admin/datacollector/adinventory/options.md,,,,,,
ADInventory Data Collector,12.0,https://docs.netwrix.com/docs/accessanalyzer/12_0/admin/datacollector/adinventory/overview,docs/accessanalyzer/12.0/admin/datacollector/adinventory/overview.md,,,,,,
ADInventory: Results,12.0,https://docs.netwrix.com/docs/accessanalyzer/12_0/admin/datacollector/adinventory/results,docs/accessanalyzer/12.0/admin/datacollector/adinventory/results.md,,,,,,
Standard Reference Tables & Views for the ADInventory Data Collector,12.0,https://docs.netwrix.com/docs/accessanalyzer/12_0/admin/datacollector/adinventory/standardtables,docs/accessanalyzer/12.0/admin/datacollector/adinventory/standardtables.md,,,,,,
ADInventory: Summary,12.0,https://docs.netwrix.com/docs/accessanalyzer/12_0/admin/datacollector/adinventory/summary,docs/accessanalyzer/12.0/admin/datacollector/adinventory/summary.md,,,,,,
ADPermissions: Category,12.0,https://docs.netwrix.com/docs/accessanalyzer/12_0/admin/datacollector/adpermissions/category,docs/accessanalyzer/12.0/admin/datacollector/adpermissions/category.md,,,,,,
ADPermissions: Custom Filter,12.0,https://docs.netwrix.com/docs/accessanalyzer/12_0/admin/datacollector/adpermissions/customfilter,docs/accessanalyzer/12.0/admin/datacollector/adpermissions/customfilter.md,,,,,,
ADPermissions: Options,12.0,https://docs.netwrix.com/docs/accessanalyzer/12_0/admin/datacollector/adpermissions/options,docs/accessanalyzer/12.0/admin/datacollector/adpermissions/options.md,,,,,,
ADPermissions Data Collector,12.0,https://docs.netwrix.com/docs/accessanalyzer/12_0/admin/datacollector/adpermissions/overview,docs/accessanalyzer/12.0/admin/datacollector/adpermissions/overview.md,,,,,,
Remove ADPermissions Tables,12.0,https://docs.netwrix.com/docs/accessanalyzer/12_0/admin/datacollector/adpermissions/removetables,docs/accessanalyzer/12.0/admin/datacollector/adpermissions/removetables.md,,,,,,
ADPermissions: Results,12.0,https://docs.netwrix.com/docs/accessanalyzer/12_0/admin/datacollector/adpermissions/results,docs/accessanalyzer/12.0/admin/datacollector/adpermissions/results.md,,,,,,
ADPermissions: Scope,12.0,https://docs.netwrix.com/docs/accessanalyzer/12_0/admin/datacollector/adpermissions/scope,docs/accessanalyzer/12.0/admin/datacollector/adpermissions/scope.md,,,,,,
Standard Reference Tables & Views,12.0,https://docs.netwrix.com/docs/accessanalyzer/12_0/admin/datacollector/adpermissions/standardtables,docs/accessanalyzer/12.0/admin/datacollector/adpermissions/standardtables.md,,,,,,
ADPermissions: Summary,12.0,https://docs.netwrix.com/docs/accessanalyzer/12_0/admin/datacollector/adpermissions/summary,docs/accessanalyzer/12.0/admin/datacollector/adpermissions/summary.md,,,,,,
AWS: Category,12.0,https://docs.netwrix.com/docs/accessanalyzer/12_0/admin/datacollector/aws/category,docs/accessanalyzer/12.0/admin/datacollector/aws/category.md,,,,,,
AWS: Criteria,12.0,https://docs.netwrix.com/docs/accessanalyzer/12_0/admin/datacollector/aws/criteria,docs/accessanalyzer/12.0/admin/datacollector/aws/criteria.md,,,,,,
Drop AWS Tables,12.0,https://docs.netwrix.com/docs/accessanalyzer/12_0/admin/datacollector/aws/droptables,docs/accessanalyzer/12.0/admin/datacollector/aws/droptables.md,,,,,,
AWS: Filter S3 Objects,12.0,https://docs.netwrix.com/docs/accessanalyzer/12_0/admin/datacollector/aws/filters3objects,docs/accessanalyzer/12.0/admin/datacollector/aws/filters3objects.md,,,,,,
AWS: Login Roles,12.0,https://docs.netwrix.com/docs/accessanalyzer/12_0/admin/datacollector/aws/loginroles,docs/accessanalyzer/12.0/admin/datacollector/aws/loginroles.md,,,,,,
AWS Data Collector,12.0,https://docs.netwrix.com/docs/accessanalyzer/12_0/admin/datacollector/aws/overview,docs/accessanalyzer/12.0/admin/datacollector/aws/overview.md,,,,,,
AWS: Results,12.0,https://docs.netwrix.com/docs/accessanalyzer/12_0/admin/datacollector/aws/results,docs/accessanalyzer/12.0/admin/datacollector/aws/results.md,,,,,,
AWS: Sensitive Data Settings,12.0,https://docs.netwrix.com/docs/accessanalyzer/12_0/admin/datacollector/aws/sensitivedata,docs/accessanalyzer/12.0/admin/datacollector/aws/sensitivedata.md,,,,,,
AWS: Summary,12.0,https://docs.netwrix.com/docs/accessanalyzer/12_0/admin/datacollector/aws/summary,docs/accessanalyzer/12.0/admin/datacollector/aws/summary.md,,,,,,
AzureADInventory: Category,12.0,https://docs.netwrix.com/docs/accessanalyzer/12_0/admin/datacollector/azureadinventory/category,docs/accessanalyzer/12.0/admin/datacollector/azureadinventory/category.md,,,,,,
Microsoft Entra ID Connection Profile & Host List,12.0,https://docs.netwrix.com/docs/accessanalyzer/12_0/admin/datacollector/azureadinventory/configurejob,docs/accessanalyzer/12.0/admin/datacollector/azureadinventory/configurejob.md,,,,,,
AzureADInventory: Custom Attributes,12.0,https://docs.netwrix.com/docs/accessanalyzer/12_0/admin/datacollector/azureadinventory/customattributes,docs/accessanalyzer/12.0/admin/datacollector/azureadinventory/customattributes.md,,,,,,
AzureADInventory: Options,12.0,https://docs.netwrix.com/docs/accessanalyzer/12_0/admin/datacollector/azureadinventory/options,docs/accessanalyzer/12.0/admin/datacollector/azureadinventory/options.md,,,,,,
AzureADInventory Data Collector,12.0,https://docs.netwrix.com/docs/accessanalyzer/12_0/admin/datacollector/azureadinventory/overview,docs/accessanalyzer/12.0/admin/datacollector/azureadinventory/overview.md,,,,,,
AzureADInventory: Results,12.0,https://docs.netwrix.com/docs/accessanalyzer/12_0/admin/datacollector/azureadinventory/results,docs/accessanalyzer/12.0/admin/datacollector/azureadinventory/results.md,,,,,,
Standard Reference Tables & Views for the AzureADInventory Data Collector,12.0,https://docs.netwrix.com/docs/accessanalyzer/12_0/admin/datacollector/azureadinventory/standardtables,docs/accessanalyzer/12.0/admin/datacollector/azureadinventory/standardtables.md,,,,,,
AzureADInventory: Summary,12.0,https://docs.netwrix.com/docs/accessanalyzer/12_0/admin/datacollector/azureadinventory/summary,docs/accessanalyzer/12.0/admin/datacollector/azureadinventory/summary.md,,,,,,
Troubleshooting AzureADInventory Data Collector,12.0,https://docs.netwrix.com/docs/accessanalyzer/12_0/admin/datacollector/azureadinventory/troubleshooting,docs/accessanalyzer/12.0/admin/datacollector/azureadinventory/troubleshooting.md,,,,,,
Box: Activity Operation Scope,12.0,https://docs.netwrix.com/docs/accessanalyzer/12_0/admin/datacollector/box/activityoperationscope,docs/accessanalyzer/12.0/admin/datacollector/box/activityoperationscope.md,,,,,,
Box: Activity Timeframe Scope,12.0,https://docs.netwrix.com/docs/accessanalyzer/12_0/admin/datacollector/box/activitytimeframescope,docs/accessanalyzer/12.0/admin/datacollector/box/activitytimeframescope.md,,,,,,
Box: Additional Scoping,12.0,https://docs.netwrix.com/docs/accessanalyzer/12_0/admin/datacollector/box/additionalscoping,docs/accessanalyzer/12.0/admin/datacollector/box/additionalscoping.md,,,,,,
Box: Authenticate,12.0,https://docs.netwrix.com/docs/accessanalyzer/12_0/admin/datacollector/box/authenticate,docs/accessanalyzer/12.0/admin/datacollector/box/authenticate.md,,,,,,
Box: Category,12.0,https://docs.netwrix.com/docs/accessanalyzer/12_0/admin/datacollector/box/category,docs/accessanalyzer/12.0/admin/datacollector/box/category.md,,,,,,
Box: Exclusions Page,12.0,https://docs.netwrix.com/docs/accessanalyzer/12_0/admin/datacollector/box/exclusions,docs/accessanalyzer/12.0/admin/datacollector/box/exclusions.md,,,,,,
Box Data Collector,12.0,https://docs.netwrix.com/docs/accessanalyzer/12_0/admin/datacollector/box/overview,docs/accessanalyzer/12.0/admin/datacollector/box/overview.md,,,,,,
Box: Results,12.0,https://docs.netwrix.com/docs/accessanalyzer/12_0/admin/datacollector/box/results,docs/accessanalyzer/12.0/admin/datacollector/box/results.md,,,,,,
Box: Scope by User Page,12.0,https://docs.netwrix.com/docs/accessanalyzer/12_0/admin/datacollector/box/scopebyuser,docs/accessanalyzer/12.0/admin/datacollector/box/scopebyuser.md,,,,,,
Standard Reference Tables & Views For the Box Data Collector,12.0,https://docs.netwrix.com/docs/accessanalyzer/12_0/admin/datacollector/box/standardtables,docs/accessanalyzer/12.0/admin/datacollector/box/standardtables.md,,,,,,
Box: Summary,12.0,https://docs.netwrix.com/docs/accessanalyzer/12_0/admin/datacollector/box/summary,docs/accessanalyzer/12.0/admin/datacollector/box/summary.md,,,,,,
CLU: Define Fields,12.0,https://docs.netwrix.com/docs/accessanalyzer/12_0/admin/datacollector/commandlineutility/definefields,docs/accessanalyzer/12.0/admin/datacollector/commandlineutility/definefields.md,,,,,,
CLU: Execution Options,12.0,https://docs.netwrix.com/docs/accessanalyzer/12_0/admin/datacollector/commandlineutility/executionoptions,docs/accessanalyzer/12.0/admin/datacollector/commandlineutility/executionoptions.md,,,,,,
CommandLineUtility Data Collector,12.0,https://docs.netwrix.com/docs/accessanalyzer/12_0/admin/datacollector/commandlineutility/overview,docs/accessanalyzer/12.0/admin/datacollector/commandlineutility/overview.md,,,,,,
CLU: Profile Parameters,12.0,https://docs.netwrix.com/docs/accessanalyzer/12_0/admin/datacollector/commandlineutility/profileparameters,docs/accessanalyzer/12.0/admin/datacollector/commandlineutility/profileparameters.md,,,,,,
CLU: Profile Type,12.0,https://docs.netwrix.com/docs/accessanalyzer/12_0/admin/datacollector/commandlineutility/profiletype,docs/accessanalyzer/12.0/admin/datacollector/commandlineutility/profiletype.md,,,,,,
CLU: Results,12.0,https://docs.netwrix.com/docs/accessanalyzer/12_0/admin/datacollector/commandlineutility/results,docs/accessanalyzer/12.0/admin/datacollector/commandlineutility/results.md,,,,,,
CLU: Script Editor,12.0,https://docs.netwrix.com/docs/accessanalyzer/12_0/admin/datacollector/commandlineutility/scripteditor,docs/accessanalyzer/12.0/admin/datacollector/commandlineutility/scripteditor.md,,,,,,
CLU: Summary,12.0,https://docs.netwrix.com/docs/accessanalyzer/12_0/admin/datacollector/commandlineutility/summary,docs/accessanalyzer/12.0/admin/datacollector/commandlineutility/summary.md,,,,,,
DiskInfo Data Collector,12.0,https://docs.netwrix.com/docs/accessanalyzer/12_0/admin/datacollector/diskinfo/overview,docs/accessanalyzer/12.0/admin/datacollector/diskinfo/overview.md,,,,,,
DiskInfo: Results,12.0,https://docs.netwrix.com/docs/accessanalyzer/12_0/admin/datacollector/diskinfo/results,docs/accessanalyzer/12.0/admin/datacollector/diskinfo/results.md,,,,,,
DiskInfo: Summary,12.0,https://docs.netwrix.com/docs/accessanalyzer/12_0/admin/datacollector/diskinfo/summary,docs/accessanalyzer/12.0/admin/datacollector/diskinfo/summary.md,,,,,,
DiskInfo: Target Disks,12.0,https://docs.netwrix.com/docs/accessanalyzer/12_0/admin/datacollector/diskinfo/targetdisks,docs/accessanalyzer/12.0/admin/datacollector/diskinfo/targetdisks.md,,,,,,
DNS: Category,12.0,https://docs.netwrix.com/docs/accessanalyzer/12_0/admin/datacollector/dns/category,docs/accessanalyzer/12.0/admin/datacollector/dns/category.md,,,,,,
DNS Data Collector,12.0,https://docs.netwrix.com/docs/accessanalyzer/12_0/admin/datacollector/dns/overview,docs/accessanalyzer/12.0/admin/datacollector/dns/overview.md,,,,,,
DNS: Results,12.0,https://docs.netwrix.com/docs/accessanalyzer/12_0/admin/datacollector/dns/results,docs/accessanalyzer/12.0/admin/datacollector/dns/results.md,,,,,,
DNS: Summary,12.0,https://docs.netwrix.com/docs/accessanalyzer/12_0/admin/datacollector/dns/summary,docs/accessanalyzer/12.0/admin/datacollector/dns/summary.md,,,,,,
DropboxAccess: Category,12.0,https://docs.netwrix.com/docs/accessanalyzer/12_0/admin/datacollector/dropboxaccess/category,docs/accessanalyzer/12.0/admin/datacollector/dropboxaccess/category.md,,,,,,
DropboxAccess: Summary (Completion),12.0,https://docs.netwrix.com/docs/accessanalyzer/12_0/admin/datacollector/dropboxaccess/completion,docs/accessanalyzer/12.0/admin/datacollector/dropboxaccess/completion.md,,,,,,
Custom Dropbox Connection Profile & Host List,12.0,https://docs.netwrix.com/docs/accessanalyzer/12_0/admin/datacollector/dropboxaccess/configurejob,docs/accessanalyzer/12.0/admin/datacollector/dropboxaccess/configurejob.md,,,,,,
DropboxAccess: DLP Audit Settings,12.0,https://docs.netwrix.com/docs/accessanalyzer/12_0/admin/datacollector/dropboxaccess/dlpauditsettings,docs/accessanalyzer/12.0/admin/datacollector/dropboxaccess/dlpauditsettings.md,,,,,,
DropboxAccess Data Collector,12.0,https://docs.netwrix.com/docs/accessanalyzer/12_0/admin/datacollector/dropboxaccess/overview,docs/accessanalyzer/12.0/admin/datacollector/dropboxaccess/overview.md,,,,,,
DropboxAccess: Scan Options,12.0,https://docs.netwrix.com/docs/accessanalyzer/12_0/admin/datacollector/dropboxaccess/scanoptions,docs/accessanalyzer/12.0/admin/datacollector/dropboxaccess/scanoptions.md,,,,,,
DropboxAccess: Scoping,12.0,https://docs.netwrix.com/docs/accessanalyzer/12_0/admin/datacollector/dropboxaccess/scoping,docs/accessanalyzer/12.0/admin/datacollector/dropboxaccess/scoping.md,,,,,,
DropboxAccess: Select DLP Criteria,12.0,https://docs.netwrix.com/docs/accessanalyzer/12_0/admin/datacollector/dropboxaccess/selectdlpcriteria,docs/accessanalyzer/12.0/admin/datacollector/dropboxaccess/selectdlpcriteria.md,,,,,,
Standard Reference Tables & Views for the DropboxAccess Data Collector,12.0,https://docs.netwrix.com/docs/accessanalyzer/12_0/admin/datacollector/dropboxaccess/standardtables,docs/accessanalyzer/12.0/admin/datacollector/dropboxaccess/standardtables.md,,,,,,
Entra: Scan options,12.0,https://docs.netwrix.com/docs/accessanalyzer/12_0/admin/datacollector/entra/options,docs/accessanalyzer/12.0/admin/datacollector/entra/options.md,,,,,,
Entra Data Collector,12.0,https://docs.netwrix.com/docs/accessanalyzer/12_0/admin/datacollector/entra/overview,docs/accessanalyzer/12.0/admin/datacollector/entra/overview.md,,,,,,
Entra: Results,12.0,https://docs.netwrix.com/docs/accessanalyzer/12_0/admin/datacollector/entra/results,docs/accessanalyzer/12.0/admin/datacollector/entra/results.md,,,,,,
Entra: Summary,12.0,https://docs.netwrix.com/docs/accessanalyzer/12_0/admin/datacollector/entra/summary,docs/accessanalyzer/12.0/admin/datacollector/entra/summary.md,,,,,,
EventLog Data Collector,12.0,https://docs.netwrix.com/docs/accessanalyzer/12_0/admin/datacollector/eventlog,docs/accessanalyzer/12.0/admin/datacollector/eventlog.md,,,,,,
EWSMailbox: Category,12.0,https://docs.netwrix.com/docs/accessanalyzer/12_0/admin/datacollector/ewsmailbox/category,docs/accessanalyzer/12.0/admin/datacollector/ewsmailbox/category.md,,,,,,
EWSMailbox: Criteria,12.0,https://docs.netwrix.com/docs/accessanalyzer/12_0/admin/datacollector/ewsmailbox/criteria,docs/accessanalyzer/12.0/admin/datacollector/ewsmailbox/criteria.md,,,,,,
EWSMailbox: Filter,12.0,https://docs.netwrix.com/docs/accessanalyzer/12_0/admin/datacollector/ewsmailbox/filter,docs/accessanalyzer/12.0/admin/datacollector/ewsmailbox/filter.md,,,,,,
EWSMailbox: Options,12.0,https://docs.netwrix.com/docs/accessanalyzer/12_0/admin/datacollector/ewsmailbox/options,docs/accessanalyzer/12.0/admin/datacollector/ewsmailbox/options.md,,,,,,
EWSMailbox Data Collector,12.0,https://docs.netwrix.com/docs/accessanalyzer/12_0/admin/datacollector/ewsmailbox/overview,docs/accessanalyzer/12.0/admin/datacollector/ewsmailbox/overview.md,,,,,,
EWSMailbox: Results,12.0,https://docs.netwrix.com/docs/accessanalyzer/12_0/admin/datacollector/ewsmailbox/results,docs/accessanalyzer/12.0/admin/datacollector/ewsmailbox/results.md,,,,,,
EWSMailbox: Scope,12.0,https://docs.netwrix.com/docs/accessanalyzer/12_0/admin/datacollector/ewsmailbox/scope,docs/accessanalyzer/12.0/admin/datacollector/ewsmailbox/scope.md,,,,,,
EWSMailbox: Scope Select,12.0,https://docs.netwrix.com/docs/accessanalyzer/12_0/admin/datacollector/ewsmailbox/scopeselect,docs/accessanalyzer/12.0/admin/datacollector/ewsmailbox/scopeselect.md,,,,,,
EWSMailbox: SDD Options,12.0,https://docs.netwrix.com/docs/accessanalyzer/12_0/admin/datacollector/ewsmailbox/sddoptions,docs/accessanalyzer/12.0/admin/datacollector/ewsmailbox/sddoptions.md,,,,,,
EWSMailbox FW: BodyOptions,12.0,https://docs.netwrix.com/docs/accessanalyzer/12_0/admin/datacollector/ewsmailbox/searchfilter/bodyoptions,docs/accessanalyzer/12.0/admin/datacollector/ewsmailbox/searchfilter/bodyoptions.md,,,,,,
EWSMailbox FW: Search Filter,12.0,https://docs.netwrix.com/docs/accessanalyzer/12_0/admin/datacollector/ewsmailbox/searchfilter/filterwizard,docs/accessanalyzer/12.0/admin/datacollector/ewsmailbox/searchfilter/filterwizard.md,,,,,,
EWSMailbox FW: Folder Conditions,12.0,https://docs.netwrix.com/docs/accessanalyzer/12_0/admin/datacollector/ewsmailbox/searchfilter/folderconditions,docs/accessanalyzer/12.0/admin/datacollector/ewsmailbox/searchfilter/folderconditions.md,,,,,,
EWSMailbox FW: Message Conditions,12.0,https://docs.netwrix.com/docs/accessanalyzer/12_0/admin/datacollector/ewsmailbox/searchfilter/messageconditions,docs/accessanalyzer/12.0/admin/datacollector/ewsmailbox/searchfilter/messageconditions.md,,,,,,
EWSMailbox FW: Save Filter,12.0,https://docs.netwrix.com/docs/accessanalyzer/12_0/admin/datacollector/ewsmailbox/searchfilter/savefilter,docs/accessanalyzer/12.0/admin/datacollector/ewsmailbox/searchfilter/savefilter.md,,,,,,
EWSMailbox: Search Filter,12.0,https://docs.netwrix.com/docs/accessanalyzer/12_0/admin/datacollector/ewsmailbox/searchfilter,docs/accessanalyzer/12.0/admin/datacollector/ewsmailbox/searchfilter/searchfilter.md,,,,,,
EWSMailbox: Summary,12.0,https://docs.netwrix.com/docs/accessanalyzer/12_0/admin/datacollector/ewsmailbox/summary,docs/accessanalyzer/12.0/admin/datacollector/ewsmailbox/summary.md,,,,,,
EWSPublicFolder: Category,12.0,https://docs.netwrix.com/docs/accessanalyzer/12_0/admin/datacollector/ewspublicfolder/category,docs/accessanalyzer/12.0/admin/datacollector/ewspublicfolder/category.md,,,,,,
EWSPublicFolder: Critieria,12.0,https://docs.netwrix.com/docs/accessanalyzer/12_0/admin/datacollector/ewspublicfolder/critieria,docs/accessanalyzer/12.0/admin/datacollector/ewspublicfolder/critieria.md,,,,,,
EWSPublicFolder: Filter,12.0,https://docs.netwrix.com/docs/accessanalyzer/12_0/admin/datacollector/ewspublicfolder/filter,docs/accessanalyzer/12.0/admin/datacollector/ewspublicfolder/filter.md,,,,,,
EWSPublicFolder: Options,12.0,https://docs.netwrix.com/docs/accessanalyzer/12_0/admin/datacollector/ewspublicfolder/options,docs/accessanalyzer/12.0/admin/datacollector/ewspublicfolder/options.md,,,,,,
EWSPublicFolder Data Collector,12.0,https://docs.netwrix.com/docs/accessanalyzer/12_0/admin/datacollector/ewspublicfolder/overview,docs/accessanalyzer/12.0/admin/datacollector/ewspublicfolder/overview.md,,,,,,
EWSPublicFolder: Results,12.0,https://docs.netwrix.com/docs/accessanalyzer/12_0/admin/datacollector/ewspublicfolder/results,docs/accessanalyzer/12.0/admin/datacollector/ewspublicfolder/results.md,,,,,,
EWSPublicFolder: SDD Options,12.0,https://docs.netwrix.com/docs/accessanalyzer/12_0/admin/datacollector/ewspublicfolder/sddoptions,docs/accessanalyzer/12.0/admin/datacollector/ewspublicfolder/sddoptions.md,,,,,,
EWSPublicFolder FW: BodyOptions,12.0,https://docs.netwrix.com/docs/accessanalyzer/12_0/admin/datacollector/ewspublicfolder/searchfilter/bodyoptions,docs/accessanalyzer/12.0/admin/datacollector/ewspublicfolder/searchfilter/bodyoptions.md,,,,,,
EWSPublicFolder FW: Search Filter,12.0,https://docs.netwrix.com/docs/accessanalyzer/12_0/admin/datacollector/ewspublicfolder/searchfilter/filterwizard,docs/accessanalyzer/12.0/admin/datacollector/ewspublicfolder/searchfilter/filterwizard.md,,,,,,
EWSPublicFolder FW: Folder Conditions,12.0,https://docs.netwrix.com/docs/accessanalyzer/12_0/admin/datacollector/ewspublicfolder/searchfilter/folderconditions,docs/accessanalyzer/12.0/admin/datacollector/ewspublicfolder/searchfilter/folderconditions.md,,,,,,
EWSPublicFolder FW: Message Conditions,12.0,https://docs.netwrix.com/docs/accessanalyzer/12_0/admin/datacollector/ewspublicfolder/searchfilter/messageconditions,docs/accessanalyzer/12.0/admin/datacollector/ewspublicfolder/searchfilter/messageconditions.md,,,,,,
EWSPublicFolder FW: Save Filter,12.0,https://docs.netwrix.com/docs/accessanalyzer/12_0/admin/datacollector/ewspublicfolder/searchfilter/savefilter,docs/accessanalyzer/12.0/admin/datacollector/ewspublicfolder/searchfilter/savefilter.md,,,,,,
EWSPublicFolder: Search Filter,12.0,https://docs.netwrix.com/docs/accessanalyzer/12_0/admin/datacollector/ewspublicfolder/searchfilter,docs/accessanalyzer/12.0/admin/datacollector/ewspublicfolder/searchfilter/searchfilter.md,,,,,,
EWSPublicFolder: Summary,12.0,https://docs.netwrix.com/docs/accessanalyzer/12_0/admin/datacollector/ewspublicfolder/summary,docs/accessanalyzer/12.0/admin/datacollector/ewspublicfolder/summary.md,,,,,,
Exchange2K: Category,12.0,https://docs.netwrix.com/docs/accessanalyzer/12_0/admin/datacollector/exchange2k/category,docs/accessanalyzer/12.0/admin/datacollector/exchange2k/category.md,,,,,,
Exchange2K: MAPI Settings,12.0,https://docs.netwrix.com/docs/accessanalyzer/12_0/admin/datacollector/exchange2k/mapisettings,docs/accessanalyzer/12.0/admin/datacollector/exchange2k/mapisettings.md,,,,,,
Exchange2K: Options,12.0,https://docs.netwrix.com/docs/accessanalyzer/12_0/admin/datacollector/exchange2k/options,docs/accessanalyzer/12.0/admin/datacollector/exchange2k/options.md,,,,,,
Exchange2K Data Collector,12.0,https://docs.netwrix.com/docs/accessanalyzer/12_0/admin/datacollector/exchange2k/overview,docs/accessanalyzer/12.0/admin/datacollector/exchange2k/overview.md,,,,,,
Exchange2K: Results,12.0,https://docs.netwrix.com/docs/accessanalyzer/12_0/admin/datacollector/exchange2k/results,docs/accessanalyzer/12.0/admin/datacollector/exchange2k/results.md,,,,,,
Exchange2K: Scope,12.0,https://docs.netwrix.com/docs/accessanalyzer/12_0/admin/datacollector/exchange2k/scope,docs/accessanalyzer/12.0/admin/datacollector/exchange2k/scope.md,,,,,,
Exchange2K: Summary,12.0,https://docs.netwrix.com/docs/accessanalyzer/12_0/admin/datacollector/exchange2k/summary,docs/accessanalyzer/12.0/admin/datacollector/exchange2k/summary.md,,,,,,
ExchangeMailbox: Category,12.0,https://docs.netwrix.com/docs/accessanalyzer/12_0/admin/datacollector/exchangemailbox/category,docs/accessanalyzer/12.0/admin/datacollector/exchangemailbox/category.md,,,,,,
ExchangeMailbox: Options,12.0,https://docs.netwrix.com/docs/accessanalyzer/12_0/admin/datacollector/exchangemailbox/options,docs/accessanalyzer/12.0/admin/datacollector/exchangemailbox/options.md,,,,,,
ExchangeMailbox Data Collector,12.0,https://docs.netwrix.com/docs/accessanalyzer/12_0/admin/datacollector/exchangemailbox/overview,docs/accessanalyzer/12.0/admin/datacollector/exchangemailbox/overview.md,,,,,,
ExchangeMailbox: Properties,12.0,https://docs.netwrix.com/docs/accessanalyzer/12_0/admin/datacollector/exchangemailbox/properties,docs/accessanalyzer/12.0/admin/datacollector/exchangemailbox/properties.md,,,,,,
ExchangeMailbox: Scope,12.0,https://docs.netwrix.com/docs/accessanalyzer/12_0/admin/datacollector/exchangemailbox/scope,docs/accessanalyzer/12.0/admin/datacollector/exchangemailbox/scope.md,,,,,,
ExchangeMailbox: SDD Criteria,12.0,https://docs.netwrix.com/docs/accessanalyzer/12_0/admin/datacollector/exchangemailbox/sddcriteria,docs/accessanalyzer/12.0/admin/datacollector/exchangemailbox/sddcriteria.md,,,,,,
ExchangeMailbox: Summary,12.0,https://docs.netwrix.com/docs/accessanalyzer/12_0/admin/datacollector/exchangemailbox/summary,docs/accessanalyzer/12.0/admin/datacollector/exchangemailbox/summary.md,,,,,,
ExchangeMetrics: Category,12.0,https://docs.netwrix.com/docs/accessanalyzer/12_0/admin/datacollector/exchangemetrics/category,docs/accessanalyzer/12.0/admin/datacollector/exchangemetrics/category.md,,,,,,
ExchangeMetrics: Collect Mode,12.0,https://docs.netwrix.com/docs/accessanalyzer/12_0/admin/datacollector/exchangemetrics/collectmode,docs/accessanalyzer/12.0/admin/datacollector/exchangemetrics/collectmode.md,,,,,,
ExchangeMetrics: Message Activity Filter,12.0,https://docs.netwrix.com/docs/accessanalyzer/12_0/admin/datacollector/exchangemetrics/messageactivityfilter,docs/accessanalyzer/12.0/admin/datacollector/exchangemetrics/messageactivityfilter.md,,,,,,
ExchangeMetrics: Message Sizes,12.0,https://docs.netwrix.com/docs/accessanalyzer/12_0/admin/datacollector/exchangemetrics/messagesizes,docs/accessanalyzer/12.0/admin/datacollector/exchangemetrics/messagesizes.md,,,,,,
ExchangeMetrics: Options,12.0,https://docs.netwrix.com/docs/accessanalyzer/12_0/admin/datacollector/exchangemetrics/options,docs/accessanalyzer/12.0/admin/datacollector/exchangemetrics/options.md,,,,,,
ExchangeMetrics Data Collector,12.0,https://docs.netwrix.com/docs/accessanalyzer/12_0/admin/datacollector/exchangemetrics/overview,docs/accessanalyzer/12.0/admin/datacollector/exchangemetrics/overview.md,,,,,,
ExchangeMetrics: Results,12.0,https://docs.netwrix.com/docs/accessanalyzer/12_0/admin/datacollector/exchangemetrics/results,docs/accessanalyzer/12.0/admin/datacollector/exchangemetrics/results.md,,,,,,
ExchangeMetrics: Scope,12.0,https://docs.netwrix.com/docs/accessanalyzer/12_0/admin/datacollector/exchangemetrics/scope,docs/accessanalyzer/12.0/admin/datacollector/exchangemetrics/scope.md,,,,,,
ExchangeMetrics: Summary,12.0,https://docs.netwrix.com/docs/accessanalyzer/12_0/admin/datacollector/exchangemetrics/summary,docs/accessanalyzer/12.0/admin/datacollector/exchangemetrics/summary.md,,,,,,
ExchangeMetrics: Time Frames,12.0,https://docs.netwrix.com/docs/accessanalyzer/12_0/admin/datacollector/exchangemetrics/timeframes,docs/accessanalyzer/12.0/admin/datacollector/exchangemetrics/timeframes.md,,,,,,
ExchangePS: Category,12.0,https://docs.netwrix.com/docs/accessanalyzer/12_0/admin/datacollector/exchangeps/category,docs/accessanalyzer/12.0/admin/datacollector/exchangeps/category.md,,,,,,
Exchange Custom Connection Profile & Host List,12.0,https://docs.netwrix.com/docs/accessanalyzer/12_0/admin/datacollector/exchangeps/configurejob,docs/accessanalyzer/12.0/admin/datacollector/exchangeps/configurejob.md,,,,,,
ExchangePS: Error Logging,12.0,https://docs.netwrix.com/docs/accessanalyzer/12_0/admin/datacollector/exchangeps/errorlogging,docs/accessanalyzer/12.0/admin/datacollector/exchangeps/errorlogging.md,,,,,,
ExchangePS: Filter by Message,12.0,https://docs.netwrix.com/docs/accessanalyzer/12_0/admin/datacollector/exchangeps/filtermessage,docs/accessanalyzer/12.0/admin/datacollector/exchangeps/filtermessage.md,,,,,,
ExchangePS: Mailbox Logons,12.0,https://docs.netwrix.com/docs/accessanalyzer/12_0/admin/datacollector/exchangeps/mailboxlogons,docs/accessanalyzer/12.0/admin/datacollector/exchangeps/mailboxlogons.md,,,,,,
ExchangePS: Mail Flow,12.0,https://docs.netwrix.com/docs/accessanalyzer/12_0/admin/datacollector/exchangeps/mailflow,docs/accessanalyzer/12.0/admin/datacollector/exchangeps/mailflow.md,,,,,,
ExchangePS: Options,12.0,https://docs.netwrix.com/docs/accessanalyzer/12_0/admin/datacollector/exchangeps/options,docs/accessanalyzer/12.0/admin/datacollector/exchangeps/options.md,,,,,,
ExchangePS Data Collector,12.0,https://docs.netwrix.com/docs/accessanalyzer/12_0/admin/datacollector/exchangeps/overview,docs/accessanalyzer/12.0/admin/datacollector/exchangeps/overview.md,,,,,,
ExchangePS: Results,12.0,https://docs.netwrix.com/docs/accessanalyzer/12_0/admin/datacollector/exchangeps/results,docs/accessanalyzer/12.0/admin/datacollector/exchangeps/results.md,,,,,,
ExchangePS: Scope,12.0,https://docs.netwrix.com/docs/accessanalyzer/12_0/admin/datacollector/exchangeps/scope,docs/accessanalyzer/12.0/admin/datacollector/exchangeps/scope.md,,,,,,
ExchangePS: Scope by DB,12.0,https://docs.netwrix.com/docs/accessanalyzer/12_0/admin/datacollector/exchangeps/scopedatabases,docs/accessanalyzer/12.0/admin/datacollector/exchangeps/scopedatabases.md,,,,,,
ExchangePS: Scope by Mailboxes,12.0,https://docs.netwrix.com/docs/accessanalyzer/12_0/admin/datacollector/exchangeps/scopemailboxes,docs/accessanalyzer/12.0/admin/datacollector/exchangeps/scopemailboxes.md,,,,,,
ExchangePS: Scope by Public Folders,12.0,https://docs.netwrix.com/docs/accessanalyzer/12_0/admin/datacollector/exchangeps/scopepublicfolders,docs/accessanalyzer/12.0/admin/datacollector/exchangeps/scopepublicfolders.md,,,,,,
ExchangePS: Summary,12.0,https://docs.netwrix.com/docs/accessanalyzer/12_0/admin/datacollector/exchangeps/summary,docs/accessanalyzer/12.0/admin/datacollector/exchangeps/summary.md,,,,,,
ExchangePublicFolder: Category,12.0,https://docs.netwrix.com/docs/accessanalyzer/12_0/admin/datacollector/exchangepublicfolder/category,docs/accessanalyzer/12.0/admin/datacollector/exchangepublicfolder/category.md,,,,,,
ExchangePublicFolder: Options,12.0,https://docs.netwrix.com/docs/accessanalyzer/12_0/admin/datacollector/exchangepublicfolder/options,docs/accessanalyzer/12.0/admin/datacollector/exchangepublicfolder/options.md,,,,,,
ExchangePublicFolder Data Collector,12.0,https://docs.netwrix.com/docs/accessanalyzer/12_0/admin/datacollector/exchangepublicfolder/overview,docs/accessanalyzer/12.0/admin/datacollector/exchangepublicfolder/overview.md,,,,,,
ExchangePublicFolder: Probable Owner,12.0,https://docs.netwrix.com/docs/accessanalyzer/12_0/admin/datacollector/exchangepublicfolder/probableowner,docs/accessanalyzer/12.0/admin/datacollector/exchangepublicfolder/probableowner.md,,,,,,
ExchangePublicFolder: Properties,12.0,https://docs.netwrix.com/docs/accessanalyzer/12_0/admin/datacollector/exchangepublicfolder/properties,docs/accessanalyzer/12.0/admin/datacollector/exchangepublicfolder/properties.md,,,,,,
ExchangePublicFolder: Scope,12.0,https://docs.netwrix.com/docs/accessanalyzer/12_0/admin/datacollector/exchangepublicfolder/scope,docs/accessanalyzer/12.0/admin/datacollector/exchangepublicfolder/scope.md,,,,,,
ExchangePublicFolder: Summary,12.0,https://docs.netwrix.com/docs/accessanalyzer/12_0/admin/datacollector/exchangepublicfolder/summary,docs/accessanalyzer/12.0/admin/datacollector/exchangepublicfolder/summary.md,,,,,,
File: Category,12.0,https://docs.netwrix.com/docs/accessanalyzer/12_0/admin/datacollector/file/category,docs/accessanalyzer/12.0/admin/datacollector/file/category.md,,,,,,
File Data Collector,12.0,https://docs.netwrix.com/docs/accessanalyzer/12_0/admin/datacollector/file/overview,docs/accessanalyzer/12.0/admin/datacollector/file/overview.md,,,,,,
File: Results,12.0,https://docs.netwrix.com/docs/accessanalyzer/12_0/admin/datacollector/file/results,docs/accessanalyzer/12.0/admin/datacollector/file/results.md,,,,,,
File: Summary,12.0,https://docs.netwrix.com/docs/accessanalyzer/12_0/admin/datacollector/file/summary,docs/accessanalyzer/12.0/admin/datacollector/file/summary.md,,,,,,
File: Target Files,12.0,https://docs.netwrix.com/docs/accessanalyzer/12_0/admin/datacollector/file/targetfiles,docs/accessanalyzer/12.0/admin/datacollector/file/targetfiles.md,,,,,,
FSAA: Activity Settings,12.0,https://docs.netwrix.com/docs/accessanalyzer/12_0/admin/datacollector/fsaa/activitysettings,docs/accessanalyzer/12.0/admin/datacollector/fsaa/activitysettings.md,,,,,,
FSAA: Azure Tenant Mapping,12.0,https://docs.netwrix.com/docs/accessanalyzer/12_0/admin/datacollector/fsaa/azuretenantmapping,docs/accessanalyzer/12.0/admin/datacollector/fsaa/azuretenantmapping.md,,,,,,
FSAA: Bulk Import Settings,12.0,https://docs.netwrix.com/docs/accessanalyzer/12_0/admin/datacollector/fsaa/bulkimport,docs/accessanalyzer/12.0/admin/datacollector/fsaa/bulkimport.md,,,,,,
FSAA Provide Certificate Authority Configuration,12.0,https://docs.netwrix.com/docs/accessanalyzer/12_0/admin/datacollector/fsaa/certificatemanagement/certificateauthority,docs/accessanalyzer/12.0/admin/datacollector/fsaa/certificatemanagement/certificateauthority.md,,,,,,
FSAA Applet Certificate Management Overview,12.0,https://docs.netwrix.com/docs/accessanalyzer/12_0/admin/datacollector/fsaa/certificatemanagement,docs/accessanalyzer/12.0/admin/datacollector/fsaa/certificatemanagement/certificatemanagement.md,,,,,,
FSAA Manual Certificate Configuration,12.0,https://docs.netwrix.com/docs/accessanalyzer/12_0/admin/datacollector/fsaa/certificatemanagement/manualcertificate,docs/accessanalyzer/12.0/admin/datacollector/fsaa/certificatemanagement/manualcertificate.md,,,,,,
FSAA: Default Scoping Options,12.0,https://docs.netwrix.com/docs/accessanalyzer/12_0/admin/datacollector/fsaa/defaultscopingoptions,docs/accessanalyzer/12.0/admin/datacollector/fsaa/defaultscopingoptions/defaultscopingoptions.md,,,,,,
File Details Tab,12.0,https://docs.netwrix.com/docs/accessanalyzer/12_0/admin/datacollector/fsaa/defaultscopingoptions/filedetails,docs/accessanalyzer/12.0/admin/datacollector/fsaa/defaultscopingoptions/filedetails.md,,,,,,
File Properties (Folder Summary) Tab,12.0,https://docs.netwrix.com/docs/accessanalyzer/12_0/admin/datacollector/fsaa/defaultscopingoptions/fileproperties,docs/accessanalyzer/12.0/admin/datacollector/fsaa/defaultscopingoptions/fileproperties.md,,,,,,
Scan Settings Tab,12.0,https://docs.netwrix.com/docs/accessanalyzer/12_0/admin/datacollector/fsaa/defaultscopingoptions/scansettings,docs/accessanalyzer/12.0/admin/datacollector/fsaa/defaultscopingoptions/scansettings.md,,,,,,
FileSystemAccess Data Collector,12.0,https://docs.netwrix.com/docs/accessanalyzer/12_0/admin/datacollector/fsaa/overview,docs/accessanalyzer/12.0/admin/datacollector/fsaa/overview.md,,,,,,
FSAA: Query Selection,12.0,https://docs.netwrix.com/docs/accessanalyzer/12_0/admin/datacollector/fsaa/queryselection,docs/accessanalyzer/12.0/admin/datacollector/fsaa/queryselection.md,,,,,,
FSAA: Scan Server Selection,12.0,https://docs.netwrix.com/docs/accessanalyzer/12_0/admin/datacollector/fsaa/scanserverselection,docs/accessanalyzer/12.0/admin/datacollector/fsaa/scanserverselection.md,,,,,,
FSAA: Scan Settings,12.0,https://docs.netwrix.com/docs/accessanalyzer/12_0/admin/datacollector/fsaa/scansettings,docs/accessanalyzer/12.0/admin/datacollector/fsaa/scansettings.md,,,,,,
FSAA: Scoping Options,12.0,https://docs.netwrix.com/docs/accessanalyzer/12_0/admin/datacollector/fsaa/scopingoptions,docs/accessanalyzer/12.0/admin/datacollector/fsaa/scopingoptions.md,,,,,,
FSAA: Scoping Queries,12.0,https://docs.netwrix.com/docs/accessanalyzer/12_0/admin/datacollector/fsaa/scopingqueries,docs/accessanalyzer/12.0/admin/datacollector/fsaa/scopingqueries.md,,,,,,
FSAA: SDD Criteria Settings,12.0,https://docs.netwrix.com/docs/accessanalyzer/12_0/admin/datacollector/fsaa/sddcriteria,docs/accessanalyzer/12.0/admin/datacollector/fsaa/sddcriteria.md,,,,,,
FSAA: Sensitive Data Settings,12.0,https://docs.netwrix.com/docs/accessanalyzer/12_0/admin/datacollector/fsaa/sensitivedatasettings,docs/accessanalyzer/12.0/admin/datacollector/fsaa/sensitivedatasettings.md,,,,,,
Standard Reference Tables & Views for the FSAA Data Collector,12.0,https://docs.netwrix.com/docs/accessanalyzer/12_0/admin/datacollector/fsaa/standardtables,docs/accessanalyzer/12.0/admin/datacollector/fsaa/standardtables.md,,,,,,
Additional FSAA Workflows,12.0,https://docs.netwrix.com/docs/accessanalyzer/12_0/admin/datacollector/fsaa/workflows,docs/accessanalyzer/12.0/admin/datacollector/fsaa/workflows.md,,,,,,
GroupPolicy: Category,12.0,https://docs.netwrix.com/docs/accessanalyzer/12_0/admin/datacollector/grouppolicy/category,docs/accessanalyzer/12.0/admin/datacollector/grouppolicy/category.md,,,,,,
GroupPolicy: Options,12.0,https://docs.netwrix.com/docs/accessanalyzer/12_0/admin/datacollector/grouppolicy/options,docs/accessanalyzer/12.0/admin/datacollector/grouppolicy/options.md,,,,,,
GroupPolicy Data Collector,12.0,https://docs.netwrix.com/docs/accessanalyzer/12_0/admin/datacollector/grouppolicy/overview,docs/accessanalyzer/12.0/admin/datacollector/grouppolicy/overview.md,,,,,,
GroupPolicy: Policies List,12.0,https://docs.netwrix.com/docs/accessanalyzer/12_0/admin/datacollector/grouppolicy/policieslist,docs/accessanalyzer/12.0/admin/datacollector/grouppolicy/policieslist.md,,,,,,
GroupPolicy: Summary,12.0,https://docs.netwrix.com/docs/accessanalyzer/12_0/admin/datacollector/grouppolicy/summary,docs/accessanalyzer/12.0/admin/datacollector/grouppolicy/summary.md,,,,,,
GroupPolicy: Target,12.0,https://docs.netwrix.com/docs/accessanalyzer/12_0/admin/datacollector/grouppolicy/target,docs/accessanalyzer/12.0/admin/datacollector/grouppolicy/target.md,,,,,,
INIFile Data Collector,12.0,https://docs.netwrix.com/docs/accessanalyzer/12_0/admin/datacollector/inifile/overview,docs/accessanalyzer/12.0/admin/datacollector/inifile/overview.md,,,,,,
INIFile: Properties,12.0,https://docs.netwrix.com/docs/accessanalyzer/12_0/admin/datacollector/inifile/properties,docs/accessanalyzer/12.0/admin/datacollector/inifile/properties.md,,,,,,
INIFile: Summary,12.0,https://docs.netwrix.com/docs/accessanalyzer/12_0/admin/datacollector/inifile/summary,docs/accessanalyzer/12.0/admin/datacollector/inifile/summary.md,,,,,,
INIFile: Target Files,12.0,https://docs.netwrix.com/docs/accessanalyzer/12_0/admin/datacollector/inifile/targetfiles,docs/accessanalyzer/12.0/admin/datacollector/inifile/targetfiles.md,,,,,,
LDAP Data Collector,12.0,https://docs.netwrix.com/docs/accessanalyzer/12_0/admin/datacollector/ldap,docs/accessanalyzer/12.0/admin/datacollector/ldap.md,,,,,,
NIS: Category,12.0,https://docs.netwrix.com/docs/accessanalyzer/12_0/admin/datacollector/nis/category,docs/accessanalyzer/12.0/admin/datacollector/nis/category.md,,,,,,
Unix Connection Profile & Host List,12.0,https://docs.netwrix.com/docs/accessanalyzer/12_0/admin/datacollector/nis/configurejob,docs/accessanalyzer/12.0/admin/datacollector/nis/configurejob.md,,,,,,
NIS Data Collector,12.0,https://docs.netwrix.com/docs/accessanalyzer/12_0/admin/datacollector/nis/overview,docs/accessanalyzer/12.0/admin/datacollector/nis/overview.md,,,,,,
NIS: NIS Query,12.0,https://docs.netwrix.com/docs/accessanalyzer/12_0/admin/datacollector/nis/query,docs/accessanalyzer/12.0/admin/datacollector/nis/query.md,,,,,,
NIS: Results,12.0,https://docs.netwrix.com/docs/accessanalyzer/12_0/admin/datacollector/nis/results,docs/accessanalyzer/12.0/admin/datacollector/nis/results.md,,,,,,
NIS: NIS Settings,12.0,https://docs.netwrix.com/docs/accessanalyzer/12_0/admin/datacollector/nis/settings,docs/accessanalyzer/12.0/admin/datacollector/nis/settings.md,,,,,,
NIS: SID Mappings,12.0,https://docs.netwrix.com/docs/accessanalyzer/12_0/admin/datacollector/nis/sidmappings,docs/accessanalyzer/12.0/admin/datacollector/nis/sidmappings.md,,,,,,
Standard Reference Tables & Views for the NIS Data Collector,12.0,https://docs.netwrix.com/docs/accessanalyzer/12_0/admin/datacollector/nis/standardtables,docs/accessanalyzer/12.0/admin/datacollector/nis/standardtables.md,,,,,,
NIS: Summary,12.0,https://docs.netwrix.com/docs/accessanalyzer/12_0/admin/datacollector/nis/summary,docs/accessanalyzer/12.0/admin/datacollector/nis/summary.md,,,,,,
NoSQL: Category,12.0,https://docs.netwrix.com/docs/accessanalyzer/12_0/admin/datacollector/nosql/category,docs/accessanalyzer/12.0/admin/datacollector/nosql/category.md,,,,,,
NoSQL Custom Connection Profile & Host List,12.0,https://docs.netwrix.com/docs/accessanalyzer/12_0/admin/datacollector/nosql/configurejob,docs/accessanalyzer/12.0/admin/datacollector/nosql/configurejob.md,,,,,,
NoSQL: Criteria,12.0,https://docs.netwrix.com/docs/accessanalyzer/12_0/admin/datacollector/nosql/criteria,docs/accessanalyzer/12.0/admin/datacollector/nosql/criteria.md,,,,,,
NoSQL: Filter,12.0,https://docs.netwrix.com/docs/accessanalyzer/12_0/admin/datacollector/nosql/filter,docs/accessanalyzer/12.0/admin/datacollector/nosql/filter.md,,,,,,
NoSQL: Options,12.0,https://docs.netwrix.com/docs/accessanalyzer/12_0/admin/datacollector/nosql/options,docs/accessanalyzer/12.0/admin/datacollector/nosql/options.md,,,,,,
NoSQL Data Collector,12.0,https://docs.netwrix.com/docs/accessanalyzer/12_0/admin/datacollector/nosql/overview,docs/accessanalyzer/12.0/admin/datacollector/nosql/overview.md,,,,,,
NoSQL: Results,12.0,https://docs.netwrix.com/docs/accessanalyzer/12_0/admin/datacollector/nosql/results,docs/accessanalyzer/12.0/admin/datacollector/nosql/results.md,,,,,,
NoSQL: Summary,12.0,https://docs.netwrix.com/docs/accessanalyzer/12_0/admin/datacollector/nosql/summary,docs/accessanalyzer/12.0/admin/datacollector/nosql/summary.md,,,,,,
Data Collectors,12.0,https://docs.netwrix.com/docs/accessanalyzer/12_0/admin/datacollector/overview,docs/accessanalyzer/12.0/admin/datacollector/overview.md,,,,,,
PasswordSecurity: Category,12.0,https://docs.netwrix.com/docs/accessanalyzer/12_0/admin/datacollector/passwordsecurity/category,docs/accessanalyzer/12.0/admin/datacollector/passwordsecurity/category.md,,,,,,
PasswordSecurity: Dictionaries,12.0,https://docs.netwrix.com/docs/accessanalyzer/12_0/admin/datacollector/passwordsecurity/dictionaries,docs/accessanalyzer/12.0/admin/datacollector/passwordsecurity/dictionaries.md,,,,,,
PasswordSecurity: Options,12.0,https://docs.netwrix.com/docs/accessanalyzer/12_0/admin/datacollector/passwordsecurity/options,docs/accessanalyzer/12.0/admin/datacollector/passwordsecurity/options.md,,,,,,
PasswordSecurity Data Collector,12.0,https://docs.netwrix.com/docs/accessanalyzer/12_0/admin/datacollector/passwordsecurity/overview,docs/accessanalyzer/12.0/admin/datacollector/passwordsecurity/overview.md,,,,,,
PasswordSecurity: Results,12.0,https://docs.netwrix.com/docs/accessanalyzer/12_0/admin/datacollector/passwordsecurity/results,docs/accessanalyzer/12.0/admin/datacollector/passwordsecurity/results.md,,,,,,
PasswordSecurity: Summary,12.0,https://docs.netwrix.com/docs/accessanalyzer/12_0/admin/datacollector/passwordsecurity/summary,docs/accessanalyzer/12.0/admin/datacollector/passwordsecurity/summary.md,,,,,,
Permissions by Data Collector (Matrix),12.0,https://docs.netwrix.com/docs/accessanalyzer/12_0/admin/datacollector/permissionmatrix,docs/accessanalyzer/12.0/admin/datacollector/permissionmatrix.md,,,,,,
PowerShell: Edit Query,12.0,https://docs.netwrix.com/docs/accessanalyzer/12_0/admin/datacollector/powershell/editquery,docs/accessanalyzer/12.0/admin/datacollector/powershell/editquery.md,,,,,,
PowerShell: Options,12.0,https://docs.netwrix.com/docs/accessanalyzer/12_0/admin/datacollector/powershell/options,docs/accessanalyzer/12.0/admin/datacollector/powershell/options.md,,,,,,
PowerShell Data Collector,12.0,https://docs.netwrix.com/docs/accessanalyzer/12_0/admin/datacollector/powershell/overview,docs/accessanalyzer/12.0/admin/datacollector/powershell/overview.md,,,,,,
PowerShell: Results,12.0,https://docs.netwrix.com/docs/accessanalyzer/12_0/admin/datacollector/powershell/results,docs/accessanalyzer/12.0/admin/datacollector/powershell/results.md,,,,,,
PowerShell: Sample Server,12.0,https://docs.netwrix.com/docs/accessanalyzer/12_0/admin/datacollector/powershell/sampleserver,docs/accessanalyzer/12.0/admin/datacollector/powershell/sampleserver.md,,,,,,
PowerShell: Summary,12.0,https://docs.netwrix.com/docs/accessanalyzer/12_0/admin/datacollector/powershell/summary,docs/accessanalyzer/12.0/admin/datacollector/powershell/summary.md,,,,,,
Registry Data Collector,12.0,https://docs.netwrix.com/docs/accessanalyzer/12_0/admin/datacollector/registry,docs/accessanalyzer/12.0/admin/datacollector/registry.md,,,,,,
Add a Script to an Existing Query,12.0,https://docs.netwrix.com/docs/accessanalyzer/12_0/admin/datacollector/script/add,docs/accessanalyzer/12.0/admin/datacollector/script/add.md,,,,,,
VBScript Editor,12.0,https://docs.netwrix.com/docs/accessanalyzer/12_0/admin/datacollector/script/editor,docs/accessanalyzer/12.0/admin/datacollector/script/editor.md,,,,,,
Script Example 1: Conversion of Data,12.0,https://docs.netwrix.com/docs/accessanalyzer/12_0/admin/datacollector/script/example1,docs/accessanalyzer/12.0/admin/datacollector/script/example1.md,,,,,,
Script Example 2: Command Query,12.0,https://docs.netwrix.com/docs/accessanalyzer/12_0/admin/datacollector/script/example2,docs/accessanalyzer/12.0/admin/datacollector/script/example2.md,,,,,,
Script Methods and Properties,12.0,https://docs.netwrix.com/docs/accessanalyzer/12_0/admin/datacollector/script/methodsproperties,docs/accessanalyzer/12.0/admin/datacollector/script/methodsproperties.md,,,,,,
Script Data Collector,12.0,https://docs.netwrix.com/docs/accessanalyzer/12_0/admin/datacollector/script/overview,docs/accessanalyzer/12.0/admin/datacollector/script/overview.md,,,,,,
Script Properties,12.0,https://docs.netwrix.com/docs/accessanalyzer/12_0/admin/datacollector/script/properties,docs/accessanalyzer/12.0/admin/datacollector/script/properties.md,,,,,,
Script Reference,12.0,https://docs.netwrix.com/docs/accessanalyzer/12_0/admin/datacollector/script/reference,docs/accessanalyzer/12.0/admin/datacollector/script/reference.md,,,,,,
Run a Stand-Alone Script,12.0,https://docs.netwrix.com/docs/accessanalyzer/12_0/admin/datacollector/script/run,docs/accessanalyzer/12.0/admin/datacollector/script/run.md,,,,,,
Services Data Collector,12.0,https://docs.netwrix.com/docs/accessanalyzer/12_0/admin/datacollector/services,docs/accessanalyzer/12.0/admin/datacollector/services.md,,,,,,
SMARTLog: Collection Method,12.0,https://docs.netwrix.com/docs/accessanalyzer/12_0/admin/datacollector/smartlog/collectionmethod,docs/accessanalyzer/12.0/admin/datacollector/smartlog/collectionmethod.md,,,,,,
SMARTLog: Criteria,12.0,https://docs.netwrix.com/docs/accessanalyzer/12_0/admin/datacollector/smartlog/criteria,docs/accessanalyzer/12.0/admin/datacollector/smartlog/criteria.md,,,,,,
SMARTLog: Event Log Options,12.0,https://docs.netwrix.com/docs/accessanalyzer/12_0/admin/datacollector/smartlog/eventlogoptions,docs/accessanalyzer/12.0/admin/datacollector/smartlog/eventlogoptions.md,,,,,,
SMARTLog: Log State,12.0,https://docs.netwrix.com/docs/accessanalyzer/12_0/admin/datacollector/smartlog/logstate,docs/accessanalyzer/12.0/admin/datacollector/smartlog/logstate.md,,,,,,
SMARTLog: Log Type,12.0,https://docs.netwrix.com/docs/accessanalyzer/12_0/admin/datacollector/smartlog/logtype,docs/accessanalyzer/12.0/admin/datacollector/smartlog/logtype.md,,,,,,
SMARTLog Data Collector,12.0,https://docs.netwrix.com/docs/accessanalyzer/12_0/admin/datacollector/smartlog/overview,docs/accessanalyzer/12.0/admin/datacollector/smartlog/overview.md,,,,,,
SMARTLog: Results,12.0,https://docs.netwrix.com/docs/accessanalyzer/12_0/admin/datacollector/smartlog/results,docs/accessanalyzer/12.0/admin/datacollector/smartlog/results.md,,,,,,
SMARTLog: Sample Host,12.0,https://docs.netwrix.com/docs/accessanalyzer/12_0/admin/datacollector/smartlog/samplehost,docs/accessanalyzer/12.0/admin/datacollector/smartlog/samplehost.md,,,,,,
SMARTLog: Summary,12.0,https://docs.netwrix.com/docs/accessanalyzer/12_0/admin/datacollector/smartlog/summary,docs/accessanalyzer/12.0/admin/datacollector/smartlog/summary.md,,,,,,
SMARTLog: Target Log for File Detection Log Type,12.0,https://docs.netwrix.com/docs/accessanalyzer/12_0/admin/datacollector/smartlog/targetlog/filedetectionlog,docs/accessanalyzer/12.0/admin/datacollector/smartlog/targetlog/filedetectionlog.md,,,,,,
SMARTLog: Target Log,12.0,https://docs.netwrix.com/docs/accessanalyzer/12_0/admin/datacollector/smartlog/targetlog,docs/accessanalyzer/12.0/admin/datacollector/smartlog/targetlog/targetlog.md,,,,,,
SMARTLog: Target Log for Windows Event Log Type,12.0,https://docs.netwrix.com/docs/accessanalyzer/12_0/admin/datacollector/smartlog/targetlog/windowseventlog,docs/accessanalyzer/12.0/admin/datacollector/smartlog/targetlog/windowseventlog.md,,,,,,
SPAA: Activity Date Scope,12.0,https://docs.netwrix.com/docs/accessanalyzer/12_0/admin/datacollector/spaa/activitydatescope,docs/accessanalyzer/12.0/admin/datacollector/spaa/activitydatescope.md,,,,,,
SPAA: Activity Log Locations,12.0,https://docs.netwrix.com/docs/accessanalyzer/12_0/admin/datacollector/spaa/activityloglocations,docs/accessanalyzer/12.0/admin/datacollector/spaa/activityloglocations.md,,,,,,
SPAA: Additional Scoping,12.0,https://docs.netwrix.com/docs/accessanalyzer/12_0/admin/datacollector/spaa/additionalscoping,docs/accessanalyzer/12.0/admin/datacollector/spaa/additionalscoping.md,,,,,,
SPAA: Agent Settings,12.0,https://docs.netwrix.com/docs/accessanalyzer/12_0/admin/datacollector/spaa/agentsettings,docs/accessanalyzer/12.0/admin/datacollector/spaa/agentsettings.md,,,,,,
SPAA: Bulk Import Settings,12.0,https://docs.netwrix.com/docs/accessanalyzer/12_0/admin/datacollector/spaa/bulkimportsettings,docs/accessanalyzer/12.0/admin/datacollector/spaa/bulkimportsettings.md,,,,,,
SPAA: Category,12.0,https://docs.netwrix.com/docs/accessanalyzer/12_0/admin/datacollector/spaa/category,docs/accessanalyzer/12.0/admin/datacollector/spaa/category.md,,,,,,
SharePoint Custom Connection Profile & Host List,12.0,https://docs.netwrix.com/docs/accessanalyzer/12_0/admin/datacollector/spaa/configurejob,docs/accessanalyzer/12.0/admin/datacollector/spaa/configurejob.md,,,,,,
SPAA: DLP Audit Settings,12.0,https://docs.netwrix.com/docs/accessanalyzer/12_0/admin/datacollector/spaa/dlpauditsettings,docs/accessanalyzer/12.0/admin/datacollector/spaa/dlpauditsettings.md,,,,,,
SPAA Drop Tables & Views Workflow,12.0,https://docs.netwrix.com/docs/accessanalyzer/12_0/admin/datacollector/spaa/droptables,docs/accessanalyzer/12.0/admin/datacollector/spaa/droptables.md,,,,,,
SharePointAccess Data Collector,12.0,https://docs.netwrix.com/docs/accessanalyzer/12_0/admin/datacollector/spaa/overview,docs/accessanalyzer/12.0/admin/datacollector/spaa/overview.md,,,,,,
SPAA: Results,12.0,https://docs.netwrix.com/docs/accessanalyzer/12_0/admin/datacollector/spaa/results,docs/accessanalyzer/12.0/admin/datacollector/spaa/results.md,,,,,,
SPAA: Scan Scoping Options,12.0,https://docs.netwrix.com/docs/accessanalyzer/12_0/admin/datacollector/spaa/scanscopingoptions,docs/accessanalyzer/12.0/admin/datacollector/spaa/scanscopingoptions.md,,,,,,
SPAA: Select DLP Criteria,12.0,https://docs.netwrix.com/docs/accessanalyzer/12_0/admin/datacollector/spaa/selectdlpcriteria,docs/accessanalyzer/12.0/admin/datacollector/spaa/selectdlpcriteria.md,,,,,,
SPAA: SharePoint Data Collection Settings,12.0,https://docs.netwrix.com/docs/accessanalyzer/12_0/admin/datacollector/spaa/settings,docs/accessanalyzer/12.0/admin/datacollector/spaa/settings.md,,,,,,
Standard Reference Tables & Views for the SPAA Data Collector,12.0,https://docs.netwrix.com/docs/accessanalyzer/12_0/admin/datacollector/spaa/standardtables,docs/accessanalyzer/12.0/admin/datacollector/spaa/standardtables.md,,,,,,
SPAA: Summary Page,12.0,https://docs.netwrix.com/docs/accessanalyzer/12_0/admin/datacollector/spaa/summary,docs/accessanalyzer/12.0/admin/datacollector/spaa/summary.md,,,,,,
SPAA: Test Access,12.0,https://docs.netwrix.com/docs/accessanalyzer/12_0/admin/datacollector/spaa/testaccess,docs/accessanalyzer/12.0/admin/datacollector/spaa/testaccess.md,,,,,,
SQL: Category,12.0,https://docs.netwrix.com/docs/accessanalyzer/12_0/admin/datacollector/sql/category,docs/accessanalyzer/12.0/admin/datacollector/sql/category.md,,,,,,
SQL Custom Connection Profile & Default Dynamic Host List,12.0,https://docs.netwrix.com/docs/accessanalyzer/12_0/admin/datacollector/sql/configurejob,docs/accessanalyzer/12.0/admin/datacollector/sql/configurejob.md,,,,,,
SQL: Criteria,12.0,https://docs.netwrix.com/docs/accessanalyzer/12_0/admin/datacollector/sql/criteria,docs/accessanalyzer/12.0/admin/datacollector/sql/criteria.md,,,,,,
SQL: Custom Oracle Query,12.0,https://docs.netwrix.com/docs/accessanalyzer/12_0/admin/datacollector/sql/customqueryoracle,docs/accessanalyzer/12.0/admin/datacollector/sql/customqueryoracle.md,,,,,,
SQL: Custom SQL Query,12.0,https://docs.netwrix.com/docs/accessanalyzer/12_0/admin/datacollector/sql/customquerysql,docs/accessanalyzer/12.0/admin/datacollector/sql/customquerysql.md,,,,,,
SQL: Filter,12.0,https://docs.netwrix.com/docs/accessanalyzer/12_0/admin/datacollector/sql/filter,docs/accessanalyzer/12.0/admin/datacollector/sql/filter.md,,,,,,
SQL: Options,12.0,https://docs.netwrix.com/docs/accessanalyzer/12_0/admin/datacollector/sql/options,docs/accessanalyzer/12.0/admin/datacollector/sql/options.md,,,,,,
SQL Data Collector,12.0,https://docs.netwrix.com/docs/accessanalyzer/12_0/admin/datacollector/sql/overview,docs/accessanalyzer/12.0/admin/datacollector/sql/overview.md,,,,,,
SQL: Results,12.0,https://docs.netwrix.com/docs/accessanalyzer/12_0/admin/datacollector/sql/results,docs/accessanalyzer/12.0/admin/datacollector/sql/results.md,,,,,,
SQL: Rowkey,12.0,https://docs.netwrix.com/docs/accessanalyzer/12_0/admin/datacollector/sql/rowkey,docs/accessanalyzer/12.0/admin/datacollector/sql/rowkey.md,,,,,,
SQL: Settings,12.0,https://docs.netwrix.com/docs/accessanalyzer/12_0/admin/datacollector/sql/settings,docs/accessanalyzer/12.0/admin/datacollector/sql/settings.md,,,,,,
SQL: Summary,12.0,https://docs.netwrix.com/docs/accessanalyzer/12_0/admin/datacollector/sql/summary,docs/accessanalyzer/12.0/admin/datacollector/sql/summary.md,,,,,,
SystemInfo: Category,12.0,https://docs.netwrix.com/docs/accessanalyzer/12_0/admin/datacollector/systeminfo/category,docs/accessanalyzer/12.0/admin/datacollector/systeminfo/category.md,,,,,,
SystemInfo: File Types,12.0,https://docs.netwrix.com/docs/accessanalyzer/12_0/admin/datacollector/systeminfo/filetypes,docs/accessanalyzer/12.0/admin/datacollector/systeminfo/filetypes.md,,,,,,
SystemInfo: Job Scope,12.0,https://docs.netwrix.com/docs/accessanalyzer/12_0/admin/datacollector/systeminfo/jobscope,docs/accessanalyzer/12.0/admin/datacollector/systeminfo/jobscope.md,,,,,,
SystemInfo: Options,12.0,https://docs.netwrix.com/docs/accessanalyzer/12_0/admin/datacollector/systeminfo/options,docs/accessanalyzer/12.0/admin/datacollector/systeminfo/options.md,,,,,,
SystemInfo Data Collector,12.0,https://docs.netwrix.com/docs/accessanalyzer/12_0/admin/datacollector/systeminfo/overview,docs/accessanalyzer/12.0/admin/datacollector/systeminfo/overview.md,,,,,,
SystemInfo: Probable Owner,12.0,https://docs.netwrix.com/docs/accessanalyzer/12_0/admin/datacollector/systeminfo/probableowner,docs/accessanalyzer/12.0/admin/datacollector/systeminfo/probableowner.md,,,,,,
SystemInfo: Results,12.0,https://docs.netwrix.com/docs/accessanalyzer/12_0/admin/datacollector/systeminfo/results,docs/accessanalyzer/12.0/admin/datacollector/systeminfo/results.md,,,,,,
SystemInfo: Shares List,12.0,https://docs.netwrix.com/docs/accessanalyzer/12_0/admin/datacollector/systeminfo/shareslist,docs/accessanalyzer/12.0/admin/datacollector/systeminfo/shareslist.md,,,,,,
SystemInfo: Summary,12.0,https://docs.netwrix.com/docs/accessanalyzer/12_0/admin/datacollector/systeminfo/summary,docs/accessanalyzer/12.0/admin/datacollector/systeminfo/summary.md,,,,,,
SystemInfo: VIP Membership,12.0,https://docs.netwrix.com/docs/accessanalyzer/12_0/admin/datacollector/systeminfo/vipmembership,docs/accessanalyzer/12.0/admin/datacollector/systeminfo/vipmembership.md,,,,,,
TextSearch: Advanced Criteria,12.0,https://docs.netwrix.com/docs/accessanalyzer/12_0/admin/datacollector/textsearch/advancedcriteria,docs/accessanalyzer/12.0/admin/datacollector/textsearch/advancedcriteria.md,,,,,,
TextSearch Data Collector,12.0,https://docs.netwrix.com/docs/accessanalyzer/12_0/admin/datacollector/textsearch/overview,docs/accessanalyzer/12.0/admin/datacollector/textsearch/overview.md,,,,,,
TextSearch: Results,12.0,https://docs.netwrix.com/docs/accessanalyzer/12_0/admin/datacollector/textsearch/results,docs/accessanalyzer/12.0/admin/datacollector/textsearch/results.md,,,,,,
TextSearch: Search Criteria,12.0,https://docs.netwrix.com/docs/accessanalyzer/12_0/admin/datacollector/textsearch/searchcriteria,docs/accessanalyzer/12.0/admin/datacollector/textsearch/searchcriteria.md,,,,,,
TextSearch: Source Files,12.0,https://docs.netwrix.com/docs/accessanalyzer/12_0/admin/datacollector/textsearch/sourcefiles,docs/accessanalyzer/12.0/admin/datacollector/textsearch/sourcefiles.md,,,,,,
TextSearch: Summary,12.0,https://docs.netwrix.com/docs/accessanalyzer/12_0/admin/datacollector/textsearch/summary,docs/accessanalyzer/12.0/admin/datacollector/textsearch/summary.md,,,,,,
Unix: Edit Script,12.0,https://docs.netwrix.com/docs/accessanalyzer/12_0/admin/datacollector/unix/editscript,docs/accessanalyzer/12.0/admin/datacollector/unix/editscript.md,,,,,,
Unix: Input,12.0,https://docs.netwrix.com/docs/accessanalyzer/12_0/admin/datacollector/unix/input,docs/accessanalyzer/12.0/admin/datacollector/unix/input.md,,,,,,
Unix Data Collector,12.0,https://docs.netwrix.com/docs/accessanalyzer/12_0/admin/datacollector/unix/overview,docs/accessanalyzer/12.0/admin/datacollector/unix/overview.md,,,,,,
Unix: Parsing,12.0,https://docs.netwrix.com/docs/accessanalyzer/12_0/admin/datacollector/unix/parsing,docs/accessanalyzer/12.0/admin/datacollector/unix/parsing.md,,,,,,
Unix: Results,12.0,https://docs.netwrix.com/docs/accessanalyzer/12_0/admin/datacollector/unix/results,docs/accessanalyzer/12.0/admin/datacollector/unix/results.md,,,,,,
Unix: Settings,12.0,https://docs.netwrix.com/docs/accessanalyzer/12_0/admin/datacollector/unix/settings,docs/accessanalyzer/12.0/admin/datacollector/unix/settings.md,,,,,,
UsersGroups Data Collector,12.0,https://docs.netwrix.com/docs/accessanalyzer/12_0/admin/datacollector/usersgroups/overview,docs/accessanalyzer/12.0/admin/datacollector/usersgroups/overview.md,,,,,,
UsersGroups: Groups Category,12.0,https://docs.netwrix.com/docs/accessanalyzer/12_0/admin/datacollector/usersgroups/results/groups,docs/accessanalyzer/12.0/admin/datacollector/usersgroups/results/groups.md,,,,,,
UsersGroups: Results,12.0,https://docs.netwrix.com/docs/accessanalyzer/12_0/admin/datacollector/usersgroups/results,docs/accessanalyzer/12.0/admin/datacollector/usersgroups/results/results.md,,,,,,
UsersGroups: Security Category,12.0,https://docs.netwrix.com/docs/accessanalyzer/12_0/admin/datacollector/usersgroups/results/security,docs/accessanalyzer/12.0/admin/datacollector/usersgroups/results/security.md,,,,,,
UsersGroups: Users Category,12.0,https://docs.netwrix.com/docs/accessanalyzer/12_0/admin/datacollector/usersgroups/results/users,docs/accessanalyzer/12.0/admin/datacollector/usersgroups/results/users.md,,,,,,
UsersGroups: Summary,12.0,https://docs.netwrix.com/docs/accessanalyzer/12_0/admin/datacollector/usersgroups/summary,docs/accessanalyzer/12.0/admin/datacollector/usersgroups/summary.md,,,,,,
WMICollector: Classes,12.0,https://docs.netwrix.com/docs/accessanalyzer/12_0/admin/datacollector/wmicollector/classes,docs/accessanalyzer/12.0/admin/datacollector/wmicollector/classes.md,,,,,,
WMICollector Data Collector,12.0,https://docs.netwrix.com/docs/accessanalyzer/12_0/admin/datacollector/wmicollector/overview,docs/accessanalyzer/12.0/admin/datacollector/wmicollector/overview.md,,,,,,
WMICollector: Properties,12.0,https://docs.netwrix.com/docs/accessanalyzer/12_0/admin/datacollector/wmicollector/properties,docs/accessanalyzer/12.0/admin/datacollector/wmicollector/properties.md,,,,,,
WMICollector: Sample Host,12.0,https://docs.netwrix.com/docs/accessanalyzer/12_0/admin/datacollector/wmicollector/samplehost,docs/accessanalyzer/12.0/admin/datacollector/wmicollector/samplehost.md,,,,,,
WMICollector: Summary (Results),12.0,https://docs.netwrix.com/docs/accessanalyzer/12_0/admin/datacollector/wmicollector/summary,docs/accessanalyzer/12.0/admin/datacollector/wmicollector/summary.md,,,,,,
Host Discovery Queries Activities Pane,12.0,https://docs.netwrix.com/docs/accessanalyzer/12_0/admin/hostdiscovery/activities,docs/accessanalyzer/12.0/admin/hostdiscovery/activities.md,,,,,,
Discovery Log,12.0,https://docs.netwrix.com/docs/accessanalyzer/12_0/admin/hostdiscovery/log,docs/accessanalyzer/12.0/admin/hostdiscovery/log.md,,,,,,
Host Discovery Node,12.0,https://docs.netwrix.com/docs/accessanalyzer/12_0/admin/hostdiscovery/overview,docs/accessanalyzer/12.0/admin/hostdiscovery/overview.md,,,,,,
Host Discovery Queries,12.0,https://docs.netwrix.com/docs/accessanalyzer/12_0/admin/hostdiscovery/queries,docs/accessanalyzer/12.0/admin/hostdiscovery/queries.md,,,,,,
Query an Active Directory server (Discover Domain Controllers),12.0,https://docs.netwrix.com/docs/accessanalyzer/12_0/admin/hostdiscovery/wizard/addomaincontrollers,docs/accessanalyzer/12.0/admin/hostdiscovery/wizard/addomaincontrollers.md,,,,,,
Query an Active Directory Server (Discover Exchange servers),12.0,https://docs.netwrix.com/docs/accessanalyzer/12_0/admin/hostdiscovery/wizard/adexchange,docs/accessanalyzer/12.0/admin/hostdiscovery/wizard/adexchange.md,,,,,,
Query an Active Directory Server (General),12.0,https://docs.netwrix.com/docs/accessanalyzer/12_0/admin/hostdiscovery/wizard/adgeneral,docs/accessanalyzer/12.0/admin/hostdiscovery/wizard/adgeneral.md,,,,,,
Import From a Local CSV File,12.0,https://docs.netwrix.com/docs/accessanalyzer/12_0/admin/hostdiscovery/wizard/csv,docs/accessanalyzer/12.0/admin/hostdiscovery/wizard/csv.md,,,,,,
Import From a Database,12.0,https://docs.netwrix.com/docs/accessanalyzer/12_0/admin/hostdiscovery/wizard/database,docs/accessanalyzer/12.0/admin/hostdiscovery/wizard/database.md,,,,,,
Scan IP Network,12.0,https://docs.netwrix.com/docs/accessanalyzer/12_0/admin/hostdiscovery/wizard/ipnetwork,docs/accessanalyzer/12.0/admin/hostdiscovery/wizard/ipnetwork.md,,,,,,
Host Discovery Wizard,12.0,https://docs.netwrix.com/docs/accessanalyzer/12_0/admin/hostdiscovery/wizard/overview,docs/accessanalyzer/12.0/admin/hostdiscovery/wizard/overview.md,,,,,,
Add Hosts,12.0,https://docs.netwrix.com/docs/accessanalyzer/12_0/admin/hostmanagement/actions/add,docs/accessanalyzer/12.0/admin/hostmanagement/actions/add.md,,,,,,
Delete Host(s),12.0,https://docs.netwrix.com/docs/accessanalyzer/12_0/admin/hostmanagement/actions/deletehost,docs/accessanalyzer/12.0/admin/hostmanagement/actions/deletehost.md,,,,,,
Delete List,12.0,https://docs.netwrix.com/docs/accessanalyzer/12_0/admin/hostmanagement/actions/deletelist,docs/accessanalyzer/12.0/admin/hostmanagement/actions/deletelist.md,,,,,,
Edit List,12.0,https://docs.netwrix.com/docs/accessanalyzer/12_0/admin/hostmanagement/actions/editlist,docs/accessanalyzer/12.0/admin/hostmanagement/actions/editlist.md,,,,,,
Edit Query,12.0,https://docs.netwrix.com/docs/accessanalyzer/12_0/admin/hostmanagement/actions/editquery,docs/accessanalyzer/12.0/admin/hostmanagement/actions/editquery.md,,,,,,
Export Data,12.0,https://docs.netwrix.com/docs/accessanalyzer/12_0/admin/hostmanagement/actions/export,docs/accessanalyzer/12.0/admin/hostmanagement/actions/export.md,,,,,,
Import Hosts Option,12.0,https://docs.netwrix.com/docs/accessanalyzer/12_0/admin/hostmanagement/actions/importhost,docs/accessanalyzer/12.0/admin/hostmanagement/actions/importhost.md,,,,,,
Import Location,12.0,https://docs.netwrix.com/docs/accessanalyzer/12_0/admin/hostmanagement/actions/importlocation,docs/accessanalyzer/12.0/admin/hostmanagement/actions/importlocation.md,,,,,,
Host Management Activities,12.0,https://docs.netwrix.com/docs/accessanalyzer/12_0/admin/hostmanagement/actions/overview,docs/accessanalyzer/12.0/admin/hostmanagement/actions/overview.md,,,,,,
Refresh Hosts,12.0,https://docs.netwrix.com/docs/accessanalyzer/12_0/admin/hostmanagement/actions/refresh,docs/accessanalyzer/12.0/admin/hostmanagement/actions/refresh.md,,,,,,
Rename List,12.0,https://docs.netwrix.com/docs/accessanalyzer/12_0/admin/hostmanagement/actions/rename,docs/accessanalyzer/12.0/admin/hostmanagement/actions/rename.md,,,,,,
Save Selected To List,12.0,https://docs.netwrix.com/docs/accessanalyzer/12_0/admin/hostmanagement/actions/savetolist,docs/accessanalyzer/12.0/admin/hostmanagement/actions/savetolist.md,,,,,,
Save Current View,12.0,https://docs.netwrix.com/docs/accessanalyzer/12_0/admin/hostmanagement/actions/saveview,docs/accessanalyzer/12.0/admin/hostmanagement/actions/saveview.md,,,,,,
Schedule (Activities Pane Option),12.0,https://docs.netwrix.com/docs/accessanalyzer/12_0/admin/hostmanagement/actions/schedule,docs/accessanalyzer/12.0/admin/hostmanagement/actions/schedule.md,,,,,,
Suspend/Resume Host Inventory,12.0,https://docs.netwrix.com/docs/accessanalyzer/12_0/admin/hostmanagement/actions/suspend,docs/accessanalyzer/12.0/admin/hostmanagement/actions/suspend.md,,,,,,
View/Edit Host,12.0,https://docs.netwrix.com/docs/accessanalyzer/12_0/admin/hostmanagement/actions/viewhost,docs/accessanalyzer/12.0/admin/hostmanagement/actions/viewhost.md,,,,,,
View Query,12.0,https://docs.netwrix.com/docs/accessanalyzer/12_0/admin/hostmanagement/actions/viewquery,docs/accessanalyzer/12.0/admin/hostmanagement/actions/viewquery.md,,,,,,
Host Inventory Data Grid,12.0,https://docs.netwrix.com/docs/accessanalyzer/12_0/admin/hostmanagement/datagrid,docs/accessanalyzer/12.0/admin/hostmanagement/datagrid.md,,,,,,
Hosts Lists,12.0,https://docs.netwrix.com/docs/accessanalyzer/12_0/admin/hostmanagement/lists,docs/accessanalyzer/12.0/admin/hostmanagement/lists.md,,,,,,
Host Management,12.0,https://docs.netwrix.com/docs/accessanalyzer/12_0/admin/hostmanagement/overview,docs/accessanalyzer/12.0/admin/hostmanagement/overview.md,,,,,,
Special Features & Functions,12.0,https://docs.netwrix.com/docs/accessanalyzer/12_0/admin/jobs/features,docs/accessanalyzer/12.0/admin/jobs/features.md,,,,,,
Job Groups,12.0,https://docs.netwrix.com/docs/accessanalyzer/12_0/admin/jobs/group/overview,docs/accessanalyzer/12.0/admin/jobs/group/overview.md,,,,,,
Connection Node,12.0,https://docs.netwrix.com/docs/accessanalyzer/12_0/admin/jobs/group/settings/connection,docs/accessanalyzer/12.0/admin/jobs/group/settings/connection.md,,,,,,
History Node,12.0,https://docs.netwrix.com/docs/accessanalyzer/12_0/admin/jobs/group/settings/history,docs/accessanalyzer/12.0/admin/jobs/group/settings/history.md,,,,,,
Host Lists Assignment,12.0,https://docs.netwrix.com/docs/accessanalyzer/12_0/admin/jobs/group/settings/hostlistsassignment,docs/accessanalyzer/12.0/admin/jobs/group/settings/hostlistsassignment.md,,,,,,
Reporting Node,12.0,https://docs.netwrix.com/docs/accessanalyzer/12_0/admin/jobs/group/settings/reporting,docs/accessanalyzer/12.0/admin/jobs/group/settings/reporting.md,,,,,,
Job Groups Settings Node,12.0,https://docs.netwrix.com/docs/accessanalyzer/12_0/admin/jobs/group/settings,docs/accessanalyzer/12.0/admin/jobs/group/settings/settings.md,,,,,,
Storage Node,12.0,https://docs.netwrix.com/docs/accessanalyzer/12_0/admin/jobs/group/settings/storage,docs/accessanalyzer/12.0/admin/jobs/group/settings/storage.md,,,,,,
Instantiating Jobs into the Jobs Tree,12.0,https://docs.netwrix.com/docs/accessanalyzer/12_0/admin/jobs/instantiate,docs/accessanalyzer/12.0/admin/jobs/instantiate.md,,,,,,
AD_PasswordExpirationNotification Job,12.0,https://docs.netwrix.com/docs/accessanalyzer/12_0/admin/jobs/instantjobs/ad_passwordexpirationnotification,docs/accessanalyzer/12.0/admin/jobs/instantjobs/ad_passwordexpirationnotification.md,,,,,,
EX_RegisterAzureAppAuth Job,12.0,https://docs.netwrix.com/docs/accessanalyzer/12_0/admin/jobs/instantjobs/ex_registerazureappauth,docs/accessanalyzer/12.0/admin/jobs/instantjobs/ex_registerazureappauth.md,,,,,,
FS_DEFEND_SDD Job,12.0,https://docs.netwrix.com/docs/accessanalyzer/12_0/admin/jobs/instantjobs/fs_defend_sdd,docs/accessanalyzer/12.0/admin/jobs/instantjobs/fs_defend_sdd.md,,,,,,
FS_MigrateSchema Job,12.0,https://docs.netwrix.com/docs/accessanalyzer/12_0/admin/jobs/instantjobs/fs_migrateschema,docs/accessanalyzer/12.0/admin/jobs/instantjobs/fs_migrateschema.md,,,,,,
FS_SDD_DELETE Job,12.0,https://docs.netwrix.com/docs/accessanalyzer/12_0/admin/jobs/instantjobs/fs_sdd_delete,docs/accessanalyzer/12.0/admin/jobs/instantjobs/fs_sdd_delete.md,,,,,,
Instant Job Wizard,12.0,https://docs.netwrix.com/docs/accessanalyzer/12_0/admin/jobs/instantjobs/overview,docs/accessanalyzer/12.0/admin/jobs/instantjobs/overview.md,,,,,,
SAS_ExecutionStatistics Job,12.0,https://docs.netwrix.com/docs/accessanalyzer/12_0/admin/jobs/instantjobs/sas_executionstatistics,docs/accessanalyzer/12.0/admin/jobs/instantjobs/sas_executionstatistics.md,,,,,,
SP_RegisterAzureAppAuth Job,12.0,https://docs.netwrix.com/docs/accessanalyzer/12_0/admin/jobs/instantjobs/sp_registerazureappauth,docs/accessanalyzer/12.0/admin/jobs/instantjobs/sp_registerazureappauth.md,,,,,,
SP_RemoveHost Job,12.0,https://docs.netwrix.com/docs/accessanalyzer/12_0/admin/jobs/instantjobs/sp_removehost,docs/accessanalyzer/12.0/admin/jobs/instantjobs/sp_removehost.md,,,,,,
Actions Node,12.0,https://docs.netwrix.com/docs/accessanalyzer/12_0/admin/jobs/job/configure/actions,docs/accessanalyzer/12.0/admin/jobs/job/configure/actions.md,,,,,,
Analysis Node,12.0,https://docs.netwrix.com/docs/accessanalyzer/12_0/admin/jobs/job/configure/analysis,docs/accessanalyzer/12.0/admin/jobs/job/configure/analysis/analysis.md,,,,,,
Configure the Customizable Parameters in an Analysis Task,12.0,https://docs.netwrix.com/docs/accessanalyzer/12_0/admin/jobs/job/configure/analysis/analysiscustomizableparameters,docs/accessanalyzer/12.0/admin/jobs/job/configure/analysis/analysiscustomizableparameters.md,,,,,,
Hosts Node,12.0,https://docs.netwrix.com/docs/accessanalyzer/12_0/admin/jobs/job/configure/hosts,docs/accessanalyzer/12.0/admin/jobs/job/configure/hosts.md,,,,,,
Configure Node,12.0,https://docs.netwrix.com/docs/accessanalyzer/12_0/admin/jobs/job/configure/overview,docs/accessanalyzer/12.0/admin/jobs/job/configure/overview.md,,,,,,
Queries Node,12.0,https://docs.netwrix.com/docs/accessanalyzer/12_0/admin/jobs/job/configure/queries,docs/accessanalyzer/12.0/admin/jobs/job/configure/queries.md,,,,,,
Reports Node,12.0,https://docs.netwrix.com/docs/accessanalyzer/12_0/admin/jobs/job/configure/reports,docs/accessanalyzer/12.0/admin/jobs/job/configure/reports.md,,,,,,
Create a New Job,12.0,https://docs.netwrix.com/docs/accessanalyzer/12_0/admin/jobs/job/create,docs/accessanalyzer/12.0/admin/jobs/job/create.md,,,,,,
Disable or Enable a Job,12.0,https://docs.netwrix.com/docs/accessanalyzer/12_0/admin/jobs/job/disableenable,docs/accessanalyzer/12.0/admin/jobs/job/disableenable.md,,,,,,
Jobs,12.0,https://docs.netwrix.com/docs/accessanalyzer/12_0/admin/jobs/job/overview,docs/accessanalyzer/12.0/admin/jobs/job/overview.md,,,,,,
Auto Retry Tab,12.0,https://docs.netwrix.com/docs/accessanalyzer/12_0/admin/jobs/job/properties/autoretry,docs/accessanalyzer/12.0/admin/jobs/job/properties/autoretry.md,,,,,,
Connection Tab,12.0,https://docs.netwrix.com/docs/accessanalyzer/12_0/admin/jobs/job/properties/connection,docs/accessanalyzer/12.0/admin/jobs/job/properties/connection.md,,,,,,
General Tab,12.0,https://docs.netwrix.com/docs/accessanalyzer/12_0/admin/jobs/job/properties/general,docs/accessanalyzer/12.0/admin/jobs/job/properties/general.md,,,,,,
History Tab,12.0,https://docs.netwrix.com/docs/accessanalyzer/12_0/admin/jobs/job/properties/history,docs/accessanalyzer/12.0/admin/jobs/job/properties/history.md,,,,,,
Notification Tab,12.0,https://docs.netwrix.com/docs/accessanalyzer/12_0/admin/jobs/job/properties/notification,docs/accessanalyzer/12.0/admin/jobs/job/properties/notification.md,,,,,,
Job Properties,12.0,https://docs.netwrix.com/docs/accessanalyzer/12_0/admin/jobs/job/properties/overview,docs/accessanalyzer/12.0/admin/jobs/job/properties/overview.md,,,,,,
Performance Tab,12.0,https://docs.netwrix.com/docs/accessanalyzer/12_0/admin/jobs/job/properties/performance,docs/accessanalyzer/12.0/admin/jobs/job/properties/performance.md,,,,,,
Report Roles Tab,12.0,https://docs.netwrix.com/docs/accessanalyzer/12_0/admin/jobs/job/properties/reportroles,docs/accessanalyzer/12.0/admin/jobs/job/properties/reportroles.md,,,,,,
Report Settings Tab,12.0,https://docs.netwrix.com/docs/accessanalyzer/12_0/admin/jobs/job/properties/reportsettings,docs/accessanalyzer/12.0/admin/jobs/job/properties/reportsettings.md,,,,,,
Storage Tab,12.0,https://docs.netwrix.com/docs/accessanalyzer/12_0/admin/jobs/job/properties/storage,docs/accessanalyzer/12.0/admin/jobs/job/properties/storage.md,,,,,,
View Job XML File,12.0,https://docs.netwrix.com/docs/accessanalyzer/12_0/admin/jobs/job/properties/viewxml,docs/accessanalyzer/12.0/admin/jobs/job/properties/viewxml.md,,,,,,
Results Node,12.0,https://docs.netwrix.com/docs/accessanalyzer/12_0/admin/jobs/job/results,docs/accessanalyzer/12.0/admin/jobs/job/results.md,,,,,,
Status Node,12.0,https://docs.netwrix.com/docs/accessanalyzer/12_0/admin/jobs/job/status,docs/accessanalyzer/12.0/admin/jobs/job/status.md,,,,,,
Jobs Tree,12.0,https://docs.netwrix.com/docs/accessanalyzer/12_0/admin/jobs/overview,docs/accessanalyzer/12.0/admin/jobs/overview.md,,,,,,
Antivirus Exclusions,12.0,https://docs.netwrix.com/docs/accessanalyzer/12_0/admin/maintenance/antivirusexclusions,docs/accessanalyzer/12.0/admin/maintenance/antivirusexclusions.md,,,,,,
Backup and Recovery,12.0,https://docs.netwrix.com/docs/accessanalyzer/12_0/admin/maintenance/backuprecovery,docs/accessanalyzer/12.0/admin/maintenance/backuprecovery.md,,,,,,
Best Practices,12.0,https://docs.netwrix.com/docs/accessanalyzer/12_0/admin/maintenance/bestpractices,docs/accessanalyzer/12.0/admin/maintenance/bestpractices.md,,,,,,
Application Maintenance and Best Practices,12.0,https://docs.netwrix.com/docs/accessanalyzer/12_0/admin/maintenance/overview,docs/accessanalyzer/12.0/admin/maintenance/overview.md,,,,,,
Troubleshooting,12.0,https://docs.netwrix.com/docs/accessanalyzer/12_0/admin/maintenance/troubleshooting,docs/accessanalyzer/12.0/admin/maintenance/troubleshooting.md,,,,,,
Updating Passwords,12.0,https://docs.netwrix.com/docs/accessanalyzer/12_0/admin/maintenance/updatepasswords,docs/accessanalyzer/12.0/admin/maintenance/updatepasswords.md,,,,,,
Activities Pane,12.0,https://docs.netwrix.com/docs/accessanalyzer/12_0/admin/navigate/activitiespane,docs/accessanalyzer/12.0/admin/navigate/activitiespane.md,,,,,,
Data Grid Functionality,12.0,https://docs.netwrix.com/docs/accessanalyzer/12_0/admin/navigate/datagrid,docs/accessanalyzer/12.0/admin/navigate/datagrid.md,,,,,,
Navigating the Console,12.0,https://docs.netwrix.com/docs/accessanalyzer/12_0/admin/navigate/overview,docs/accessanalyzer/12.0/admin/navigate/overview.md,,,,,,
Navigation Pane,12.0,https://docs.netwrix.com/docs/accessanalyzer/12_0/admin/navigate/pane,docs/accessanalyzer/12.0/admin/navigate/pane.md,,,,,,
Results Pane,12.0,https://docs.netwrix.com/docs/accessanalyzer/12_0/admin/navigate/resultspane,docs/accessanalyzer/12.0/admin/navigate/resultspane.md,,,,,,
Top Navigation,12.0,https://docs.netwrix.com/docs/accessanalyzer/12_0/admin/navigate/top,docs/accessanalyzer/12.0/admin/navigate/top.md,,,,,,
Administration,12.0,https://docs.netwrix.com/docs/accessanalyzer/12_0/admin/overview,docs/accessanalyzer/12.0/admin/overview.md,,,,,,
Chart Format,12.0,https://docs.netwrix.com/docs/accessanalyzer/12_0/admin/report/chartwizard/chartformat,docs/accessanalyzer/12.0/admin/report/chartwizard/chartformat.md,,,,,,
Configure,12.0,https://docs.netwrix.com/docs/accessanalyzer/12_0/admin/report/chartwizard/configure,docs/accessanalyzer/12.0/admin/report/chartwizard/configure.md,,,,,,
Data Source,12.0,https://docs.netwrix.com/docs/accessanalyzer/12_0/admin/report/chartwizard/datasource,docs/accessanalyzer/12.0/admin/report/chartwizard/datasource.md,,,,,,
Chart Configuration Wizard,12.0,https://docs.netwrix.com/docs/accessanalyzer/12_0/admin/report/chartwizard/overview,docs/accessanalyzer/12.0/admin/report/chartwizard/overview.md,,,,,,
Report Cleanup when Deleting a Job or Job Group,12.0,https://docs.netwrix.com/docs/accessanalyzer/12_0/admin/report/cleanup,docs/accessanalyzer/12.0/admin/report/cleanup.md,,,,,,
Creating a Report,12.0,https://docs.netwrix.com/docs/accessanalyzer/12_0/admin/report/create,docs/accessanalyzer/12.0/admin/report/create.md,,,,,,
Editing Existing Reports,12.0,https://docs.netwrix.com/docs/accessanalyzer/12_0/admin/report/edit,docs/accessanalyzer/12.0/admin/report/edit.md,,,,,,
Copying Cells,12.0,https://docs.netwrix.com/docs/accessanalyzer/12_0/admin/report/interactivegrids/copyingcells,docs/accessanalyzer/12.0/admin/report/interactivegrids/copyingcells.md,,,,,,
Grouping Data,12.0,https://docs.netwrix.com/docs/accessanalyzer/12_0/admin/report/interactivegrids/grouping,docs/accessanalyzer/12.0/admin/report/interactivegrids/grouping.md,,,,,,
Interactive Grids,12.0,https://docs.netwrix.com/docs/accessanalyzer/12_0/admin/report/interactivegrids/overview,docs/accessanalyzer/12.0/admin/report/interactivegrids/overview.md,,,,,,
Paging,12.0,https://docs.netwrix.com/docs/accessanalyzer/12_0/admin/report/interactivegrids/paging,docs/accessanalyzer/12.0/admin/report/interactivegrids/paging.md,,,,,,
Searching and Filtering Data,12.0,https://docs.netwrix.com/docs/accessanalyzer/12_0/admin/report/interactivegrids/searchfilter,docs/accessanalyzer/12.0/admin/report/interactivegrids/searchfilter.md,,,,,,
Reporting,12.0,https://docs.netwrix.com/docs/accessanalyzer/12_0/admin/report/overview,docs/accessanalyzer/12.0/admin/report/overview.md,,,,,,
Tags,12.0,https://docs.netwrix.com/docs/accessanalyzer/12_0/admin/report/tags,docs/accessanalyzer/12.0/admin/report/tags.md,,,,,,
Viewing Generated Reports,12.0,https://docs.netwrix.com/docs/accessanalyzer/12_0/admin/report/view,docs/accessanalyzer/12.0/admin/report/view.md,,,,,,
Authoring Page,12.0,https://docs.netwrix.com/docs/accessanalyzer/12_0/admin/report/wizard/authoring,docs/accessanalyzer/12.0/admin/report/wizard/authoring.md,,,,,,
E-mail Page,12.0,https://docs.netwrix.com/docs/accessanalyzer/12_0/admin/report/wizard/email,docs/accessanalyzer/12.0/admin/report/wizard/email.md,,,,,,
Layout Page,12.0,https://docs.netwrix.com/docs/accessanalyzer/12_0/admin/report/wizard/layout,docs/accessanalyzer/12.0/admin/report/wizard/layout.md,,,,,,
Report Configuration Wizard,12.0,https://docs.netwrix.com/docs/accessanalyzer/12_0/admin/report/wizard/overview,docs/accessanalyzer/12.0/admin/report/wizard/overview.md,,,,,,
Publish Security Page,12.0,https://docs.netwrix.com/docs/accessanalyzer/12_0/admin/report/wizard/publishsecurity,docs/accessanalyzer/12.0/admin/report/wizard/publishsecurity.md,,,,,,
Widgets Page,12.0,https://docs.netwrix.com/docs/accessanalyzer/12_0/admin/report/wizard/widgets,docs/accessanalyzer/12.0/admin/report/wizard/widgets.md,,,,,,
Running Job Details,12.0,https://docs.netwrix.com/docs/accessanalyzer/12_0/admin/runninginstances/jobdetails,docs/accessanalyzer/12.0/admin/runninginstances/jobdetails.md,,,,,,
Running Instances Node,12.0,https://docs.netwrix.com/docs/accessanalyzer/12_0/admin/runninginstances/overview,docs/accessanalyzer/12.0/admin/runninginstances/overview.md,,,,,,
Schedules,12.0,https://docs.netwrix.com/docs/accessanalyzer/12_0/admin/schedule/overview,docs/accessanalyzer/12.0/admin/schedule/overview.md,,,,,,
Rename Scheduled Task Wizard,12.0,https://docs.netwrix.com/docs/accessanalyzer/12_0/admin/schedule/renamewizard,docs/accessanalyzer/12.0/admin/schedule/renamewizard.md,,,,,,
Schedule Wizard,12.0,https://docs.netwrix.com/docs/accessanalyzer/12_0/admin/schedule/wizard,docs/accessanalyzer/12.0/admin/schedule/wizard.md,,,,,,
Database Schema,12.0,https://docs.netwrix.com/docs/accessanalyzer/12_0/admin/schema/overview,docs/accessanalyzer/12.0/admin/schema/overview.md,,,,,,
Core Data Collection Tables,12.0,https://docs.netwrix.com/docs/accessanalyzer/12_0/admin/schema/sqldc/coretables/overview,docs/accessanalyzer/12.0/admin/schema/sqldc/coretables/overview.md,,,,,,
Enumeration & Lookup Values Reference,12.0,https://docs.netwrix.com/docs/accessanalyzer/12_0/admin/schema/sqldc/enumeration/overview,docs/accessanalyzer/12.0/admin/schema/sqldc/enumeration/overview.md,,,,,,
Table Relationship Diagrams (ERD),12.0,https://docs.netwrix.com/docs/accessanalyzer/12_0/admin/schema/sqldc/erd/overview,docs/accessanalyzer/12.0/admin/schema/sqldc/erd/overview.md,,,,,,
Scalar Functions & Stored Procedures,12.0,https://docs.netwrix.com/docs/accessanalyzer/12_0/admin/schema/sqldc/functions/overview,docs/accessanalyzer/12.0/admin/schema/sqldc/functions/overview.md,,,,,,
Index Reference,12.0,https://docs.netwrix.com/docs/accessanalyzer/12_0/admin/schema/sqldc/indexreference/overview,docs/accessanalyzer/12.0/admin/schema/sqldc/indexreference/overview.md,,,,,,
SQL Data Collector Schema,12.0,https://docs.netwrix.com/docs/accessanalyzer/12_0/admin/schema/sqldc/overview,docs/accessanalyzer/12.0/admin/schema/sqldc/overview.md,,,,,,
Reporting Tables,12.0,https://docs.netwrix.com/docs/accessanalyzer/12_0/admin/schema/sqldc/reportingtables/overview,docs/accessanalyzer/12.0/admin/schema/sqldc/reportingtables/overview.md,,,,,,
Views,12.0,https://docs.netwrix.com/docs/accessanalyzer/12_0/admin/schema/sqldc/views/overview,docs/accessanalyzer/12.0/admin/schema/sqldc/views/overview.md,,,,,,
Access,12.0,https://docs.netwrix.com/docs/accessanalyzer/12_0/admin/settings/access/overview,docs/accessanalyzer/12.0/admin/settings/access/overview.md,,,,,,
Assign Application Access through the Web Service,12.0,https://docs.netwrix.com/docs/accessanalyzer/12_0/admin/settings/access/restapi/assignappaccess,docs/accessanalyzer/12.0/admin/settings/access/restapi/assignappaccess.md,,,,,,
Use Access Token to Get Data from the Access Analyzer Endpoint,12.0,https://docs.netwrix.com/docs/accessanalyzer/12_0/admin/settings/access/restapi/getdata,docs/accessanalyzer/12.0/admin/settings/access/restapi/getdata.md,,,,,,
Use the Client Credentials Grant to Obtain an Access Token,12.0,https://docs.netwrix.com/docs/accessanalyzer/12_0/admin/settings/access/restapi/obtaintoken,docs/accessanalyzer/12.0/admin/settings/access/restapi/obtaintoken.md,,,,,,
Web Service REST API for Applications Accessing Data Remotely,12.0,https://docs.netwrix.com/docs/accessanalyzer/12_0/admin/settings/access/restapi/overview,docs/accessanalyzer/12.0/admin/settings/access/restapi/overview.md,,,,,,
PowerShell Commands for the REST API,12.0,https://docs.netwrix.com/docs/accessanalyzer/12_0/admin/settings/access/restapi/powershellcommands,docs/accessanalyzer/12.0/admin/settings/access/restapi/powershellcommands.md,,,,,,
Use the Client Credentials to Grant a Refesh Token,12.0,https://docs.netwrix.com/docs/accessanalyzer/12_0/admin/settings/access/restapi/refreshtoken,docs/accessanalyzer/12.0/admin/settings/access/restapi/refreshtoken.md,,,,,,
Assign User to Role Members,12.0,https://docs.netwrix.com/docs/accessanalyzer/12_0/admin/settings/access/rolebased/assignroles,docs/accessanalyzer/12.0/admin/settings/access/rolebased/assignroles.md,,,,,,
Configuring Roles,12.0,https://docs.netwrix.com/docs/accessanalyzer/12_0/admin/settings/access/rolebased/configureroles,docs/accessanalyzer/12.0/admin/settings/access/rolebased/configureroles.md,,,,,,
Custom Roles,12.0,https://docs.netwrix.com/docs/accessanalyzer/12_0/admin/settings/access/rolebased/customroles,docs/accessanalyzer/12.0/admin/settings/access/rolebased/customroles.md,,,,,,
Roles and the Event Log,12.0,https://docs.netwrix.com/docs/accessanalyzer/12_0/admin/settings/access/rolebased/eventlog,docs/accessanalyzer/12.0/admin/settings/access/rolebased/eventlog.md,,,,,,
Role Based Access: FAQ,12.0,https://docs.netwrix.com/docs/accessanalyzer/12_0/admin/settings/access/rolebased/faq,docs/accessanalyzer/12.0/admin/settings/access/rolebased/faq.md,,,,,,
Role Based Access,12.0,https://docs.netwrix.com/docs/accessanalyzer/12_0/admin/settings/access/rolebased/overview,docs/accessanalyzer/12.0/admin/settings/access/rolebased/overview.md,,,,,,
Role Definitions,12.0,https://docs.netwrix.com/docs/accessanalyzer/12_0/admin/settings/access/rolebased/roledefinitions,docs/accessanalyzer/12.0/admin/settings/access/rolebased/roledefinitions.md,,,,,,
Roles & the Schedule Service Account,12.0,https://docs.netwrix.com/docs/accessanalyzer/12_0/admin/settings/access/rolebased/scheduleserviceaccount,docs/accessanalyzer/12.0/admin/settings/access/rolebased/scheduleserviceaccount.md,,,,,,
Securing Published Reports Only,12.0,https://docs.netwrix.com/docs/accessanalyzer/12_0/admin/settings/access/rolebased/securereports,docs/accessanalyzer/12.0/admin/settings/access/rolebased/securereports.md,,,,,,
Workflow with Role Based Access Enabled,12.0,https://docs.netwrix.com/docs/accessanalyzer/12_0/admin/settings/access/rolebased/workflow,docs/accessanalyzer/12.0/admin/settings/access/rolebased/workflow.md,,,,,,
Application,12.0,https://docs.netwrix.com/docs/accessanalyzer/12_0/admin/settings/application/overview,docs/accessanalyzer/12.0/admin/settings/application/overview.md,,,,,,
Vault,12.0,https://docs.netwrix.com/docs/accessanalyzer/12_0/admin/settings/application/vault,docs/accessanalyzer/12.0/admin/settings/application/vault.md,,,,,,
Active Directory Account for User Credentials,12.0,https://docs.netwrix.com/docs/accessanalyzer/12_0/admin/settings/connection/create/activedirectory,docs/accessanalyzer/12.0/admin/settings/connection/create/activedirectory.md,,,,,,
Amazon Web Services for User Credentials,12.0,https://docs.netwrix.com/docs/accessanalyzer/12_0/admin/settings/connection/create/aws,docs/accessanalyzer/12.0/admin/settings/connection/create/aws.md,,,,,,
Create a Connection Profile,12.0,https://docs.netwrix.com/docs/accessanalyzer/12_0/admin/settings/connection/create,docs/accessanalyzer/12.0/admin/settings/connection/create/create.md,,,,,,
Dropbox for User Credentials,12.0,https://docs.netwrix.com/docs/accessanalyzer/12_0/admin/settings/connection/create/dropbox,docs/accessanalyzer/12.0/admin/settings/connection/create/dropbox.md,,,,,,
Azure Active Directory for User Credentials,12.0,https://docs.netwrix.com/docs/accessanalyzer/12_0/admin/settings/connection/create/entraid,docs/accessanalyzer/12.0/admin/settings/connection/create/entraid.md,,,,,,
Exchange Modern Authentication for User Credentials,12.0,https://docs.netwrix.com/docs/accessanalyzer/12_0/admin/settings/connection/create/exchangemodernauth,docs/accessanalyzer/12.0/admin/settings/connection/create/exchangemodernauth.md,,,,,,
Local Windows Account for User Credentials,12.0,https://docs.netwrix.com/docs/accessanalyzer/12_0/admin/settings/connection/create/localwindows,docs/accessanalyzer/12.0/admin/settings/connection/create/localwindows.md,,,,,,
Oracle for User Credentials,12.0,https://docs.netwrix.com/docs/accessanalyzer/12_0/admin/settings/connection/create/oracle,docs/accessanalyzer/12.0/admin/settings/connection/create/oracle.md,,,,,,
SQL Authentication for User Credentials,12.0,https://docs.netwrix.com/docs/accessanalyzer/12_0/admin/settings/connection/create/sql,docs/accessanalyzer/12.0/admin/settings/connection/create/sql.md,,,,,,
Task for User Credentials,12.0,https://docs.netwrix.com/docs/accessanalyzer/12_0/admin/settings/connection/create/task,docs/accessanalyzer/12.0/admin/settings/connection/create/task.md,,,,,,
Unix Account for User Credentials,12.0,https://docs.netwrix.com/docs/accessanalyzer/12_0/admin/settings/connection/create/unix,docs/accessanalyzer/12.0/admin/settings/connection/create/unix.md,,,,,,
Web Services (JWT) for User Credentials,12.0,https://docs.netwrix.com/docs/accessanalyzer/12_0/admin/settings/connection/create/webservices,docs/accessanalyzer/12.0/admin/settings/connection/create/webservices.md,,,,,,
CyberArk Integration,12.0,https://docs.netwrix.com/docs/accessanalyzer/12_0/admin/settings/connection/cyberarkintegration,docs/accessanalyzer/12.0/admin/settings/connection/cyberarkintegration.md,,,,,,
Group Managed Service Accounts (gMSA) Configuration,12.0,https://docs.netwrix.com/docs/accessanalyzer/12_0/admin/settings/connection/gmsa,docs/accessanalyzer/12.0/admin/settings/connection/gmsa.md,,,,,,
Connection,12.0,https://docs.netwrix.com/docs/accessanalyzer/12_0/admin/settings/connection/overview,docs/accessanalyzer/12.0/admin/settings/connection/overview.md,,,,,,
Exchange,12.0,https://docs.netwrix.com/docs/accessanalyzer/12_0/admin/settings/exchange,docs/accessanalyzer/12.0/admin/settings/exchange.md,,,,,,
History,12.0,https://docs.netwrix.com/docs/accessanalyzer/12_0/admin/settings/history,docs/accessanalyzer/12.0/admin/settings/history.md,,,,,,
Host Discovery,12.0,https://docs.netwrix.com/docs/accessanalyzer/12_0/admin/settings/hostdiscovery,docs/accessanalyzer/12.0/admin/settings/hostdiscovery.md,,,,,,
Host Inventory,12.0,https://docs.netwrix.com/docs/accessanalyzer/12_0/admin/settings/hostinventory,docs/accessanalyzer/12.0/admin/settings/hostinventory.md,,,,,,
Notification,12.0,https://docs.netwrix.com/docs/accessanalyzer/12_0/admin/settings/notification,docs/accessanalyzer/12.0/admin/settings/notification.md,,,,,,
Global Settings,12.0,https://docs.netwrix.com/docs/accessanalyzer/12_0/admin/settings/overview,docs/accessanalyzer/12.0/admin/settings/overview.md,,,,,,
Reporting,12.0,https://docs.netwrix.com/docs/accessanalyzer/12_0/admin/settings/reporting,docs/accessanalyzer/12.0/admin/settings/reporting.md,,,,,,
Schedule,12.0,https://docs.netwrix.com/docs/accessanalyzer/12_0/admin/settings/schedule,docs/accessanalyzer/12.0/admin/settings/schedule.md,,,,,,
Criteria Tab,12.0,https://docs.netwrix.com/docs/accessanalyzer/12_0/admin/settings/sensitivedata/criteria,docs/accessanalyzer/12.0/admin/settings/sensitivedata/criteria.md,,,,,,
Adding False Positive Exclusion Filters,12.0,https://docs.netwrix.com/docs/accessanalyzer/12_0/admin/settings/sensitivedata/exclusions/add,docs/accessanalyzer/12.0/admin/settings/sensitivedata/exclusions/add.md,,,,,,
Deleting False Positive Exclusion Filters,12.0,https://docs.netwrix.com/docs/accessanalyzer/12_0/admin/settings/sensitivedata/exclusions/delete,docs/accessanalyzer/12.0/admin/settings/sensitivedata/exclusions/delete.md,,,,,,
Editing False Positive Exclusion Filters,12.0,https://docs.netwrix.com/docs/accessanalyzer/12_0/admin/settings/sensitivedata/exclusions/edit,docs/accessanalyzer/12.0/admin/settings/sensitivedata/exclusions/edit.md,,,,,,
Exporting False Positive Exclusion Filters,12.0,https://docs.netwrix.com/docs/accessanalyzer/12_0/admin/settings/sensitivedata/exclusions/export,docs/accessanalyzer/12.0/admin/settings/sensitivedata/exclusions/export.md,,,,,,
Importing False Positive Exclusion Filters,12.0,https://docs.netwrix.com/docs/accessanalyzer/12_0/admin/settings/sensitivedata/exclusions/import,docs/accessanalyzer/12.0/admin/settings/sensitivedata/exclusions/import.md,,,,,,
False Positives Tab,12.0,https://docs.netwrix.com/docs/accessanalyzer/12_0/admin/settings/sensitivedata/exclusions/overview,docs/accessanalyzer/12.0/admin/settings/sensitivedata/exclusions/overview.md,,,,,,
Sensitive Data,12.0,https://docs.netwrix.com/docs/accessanalyzer/12_0/admin/settings/sensitivedata/overview,docs/accessanalyzer/12.0/admin/settings/sensitivedata/overview.md,,,,,,
ServiceNow,12.0,https://docs.netwrix.com/docs/accessanalyzer/12_0/admin/settings/servicenow,docs/accessanalyzer/12.0/admin/settings/servicenow.md,,,,,,
Add a Storage Profile,12.0,https://docs.netwrix.com/docs/accessanalyzer/12_0/admin/settings/storage/add,docs/accessanalyzer/12.0/admin/settings/storage/add.md,,,,,,
Set a Default Storage Profile,12.0,https://docs.netwrix.com/docs/accessanalyzer/12_0/admin/settings/storage/default,docs/accessanalyzer/12.0/admin/settings/storage/default.md,,,,,,
Delete a Storage Profile,12.0,https://docs.netwrix.com/docs/accessanalyzer/12_0/admin/settings/storage/delete,docs/accessanalyzer/12.0/admin/settings/storage/delete.md,,,,,,
Storage,12.0,https://docs.netwrix.com/docs/accessanalyzer/12_0/admin/settings/storage/overview,docs/accessanalyzer/12.0/admin/settings/storage/overview.md,,,,,,
Update Authentication Credentials in a Storage Profile,12.0,https://docs.netwrix.com/docs/accessanalyzer/12_0/admin/settings/storage/updateauth,docs/accessanalyzer/12.0/admin/settings/storage/updateauth.md,,,,,,
CDSA Job,12.0,https://docs.netwrix.com/docs/accessanalyzer/12_0/cdsa/job,docs/accessanalyzer/12.0/cdsa/job.md,,,,,,
Credential & Data Security Assessment Overview,12.0,https://docs.netwrix.com/docs/accessanalyzer/12_0/cdsa/overview,docs/accessanalyzer/12.0/cdsa/overview.md,,,,,,
Presentation Dependencies,12.0,https://docs.netwrix.com/docs/accessanalyzer/12_0/cdsa/presentation,docs/accessanalyzer/12.0/cdsa/presentation.md,,,,,,
Getting Started,12.0,https://docs.netwrix.com/docs/accessanalyzer/12_0/gettingstarted,docs/accessanalyzer/12.0/gettingstarted.md,,,,,,
Netwrix Access Analyzer (formerly Enterprise Auditor) v12.0 Documentation,12.0,https://docs.netwrix.com/docs/accessanalyzer/12_0,docs/accessanalyzer/12.0/index.md,,,,,,
Access Analyzer Database,12.0,https://docs.netwrix.com/docs/accessanalyzer/12_0/install/application/database,docs/accessanalyzer/12.0/install/application/database/database.md,,,,,,
Non-English Language Environments,12.0,https://docs.netwrix.com/docs/accessanalyzer/12_0/install/application/database/otherlanguages,docs/accessanalyzer/12.0/install/application/database/otherlanguages.md,,,,,,
Access Analyzer Initial Configuration,12.0,https://docs.netwrix.com/docs/accessanalyzer/12_0/install/application/firstlaunch,docs/accessanalyzer/12.0/install/application/firstlaunch.md,,,,,,
Installation & Configuration Overview,12.0,https://docs.netwrix.com/docs/accessanalyzer/12_0/install/application/overview,docs/accessanalyzer/12.0/install/application/overview.md,,,,,,
Configuring the Web Console to use ADFS,12.0,https://docs.netwrix.com/docs/accessanalyzer/12_0/install/application/reports/adfs,docs/accessanalyzer/12.0/install/application/reports/adfs.md,,,,,,
Configuring Login Page Disclaimer,12.0,https://docs.netwrix.com/docs/accessanalyzer/12_0/install/application/reports/disclaimer,docs/accessanalyzer/12.0/install/application/reports/disclaimer.md,,,,,,
Enable Multiple Domain Access,12.0,https://docs.netwrix.com/docs/accessanalyzer/12_0/install/application/reports/domains,docs/accessanalyzer/12.0/install/application/reports/domains.md,,,,,,
Microsoft Entra ID Single Sign-On,12.0,https://docs.netwrix.com/docs/accessanalyzer/12_0/install/application/reports/entraidsso,docs/accessanalyzer/12.0/install/application/reports/entraidsso.md,,,,,,
Manage Kerberos Encryption Warning for the Web Console,12.0,https://docs.netwrix.com/docs/accessanalyzer/12_0/install/application/reports/kerberosencryption,docs/accessanalyzer/12.0/install/application/reports/kerberosencryption.md,,,,,,
Creating an Application and Attributes in Okta,12.0,https://docs.netwrix.com/docs/accessanalyzer/12_0/install/application/reports/okta,docs/accessanalyzer/12.0/install/application/reports/okta.md,,,,,,
Reports via the Web Console,12.0,https://docs.netwrix.com/docs/accessanalyzer/12_0/install/application/reports/overview,docs/accessanalyzer/12.0/install/application/reports/overview.md,,,,,,
Securing the Web Console,12.0,https://docs.netwrix.com/docs/accessanalyzer/12_0/install/application/reports/secure,docs/accessanalyzer/12.0/install/application/reports/secure.md,,,,,,
Enable Single Sign-On,12.0,https://docs.netwrix.com/docs/accessanalyzer/12_0/install/application/reports/sso,docs/accessanalyzer/12.0/install/application/reports/sso.md,,,,,,
Timeout Parameter for the Web Console,12.0,https://docs.netwrix.com/docs/accessanalyzer/12_0/install/application/reports/timeout,docs/accessanalyzer/12.0/install/application/reports/timeout.md,,,,,,
Update License Key,12.0,https://docs.netwrix.com/docs/accessanalyzer/12_0/install/application/updatelicense,docs/accessanalyzer/12.0/install/application/updatelicense.md,,,,,,
Access Analyzer Console Upgrade,12.0,https://docs.netwrix.com/docs/accessanalyzer/12_0/install/application/upgrade/overview,docs/accessanalyzer/12.0/install/application/upgrade/overview.md,,,,,,
Solution Upgrade Considerations,12.0,https://docs.netwrix.com/docs/accessanalyzer/12_0/install/application/upgrade/solutionconsiderations,docs/accessanalyzer/12.0/install/application/upgrade/solutionconsiderations.md,,,,,,
Access Analyzer Core Upgrade Instructions,12.0,https://docs.netwrix.com/docs/accessanalyzer/12_0/install/application/upgrade/wizard,docs/accessanalyzer/12.0/install/application/upgrade/wizard.md,,,,,,
Access Analyzer Core Installation,12.0,https://docs.netwrix.com/docs/accessanalyzer/12_0/install/application/wizard,docs/accessanalyzer/12.0/install/application/wizard.md,,,,,,
File System Data Collection Configuration for Proxy as a Service,12.0,https://docs.netwrix.com/docs/accessanalyzer/12_0/install/filesystemproxy/configuredatacollector,docs/accessanalyzer/12.0/install/filesystemproxy/configuredatacollector.md,,,,,,
File System Proxy as a Service Overview,12.0,https://docs.netwrix.com/docs/accessanalyzer/12_0/install/filesystemproxy/overview,docs/accessanalyzer/12.0/install/filesystemproxy/overview.md,,,,,,
Silent Installer Option for Proxy,12.0,https://docs.netwrix.com/docs/accessanalyzer/12_0/install/filesystemproxy/silentinstall,docs/accessanalyzer/12.0/install/filesystemproxy/silentinstall.md,,,,,,
Troubleshooting Proxy Service,12.0,https://docs.netwrix.com/docs/accessanalyzer/12_0/install/filesystemproxy/troubleshooting,docs/accessanalyzer/12.0/install/filesystemproxy/troubleshooting.md,,,,,,
Uninstall Proxy Service Process,12.0,https://docs.netwrix.com/docs/accessanalyzer/12_0/install/filesystemproxy/uninstall,docs/accessanalyzer/12.0/install/filesystemproxy/uninstall.md,,,,,,
Upgrade Proxy Service Procedure,12.0,https://docs.netwrix.com/docs/accessanalyzer/12_0/install/filesystemproxy/upgrade,docs/accessanalyzer/12.0/install/filesystemproxy/upgrade.md,,,,,,
File System Proxy Service Installation,12.0,https://docs.netwrix.com/docs/accessanalyzer/12_0/install/filesystemproxy/wizard,docs/accessanalyzer/12.0/install/filesystemproxy/wizard.md,,,,,,
Appendix for the StealthAUDIT MAPI CDO Installation Guide,12.0,https://docs.netwrix.com/docs/accessanalyzer/12_0/install/mapicdo/appendix,docs/accessanalyzer/12.0/install/mapicdo/appendix.md,,,,,,
StealthAUDIT MAPI CDO Installation,12.0,https://docs.netwrix.com/docs/accessanalyzer/12_0/install/mapicdo/installation,docs/accessanalyzer/12.0/install/mapicdo/installation.md,,,,,,
Installation,12.0,https://docs.netwrix.com/docs/accessanalyzer/12_0/install/overview,docs/accessanalyzer/12.0/install/overview.md,,,,,,
SharePoint Agent Installation,12.0,https://docs.netwrix.com/docs/accessanalyzer/12_0/install/sharepointagent/overview,docs/accessanalyzer/12.0/install/sharepointagent/overview.md,,,,,,
Upgrade SharePoint Agent,12.0,https://docs.netwrix.com/docs/accessanalyzer/12_0/install/sharepointagent/upgrade,docs/accessanalyzer/12.0/install/sharepointagent/upgrade.md,,,,,,
Installing the SharePoint Agent,12.0,https://docs.netwrix.com/docs/accessanalyzer/12_0/install/sharepointagent/wizard,docs/accessanalyzer/12.0/install/sharepointagent/wizard.md,,,,,,
Active Directory Solution,12.0,https://docs.netwrix.com/docs/accessanalyzer/12_0/requirements/activedirectory,docs/accessanalyzer/12.0/requirements/activedirectory/activedirectory.md,,,,,,
Active Directory Auditing Configuration,12.0,https://docs.netwrix.com/docs/accessanalyzer/12_0/requirements/activedirectory/target/access,docs/accessanalyzer/12.0/requirements/activedirectory/target/access.md,,,,,,
Active Directory Activity Auditing Configuration,12.0,https://docs.netwrix.com/docs/accessanalyzer/12_0/requirements/activedirectory/target/activity,docs/accessanalyzer/12.0/requirements/activedirectory/target/activity/activity.md,,,,,,
File Archive Repository Option,12.0,https://docs.netwrix.com/docs/accessanalyzer/12_0/requirements/activedirectory/target/activity/filearchive,docs/accessanalyzer/12.0/requirements/activedirectory/target/activity/filearchive.md,,,,,,
Send Active Directory Event Data from Netwrix Threat Prevention to Netwrix Access Analyzer,12.0,https://docs.netwrix.com/docs/accessanalyzer/12_0/requirements/activedirectory/target/activity/threatprevention,docs/accessanalyzer/12.0/requirements/activedirectory/target/activity/threatprevention.md,,,,,,
Active Directory Domain Target Requirements,12.0,https://docs.netwrix.com/docs/accessanalyzer/12_0/requirements/activedirectory/target/overview,docs/accessanalyzer/12.0/requirements/activedirectory/target/overview.md,,,,,,
Active Directory Permissions Analyzer Solution,12.0,https://docs.netwrix.com/docs/accessanalyzer/12_0/requirements/activedirectorypermissionsanalyzer,docs/accessanalyzer/12.0/requirements/activedirectorypermissionsanalyzer/activedirectorypermissionsanalyzer.md,,,,,,
"Domain Target Requirements, Permissions, and Ports",12.0,https://docs.netwrix.com/docs/accessanalyzer/12_0/requirements/activedirectorypermissionsanalyzer/target,docs/accessanalyzer/12.0/requirements/activedirectorypermissionsanalyzer/target.md,,,,,,
Amazon Web Services (AWS) Solution,12.0,https://docs.netwrix.com/docs/accessanalyzer/12_0/requirements/aws,docs/accessanalyzer/12.0/requirements/aws/aws.md,,,,,,
Configure AWS for Scans,12.0,https://docs.netwrix.com/docs/accessanalyzer/12_0/requirements/aws/configurescans,docs/accessanalyzer/12.0/requirements/aws/configurescans.md,,,,,,
"Target Amazon Web Service Requirements, Permissions, and Ports",12.0,https://docs.netwrix.com/docs/accessanalyzer/12_0/requirements/aws/target,docs/accessanalyzer/12.0/requirements/aws/target.md,,,,,,
Box Solution,12.0,https://docs.netwrix.com/docs/accessanalyzer/12_0/requirements/box,docs/accessanalyzer/12.0/requirements/box/box.md,,,,,,
"Target Box Requirements, Permissions, and Ports",12.0,https://docs.netwrix.com/docs/accessanalyzer/12_0/requirements/box/target,docs/accessanalyzer/12.0/requirements/box/target.md,,,,,,
AzureSQL Target Least Privilege Model,12.0,https://docs.netwrix.com/docs/accessanalyzer/12_0/requirements/databases/azuresql,docs/accessanalyzer/12.0/requirements/databases/azuresql/azuresql.md,,,,,,
Azure SQL Auditing Configuration,12.0,https://docs.netwrix.com/docs/accessanalyzer/12_0/requirements/databases/azuresql/azuresqlaccess,docs/accessanalyzer/12.0/requirements/databases/azuresql/azuresqlaccess.md,,,,,,
"Target Azure SQL Requirements, Permissions, and Ports",12.0,https://docs.netwrix.com/docs/accessanalyzer/12_0/requirements/databases/azuresql/overview,docs/accessanalyzer/12.0/requirements/databases/azuresql/overview.md,,,,,,
Databases Solution,12.0,https://docs.netwrix.com/docs/accessanalyzer/12_0/requirements/databases,docs/accessanalyzer/12.0/requirements/databases/databases.md,,,,,,
"Target Db2 Requirements, Permissions, and Ports",12.0,https://docs.netwrix.com/docs/accessanalyzer/12_0/requirements/databases/db2,docs/accessanalyzer/12.0/requirements/databases/db2.md,,,,,,
"Target MongoDB Requirements, Permissions, and Ports",12.0,https://docs.netwrix.com/docs/accessanalyzer/12_0/requirements/databases/mongodb,docs/accessanalyzer/12.0/requirements/databases/mongodb.md,,,,,,
"Target MySQL Requirements, Permissions, and Ports",12.0,https://docs.netwrix.com/docs/accessanalyzer/12_0/requirements/databases/mysql,docs/accessanalyzer/12.0/requirements/databases/mysql.md,,,,,,
Oracle Target Least Privilege Model,12.0,https://docs.netwrix.com/docs/accessanalyzer/12_0/requirements/databases/oracle/leastprivilege,docs/accessanalyzer/12.0/requirements/databases/oracle/leastprivilege.md,,,,,,
"Target Oracle Requirements, Permissions, and Ports",12.0,https://docs.netwrix.com/docs/accessanalyzer/12_0/requirements/databases/oracle,docs/accessanalyzer/12.0/requirements/databases/oracle/oracle.md,,,,,,
"Target PostgreSQL Requirements, Permissions, and Ports",12.0,https://docs.netwrix.com/docs/accessanalyzer/12_0/requirements/databases/postgresql,docs/accessanalyzer/12.0/requirements/databases/postgresql.md,,,,,,
"Target Redshift Requirements, Permissions, and Ports",12.0,https://docs.netwrix.com/docs/accessanalyzer/12_0/requirements/databases/redshift,docs/accessanalyzer/12.0/requirements/databases/redshift.md,,,,,,
"Target Microsoft SQL Server Requirements, Permissions, and Ports",12.0,https://docs.netwrix.com/docs/accessanalyzer/12_0/requirements/databases/sql,docs/accessanalyzer/12.0/requirements/databases/sql/sql.md,,,,,,
Dropbox Solution,12.0,https://docs.netwrix.com/docs/accessanalyzer/12_0/requirements/dropbox,docs/accessanalyzer/12.0/requirements/dropbox/dropbox.md,,,,,,
"Target Dropbox Requirements, Permissions, and Ports",12.0,https://docs.netwrix.com/docs/accessanalyzer/12_0/requirements/dropbox/target,docs/accessanalyzer/12.0/requirements/dropbox/target.md,,,,,,
Entra ID Solution,12.0,https://docs.netwrix.com/docs/accessanalyzer/12_0/requirements/entraid,docs/accessanalyzer/12.0/requirements/entraid/entraid.md,,,,,,
Microsoft Entra ID Auditing Configuration,12.0,https://docs.netwrix.com/docs/accessanalyzer/12_0/requirements/entraid/entraid/access,docs/accessanalyzer/12.0/requirements/entraid/entraid/access.md,,,,,,
Microsoft Entra Roles Auditing Configuration,12.0,https://docs.netwrix.com/docs/accessanalyzer/12_0/requirements/entraid/entraid/entraroles,docs/accessanalyzer/12.0/requirements/entraid/entraid/entraroles.md,,,,,,
Microsoft Entra ID Tenant Target Requirements,12.0,https://docs.netwrix.com/docs/accessanalyzer/12_0/requirements/entraid/entraid/overview,docs/accessanalyzer/12.0/requirements/entraid/entraid/overview.md,,,,,,
Exchange Solution,12.0,https://docs.netwrix.com/docs/accessanalyzer/12_0/requirements/exchange,docs/accessanalyzer/12.0/requirements/exchange/exchange.md,,,,,,
Exchange Online Auditing Configuration,12.0,https://docs.netwrix.com/docs/accessanalyzer/12_0/requirements/exchange/exchangeonline/access,docs/accessanalyzer/12.0/requirements/exchange/exchangeonline/access.md,,,,,,
"Target Exchange Online Requirements, Permissions, and Ports",12.0,https://docs.netwrix.com/docs/accessanalyzer/12_0/requirements/exchange/exchangeonline,docs/accessanalyzer/12.0/requirements/exchange/exchangeonline/exchangeonline.md,,,,,,
Exchange Mail-Flow Permissions,12.0,https://docs.netwrix.com/docs/accessanalyzer/12_0/requirements/exchange/support/mailflow,docs/accessanalyzer/12.0/requirements/exchange/support/mailflow.md,,,,,,
MAPI-Based Data Collector Permissions,12.0,https://docs.netwrix.com/docs/accessanalyzer/12_0/requirements/exchange/support/mapi,docs/accessanalyzer/12.0/requirements/exchange/support/mapi.md,,,,,,
Exchange PowerShell Permissions,12.0,https://docs.netwrix.com/docs/accessanalyzer/12_0/requirements/exchange/support/powershell,docs/accessanalyzer/12.0/requirements/exchange/support/powershell.md,,,,,,
Exchange Remote Connections Permissions,12.0,https://docs.netwrix.com/docs/accessanalyzer/12_0/requirements/exchange/support/remoteconnections,docs/accessanalyzer/12.0/requirements/exchange/support/remoteconnections.md,,,,,,
Exchange Support and Permissions Explained,12.0,https://docs.netwrix.com/docs/accessanalyzer/12_0/requirements/exchange/support,docs/accessanalyzer/12.0/requirements/exchange/support/support.md,,,,,,
Exchange Web Services API Permissions,12.0,https://docs.netwrix.com/docs/accessanalyzer/12_0/requirements/exchange/support/webservicesapi,docs/accessanalyzer/12.0/requirements/exchange/support/webservicesapi.md,,,,,,
"Target Exchange Servers Requirements, Permissions, and Ports",12.0,https://docs.netwrix.com/docs/accessanalyzer/12_0/requirements/exchange/target,docs/accessanalyzer/12.0/requirements/exchange/target.md,,,,,,
File System Solution,12.0,https://docs.netwrix.com/docs/accessanalyzer/12_0/requirements/filesystem,docs/accessanalyzer/12.0/requirements/filesystem/filesystem.md,,,,,,
Azure Files Target Requirements,12.0,https://docs.netwrix.com/docs/accessanalyzer/12_0/requirements/filesystem/filesystems/azurefiles,docs/accessanalyzer/12.0/requirements/filesystem/filesystems/azurefiles.md,,,,,,
Azure Information Protection Target Requirements,12.0,https://docs.netwrix.com/docs/accessanalyzer/12_0/requirements/filesystem/filesystems/azureinformationprotection,docs/accessanalyzer/12.0/requirements/filesystem/filesystems/azureinformationprotection.md,,,,,,
Dell Celerra & Dell VNX Access & Sensitive Data Auditing Configuration,12.0,https://docs.netwrix.com/docs/accessanalyzer/12_0/requirements/filesystem/filesystems/dellcelerravnx/access,docs/accessanalyzer/12.0/requirements/filesystem/filesystems/dellcelerravnx/access.md,,,,,,
Dell Celerra & Dell VNX Activity Auditing Configuration,12.0,https://docs.netwrix.com/docs/accessanalyzer/12_0/requirements/filesystem/filesystems/dellcelerravnx/activity,docs/accessanalyzer/12.0/requirements/filesystem/filesystems/dellcelerravnx/activity/activity.md,,,,,,
Install & Configure Dell CEE,12.0,https://docs.netwrix.com/docs/accessanalyzer/12_0/requirements/filesystem/filesystems/dellcelerravnx/activity/installcee,docs/accessanalyzer/12.0/requirements/filesystem/filesystems/dellcelerravnx/activity/installcee.md,,,,,,
Validate Setup,12.0,https://docs.netwrix.com/docs/accessanalyzer/12_0/requirements/filesystem/filesystems/dellcelerravnx/activity/validate,docs/accessanalyzer/12.0/requirements/filesystem/filesystems/dellcelerravnx/activity/validate.md,,,,,,
Dell Celerra & Dell VNX Target Requirements,12.0,https://docs.netwrix.com/docs/accessanalyzer/12_0/requirements/filesystem/filesystems/dellcelerravnx/overview,docs/accessanalyzer/12.0/requirements/filesystem/filesystems/dellcelerravnx/overview.md,,,,,,
Dell Isilon/PowerScale Activity Auditing Configuration,12.0,https://docs.netwrix.com/docs/accessanalyzer/12_0/requirements/filesystem/filesystems/dellpowerscale/activity,docs/accessanalyzer/12.0/requirements/filesystem/filesystems/dellpowerscale/activity/activity.md,,,,,,
Install Dell CEE,12.0,https://docs.netwrix.com/docs/accessanalyzer/12_0/requirements/filesystem/filesystems/dellpowerscale/activity/installcee,docs/accessanalyzer/12.0/requirements/filesystem/filesystems/dellpowerscale/activity/installcee.md,,,,,,
Manually Configure Auditing in OneFS,12.0,https://docs.netwrix.com/docs/accessanalyzer/12_0/requirements/filesystem/filesystems/dellpowerscale/activity/manualconfiguration,docs/accessanalyzer/12.0/requirements/filesystem/filesystems/dellpowerscale/activity/manualconfiguration.md,,,,,,
Validate Setup,12.0,https://docs.netwrix.com/docs/accessanalyzer/12_0/requirements/filesystem/filesystems/dellpowerscale/activity/validate,docs/accessanalyzer/12.0/requirements/filesystem/filesystems/dellpowerscale/activity/validate.md,,,,,,
Dell Isilon/PowerScale Target Requirements,12.0,https://docs.netwrix.com/docs/accessanalyzer/12_0/requirements/filesystem/filesystems/dellpowerscale/overview,docs/accessanalyzer/12.0/requirements/filesystem/filesystems/dellpowerscale/overview.md,,,,,,
Dell Unity Access & Sensitive Data Auditing Configuration,12.0,https://docs.netwrix.com/docs/accessanalyzer/12_0/requirements/filesystem/filesystems/dellunity/access,docs/accessanalyzer/12.0/requirements/filesystem/filesystems/dellunity/access.md,,,,,,
Dell Unity Activity Auditing Configuration,12.0,https://docs.netwrix.com/docs/accessanalyzer/12_0/requirements/filesystem/filesystems/dellunity/activity,docs/accessanalyzer/12.0/requirements/filesystem/filesystems/dellunity/activity/activity.md,,,,,,
Install Dell CEE,12.0,https://docs.netwrix.com/docs/accessanalyzer/12_0/requirements/filesystem/filesystems/dellunity/activity/installcee,docs/accessanalyzer/12.0/requirements/filesystem/filesystems/dellunity/activity/installcee.md,,,,,,
Unity Initial Setup with Unisphere,12.0,https://docs.netwrix.com/docs/accessanalyzer/12_0/requirements/filesystem/filesystems/dellunity/activity/setupunisphere,docs/accessanalyzer/12.0/requirements/filesystem/filesystems/dellunity/activity/setupunisphere.md,,,,,,
Validate Setup,12.0,https://docs.netwrix.com/docs/accessanalyzer/12_0/requirements/filesystem/filesystems/dellunity/activity/validate,docs/accessanalyzer/12.0/requirements/filesystem/filesystems/dellunity/activity/validate.md,,,,,,
Dell Unity Target Requirements,12.0,https://docs.netwrix.com/docs/accessanalyzer/12_0/requirements/filesystem/filesystems/dellunity/overview,docs/accessanalyzer/12.0/requirements/filesystem/filesystems/dellunity/overview.md,,,,,,
File System Supported Platforms,12.0,https://docs.netwrix.com/docs/accessanalyzer/12_0/requirements/filesystem/filesystems,docs/accessanalyzer/12.0/requirements/filesystem/filesystems/filesystems.md,,,,,,
Hitachi Activity Auditing Configuration,12.0,https://docs.netwrix.com/docs/accessanalyzer/12_0/requirements/filesystem/filesystems/hitachi/activity,docs/accessanalyzer/12.0/requirements/filesystem/filesystems/hitachi/activity/activity.md,,,,,,
Configure Access to HNAS Audit Logs on Activity Agent Server,12.0,https://docs.netwrix.com/docs/accessanalyzer/12_0/requirements/filesystem/filesystems/hitachi/activity/configureaccesstologs,docs/accessanalyzer/12.0/requirements/filesystem/filesystems/hitachi/activity/configureaccesstologs.md,,,,,,
Configure Audit Logs on HNAS,12.0,https://docs.netwrix.com/docs/accessanalyzer/12_0/requirements/filesystem/filesystems/hitachi/activity/configurelogs,docs/accessanalyzer/12.0/requirements/filesystem/filesystems/hitachi/activity/configurelogs.md,,,,,,
Hitachi Target Requirements,12.0,https://docs.netwrix.com/docs/accessanalyzer/12_0/requirements/filesystem/filesystems/hitachi/overview,docs/accessanalyzer/12.0/requirements/filesystem/filesystems/hitachi/overview.md,,,,,,
Nasuni Edge Appliance Access & Sensitive Data Auditing Configuration,12.0,https://docs.netwrix.com/docs/accessanalyzer/12_0/requirements/filesystem/filesystems/nasuni/access,docs/accessanalyzer/12.0/requirements/filesystem/filesystems/nasuni/access.md,,,,,,
Nasuni Edge Appliance Activity Auditing Configuration,12.0,https://docs.netwrix.com/docs/accessanalyzer/12_0/requirements/filesystem/filesystems/nasuni/activity,docs/accessanalyzer/12.0/requirements/filesystem/filesystems/nasuni/activity.md,,,,,,
Nasuni Target Requirements,12.0,https://docs.netwrix.com/docs/accessanalyzer/12_0/requirements/filesystem/filesystems/nasuni/overview,docs/accessanalyzer/12.0/requirements/filesystem/filesystems/nasuni/overview.md,,,,,,
NetApp Data ONTAP 7-Mode Access & Sensitive Data Auditing Configuration,12.0,https://docs.netwrix.com/docs/accessanalyzer/12_0/requirements/filesystem/filesystems/netapp7mode/access,docs/accessanalyzer/12.0/requirements/filesystem/filesystems/netapp7mode/access/access.md,,,,,,
Provision Account,12.0,https://docs.netwrix.com/docs/accessanalyzer/12_0/requirements/filesystem/filesystems/netapp7mode/access/provisionaccess,docs/accessanalyzer/12.0/requirements/filesystem/filesystems/netapp7mode/access/provisionaccess.md,,,,,,
NetApp Data ONTAP 7-Mode Activity Auditing Configuration,12.0,https://docs.netwrix.com/docs/accessanalyzer/12_0/requirements/filesystem/filesystems/netapp7mode/activity,docs/accessanalyzer/12.0/requirements/filesystem/filesystems/netapp7mode/activity/activity.md,,,,,,
Configure FPolicy,12.0,https://docs.netwrix.com/docs/accessanalyzer/12_0/requirements/filesystem/filesystems/netapp7mode/activity/configurefpolicy,docs/accessanalyzer/12.0/requirements/filesystem/filesystems/netapp7mode/activity/configurefpolicy.md,,,,,,
Customize FPolicy Policy Name,12.0,https://docs.netwrix.com/docs/accessanalyzer/12_0/requirements/filesystem/filesystems/netapp7mode/activity/customizefpolicy,docs/accessanalyzer/12.0/requirements/filesystem/filesystems/netapp7mode/activity/customizefpolicy.md,,,,,,
Enable HTTP or HTTPS,12.0,https://docs.netwrix.com/docs/accessanalyzer/12_0/requirements/filesystem/filesystems/netapp7mode/activity/enablehttp,docs/accessanalyzer/12.0/requirements/filesystem/filesystems/netapp7mode/activity/enablehttp.md,,,,,,
Provision FPolicy Account,12.0,https://docs.netwrix.com/docs/accessanalyzer/12_0/requirements/filesystem/filesystems/netapp7mode/activity/provisionactivity,docs/accessanalyzer/12.0/requirements/filesystem/filesystems/netapp7mode/activity/provisionactivity.md,,,,,,
NetApp Data ONTAP 7-Mode Target Requirements,12.0,https://docs.netwrix.com/docs/accessanalyzer/12_0/requirements/filesystem/filesystems/netapp7mode/overview,docs/accessanalyzer/12.0/requirements/filesystem/filesystems/netapp7mode/overview.md,,,,,,
NetApp Data ONTAP Cluster-Mode Access & Sensitive Data Auditing Configuration,12.0,https://docs.netwrix.com/docs/accessanalyzer/12_0/requirements/filesystem/filesystems/netappcmode/access,docs/accessanalyzer/12.0/requirements/filesystem/filesystems/netappcmode/access/access.md,,,,,,
Configure Empty FPolicy,12.0,https://docs.netwrix.com/docs/accessanalyzer/12_0/requirements/filesystem/filesystems/netappcmode/access/configureemptyfpolicy,docs/accessanalyzer/12.0/requirements/filesystem/filesystems/netappcmode/access/configureemptyfpolicy.md,,,,,,
NetApp Data ONTAP Cluster-Mode Activity Auditing Configuration,12.0,https://docs.netwrix.com/docs/accessanalyzer/12_0/requirements/filesystem/filesystems/netappcmode/activity,docs/accessanalyzer/12.0/requirements/filesystem/filesystems/netappcmode/activity/activity.md,,,,,,
Configure Network,12.0,https://docs.netwrix.com/docs/accessanalyzer/12_0/requirements/filesystem/filesystems/netappcmode/activity/configurefirewall,docs/accessanalyzer/12.0/requirements/filesystem/filesystems/netappcmode/activity/configurefirewall.md,,,,,,
Configure FPolicy,12.0,https://docs.netwrix.com/docs/accessanalyzer/12_0/requirements/filesystem/filesystems/netappcmode/activity/configurefpolicy,docs/accessanalyzer/12.0/requirements/filesystem/filesystems/netappcmode/activity/configurefpolicy.md,,,,,,
Provision ONTAP Account,12.0,https://docs.netwrix.com/docs/accessanalyzer/12_0/requirements/filesystem/filesystems/netappcmode/activity/provisionactivity,docs/accessanalyzer/12.0/requirements/filesystem/filesystems/netappcmode/activity/provisionactivity.md,,,,,,
NetApp Data ONTAP Cluster-Mode Target Requirements,12.0,https://docs.netwrix.com/docs/accessanalyzer/12_0/requirements/filesystem/filesystems/netappcmode/overview,docs/accessanalyzer/12.0/requirements/filesystem/filesystems/netappcmode/overview.md,,,,,,
Nutanix Appliance Access & Sensitive Data Auditing Configuration,12.0,https://docs.netwrix.com/docs/accessanalyzer/12_0/requirements/filesystem/filesystems/nutanix/access,docs/accessanalyzer/12.0/requirements/filesystem/filesystems/nutanix/access.md,,,,,,
Nutanix Files Activity Auditing Configuration,12.0,https://docs.netwrix.com/docs/accessanalyzer/12_0/requirements/filesystem/filesystems/nutanix/activity,docs/accessanalyzer/12.0/requirements/filesystem/filesystems/nutanix/activity.md,,,,,,
Nutanix Target Requirements,12.0,https://docs.netwrix.com/docs/accessanalyzer/12_0/requirements/filesystem/filesystems/nutanix/overview,docs/accessanalyzer/12.0/requirements/filesystem/filesystems/nutanix/overview.md,,,,,,
Qumulo Activity Auditing Configuration,12.0,https://docs.netwrix.com/docs/accessanalyzer/12_0/requirements/filesystem/filesystems/qumulo/activity,docs/accessanalyzer/12.0/requirements/filesystem/filesystems/qumulo/activity.md,,,,,,
Qumulo Target Requirements,12.0,https://docs.netwrix.com/docs/accessanalyzer/12_0/requirements/filesystem/filesystems/qumulo/overview,docs/accessanalyzer/12.0/requirements/filesystem/filesystems/qumulo/overview.md,,,,,,
Windows File Server Access & Sensitive Data Auditing Configuration,12.0,https://docs.netwrix.com/docs/accessanalyzer/12_0/requirements/filesystem/filesystems/windowsfile/access,docs/accessanalyzer/12.0/requirements/filesystem/filesystems/windowsfile/access.md,,,,,,
Windows File Server Activity Auditing Configuration,12.0,https://docs.netwrix.com/docs/accessanalyzer/12_0/requirements/filesystem/filesystems/windowsfile/activity,docs/accessanalyzer/12.0/requirements/filesystem/filesystems/windowsfile/activity.md,,,,,,
Windows File Server Target Requirements,12.0,https://docs.netwrix.com/docs/accessanalyzer/12_0/requirements/filesystem/filesystems/windowsfile/overview,docs/accessanalyzer/12.0/requirements/filesystem/filesystems/windowsfile/overview.md,,,,,,
Applet Mode Permissions,12.0,https://docs.netwrix.com/docs/accessanalyzer/12_0/requirements/filesystem/scanoptions/applet-mode-scans/appletmodepermissions,docs/accessanalyzer/12.0/requirements/filesystem/scanoptions/applet-mode-scans/appletmodepermissions.md,,,,,,
Applet Mode Port Requirements,12.0,https://docs.netwrix.com/docs/accessanalyzer/12_0/requirements/filesystem/scanoptions/applet-mode-scans/appletmodeports,docs/accessanalyzer/12.0/requirements/filesystem/scanoptions/applet-mode-scans/appletmodeports.md,,,,,,
Local Mode Permissions,12.0,https://docs.netwrix.com/docs/accessanalyzer/12_0/requirements/filesystem/scanoptions/local-mode-scans/localmodepermissions,docs/accessanalyzer/12.0/requirements/filesystem/scanoptions/local-mode-scans/localmodepermissions.md,,,,,,
Local Mode Port Requirements,12.0,https://docs.netwrix.com/docs/accessanalyzer/12_0/requirements/filesystem/scanoptions/local-mode-scans/localmodeports,docs/accessanalyzer/12.0/requirements/filesystem/scanoptions/local-mode-scans/localmodeports.md,,,,,,
Proxy Mode as a Service Permissions,12.0,https://docs.netwrix.com/docs/accessanalyzer/12_0/requirements/filesystem/scanoptions/proxy-mode-scans/as-a-service/proxymodeservicepermissions,docs/accessanalyzer/12.0/requirements/filesystem/scanoptions/proxy-mode-scans/as-a-service/proxymodeservicepermissions.md,,,,,,
Proxy Mode as a Service Port Requirements,12.0,https://docs.netwrix.com/docs/accessanalyzer/12_0/requirements/filesystem/scanoptions/proxy-mode-scans/as-a-service/proxymodeserviceports,docs/accessanalyzer/12.0/requirements/filesystem/scanoptions/proxy-mode-scans/as-a-service/proxymodeserviceports.md,,,,,,
Proxy Mode Server Requirements,12.0,https://docs.netwrix.com/docs/accessanalyzer/12_0/requirements/filesystem/scanoptions/proxy-mode-scans/proxymodeserver,docs/accessanalyzer/12.0/requirements/filesystem/scanoptions/proxy-mode-scans/proxymodeserver.md,,,,,,
Proxy Mode with Applet Permissions,12.0,https://docs.netwrix.com/docs/accessanalyzer/12_0/requirements/filesystem/scanoptions/proxy-mode-scans/with-applet/proxymodeappletpermissions,docs/accessanalyzer/12.0/requirements/filesystem/scanoptions/proxy-mode-scans/with-applet/proxymodeappletpermissions.md,,,,,,
Proxy Mode with Applet Port Requirements,12.0,https://docs.netwrix.com/docs/accessanalyzer/12_0/requirements/filesystem/scanoptions/proxy-mode-scans/with-applet/proxymodeappletports,docs/accessanalyzer/12.0/requirements/filesystem/scanoptions/proxy-mode-scans/with-applet/proxymodeappletports.md,,,,,,
File System Scan Options,12.0,https://docs.netwrix.com/docs/accessanalyzer/12_0/requirements/filesystem/scanoptions,docs/accessanalyzer/12.0/requirements/filesystem/scanoptions/scanoptions.md,,,,,,
Requirements,12.0,https://docs.netwrix.com/docs/accessanalyzer/12_0/requirements/overview,docs/accessanalyzer/12.0/requirements/overview.md,,,,,,
SharePoint Agent Permissions,12.0,https://docs.netwrix.com/docs/accessanalyzer/12_0/requirements/sharepoint/scanoptions/agent-based-scans/agentpermissions,docs/accessanalyzer/12.0/requirements/sharepoint/scanoptions/agent-based-scans/agentpermissions.md,,,,,,
SharePoint Agent Ports,12.0,https://docs.netwrix.com/docs/accessanalyzer/12_0/requirements/sharepoint/scanoptions/agent-based-scans/agentports,docs/accessanalyzer/12.0/requirements/sharepoint/scanoptions/agent-based-scans/agentports.md,,,,,,
SharePoint Agent-Less Permissions,12.0,https://docs.netwrix.com/docs/accessanalyzer/12_0/requirements/sharepoint/scanoptions/agent-less-scans/agentlesspermissions,docs/accessanalyzer/12.0/requirements/sharepoint/scanoptions/agent-less-scans/agentlesspermissions.md,,,,,,
SharePoint Agent-Less Ports,12.0,https://docs.netwrix.com/docs/accessanalyzer/12_0/requirements/sharepoint/scanoptions/agent-less-scans/agentlessports,docs/accessanalyzer/12.0/requirements/sharepoint/scanoptions/agent-less-scans/agentlessports.md,,,,,,
SharePoint Online Permissions,12.0,https://docs.netwrix.com/docs/accessanalyzer/12_0/requirements/sharepoint/scanoptions/agent-less-scans/onlinepermissions,docs/accessanalyzer/12.0/requirements/sharepoint/scanoptions/agent-less-scans/onlinepermissions.md,,,,,,
SharePoint Online Ports,12.0,https://docs.netwrix.com/docs/accessanalyzer/12_0/requirements/sharepoint/scanoptions/agent-less-scans/onlineports,docs/accessanalyzer/12.0/requirements/sharepoint/scanoptions/agent-less-scans/onlineports.md,,,,,,
SharePoint Scan Options,12.0,https://docs.netwrix.com/docs/accessanalyzer/12_0/requirements/sharepoint/scanoptions,docs/accessanalyzer/12.0/requirements/sharepoint/scanoptions/scanoptions.md,,,,,,
SharePoint Solution,12.0,https://docs.netwrix.com/docs/accessanalyzer/12_0/requirements/sharepoint,docs/accessanalyzer/12.0/requirements/sharepoint/sharepoint.md,,,,,,
SharePoint Support,12.0,https://docs.netwrix.com/docs/accessanalyzer/12_0/requirements/sharepoint/sharepoint,docs/accessanalyzer/12.0/requirements/sharepoint/sharepoint/sharepoint.md,,,,,,
SharePoint required permissions for Access Analyzer,12.0,https://docs.netwrix.com/docs/accessanalyzer/12_0/requirements/sharepoint/sharepoint/sharepoint/access,docs/accessanalyzer/12.0/requirements/sharepoint/sharepoint/sharepoint/access.md,,,,,,
SharePoint On-Premise Activity Auditing Configuration,12.0,https://docs.netwrix.com/docs/accessanalyzer/12_0/requirements/sharepoint/sharepoint/sharepoint/activity,docs/accessanalyzer/12.0/requirements/sharepoint/sharepoint/sharepoint/activity.md,,,,,,
SharePoint Target Requirements,12.0,https://docs.netwrix.com/docs/accessanalyzer/12_0/requirements/sharepoint/sharepoint/sharepoint/overview,docs/accessanalyzer/12.0/requirements/sharepoint/sharepoint/sharepoint/overview.md,,,,,,
SharePoint Online Access & Sensitive Data Auditing Configuration,12.0,https://docs.netwrix.com/docs/accessanalyzer/12_0/requirements/sharepoint/sharepoint/sharepointonline/access,docs/accessanalyzer/12.0/requirements/sharepoint/sharepoint/sharepointonline/access.md,,,,,,
SharePoint Online Activity Auditing Configuration,12.0,https://docs.netwrix.com/docs/accessanalyzer/12_0/requirements/sharepoint/sharepoint/sharepointonline/activity,docs/accessanalyzer/12.0/requirements/sharepoint/sharepoint/sharepointonline/activity.md,,,,,,
SharePoint Online Target Requirements,12.0,https://docs.netwrix.com/docs/accessanalyzer/12_0/requirements/sharepoint/sharepoint/sharepointonline/overview,docs/accessanalyzer/12.0/requirements/sharepoint/sharepoint/sharepointonline/overview.md,,,,,,
"Target Unix Requirements, Permissions, and Ports",12.0,https://docs.netwrix.com/docs/accessanalyzer/12_0/requirements/unix/target,docs/accessanalyzer/12.0/requirements/unix/target.md,,,,,,
Unix Solution,12.0,https://docs.netwrix.com/docs/accessanalyzer/12_0/requirements/unix,docs/accessanalyzer/12.0/requirements/unix/unix.md,,,,,,
"Target Windows Server and Desktop Requirements, Permissions, and Ports",12.0,https://docs.netwrix.com/docs/accessanalyzer/12_0/requirements/windows/target,docs/accessanalyzer/12.0/requirements/windows/target.md,,,,,,
Windows Solution,12.0,https://docs.netwrix.com/docs/accessanalyzer/12_0/requirements/windows,docs/accessanalyzer/12.0/requirements/windows/windows.md,,,,,,
Configuration Pane,12.0,https://docs.netwrix.com/docs/accessanalyzer/12_0/sensitivedatadiscovery/criteriaeditor/configuration,docs/accessanalyzer/12.0/sensitivedatadiscovery/criteriaeditor/configuration.md,,,,,,
Keyword Criteria,12.0,https://docs.netwrix.com/docs/accessanalyzer/12_0/sensitivedatadiscovery/criteriaeditor/keyword,docs/accessanalyzer/12.0/sensitivedatadiscovery/criteriaeditor/keyword.md,,,,,,
Sensitive Data Criteria Editor,12.0,https://docs.netwrix.com/docs/accessanalyzer/12_0/sensitivedatadiscovery/criteriaeditor/overview,docs/accessanalyzer/12.0/sensitivedatadiscovery/criteriaeditor/overview.md,,,,,,
Regular Expression (Pattern) Criteria,12.0,https://docs.netwrix.com/docs/accessanalyzer/12_0/sensitivedatadiscovery/criteriaeditor/regularexpression,docs/accessanalyzer/12.0/sensitivedatadiscovery/criteriaeditor/regularexpression.md,,,,,,
Summary Criteria,12.0,https://docs.netwrix.com/docs/accessanalyzer/12_0/sensitivedatadiscovery/criteriaeditor/summary,docs/accessanalyzer/12.0/sensitivedatadiscovery/criteriaeditor/summary.md,,,,,,
Exempted File Extensions,12.0,https://docs.netwrix.com/docs/accessanalyzer/12_0/sensitivedatadiscovery/exemptedfileextensions,docs/accessanalyzer/12.0/sensitivedatadiscovery/exemptedfileextensions.md,,,,,,
Default Metadata Tag Values,12.0,https://docs.netwrix.com/docs/accessanalyzer/12_0/sensitivedatadiscovery/metadatatags,docs/accessanalyzer/12.0/sensitivedatadiscovery/metadatatags.md,,,,,,
Sensitive Data Discovery,12.0,https://docs.netwrix.com/docs/accessanalyzer/12_0/sensitivedatadiscovery/overview,docs/accessanalyzer/12.0/sensitivedatadiscovery/overview.md,,,,,,
Supported Formats for Scanning & Metadata,12.0,https://docs.netwrix.com/docs/accessanalyzer/12_0/sensitivedatadiscovery/supportedformats,docs/accessanalyzer/12.0/sensitivedatadiscovery/supportedformats.md,,,,,,
Sensitive Data System Criteria,12.0,https://docs.netwrix.com/docs/accessanalyzer/12_0/sensitivedatadiscovery/systemcriteria,docs/accessanalyzer/12.0/sensitivedatadiscovery/systemcriteria.md,,,,,,
0.Collection > AD_ActivityCollection Job,12.0,https://docs.netwrix.com/docs/accessanalyzer/12_0/solutions/activedirectory/activity/ad_activitycollection,docs/accessanalyzer/12.0/solutions/activedirectory/activity/ad_activitycollection.md,,,,,,
LDAP > AD_LDAPQueries Job,12.0,https://docs.netwrix.com/docs/accessanalyzer/12_0/solutions/activedirectory/activity/ad_ldapqueries,docs/accessanalyzer/12.0/solutions/activedirectory/activity/ad_ldapqueries.md,,,,,,
Lockouts > AD_Lockouts Job,12.0,https://docs.netwrix.com/docs/accessanalyzer/12_0/solutions/activedirectory/activity/ad_lockouts,docs/accessanalyzer/12.0/solutions/activedirectory/activity/ad_lockouts.md,,,,,,
AD_ComputerModifications Job,12.0,https://docs.netwrix.com/docs/accessanalyzer/12_0/solutions/activedirectory/activity/changes/ad_computermodifications,docs/accessanalyzer/12.0/solutions/activedirectory/activity/changes/ad_computermodifications.md,,,,,,
AD_GroupModifications Job,12.0,https://docs.netwrix.com/docs/accessanalyzer/12_0/solutions/activedirectory/activity/changes/ad_groupmodifications,docs/accessanalyzer/12.0/solutions/activedirectory/activity/changes/ad_groupmodifications.md,,,,,,
AD_UserModifications Job,12.0,https://docs.netwrix.com/docs/accessanalyzer/12_0/solutions/activedirectory/activity/changes/ad_usermodifications,docs/accessanalyzer/12.0/solutions/activedirectory/activity/changes/ad_usermodifications.md,,,,,,
Changes Job Group,12.0,https://docs.netwrix.com/docs/accessanalyzer/12_0/solutions/activedirectory/activity/changes/overview,docs/accessanalyzer/12.0/solutions/activedirectory/activity/changes/overview.md,,,,,,
AD_AccessChanges Job,12.0,https://docs.netwrix.com/docs/accessanalyzer/12_0/solutions/activedirectory/activity/groupusage/ad_accesschanges,docs/accessanalyzer/12.0/solutions/activedirectory/activity/groupusage/ad_accesschanges.md,,,,,,
AD_GroupHosts Job,12.0,https://docs.netwrix.com/docs/accessanalyzer/12_0/solutions/activedirectory/activity/groupusage/ad_grouphosts,docs/accessanalyzer/12.0/solutions/activedirectory/activity/groupusage/ad_grouphosts.md,,,,,,
AD_GroupMemberActivity Job,12.0,https://docs.netwrix.com/docs/accessanalyzer/12_0/solutions/activedirectory/activity/groupusage/ad_groupmemberactivity,docs/accessanalyzer/12.0/solutions/activedirectory/activity/groupusage/ad_groupmemberactivity.md,,,,,,
Group Usage Job Group,12.0,https://docs.netwrix.com/docs/accessanalyzer/12_0/solutions/activedirectory/activity/groupusage/overview,docs/accessanalyzer/12.0/solutions/activedirectory/activity/groupusage/overview.md,,,,,,
AD_AuthenticationProtocol Job,12.0,https://docs.netwrix.com/docs/accessanalyzer/12_0/solutions/activedirectory/activity/operations/ad_authenticationprotocol,docs/accessanalyzer/12.0/solutions/activedirectory/activity/operations/ad_authenticationprotocol.md,,,,,,
AD_DomainControllerTraffic Job,12.0,https://docs.netwrix.com/docs/accessanalyzer/12_0/solutions/activedirectory/activity/operations/ad_domaincontrollertraffic,docs/accessanalyzer/12.0/solutions/activedirectory/activity/operations/ad_domaincontrollertraffic.md,,,,,,
AD_HardcodedDCs Job,12.0,https://docs.netwrix.com/docs/accessanalyzer/12_0/solutions/activedirectory/activity/operations/ad_hardcodeddcs,docs/accessanalyzer/12.0/solutions/activedirectory/activity/operations/ad_hardcodeddcs.md,,,,,,
AD_LoadBalancing Job,12.0,https://docs.netwrix.com/docs/accessanalyzer/12_0/solutions/activedirectory/activity/operations/ad_loadbalancing,docs/accessanalyzer/12.0/solutions/activedirectory/activity/operations/ad_loadbalancing.md,,,,,,
AD_MachineOwners Job,12.0,https://docs.netwrix.com/docs/accessanalyzer/12_0/solutions/activedirectory/activity/operations/ad_machineowners,docs/accessanalyzer/12.0/solutions/activedirectory/activity/operations/ad_machineowners.md,,,,,,
Operations Job Group,12.0,https://docs.netwrix.com/docs/accessanalyzer/12_0/solutions/activedirectory/activity/operations/overview,docs/accessanalyzer/12.0/solutions/activedirectory/activity/operations/overview.md,,,,,,
6.Activity Job Group,12.0,https://docs.netwrix.com/docs/accessanalyzer/12_0/solutions/activedirectory/activity/overview,docs/accessanalyzer/12.0/solutions/activedirectory/activity/overview.md,,,,,,
AD_AdminAccounts Job,12.0,https://docs.netwrix.com/docs/accessanalyzer/12_0/solutions/activedirectory/activity/privilegedaccounts/ad_adminaccounts,docs/accessanalyzer/12.0/solutions/activedirectory/activity/privilegedaccounts/ad_adminaccounts.md,,,,,,
AD_ServiceAccountAuth Job,12.0,https://docs.netwrix.com/docs/accessanalyzer/12_0/solutions/activedirectory/activity/privilegedaccounts/ad_serviceaccountauth,docs/accessanalyzer/12.0/solutions/activedirectory/activity/privilegedaccounts/ad_serviceaccountauth.md,,,,,,
Privileged Accounts Job Group,12.0,https://docs.netwrix.com/docs/accessanalyzer/12_0/solutions/activedirectory/activity/privilegedaccounts/overview,docs/accessanalyzer/12.0/solutions/activedirectory/activity/privilegedaccounts/overview.md,,,,,,
Recommended Configurations for the 6.Activity Job Group,12.0,https://docs.netwrix.com/docs/accessanalyzer/12_0/solutions/activedirectory/activity/recommended,docs/accessanalyzer/12.0/solutions/activedirectory/activity/recommended.md,,,,,,
AD Security Assessment Job,12.0,https://docs.netwrix.com/docs/accessanalyzer/12_0/solutions/activedirectory/ad_securityassessment,docs/accessanalyzer/12.0/solutions/activedirectory/ad_securityassessment.md,,,,,,
Collection > AD_CACollection Job,12.0,https://docs.netwrix.com/docs/accessanalyzer/12_0/solutions/activedirectory/certificateauthority/ad_cacollection,docs/accessanalyzer/12.0/solutions/activedirectory/certificateauthority/ad_cacollection.md,,,,,,
AD_CertificateAudit Job,12.0,https://docs.netwrix.com/docs/accessanalyzer/12_0/solutions/activedirectory/certificateauthority/ad_certificateaudit,docs/accessanalyzer/12.0/solutions/activedirectory/certificateauthority/ad_certificateaudit.md,,,,,,
AD_CertificateRequests Job,12.0,https://docs.netwrix.com/docs/accessanalyzer/12_0/solutions/activedirectory/certificateauthority/ad_certificaterequests,docs/accessanalyzer/12.0/solutions/activedirectory/certificateauthority/ad_certificaterequests.md,,,,,,
7.Certificate Authority Job Group,12.0,https://docs.netwrix.com/docs/accessanalyzer/12_0/solutions/activedirectory/certificateauthority/overview,docs/accessanalyzer/12.0/solutions/activedirectory/certificateauthority/overview.md,,,,,,
AD_CleanupProgress Job,12.0,https://docs.netwrix.com/docs/accessanalyzer/12_0/solutions/activedirectory/cleanup/ad_cleanupprogress,docs/accessanalyzer/12.0/solutions/activedirectory/cleanup/ad_cleanupprogress.md,,,,,,
AD_DeprovisionComputers_Status Job,12.0,https://docs.netwrix.com/docs/accessanalyzer/12_0/solutions/activedirectory/cleanup/computers/ad_deprovisioncomputers_status,docs/accessanalyzer/12.0/solutions/activedirectory/cleanup/computers/ad_deprovisioncomputers_status.md,,,,,,
AD_DeprovisionComputers Job,12.0,https://docs.netwrix.com/docs/accessanalyzer/12_0/solutions/activedirectory/cleanup/computers/ad_deprovisioncomputers,docs/accessanalyzer/12.0/solutions/activedirectory/cleanup/computers/ad_deprovisioncomputers.md,,,,,,
3.Computers Job Group,12.0,https://docs.netwrix.com/docs/accessanalyzer/12_0/solutions/activedirectory/cleanup/computers/overview,docs/accessanalyzer/12.0/solutions/activedirectory/cleanup/computers/overview.md,,,,,,
Configure the Target OU,12.0,https://docs.netwrix.com/docs/accessanalyzer/12_0/solutions/activedirectory/cleanup/configuretargetou,docs/accessanalyzer/12.0/solutions/activedirectory/cleanup/configuretargetou.md,,,,,,
AD_DeprovisionGroups_Status Job,12.0,https://docs.netwrix.com/docs/accessanalyzer/12_0/solutions/activedirectory/cleanup/groups/deprovision/ad_deprovisiongroups_status,docs/accessanalyzer/12.0/solutions/activedirectory/cleanup/groups/deprovision/ad_deprovisiongroups_status.md,,,,,,
AD_DeprovisionGroups Job,12.0,https://docs.netwrix.com/docs/accessanalyzer/12_0/solutions/activedirectory/cleanup/groups/deprovision/ad_deprovisiongroups,docs/accessanalyzer/12.0/solutions/activedirectory/cleanup/groups/deprovision/ad_deprovisiongroups.md,,,,,,
1.Deprovision Job Group,12.0,https://docs.netwrix.com/docs/accessanalyzer/12_0/solutions/activedirectory/cleanup/groups/deprovision/overview,docs/accessanalyzer/12.0/solutions/activedirectory/cleanup/groups/deprovision/overview.md,,,,,,
1.Groups Job Group,12.0,https://docs.netwrix.com/docs/accessanalyzer/12_0/solutions/activedirectory/cleanup/groups/overview,docs/accessanalyzer/12.0/solutions/activedirectory/cleanup/groups/overview.md,,,,,,
AD_GroupCleanup_Permissions Job,12.0,https://docs.netwrix.com/docs/accessanalyzer/12_0/solutions/activedirectory/cleanup/groups/stamping/ad_groupcleanup_permissions,docs/accessanalyzer/12.0/solutions/activedirectory/cleanup/groups/stamping/ad_groupcleanup_permissions.md,,,,,,
AD_GroupStamping Job,12.0,https://docs.netwrix.com/docs/accessanalyzer/12_0/solutions/activedirectory/cleanup/groups/stamping/ad_groupstamping,docs/accessanalyzer/12.0/solutions/activedirectory/cleanup/groups/stamping/ad_groupstamping.md,,,,,,
2.Group Stamping Job Group,12.0,https://docs.netwrix.com/docs/accessanalyzer/12_0/solutions/activedirectory/cleanup/groups/stamping/overview,docs/accessanalyzer/12.0/solutions/activedirectory/cleanup/groups/stamping/overview.md,,,,,,
Cleanup Job Group,12.0,https://docs.netwrix.com/docs/accessanalyzer/12_0/solutions/activedirectory/cleanup/overview,docs/accessanalyzer/12.0/solutions/activedirectory/cleanup/overview.md,,,,,,
Recommended Configurations for AD Cleanup Job Group,12.0,https://docs.netwrix.com/docs/accessanalyzer/12_0/solutions/activedirectory/cleanup/recommended,docs/accessanalyzer/12.0/solutions/activedirectory/cleanup/recommended.md,,,,,,
AD_DeprovisionUsers_Status Job,12.0,https://docs.netwrix.com/docs/accessanalyzer/12_0/solutions/activedirectory/cleanup/users/ad_deprovisionusers_status,docs/accessanalyzer/12.0/solutions/activedirectory/cleanup/users/ad_deprovisionusers_status.md,,,,,,
AD_DeprovisionUsers Job,12.0,https://docs.netwrix.com/docs/accessanalyzer/12_0/solutions/activedirectory/cleanup/users/ad_deprovisionusers,docs/accessanalyzer/12.0/solutions/activedirectory/cleanup/users/ad_deprovisionusers.md,,,,,,
2.Users Job Group,12.0,https://docs.netwrix.com/docs/accessanalyzer/12_0/solutions/activedirectory/cleanup/users/overview,docs/accessanalyzer/12.0/solutions/activedirectory/cleanup/users/overview.md,,,,,,
AD_ComputerDelegation Job,12.0,https://docs.netwrix.com/docs/accessanalyzer/12_0/solutions/activedirectory/computers/ad_computerdelegation,docs/accessanalyzer/12.0/solutions/activedirectory/computers/ad_computerdelegation.md,,,,,,
AD_StaleComputers Job,12.0,https://docs.netwrix.com/docs/accessanalyzer/12_0/solutions/activedirectory/computers/ad_stalecomputers,docs/accessanalyzer/12.0/solutions/activedirectory/computers/ad_stalecomputers.md,,,,,,
3.Computers Job Group,12.0,https://docs.netwrix.com/docs/accessanalyzer/12_0/solutions/activedirectory/computers/overview,docs/accessanalyzer/12.0/solutions/activedirectory/computers/overview.md,,,,,,
Recommended Configurations for the 3.Computers Job Group,12.0,https://docs.netwrix.com/docs/accessanalyzer/12_0/solutions/activedirectory/computers/recommended,docs/accessanalyzer/12.0/solutions/activedirectory/computers/recommended.md,,,,,,
AD_DCSummary Job,12.0,https://docs.netwrix.com/docs/accessanalyzer/12_0/solutions/activedirectory/domains/ad_dcsummary,docs/accessanalyzer/12.0/solutions/activedirectory/domains/ad_dcsummary.md,,,,,,
AD_DomainInfo Job,12.0,https://docs.netwrix.com/docs/accessanalyzer/12_0/solutions/activedirectory/domains/ad_domaininfo,docs/accessanalyzer/12.0/solutions/activedirectory/domains/ad_domaininfo.md,,,,,,
AD_DSRMSettings Job,12.0,https://docs.netwrix.com/docs/accessanalyzer/12_0/solutions/activedirectory/domains/ad_dsrmsettings,docs/accessanalyzer/12.0/solutions/activedirectory/domains/ad_dsrmsettings.md,,,,,,
AD_KerberoastingRisk Job,12.0,https://docs.netwrix.com/docs/accessanalyzer/12_0/solutions/activedirectory/domains/ad_kerberoastingrisk,docs/accessanalyzer/12.0/solutions/activedirectory/domains/ad_kerberoastingrisk.md,,,,,,
AD_DomainControllers Job,12.0,https://docs.netwrix.com/docs/accessanalyzer/12_0/solutions/activedirectory/domains/collection/ad_domaincontrollers,docs/accessanalyzer/12.0/solutions/activedirectory/domains/collection/ad_domaincontrollers.md,,,,,,
AD_DSRM Job,12.0,https://docs.netwrix.com/docs/accessanalyzer/12_0/solutions/activedirectory/domains/collection/ad_dsrm,docs/accessanalyzer/12.0/solutions/activedirectory/domains/collection/ad_dsrm.md,,,,,,
AD_TimeSync Job,12.0,https://docs.netwrix.com/docs/accessanalyzer/12_0/solutions/activedirectory/domains/collection/ad_timesync,docs/accessanalyzer/12.0/solutions/activedirectory/domains/collection/ad_timesync.md,,,,,,
0.Collection Job Group,12.0,https://docs.netwrix.com/docs/accessanalyzer/12_0/solutions/activedirectory/domains/collection/overview,docs/accessanalyzer/12.0/solutions/activedirectory/domains/collection/overview.md,,,,,,
5.Domains Job Group,12.0,https://docs.netwrix.com/docs/accessanalyzer/12_0/solutions/activedirectory/domains/overview,docs/accessanalyzer/12.0/solutions/activedirectory/domains/overview.md,,,,,,
Recommended Configurations for the 5.Domains Job Group,12.0,https://docs.netwrix.com/docs/accessanalyzer/12_0/solutions/activedirectory/domains/recommended,docs/accessanalyzer/12.0/solutions/activedirectory/domains/recommended.md,,,,,,
AD_CPassword Job,12.0,https://docs.netwrix.com/docs/accessanalyzer/12_0/solutions/activedirectory/grouppolicy/ad_cpassword,docs/accessanalyzer/12.0/solutions/activedirectory/grouppolicy/ad_cpassword.md,,,,,,
AD_GroupPolicy Job,12.0,https://docs.netwrix.com/docs/accessanalyzer/12_0/solutions/activedirectory/grouppolicy/ad_grouppolicy,docs/accessanalyzer/12.0/solutions/activedirectory/grouppolicy/ad_grouppolicy.md,,,,,,
AD_OverlappingGPOs Job,12.0,https://docs.netwrix.com/docs/accessanalyzer/12_0/solutions/activedirectory/grouppolicy/ad_overlappinggpos,docs/accessanalyzer/12.0/solutions/activedirectory/grouppolicy/ad_overlappinggpos.md,,,,,,
AD_PasswordPolicies Job,12.0,https://docs.netwrix.com/docs/accessanalyzer/12_0/solutions/activedirectory/grouppolicy/ad_passwordpolicies,docs/accessanalyzer/12.0/solutions/activedirectory/grouppolicy/ad_passwordpolicies.md,,,,,,
4.Group Policy Job Group,12.0,https://docs.netwrix.com/docs/accessanalyzer/12_0/solutions/activedirectory/grouppolicy/overview,docs/accessanalyzer/12.0/solutions/activedirectory/grouppolicy/overview.md,,,,,,
Recommended Configurations for the 4.Group Policy Job Group,12.0,https://docs.netwrix.com/docs/accessanalyzer/12_0/solutions/activedirectory/grouppolicy/recommended,docs/accessanalyzer/12.0/solutions/activedirectory/grouppolicy/recommended.md,,,,,,
AD_CircularNesting Job,12.0,https://docs.netwrix.com/docs/accessanalyzer/12_0/solutions/activedirectory/groups/ad_circularnesting,docs/accessanalyzer/12.0/solutions/activedirectory/groups/ad_circularnesting.md,,,,,,
AD_DCLogonGroups Job,12.0,https://docs.netwrix.com/docs/accessanalyzer/12_0/solutions/activedirectory/groups/ad_dclogongroups,docs/accessanalyzer/12.0/solutions/activedirectory/groups/ad_dclogongroups.md,,,,,,
AD_DuplicateGroups Job,12.0,https://docs.netwrix.com/docs/accessanalyzer/12_0/solutions/activedirectory/groups/ad_duplicategroups,docs/accessanalyzer/12.0/solutions/activedirectory/groups/ad_duplicategroups.md,,,,,,
AD_EmptyGroups Job,12.0,https://docs.netwrix.com/docs/accessanalyzer/12_0/solutions/activedirectory/groups/ad_emptygroups,docs/accessanalyzer/12.0/solutions/activedirectory/groups/ad_emptygroups.md,,,,,,
AD_GroupProbableOwners Job,12.0,https://docs.netwrix.com/docs/accessanalyzer/12_0/solutions/activedirectory/groups/ad_groupprobableowners,docs/accessanalyzer/12.0/solutions/activedirectory/groups/ad_groupprobableowners.md,,,,,,
AD_LargestGroups Job,12.0,https://docs.netwrix.com/docs/accessanalyzer/12_0/solutions/activedirectory/groups/ad_largestgroups,docs/accessanalyzer/12.0/solutions/activedirectory/groups/ad_largestgroups.md,,,,,,
AD_MailSecurityGroups Job,12.0,https://docs.netwrix.com/docs/accessanalyzer/12_0/solutions/activedirectory/groups/ad_mailsecuritygroups,docs/accessanalyzer/12.0/solutions/activedirectory/groups/ad_mailsecuritygroups.md,,,,,,
AD_NestedGroups Job,12.0,https://docs.netwrix.com/docs/accessanalyzer/12_0/solutions/activedirectory/groups/ad_nestedgroups,docs/accessanalyzer/12.0/solutions/activedirectory/groups/ad_nestedgroups.md,,,,,,
AD_SensitiveSecurityGroups Job,12.0,https://docs.netwrix.com/docs/accessanalyzer/12_0/solutions/activedirectory/groups/ad_sensitivesecuritygroups,docs/accessanalyzer/12.0/solutions/activedirectory/groups/ad_sensitivesecuritygroups.md,,,,,,
AD_StaleGroups Job,12.0,https://docs.netwrix.com/docs/accessanalyzer/12_0/solutions/activedirectory/groups/ad_stalegroups,docs/accessanalyzer/12.0/solutions/activedirectory/groups/ad_stalegroups.md,,,,,,
1.Groups Job Group,12.0,https://docs.netwrix.com/docs/accessanalyzer/12_0/solutions/activedirectory/groups/overview,docs/accessanalyzer/12.0/solutions/activedirectory/groups/overview.md,,,,,,
Recommended Configurations for the 1.Groups Job Group,12.0,https://docs.netwrix.com/docs/accessanalyzer/12_0/solutions/activedirectory/groups/recommended,docs/accessanalyzer/12.0/solutions/activedirectory/groups/recommended.md,,,,,,
Active Directory Solution,12.0,https://docs.netwrix.com/docs/accessanalyzer/12_0/solutions/activedirectory/overview,docs/accessanalyzer/12.0/solutions/activedirectory/overview.md,,,,,,
AD_DirectMembership Job,12.0,https://docs.netwrix.com/docs/accessanalyzer/12_0/solutions/activedirectory/users/ad_directmembership,docs/accessanalyzer/12.0/solutions/activedirectory/users/ad_directmembership.md,,,,,,
AD_DuplicateUsers Job,12.0,https://docs.netwrix.com/docs/accessanalyzer/12_0/solutions/activedirectory/users/ad_duplicateusers,docs/accessanalyzer/12.0/solutions/activedirectory/users/ad_duplicateusers.md,,,,,,
AD_OrphanedUsers Job,12.0,https://docs.netwrix.com/docs/accessanalyzer/12_0/solutions/activedirectory/users/ad_orphanedusers,docs/accessanalyzer/12.0/solutions/activedirectory/users/ad_orphanedusers.md,,,,,,
AD_PasswordStatus Job,12.0,https://docs.netwrix.com/docs/accessanalyzer/12_0/solutions/activedirectory/users/ad_passwordstatus,docs/accessanalyzer/12.0/solutions/activedirectory/users/ad_passwordstatus.md,,,,,,
AD_ServiceAccounts Job,12.0,https://docs.netwrix.com/docs/accessanalyzer/12_0/solutions/activedirectory/users/ad_serviceaccounts,docs/accessanalyzer/12.0/solutions/activedirectory/users/ad_serviceaccounts.md,,,,,,
AD_SIDHistory Job,12.0,https://docs.netwrix.com/docs/accessanalyzer/12_0/solutions/activedirectory/users/ad_sidhistory,docs/accessanalyzer/12.0/solutions/activedirectory/users/ad_sidhistory.md,,,,,,
AD_StaleUsers Job,12.0,https://docs.netwrix.com/docs/accessanalyzer/12_0/solutions/activedirectory/users/ad_staleusers,docs/accessanalyzer/12.0/solutions/activedirectory/users/ad_staleusers.md,,,,,,
AD_UserAttributeCompletion Job,12.0,https://docs.netwrix.com/docs/accessanalyzer/12_0/solutions/activedirectory/users/ad_userattributecompletion,docs/accessanalyzer/12.0/solutions/activedirectory/users/ad_userattributecompletion.md,,,,,,
AD_UserDelegation Job,12.0,https://docs.netwrix.com/docs/accessanalyzer/12_0/solutions/activedirectory/users/ad_userdelegation,docs/accessanalyzer/12.0/solutions/activedirectory/users/ad_userdelegation.md,,,,,,
AD_UserToken Job,12.0,https://docs.netwrix.com/docs/accessanalyzer/12_0/solutions/activedirectory/users/ad_usertoken,docs/accessanalyzer/12.0/solutions/activedirectory/users/ad_usertoken.md,,,,,,
AD_WeakPasswords Job,12.0,https://docs.netwrix.com/docs/accessanalyzer/12_0/solutions/activedirectory/users/ad_weakpasswords,docs/accessanalyzer/12.0/solutions/activedirectory/users/ad_weakpasswords.md,,,,,,
2.Users Job Group,12.0,https://docs.netwrix.com/docs/accessanalyzer/12_0/solutions/activedirectory/users/overview,docs/accessanalyzer/12.0/solutions/activedirectory/users/overview.md,,,,,,
Recommended Configurations for the 2.Users Job Group,12.0,https://docs.netwrix.com/docs/accessanalyzer/12_0/solutions/activedirectory/users/recommended,docs/accessanalyzer/12.0/solutions/activedirectory/users/recommended.md,,,,,,
1-AD_Scan Job,12.0,https://docs.netwrix.com/docs/accessanalyzer/12_0/solutions/activedirectoryinventory/ad_scan,docs/accessanalyzer/12.0/solutions/activedirectoryinventory/1-ad_scan.md,,,,,,
2-AD_Changes Job,12.0,https://docs.netwrix.com/docs/accessanalyzer/12_0/solutions/activedirectoryinventory/ad_changes,docs/accessanalyzer/12.0/solutions/activedirectoryinventory/2-ad_changes.md,,,,,,
3-AD_Exceptions Job,12.0,https://docs.netwrix.com/docs/accessanalyzer/12_0/solutions/activedirectoryinventory/ad_exceptions,docs/accessanalyzer/12.0/solutions/activedirectoryinventory/3-ad_exceptions.md,,,,,,
.Active Directory Inventory Solution,12.0,https://docs.netwrix.com/docs/accessanalyzer/12_0/solutions/activedirectoryinventory/overview,docs/accessanalyzer/12.0/solutions/activedirectoryinventory/overview.md,,,,,,
Recommended Configurations for the .Active Directory Inventory Solution,12.0,https://docs.netwrix.com/docs/accessanalyzer/12_0/solutions/activedirectoryinventory/recommended,docs/accessanalyzer/12.0/solutions/activedirectoryinventory/recommended.md,,,,,,
6.Broken Inheritance > AD_BrokenInheritance Job,12.0,https://docs.netwrix.com/docs/accessanalyzer/12_0/solutions/activedirectorypermissionsanalyzer/ad_brokeninheritance,docs/accessanalyzer/12.0/solutions/activedirectorypermissionsanalyzer/ad_brokeninheritance.md,,,,,,
5.Open Access > AD_OpenAccess Job,12.0,https://docs.netwrix.com/docs/accessanalyzer/12_0/solutions/activedirectorypermissionsanalyzer/ad_openaccess,docs/accessanalyzer/12.0/solutions/activedirectorypermissionsanalyzer/ad_openaccess.md,,,,,,
3.OUs > AD_OUPermissions Job,12.0,https://docs.netwrix.com/docs/accessanalyzer/12_0/solutions/activedirectorypermissionsanalyzer/ad_oupermissions,docs/accessanalyzer/12.0/solutions/activedirectorypermissionsanalyzer/ad_oupermissions.md,,,,,,
AD_ShadowAccess Job,12.0,https://docs.netwrix.com/docs/accessanalyzer/12_0/solutions/activedirectorypermissionsanalyzer/ad_shadowaccess,docs/accessanalyzer/12.0/solutions/activedirectorypermissionsanalyzer/ad_shadowaccess.md,,,,,,
AD_CertificateRights Job,12.0,https://docs.netwrix.com/docs/accessanalyzer/12_0/solutions/activedirectorypermissionsanalyzer/collection/ad_certificaterights,docs/accessanalyzer/12.0/solutions/activedirectorypermissionsanalyzer/collection/ad_certificaterights.md,,,,,,
AD_ComputerRights Job,12.0,https://docs.netwrix.com/docs/accessanalyzer/12_0/solutions/activedirectorypermissionsanalyzer/collection/ad_computerrights,docs/accessanalyzer/12.0/solutions/activedirectorypermissionsanalyzer/collection/ad_computerrights.md,,,,,,
AD_ContainerRights Job,12.0,https://docs.netwrix.com/docs/accessanalyzer/12_0/solutions/activedirectorypermissionsanalyzer/collection/ad_containerrights,docs/accessanalyzer/12.0/solutions/activedirectorypermissionsanalyzer/collection/ad_containerrights.md,,,,,,
AD_DomainRights Job,12.0,https://docs.netwrix.com/docs/accessanalyzer/12_0/solutions/activedirectorypermissionsanalyzer/collection/ad_domainrights,docs/accessanalyzer/12.0/solutions/activedirectorypermissionsanalyzer/collection/ad_domainrights.md,,,,,,
AD_GroupRights Job,12.0,https://docs.netwrix.com/docs/accessanalyzer/12_0/solutions/activedirectorypermissionsanalyzer/collection/ad_grouprights,docs/accessanalyzer/12.0/solutions/activedirectorypermissionsanalyzer/collection/ad_grouprights.md,,,,,,
AD_OURights Job,12.0,https://docs.netwrix.com/docs/accessanalyzer/12_0/solutions/activedirectorypermissionsanalyzer/collection/ad_ourights,docs/accessanalyzer/12.0/solutions/activedirectorypermissionsanalyzer/collection/ad_ourights.md,,,,,,
AD_SiteRights Job,12.0,https://docs.netwrix.com/docs/accessanalyzer/12_0/solutions/activedirectorypermissionsanalyzer/collection/ad_siterights,docs/accessanalyzer/12.0/solutions/activedirectorypermissionsanalyzer/collection/ad_siterights.md,,,,,,
AD_UserRights Job,12.0,https://docs.netwrix.com/docs/accessanalyzer/12_0/solutions/activedirectorypermissionsanalyzer/collection/ad_userrights,docs/accessanalyzer/12.0/solutions/activedirectorypermissionsanalyzer/collection/ad_userrights.md,,,,,,
0.Collection Job Group,12.0,https://docs.netwrix.com/docs/accessanalyzer/12_0/solutions/activedirectorypermissionsanalyzer/collection/overview,docs/accessanalyzer/12.0/solutions/activedirectorypermissionsanalyzer/collection/overview.md,,,,,,
AD_ComputerPermissions Job,12.0,https://docs.netwrix.com/docs/accessanalyzer/12_0/solutions/activedirectorypermissionsanalyzer/computers/ad_computerpermissions,docs/accessanalyzer/12.0/solutions/activedirectorypermissionsanalyzer/computers/ad_computerpermissions.md,,,,,,
AD_LAPSPermissions Job,12.0,https://docs.netwrix.com/docs/accessanalyzer/12_0/solutions/activedirectorypermissionsanalyzer/computers/ad_lapspermissions,docs/accessanalyzer/12.0/solutions/activedirectorypermissionsanalyzer/computers/ad_lapspermissions.md,,,,,,
4.Computers Job Group,12.0,https://docs.netwrix.com/docs/accessanalyzer/12_0/solutions/activedirectorypermissionsanalyzer/computers/overview,docs/accessanalyzer/12.0/solutions/activedirectorypermissionsanalyzer/computers/overview.md,,,,,,
AD_AdminSDHolder Job,12.0,https://docs.netwrix.com/docs/accessanalyzer/12_0/solutions/activedirectorypermissionsanalyzer/containers/ad_adminsdholder,docs/accessanalyzer/12.0/solutions/activedirectorypermissionsanalyzer/containers/ad_adminsdholder.md,,,,,,
AD_ContainerPermissions Job,12.0,https://docs.netwrix.com/docs/accessanalyzer/12_0/solutions/activedirectorypermissionsanalyzer/containers/ad_containerpermissions,docs/accessanalyzer/12.0/solutions/activedirectorypermissionsanalyzer/containers/ad_containerpermissions.md,,,,,,
7.Containers Job Group,12.0,https://docs.netwrix.com/docs/accessanalyzer/12_0/solutions/activedirectorypermissionsanalyzer/containers/overview,docs/accessanalyzer/12.0/solutions/activedirectorypermissionsanalyzer/containers/overview.md,,,,,,
AD_CertificateAuthorityRights Job,12.0,https://docs.netwrix.com/docs/accessanalyzer/12_0/solutions/activedirectorypermissionsanalyzer/domains/ad_certificateauthorityrights,docs/accessanalyzer/12.0/solutions/activedirectorypermissionsanalyzer/domains/ad_certificateauthorityrights.md,,,,,,
AD_CertificateTemplates Job,12.0,https://docs.netwrix.com/docs/accessanalyzer/12_0/solutions/activedirectorypermissionsanalyzer/domains/ad_certificatetemplates,docs/accessanalyzer/12.0/solutions/activedirectorypermissionsanalyzer/domains/ad_certificatetemplates.md,,,,,,
AD_CertificateVulnerabilities Job,12.0,https://docs.netwrix.com/docs/accessanalyzer/12_0/solutions/activedirectorypermissionsanalyzer/domains/ad_certificatevulnerabilities,docs/accessanalyzer/12.0/solutions/activedirectorypermissionsanalyzer/domains/ad_certificatevulnerabilities.md,,,,,,
AD_DomainPermissions Job,12.0,https://docs.netwrix.com/docs/accessanalyzer/12_0/solutions/activedirectorypermissionsanalyzer/domains/ad_domainpermissions,docs/accessanalyzer/12.0/solutions/activedirectorypermissionsanalyzer/domains/ad_domainpermissions.md,,,,,,
AD_DomainReplication Job,12.0,https://docs.netwrix.com/docs/accessanalyzer/12_0/solutions/activedirectorypermissionsanalyzer/domains/ad_domainreplication,docs/accessanalyzer/12.0/solutions/activedirectorypermissionsanalyzer/domains/ad_domainreplication.md,,,,,,
8.Domains Job Group,12.0,https://docs.netwrix.com/docs/accessanalyzer/12_0/solutions/activedirectorypermissionsanalyzer/domains/overview,docs/accessanalyzer/12.0/solutions/activedirectorypermissionsanalyzer/domains/overview.md,,,,,,
AD_GroupMembershipPermissions Job,12.0,https://docs.netwrix.com/docs/accessanalyzer/12_0/solutions/activedirectorypermissionsanalyzer/groups/ad_groupmembershippermissions,docs/accessanalyzer/12.0/solutions/activedirectorypermissionsanalyzer/groups/ad_groupmembershippermissions.md,,,,,,
AD_GroupPermissions Job,12.0,https://docs.netwrix.com/docs/accessanalyzer/12_0/solutions/activedirectorypermissionsanalyzer/groups/ad_grouppermissions,docs/accessanalyzer/12.0/solutions/activedirectorypermissionsanalyzer/groups/ad_grouppermissions.md,,,,,,
2.Groups Job Group,12.0,https://docs.netwrix.com/docs/accessanalyzer/12_0/solutions/activedirectorypermissionsanalyzer/groups/overview,docs/accessanalyzer/12.0/solutions/activedirectorypermissionsanalyzer/groups/overview.md,,,,,,
Active Directory Permissions Analyzer Solution,12.0,https://docs.netwrix.com/docs/accessanalyzer/12_0/solutions/activedirectorypermissionsanalyzer/overview,docs/accessanalyzer/12.0/solutions/activedirectorypermissionsanalyzer/overview.md,,,,,,
Recommended Configurations for AD Permissions Analyzer Solution,12.0,https://docs.netwrix.com/docs/accessanalyzer/12_0/solutions/activedirectorypermissionsanalyzer/recommended,docs/accessanalyzer/12.0/solutions/activedirectorypermissionsanalyzer/recommended.md,,,,,,
AD_DCShadowPermissions Job,12.0,https://docs.netwrix.com/docs/accessanalyzer/12_0/solutions/activedirectorypermissionsanalyzer/sites/ad_dcshadowpermissions,docs/accessanalyzer/12.0/solutions/activedirectorypermissionsanalyzer/sites/ad_dcshadowpermissions.md,,,,,,
AD_SitePermissions Job,12.0,https://docs.netwrix.com/docs/accessanalyzer/12_0/solutions/activedirectorypermissionsanalyzer/sites/ad_sitepermissions,docs/accessanalyzer/12.0/solutions/activedirectorypermissionsanalyzer/sites/ad_sitepermissions.md,,,,,,
9.Sites Job Group,12.0,https://docs.netwrix.com/docs/accessanalyzer/12_0/solutions/activedirectorypermissionsanalyzer/sites/overview,docs/accessanalyzer/12.0/solutions/activedirectorypermissionsanalyzer/sites/overview.md,,,,,,
AD_ResetPasswordPermissions Job,12.0,https://docs.netwrix.com/docs/accessanalyzer/12_0/solutions/activedirectorypermissionsanalyzer/users/ad_resetpasswordpermissions,docs/accessanalyzer/12.0/solutions/activedirectorypermissionsanalyzer/users/ad_resetpasswordpermissions.md,,,,,,
AD_UserPermissions Job,12.0,https://docs.netwrix.com/docs/accessanalyzer/12_0/solutions/activedirectorypermissionsanalyzer/users/ad_userpermissions,docs/accessanalyzer/12.0/solutions/activedirectorypermissionsanalyzer/users/ad_userpermissions.md,,,,,,
1.Users Job Group,12.0,https://docs.netwrix.com/docs/accessanalyzer/12_0/solutions/activedirectorypermissionsanalyzer/users/overview,docs/accessanalyzer/12.0/solutions/activedirectorypermissionsanalyzer/users/overview.md,,,,,,
AnyID_CSV Job,12.0,https://docs.netwrix.com/docs/accessanalyzer/12_0/solutions/anyid/anyid_csv,docs/accessanalyzer/12.0/solutions/anyid/anyid_csv.md,,,,,,
AnyID_EpicClarity Job,12.0,https://docs.netwrix.com/docs/accessanalyzer/12_0/solutions/anyid/anyid_epicclarity,docs/accessanalyzer/12.0/solutions/anyid/anyid_epicclarity.md,,,,,,
AnyID_Paycom Job,12.0,https://docs.netwrix.com/docs/accessanalyzer/12_0/solutions/anyid/anyid_paycom,docs/accessanalyzer/12.0/solutions/anyid/anyid_paycom.md,,,,,,
AnyID_Salesforce Job,12.0,https://docs.netwrix.com/docs/accessanalyzer/12_0/solutions/anyid/anyid_salesforce,docs/accessanalyzer/12.0/solutions/anyid/anyid_salesforce.md,,,,,,
AnyID Connectors Solution,12.0,https://docs.netwrix.com/docs/accessanalyzer/12_0/solutions/anyid/overview,docs/accessanalyzer/12.0/solutions/anyid/overview.md,,,,,,
1.AWS_OrgScan Job,12.0,https://docs.netwrix.com/docs/accessanalyzer/12_0/solutions/aws/collection/aws_orgscan,docs/accessanalyzer/12.0/solutions/aws/collection/1.aws_orgscan.md,,,,,,
2.AWS_S3Scan Job,12.0,https://docs.netwrix.com/docs/accessanalyzer/12_0/solutions/aws/collection/aws_s3scan,docs/accessanalyzer/12.0/solutions/aws/collection/2.aws_s3scan.md,,,,,,
3.AWS_IAMScan Job,12.0,https://docs.netwrix.com/docs/accessanalyzer/12_0/solutions/aws/collection/aws_iamscan,docs/accessanalyzer/12.0/solutions/aws/collection/3.aws_iamscan.md,,,,,,
4.AWS_S3SDDScan Job,12.0,https://docs.netwrix.com/docs/accessanalyzer/12_0/solutions/aws/collection/aws_s3sddscan,docs/accessanalyzer/12.0/solutions/aws/collection/4.aws_s3sddscan.md,,,,,,
0.Collection Job Group,12.0,https://docs.netwrix.com/docs/accessanalyzer/12_0/solutions/aws/collection/overview,docs/accessanalyzer/12.0/solutions/aws/collection/overview.md,,,,,,
AWS_GroupMembers Job,12.0,https://docs.netwrix.com/docs/accessanalyzer/12_0/solutions/aws/groups/aws_groupmembers,docs/accessanalyzer/12.0/solutions/aws/groups/aws_groupmembers.md,,,,,,
AWS_NoPolicyGroups Job,12.0,https://docs.netwrix.com/docs/accessanalyzer/12_0/solutions/aws/groups/aws_nopolicygroups,docs/accessanalyzer/12.0/solutions/aws/groups/aws_nopolicygroups.md,,,,,,
AWS_StaleGroups Job,12.0,https://docs.netwrix.com/docs/accessanalyzer/12_0/solutions/aws/groups/aws_stalegroups,docs/accessanalyzer/12.0/solutions/aws/groups/aws_stalegroups.md,,,,,,
3.Groups Job Group,12.0,https://docs.netwrix.com/docs/accessanalyzer/12_0/solutions/aws/groups/overview,docs/accessanalyzer/12.0/solutions/aws/groups/overview.md,,,,,,
AWS_Accounts Job,12.0,https://docs.netwrix.com/docs/accessanalyzer/12_0/solutions/aws/organizations/aws_accounts,docs/accessanalyzer/12.0/solutions/aws/organizations/aws_accounts.md,,,,,,
AWS_MemberAccountUsers Job,12.0,https://docs.netwrix.com/docs/accessanalyzer/12_0/solutions/aws/organizations/aws_memberaccountusers,docs/accessanalyzer/12.0/solutions/aws/organizations/aws_memberaccountusers.md,,,,,,
1.Organizations Job Group,12.0,https://docs.netwrix.com/docs/accessanalyzer/12_0/solutions/aws/organizations/overview,docs/accessanalyzer/12.0/solutions/aws/organizations/overview.md,,,,,,
AWS Solution,12.0,https://docs.netwrix.com/docs/accessanalyzer/12_0/solutions/aws/overview,docs/accessanalyzer/12.0/solutions/aws/overview.md,,,,,,
AWS_CustomManagedPolicies Job,12.0,https://docs.netwrix.com/docs/accessanalyzer/12_0/solutions/aws/policies/aws_custommanagedpolicies,docs/accessanalyzer/12.0/solutions/aws/policies/aws_custommanagedpolicies.md,,,,,,
AWS_InlinePolicies Job,12.0,https://docs.netwrix.com/docs/accessanalyzer/12_0/solutions/aws/policies/aws_inlinepolicies,docs/accessanalyzer/12.0/solutions/aws/policies/aws_inlinepolicies.md,,,,,,
AWS_ManagedPolicies Job,12.0,https://docs.netwrix.com/docs/accessanalyzer/12_0/solutions/aws/policies/aws_managedpolicies,docs/accessanalyzer/12.0/solutions/aws/policies/aws_managedpolicies.md,,,,,,
AWS_SensitivePolicies Job,12.0,https://docs.netwrix.com/docs/accessanalyzer/12_0/solutions/aws/policies/aws_sensitivepolicies,docs/accessanalyzer/12.0/solutions/aws/policies/aws_sensitivepolicies.md,,,,,,
AWS_UnusedManagedPolicies Job,12.0,https://docs.netwrix.com/docs/accessanalyzer/12_0/solutions/aws/policies/aws_unusedmanagedpolicies,docs/accessanalyzer/12.0/solutions/aws/policies/aws_unusedmanagedpolicies.md,,,,,,
AWS_UserPolicies Job,12.0,https://docs.netwrix.com/docs/accessanalyzer/12_0/solutions/aws/policies/aws_userpolicies,docs/accessanalyzer/12.0/solutions/aws/policies/aws_userpolicies.md,,,,,,
5.Policies Job Group,12.0,https://docs.netwrix.com/docs/accessanalyzer/12_0/solutions/aws/policies/overview,docs/accessanalyzer/12.0/solutions/aws/policies/overview.md,,,,,,
Recommended Configuration for the AWS Solution,12.0,https://docs.netwrix.com/docs/accessanalyzer/12_0/solutions/aws/recommended,docs/accessanalyzer/12.0/solutions/aws/recommended.md,,,,,,
AWS_Roles Job,12.0,https://docs.netwrix.com/docs/accessanalyzer/12_0/solutions/aws/roles/aws_roles,docs/accessanalyzer/12.0/solutions/aws/roles/aws_roles.md,,,,,,
AWS_StaleRoles Job,12.0,https://docs.netwrix.com/docs/accessanalyzer/12_0/solutions/aws/roles/aws_staleroles,docs/accessanalyzer/12.0/solutions/aws/roles/aws_staleroles.md,,,,,,
4.Roles Job Group,12.0,https://docs.netwrix.com/docs/accessanalyzer/12_0/solutions/aws/roles/overview,docs/accessanalyzer/12.0/solutions/aws/roles/overview.md,,,,,,
AWS_S3Buckets Job,12.0,https://docs.netwrix.com/docs/accessanalyzer/12_0/solutions/aws/s3content/aws_s3buckets,docs/accessanalyzer/12.0/solutions/aws/s3content/aws_s3buckets.md,,,,,,
AWS_S3BucketTags Job,12.0,https://docs.netwrix.com/docs/accessanalyzer/12_0/solutions/aws/s3content/aws_s3buckettags,docs/accessanalyzer/12.0/solutions/aws/s3content/aws_s3buckettags.md,,,,,,
7.S3 Content Job Group,12.0,https://docs.netwrix.com/docs/accessanalyzer/12_0/solutions/aws/s3content/overview,docs/accessanalyzer/12.0/solutions/aws/s3content/overview.md,,,,,,
AWS_BrokenInheritance Job,12.0,https://docs.netwrix.com/docs/accessanalyzer/12_0/solutions/aws/s3permissions/aws_brokeninheritance,docs/accessanalyzer/12.0/solutions/aws/s3permissions/aws_brokeninheritance.md,,,,,,
AWS_EffectivePermissions Job,12.0,https://docs.netwrix.com/docs/accessanalyzer/12_0/solutions/aws/s3permissions/aws_effectivepermissions,docs/accessanalyzer/12.0/solutions/aws/s3permissions/aws_effectivepermissions.md,,,,,,
AWS_OpenBuckets Job,12.0,https://docs.netwrix.com/docs/accessanalyzer/12_0/solutions/aws/s3permissions/aws_openbuckets,docs/accessanalyzer/12.0/solutions/aws/s3permissions/aws_openbuckets.md,,,,,,
6.S3 Permissions Job Group,12.0,https://docs.netwrix.com/docs/accessanalyzer/12_0/solutions/aws/s3permissions/overview,docs/accessanalyzer/12.0/solutions/aws/s3permissions/overview.md,,,,,,
AWS_SensitiveData_Permissions Job,12.0,https://docs.netwrix.com/docs/accessanalyzer/12_0/solutions/aws/sensitivedata/aws_sensitivedata_permissions,docs/accessanalyzer/12.0/solutions/aws/sensitivedata/aws_sensitivedata_permissions.md,,,,,,
AWS_SensitiveData Job,12.0,https://docs.netwrix.com/docs/accessanalyzer/12_0/solutions/aws/sensitivedata/aws_sensitivedata,docs/accessanalyzer/12.0/solutions/aws/sensitivedata/aws_sensitivedata.md,,,,,,
8.S3 Sensitive Data Job Group,12.0,https://docs.netwrix.com/docs/accessanalyzer/12_0/solutions/aws/sensitivedata/overview,docs/accessanalyzer/12.0/solutions/aws/sensitivedata/overview.md,,,,,,
AWS_AccessKeys Job,12.0,https://docs.netwrix.com/docs/accessanalyzer/12_0/solutions/aws/users/aws_accesskeys,docs/accessanalyzer/12.0/solutions/aws/users/aws_accesskeys.md,,,,,,
AWS_MFAStatus Job,12.0,https://docs.netwrix.com/docs/accessanalyzer/12_0/solutions/aws/users/aws_mfastatus,docs/accessanalyzer/12.0/solutions/aws/users/aws_mfastatus.md,,,,,,
AWS_RootAccounts Job,12.0,https://docs.netwrix.com/docs/accessanalyzer/12_0/solutions/aws/users/aws_rootaccounts,docs/accessanalyzer/12.0/solutions/aws/users/aws_rootaccounts.md,,,,,,
AWS_StaleUsers Job,12.0,https://docs.netwrix.com/docs/accessanalyzer/12_0/solutions/aws/users/aws_staleusers,docs/accessanalyzer/12.0/solutions/aws/users/aws_staleusers.md,,,,,,
2.Users Job Group,12.0,https://docs.netwrix.com/docs/accessanalyzer/12_0/solutions/aws/users/overview,docs/accessanalyzer/12.0/solutions/aws/users/overview.md,,,,,,
Box_Deletions Job,12.0,https://docs.netwrix.com/docs/accessanalyzer/12_0/solutions/box/activity/forensics/box_deletions,docs/accessanalyzer/12.0/solutions/box/activity/forensics/box_deletions.md,,,,,,
Box_Downloads Job,12.0,https://docs.netwrix.com/docs/accessanalyzer/12_0/solutions/box/activity/forensics/box_downloads,docs/accessanalyzer/12.0/solutions/box/activity/forensics/box_downloads.md,,,,,,
Box_ExternalUserActivity Job,12.0,https://docs.netwrix.com/docs/accessanalyzer/12_0/solutions/box/activity/forensics/box_externaluseractivity,docs/accessanalyzer/12.0/solutions/box/activity/forensics/box_externaluseractivity.md,,,,,,
Box_ExternalUserCollaborations Job,12.0,https://docs.netwrix.com/docs/accessanalyzer/12_0/solutions/box/activity/forensics/box_externalusercollaborations,docs/accessanalyzer/12.0/solutions/box/activity/forensics/box_externalusercollaborations.md,,,,,,
Box_PermissionChanges Job,12.0,https://docs.netwrix.com/docs/accessanalyzer/12_0/solutions/box/activity/forensics/box_permissionchanges,docs/accessanalyzer/12.0/solutions/box/activity/forensics/box_permissionchanges.md,,,,,,
Box_Sharing Job,12.0,https://docs.netwrix.com/docs/accessanalyzer/12_0/solutions/box/activity/forensics/box_sharing,docs/accessanalyzer/12.0/solutions/box/activity/forensics/box_sharing.md,,,,,,
Forensics Job Group,12.0,https://docs.netwrix.com/docs/accessanalyzer/12_0/solutions/box/activity/forensics/overview,docs/accessanalyzer/12.0/solutions/box/activity/forensics/overview.md,,,,,,
1.Activity Job Group,12.0,https://docs.netwrix.com/docs/accessanalyzer/12_0/solutions/box/activity/overview,docs/accessanalyzer/12.0/solutions/box/activity/overview.md,,,,,,
Box_FailedLogins Job,12.0,https://docs.netwrix.com/docs/accessanalyzer/12_0/solutions/box/activity/suspiciousactivity/box_failedlogins,docs/accessanalyzer/12.0/solutions/box/activity/suspiciousactivity/box_failedlogins.md,,,,,,
Box_FirstTimeFolderAccess Job,12.0,https://docs.netwrix.com/docs/accessanalyzer/12_0/solutions/box/activity/suspiciousactivity/box_firsttimefolderaccess,docs/accessanalyzer/12.0/solutions/box/activity/suspiciousactivity/box_firsttimefolderaccess.md,,,,,,
Box_UnusualDownloadActivity Job,12.0,https://docs.netwrix.com/docs/accessanalyzer/12_0/solutions/box/activity/suspiciousactivity/box_unusualdownloadactivity,docs/accessanalyzer/12.0/solutions/box/activity/suspiciousactivity/box_unusualdownloadactivity.md,,,,,,
Box_UnusualUserActivity Job,12.0,https://docs.netwrix.com/docs/accessanalyzer/12_0/solutions/box/activity/suspiciousactivity/box_unusualuseractivity,docs/accessanalyzer/12.0/solutions/box/activity/suspiciousactivity/box_unusualuseractivity.md,,,,,,
Box_WeekendActivity Job,12.0,https://docs.netwrix.com/docs/accessanalyzer/12_0/solutions/box/activity/suspiciousactivity/box_weekendactivity,docs/accessanalyzer/12.0/solutions/box/activity/suspiciousactivity/box_weekendactivity.md,,,,,,
Suspicious Activity Job Group,12.0,https://docs.netwrix.com/docs/accessanalyzer/12_0/solutions/box/activity/suspiciousactivity/overview,docs/accessanalyzer/12.0/solutions/box/activity/suspiciousactivity/overview.md,,,,,,
Box_Folders_MostActive Job,12.0,https://docs.netwrix.com/docs/accessanalyzer/12_0/solutions/box/activity/usagestatistics/box_folders_mostactive,docs/accessanalyzer/12.0/solutions/box/activity/usagestatistics/box_folders_mostactive.md,,,,,,
Box_Folders_Stale Job,12.0,https://docs.netwrix.com/docs/accessanalyzer/12_0/solutions/box/activity/usagestatistics/box_folders_stale,docs/accessanalyzer/12.0/solutions/box/activity/usagestatistics/box_folders_stale.md,,,,,,
Box_Users_MostActive Job,12.0,https://docs.netwrix.com/docs/accessanalyzer/12_0/solutions/box/activity/usagestatistics/box_users_mostactive,docs/accessanalyzer/12.0/solutions/box/activity/usagestatistics/box_users_mostactive.md,,,,,,
Usage Statistics Job Group,12.0,https://docs.netwrix.com/docs/accessanalyzer/12_0/solutions/box/activity/usagestatistics/overview,docs/accessanalyzer/12.0/solutions/box/activity/usagestatistics/overview.md,,,,,,
Box_Access Job,12.0,https://docs.netwrix.com/docs/accessanalyzer/12_0/solutions/box/box_access,docs/accessanalyzer/12.0/solutions/box/box_access.md,,,,,,
Box_GroupMembership Job,12.0,https://docs.netwrix.com/docs/accessanalyzer/12_0/solutions/box/box_groupmembership,docs/accessanalyzer/12.0/solutions/box/box_groupmembership.md,,,,,,
1-Box_Access Scans Job,12.0,https://docs.netwrix.com/docs/accessanalyzer/12_0/solutions/box/collection/box_access_scans,docs/accessanalyzer/12.0/solutions/box/collection/1-box_access_scans.md,,,,,,
1-Box_Activity Scans Job,12.0,https://docs.netwrix.com/docs/accessanalyzer/12_0/solutions/box/collection/box_activity_scans,docs/accessanalyzer/12.0/solutions/box/collection/1-box_activity_scans.md,,,,,,
2-Box_Import Job,12.0,https://docs.netwrix.com/docs/accessanalyzer/12_0/solutions/box/collection/box_import,docs/accessanalyzer/12.0/solutions/box/collection/2-box_import.md,,,,,,
0.Collection Job Group,12.0,https://docs.netwrix.com/docs/accessanalyzer/12_0/solutions/box/collection/overview,docs/accessanalyzer/12.0/solutions/box/collection/overview.md,,,,,,
Box_FileMetrics Job,12.0,https://docs.netwrix.com/docs/accessanalyzer/12_0/solutions/box/content/box_filemetrics,docs/accessanalyzer/12.0/solutions/box/content/box_filemetrics.md,,,,,,
Box_FolderMetrics Job,12.0,https://docs.netwrix.com/docs/accessanalyzer/12_0/solutions/box/content/box_foldermetrics,docs/accessanalyzer/12.0/solutions/box/content/box_foldermetrics.md,,,,,,
2.Content Job Group,12.0,https://docs.netwrix.com/docs/accessanalyzer/12_0/solutions/box/content/overview,docs/accessanalyzer/12.0/solutions/box/content/overview.md,,,,,,
Box Solution,12.0,https://docs.netwrix.com/docs/accessanalyzer/12_0/solutions/box/overview,docs/accessanalyzer/12.0/solutions/box/overview.md,,,,,,
Recommended Configurations for the Box Solution,12.0,https://docs.netwrix.com/docs/accessanalyzer/12_0/solutions/box/recommended,docs/accessanalyzer/12.0/solutions/box/recommended.md,,,,,,
0-AzureSQL_InstanceDiscovery Job,12.0,https://docs.netwrix.com/docs/accessanalyzer/12_0/solutions/databases/azuresql/collection-azuresql/azuresql_instancediscovery,docs/accessanalyzer/12.0/solutions/databases/azuresql/collection-azuresql/0-azuresql_instancediscovery.md,,,,,,
1-AzureSQL_PermissionScan Job,12.0,https://docs.netwrix.com/docs/accessanalyzer/12_0/solutions/databases/azuresql/collection-azuresql/azuresql_permissionscan,docs/accessanalyzer/12.0/solutions/databases/azuresql/collection-azuresql/1-azuresql_permissionscan.md,,,,,,
2-AzureSQL_SensitiveDataScan Job,12.0,https://docs.netwrix.com/docs/accessanalyzer/12_0/solutions/databases/azuresql/collection-azuresql/azuresql_sensitivedatascan,docs/accessanalyzer/12.0/solutions/databases/azuresql/collection-azuresql/2-azuresql_sensitivedatascan.md,,,,,,
3-AzureSQL_ActivityScan Job,12.0,https://docs.netwrix.com/docs/accessanalyzer/12_0/solutions/databases/azuresql/collection-azuresql/azuresql_activityscan,docs/accessanalyzer/12.0/solutions/databases/azuresql/collection-azuresql/3-azuresql_activityscan.md,,,,,,
4-AzureSQL_ServerSettings Job,12.0,https://docs.netwrix.com/docs/accessanalyzer/12_0/solutions/databases/azuresql/collection-azuresql/azuresql_serversettings,docs/accessanalyzer/12.0/solutions/databases/azuresql/collection-azuresql/4-azuresql_serversettings.md,,,,,,
0.Collection > Azure SQL Job Group,12.0,https://docs.netwrix.com/docs/accessanalyzer/12_0/solutions/databases/azuresql/collection-azuresql/overview,docs/accessanalyzer/12.0/solutions/databases/azuresql/collection-azuresql/overview.md,,,,,,
Azure SQL Solution,12.0,https://docs.netwrix.com/docs/accessanalyzer/12_0/solutions/databases/azuresql/overview,docs/accessanalyzer/12.0/solutions/databases/azuresql/overview.md,,,,,,
Recommended Configurations,12.0,https://docs.netwrix.com/docs/accessanalyzer/12_0/solutions/databases/azuresql/recommended,docs/accessanalyzer/12.0/solutions/databases/azuresql/recommended.md,,,,,,
3-Db2_Configuration Job,12.0,https://docs.netwrix.com/docs/accessanalyzer/12_0/solutions/databases/db2/collection/db2_configuration,docs/accessanalyzer/12.0/solutions/databases/db2/collection/db2_configuration.md,,,,,,
2-Db2_PermissionScan Job,12.0,https://docs.netwrix.com/docs/accessanalyzer/12_0/solutions/databases/db2/collection/db2_permissionscan,docs/accessanalyzer/12.0/solutions/databases/db2/collection/db2_permissionscan.md,,,,,,
1-Db2_SensitiveDataScan,12.0,https://docs.netwrix.com/docs/accessanalyzer/12_0/solutions/databases/db2/collection/db2_sensitivedatascan,docs/accessanalyzer/12.0/solutions/databases/db2/collection/db2_sensitivedatascan.md,,,,,,
0.Collection Job Group,12.0,https://docs.netwrix.com/docs/accessanalyzer/12_0/solutions/databases/db2/collection/overview,docs/accessanalyzer/12.0/solutions/databases/db2/collection/overview.md,,,,,,
Configuration > Db2_DatabaseSizing Job,12.0,https://docs.netwrix.com/docs/accessanalyzer/12_0/solutions/databases/db2/db2_databasesizing,docs/accessanalyzer/12.0/solutions/databases/db2/db2_databasesizing.md,,,,,,
Db2 Solution,12.0,https://docs.netwrix.com/docs/accessanalyzer/12_0/solutions/databases/db2/overview,docs/accessanalyzer/12.0/solutions/databases/db2/overview.md,,,,,,
Db2_DirectPermissions Job,12.0,https://docs.netwrix.com/docs/accessanalyzer/12_0/solutions/databases/db2/permissions/db2_directpermissions,docs/accessanalyzer/12.0/solutions/databases/db2/permissions/db2_directpermissions.md,,,,,,
Db2_EffectivePermissions Job,12.0,https://docs.netwrix.com/docs/accessanalyzer/12_0/solutions/databases/db2/permissions/db2_effectivepermissions,docs/accessanalyzer/12.0/solutions/databases/db2/permissions/db2_effectivepermissions.md,,,,,,
Permissions Job Group,12.0,https://docs.netwrix.com/docs/accessanalyzer/12_0/solutions/databases/db2/permissions/overview,docs/accessanalyzer/12.0/solutions/databases/db2/permissions/overview.md,,,,,,
Recommended Configuration for the Db2 Solution,12.0,https://docs.netwrix.com/docs/accessanalyzer/12_0/solutions/databases/db2/recommended,docs/accessanalyzer/12.0/solutions/databases/db2/recommended.md,,,,,,
Db2_SensitiveData Job,12.0,https://docs.netwrix.com/docs/accessanalyzer/12_0/solutions/databases/db2/sensitivedata/db2_sensitivedata,docs/accessanalyzer/12.0/solutions/databases/db2/sensitivedata/db2_sensitivedata.md,,,,,,
Db2_SensitiveDataPermissions Job,12.0,https://docs.netwrix.com/docs/accessanalyzer/12_0/solutions/databases/db2/sensitivedata/db2_sensitivedatapermissions,docs/accessanalyzer/12.0/solutions/databases/db2/sensitivedata/db2_sensitivedatapermissions.md,,,,,,
Sensitive Data Job Group,12.0,https://docs.netwrix.com/docs/accessanalyzer/12_0/solutions/databases/db2/sensitivedata/overview,docs/accessanalyzer/12.0/solutions/databases/db2/sensitivedata/overview.md,,,,,,
MongoDB_Configuration Job,12.0,https://docs.netwrix.com/docs/accessanalyzer/12_0/solutions/databases/mongodb/collection/mongodb_configuration,docs/accessanalyzer/12.0/solutions/databases/mongodb/collection/mongodb_configuration.md,,,,,,
MongoDB_SensitiveDataScan Job,12.0,https://docs.netwrix.com/docs/accessanalyzer/12_0/solutions/databases/mongodb/collection/mongodb_sensitivedatascan,docs/accessanalyzer/12.0/solutions/databases/mongodb/collection/mongodb_sensitivedatascan.md,,,,,,
0.Collection Job Group,12.0,https://docs.netwrix.com/docs/accessanalyzer/12_0/solutions/databases/mongodb/collection/overview,docs/accessanalyzer/12.0/solutions/databases/mongodb/collection/overview.md,,,,,,
Configuration > MongoDB_Database_Sizing Job,12.0,https://docs.netwrix.com/docs/accessanalyzer/12_0/solutions/databases/mongodb/mongodb_database_sizing,docs/accessanalyzer/12.0/solutions/databases/mongodb/mongodb_database_sizing.md,,,,,,
Sensitive Data > MongoDB_SensitiveData Job,12.0,https://docs.netwrix.com/docs/accessanalyzer/12_0/solutions/databases/mongodb/mongodb_sensitivedata,docs/accessanalyzer/12.0/solutions/databases/mongodb/mongodb_sensitivedata.md,,,,,,
MongoDB Solution,12.0,https://docs.netwrix.com/docs/accessanalyzer/12_0/solutions/databases/mongodb/overview,docs/accessanalyzer/12.0/solutions/databases/mongodb/overview.md,,,,,,
Recommended Configuration for the MongoDB Solution,12.0,https://docs.netwrix.com/docs/accessanalyzer/12_0/solutions/databases/mongodb/recommended,docs/accessanalyzer/12.0/solutions/databases/mongodb/recommended.md,,,,,,
MySQL_Configuration Job,12.0,https://docs.netwrix.com/docs/accessanalyzer/12_0/solutions/databases/mysql/collection/mysql_configuration,docs/accessanalyzer/12.0/solutions/databases/mysql/collection/mysql_configuration.md,,,,,,
MySQL_SensitiveDataScan Job,12.0,https://docs.netwrix.com/docs/accessanalyzer/12_0/solutions/databases/mysql/collection/mysql_sensitivedatascan,docs/accessanalyzer/12.0/solutions/databases/mysql/collection/mysql_sensitivedatascan.md,,,,,,
MySQL_TablePrivileges Job,12.0,https://docs.netwrix.com/docs/accessanalyzer/12_0/solutions/databases/mysql/collection/mysql_tableprivileges,docs/accessanalyzer/12.0/solutions/databases/mysql/collection/mysql_tableprivileges.md,,,,,,
0.Collection Job Group,12.0,https://docs.netwrix.com/docs/accessanalyzer/12_0/solutions/databases/mysql/collection/overview,docs/accessanalyzer/12.0/solutions/databases/mysql/collection/overview.md,,,,,,
Configuration > MySQL_DatabaseSizing Job,12.0,https://docs.netwrix.com/docs/accessanalyzer/12_0/solutions/databases/mysql/mysql_databasesizing,docs/accessanalyzer/12.0/solutions/databases/mysql/mysql_databasesizing.md,,,,,,
MySQL Solution,12.0,https://docs.netwrix.com/docs/accessanalyzer/12_0/solutions/databases/mysql/overview,docs/accessanalyzer/12.0/solutions/databases/mysql/overview.md,,,,,,
Recommended Configurations for the MySQL Solution,12.0,https://docs.netwrix.com/docs/accessanalyzer/12_0/solutions/databases/mysql/recommended,docs/accessanalyzer/12.0/solutions/databases/mysql/recommended.md,,,,,,
MySQL_SensitiveData Job,12.0,https://docs.netwrix.com/docs/accessanalyzer/12_0/solutions/databases/mysql/sensitivedata/mysql_sensitivedata,docs/accessanalyzer/12.0/solutions/databases/mysql/sensitivedata/mysql_sensitivedata.md,,,,,,
MySQL_SensitiveDataPermissions Job,12.0,https://docs.netwrix.com/docs/accessanalyzer/12_0/solutions/databases/mysql/sensitivedata/mysql_sensitivedatapermissions,docs/accessanalyzer/12.0/solutions/databases/mysql/sensitivedata/mysql_sensitivedatapermissions.md,,,,,,
Sensitive Data Job Group,12.0,https://docs.netwrix.com/docs/accessanalyzer/12_0/solutions/databases/mysql/sensitivedata/overview,docs/accessanalyzer/12.0/solutions/databases/mysql/sensitivedata/overview.md,,,,,,
Oracle_Activity Job,12.0,https://docs.netwrix.com/docs/accessanalyzer/12_0/solutions/databases/oracle/activity/oracle_activity,docs/accessanalyzer/12.0/solutions/databases/oracle/activity/oracle_activity.md,,,,,,
Oracle_Logons Job,12.0,https://docs.netwrix.com/docs/accessanalyzer/12_0/solutions/databases/oracle/activity/oracle_logons,docs/accessanalyzer/12.0/solutions/databases/oracle/activity/oracle_logons.md,,,,,,
Oracle_PermissionChanges Job,12.0,https://docs.netwrix.com/docs/accessanalyzer/12_0/solutions/databases/oracle/activity/oracle_permissionchanges,docs/accessanalyzer/12.0/solutions/databases/oracle/activity/oracle_permissionchanges.md,,,,,,
Oracle_SchemaChanges Job,12.0,https://docs.netwrix.com/docs/accessanalyzer/12_0/solutions/databases/oracle/activity/oracle_schemachanges,docs/accessanalyzer/12.0/solutions/databases/oracle/activity/oracle_schemachanges.md,,,,,,
Oracle_SensitiveDataActivity Job,12.0,https://docs.netwrix.com/docs/accessanalyzer/12_0/solutions/databases/oracle/activity/oracle_sensitivedataactivity,docs/accessanalyzer/12.0/solutions/databases/oracle/activity/oracle_sensitivedataactivity.md,,,,,,
Oracle_SuspiciousActivity Job,12.0,https://docs.netwrix.com/docs/accessanalyzer/12_0/solutions/databases/oracle/activity/oracle_suspiciousactivity,docs/accessanalyzer/12.0/solutions/databases/oracle/activity/oracle_suspiciousactivity.md,,,,,,
Oracle_UnusualActivity Job,12.0,https://docs.netwrix.com/docs/accessanalyzer/12_0/solutions/databases/oracle/activity/oracle_unusualactivity,docs/accessanalyzer/12.0/solutions/databases/oracle/activity/oracle_unusualactivity.md,,,,,,
2.Activity Job Group,12.0,https://docs.netwrix.com/docs/accessanalyzer/12_0/solutions/databases/oracle/activity/overview,docs/accessanalyzer/12.0/solutions/databases/oracle/activity/overview.md,,,,,,
0-Oracle_Servers Job,12.0,https://docs.netwrix.com/docs/accessanalyzer/12_0/solutions/databases/oracle/collection/oracle_servers,docs/accessanalyzer/12.0/solutions/databases/oracle/collection/0-oracle_servers.md,,,,,,
1-Oracle_PermissionsScan Job,12.0,https://docs.netwrix.com/docs/accessanalyzer/12_0/solutions/databases/oracle/collection/oracle_permissionsscan,docs/accessanalyzer/12.0/solutions/databases/oracle/collection/1-oracle_permissionsscan.md,,,,,,
2-Oracle_SensitiveDataScan Job,12.0,https://docs.netwrix.com/docs/accessanalyzer/12_0/solutions/databases/oracle/collection/oracle_sensitivedatascan,docs/accessanalyzer/12.0/solutions/databases/oracle/collection/2-oracle_sensitivedatascan.md,,,,,,
3-Oracle_ActivityScan Job,12.0,https://docs.netwrix.com/docs/accessanalyzer/12_0/solutions/databases/oracle/collection/oracle_activityscan,docs/accessanalyzer/12.0/solutions/databases/oracle/collection/3-oracle_activityscan.md,,,,,,
4-Oracle_DefaultPasswordUsers Job,12.0,https://docs.netwrix.com/docs/accessanalyzer/12_0/solutions/databases/oracle/collection/oracle_defaultpasswordusers,docs/accessanalyzer/12.0/solutions/databases/oracle/collection/4-oracle_defaultpasswordusers.md,,,,,,
5-Oracle_Configuration Job,12.0,https://docs.netwrix.com/docs/accessanalyzer/12_0/solutions/databases/oracle/collection/oracle_configuration,docs/accessanalyzer/12.0/solutions/databases/oracle/collection/5-oracle_configuration.md,,,,,,
0.Collection Job Group,12.0,https://docs.netwrix.com/docs/accessanalyzer/12_0/solutions/databases/oracle/collection/overview,docs/accessanalyzer/12.0/solutions/databases/oracle/collection/overview.md,,,,,,
Oracle_DatabaseLinks Job,12.0,https://docs.netwrix.com/docs/accessanalyzer/12_0/solutions/databases/oracle/configuration/oracle_databaselinks,docs/accessanalyzer/12.0/solutions/databases/oracle/configuration/oracle_databaselinks.md,,,,,,
Oracle_DatabaseSizing Job,12.0,https://docs.netwrix.com/docs/accessanalyzer/12_0/solutions/databases/oracle/configuration/oracle_databasesizing,docs/accessanalyzer/12.0/solutions/databases/oracle/configuration/oracle_databasesizing.md,,,,,,
Oracle_DataDictionaryProtection Job,12.0,https://docs.netwrix.com/docs/accessanalyzer/12_0/solutions/databases/oracle/configuration/oracle_datadictionaryprotection,docs/accessanalyzer/12.0/solutions/databases/oracle/configuration/oracle_datadictionaryprotection.md,,,,,,
Oracle_InstanceNameIssues Job,12.0,https://docs.netwrix.com/docs/accessanalyzer/12_0/solutions/databases/oracle/configuration/oracle_instancenameissues,docs/accessanalyzer/12.0/solutions/databases/oracle/configuration/oracle_instancenameissues.md,,,,,,
Oracle_RemoteOSAuthentication Job,12.0,https://docs.netwrix.com/docs/accessanalyzer/12_0/solutions/databases/oracle/configuration/oracle_remoteosauthentication,docs/accessanalyzer/12.0/solutions/databases/oracle/configuration/oracle_remoteosauthentication.md,,,,,,
4.Configuration Job Group,12.0,https://docs.netwrix.com/docs/accessanalyzer/12_0/solutions/databases/oracle/configuration/overview,docs/accessanalyzer/12.0/solutions/databases/oracle/configuration/overview.md,,,,,,
Oracle_SecurityAssessment Job,12.0,https://docs.netwrix.com/docs/accessanalyzer/12_0/solutions/databases/oracle/oracle_securityassessment,docs/accessanalyzer/12.0/solutions/databases/oracle/oracle_securityassessment.md,,,,,,
Oracle Solution,12.0,https://docs.netwrix.com/docs/accessanalyzer/12_0/solutions/databases/oracle/overview,docs/accessanalyzer/12.0/solutions/databases/oracle/overview.md,,,,,,
Oracle_DomainUserPermissions Job,12.0,https://docs.netwrix.com/docs/accessanalyzer/12_0/solutions/databases/oracle/permissions/oracle_domainuserpermissions,docs/accessanalyzer/12.0/solutions/databases/oracle/permissions/oracle_domainuserpermissions.md,,,,,,
Oracle_ObjectPermissions Job,12.0,https://docs.netwrix.com/docs/accessanalyzer/12_0/solutions/databases/oracle/permissions/oracle_objectpermissions,docs/accessanalyzer/12.0/solutions/databases/oracle/permissions/oracle_objectpermissions.md,,,,,,
Oracle_PublicPermissions Job,12.0,https://docs.netwrix.com/docs/accessanalyzer/12_0/solutions/databases/oracle/permissions/oracle_publicpermissions,docs/accessanalyzer/12.0/solutions/databases/oracle/permissions/oracle_publicpermissions.md,,,,,,
Oracle_ServerPermissions Job,12.0,https://docs.netwrix.com/docs/accessanalyzer/12_0/solutions/databases/oracle/permissions/oracle_serverpermissions,docs/accessanalyzer/12.0/solutions/databases/oracle/permissions/oracle_serverpermissions.md,,,,,,
Oracle_SysSchemaPermissions Job,12.0,https://docs.netwrix.com/docs/accessanalyzer/12_0/solutions/databases/oracle/permissions/oracle_sysschemapermissions,docs/accessanalyzer/12.0/solutions/databases/oracle/permissions/oracle_sysschemapermissions.md,,,,,,
3.Permissions Job Group,12.0,https://docs.netwrix.com/docs/accessanalyzer/12_0/solutions/databases/oracle/permissions/overview,docs/accessanalyzer/12.0/solutions/databases/oracle/permissions/overview.md,,,,,,
Recommended Configuration,12.0,https://docs.netwrix.com/docs/accessanalyzer/12_0/solutions/databases/oracle/recommended,docs/accessanalyzer/12.0/solutions/databases/oracle/recommended.md,,,,,,
Oracle_SensitiveData Job,12.0,https://docs.netwrix.com/docs/accessanalyzer/12_0/solutions/databases/oracle/sensitivedata/oracle_sensitivedata,docs/accessanalyzer/12.0/solutions/databases/oracle/sensitivedata/oracle_sensitivedata.md,,,,,,
Oracle_SensitiveDataPermissions Job,12.0,https://docs.netwrix.com/docs/accessanalyzer/12_0/solutions/databases/oracle/sensitivedata/oracle_sensitivedatapermissions,docs/accessanalyzer/12.0/solutions/databases/oracle/sensitivedata/oracle_sensitivedatapermissions.md,,,,,,
5.Sensitive Data Job Group,12.0,https://docs.netwrix.com/docs/accessanalyzer/12_0/solutions/databases/oracle/sensitivedata/overview,docs/accessanalyzer/12.0/solutions/databases/oracle/sensitivedata/overview.md,,,,,,
Oracle_PasswordIssues Job,12.0,https://docs.netwrix.com/docs/accessanalyzer/12_0/solutions/databases/oracle/usersroles/oracle_passwordissues,docs/accessanalyzer/12.0/solutions/databases/oracle/usersroles/oracle_passwordissues.md,,,,,,
Oracle_RoleMembers Job,12.0,https://docs.netwrix.com/docs/accessanalyzer/12_0/solutions/databases/oracle/usersroles/oracle_rolemembers,docs/accessanalyzer/12.0/solutions/databases/oracle/usersroles/oracle_rolemembers.md,,,,,,
Oracle_SystemAdministrators Job,12.0,https://docs.netwrix.com/docs/accessanalyzer/12_0/solutions/databases/oracle/usersroles/oracle_systemadministrators,docs/accessanalyzer/12.0/solutions/databases/oracle/usersroles/oracle_systemadministrators.md,,,,,,
Oracle_Users Job,12.0,https://docs.netwrix.com/docs/accessanalyzer/12_0/solutions/databases/oracle/usersroles/oracle_users,docs/accessanalyzer/12.0/solutions/databases/oracle/usersroles/oracle_users.md,,,,,,
1.Users and Roles Job Group,12.0,https://docs.netwrix.com/docs/accessanalyzer/12_0/solutions/databases/oracle/usersroles/overview,docs/accessanalyzer/12.0/solutions/databases/oracle/usersroles/overview.md,,,,,,
Databases Solutions,12.0,https://docs.netwrix.com/docs/accessanalyzer/12_0/solutions/databases/overview,docs/accessanalyzer/12.0/solutions/databases/overview.md,,,,,,
0.Collection Job Group,12.0,https://docs.netwrix.com/docs/accessanalyzer/12_0/solutions/databases/postgresql/collection/overview,docs/accessanalyzer/12.0/solutions/databases/postgresql/collection/overview.md,,,,,,
PgSQL_Configuration Job,12.0,https://docs.netwrix.com/docs/accessanalyzer/12_0/solutions/databases/postgresql/collection/pgsql_configuration,docs/accessanalyzer/12.0/solutions/databases/postgresql/collection/pgsql_configuration.md,,,,,,
PgSQL_SensitiveDataScan Job,12.0,https://docs.netwrix.com/docs/accessanalyzer/12_0/solutions/databases/postgresql/collection/pgsql_sensitivedatascan,docs/accessanalyzer/12.0/solutions/databases/postgresql/collection/pgsql_sensitivedatascan.md,,,,,,
PgSQL_TablePrivileges Job,12.0,https://docs.netwrix.com/docs/accessanalyzer/12_0/solutions/databases/postgresql/collection/pgsql_tableprivileges,docs/accessanalyzer/12.0/solutions/databases/postgresql/collection/pgsql_tableprivileges.md,,,,,,
PostgreSQL Solution,12.0,https://docs.netwrix.com/docs/accessanalyzer/12_0/solutions/databases/postgresql/overview,docs/accessanalyzer/12.0/solutions/databases/postgresql/overview.md,,,,,,
Configuration > PgSQL_DatabaseSizing Job,12.0,https://docs.netwrix.com/docs/accessanalyzer/12_0/solutions/databases/postgresql/pgsql_databasesizing,docs/accessanalyzer/12.0/solutions/databases/postgresql/pgsql_databasesizing.md,,,,,,
Recommended Configuration for the PostgreSQL Solution,12.0,https://docs.netwrix.com/docs/accessanalyzer/12_0/solutions/databases/postgresql/recommended,docs/accessanalyzer/12.0/solutions/databases/postgresql/recommended.md,,,,,,
Sensitive Data Job Group,12.0,https://docs.netwrix.com/docs/accessanalyzer/12_0/solutions/databases/postgresql/sensitivedata/overview,docs/accessanalyzer/12.0/solutions/databases/postgresql/sensitivedata/overview.md,,,,,,
PgSQL_SensitiveData Job,12.0,https://docs.netwrix.com/docs/accessanalyzer/12_0/solutions/databases/postgresql/sensitivedata/pgsql_sensitivedata,docs/accessanalyzer/12.0/solutions/databases/postgresql/sensitivedata/pgsql_sensitivedata.md,,,,,,
PgSQL_SensitiveDataPermissions Job,12.0,https://docs.netwrix.com/docs/accessanalyzer/12_0/solutions/databases/postgresql/sensitivedata/pgsql_sensitivedatapermissions,docs/accessanalyzer/12.0/solutions/databases/postgresql/sensitivedata/pgsql_sensitivedatapermissions.md,,,,,,
0.Collection Job Group,12.0,https://docs.netwrix.com/docs/accessanalyzer/12_0/solutions/databases/redshift/collection/overview,docs/accessanalyzer/12.0/solutions/databases/redshift/collection/overview.md,,,,,,
Redshift_Configuration Job,12.0,https://docs.netwrix.com/docs/accessanalyzer/12_0/solutions/databases/redshift/collection/redshift_configuration,docs/accessanalyzer/12.0/solutions/databases/redshift/collection/redshift_configuration.md,,,,,,
Redshift_SensitiveDataScan Job,12.0,https://docs.netwrix.com/docs/accessanalyzer/12_0/solutions/databases/redshift/collection/redshift_sensitivedatascan,docs/accessanalyzer/12.0/solutions/databases/redshift/collection/redshift_sensitivedatascan.md,,,,,,
Redshift_TablePrivileges Job,12.0,https://docs.netwrix.com/docs/accessanalyzer/12_0/solutions/databases/redshift/collection/redshift_tableprivileges,docs/accessanalyzer/12.0/solutions/databases/redshift/collection/redshift_tableprivileges.md,,,,,,
Redshift Solution,12.0,https://docs.netwrix.com/docs/accessanalyzer/12_0/solutions/databases/redshift/overview,docs/accessanalyzer/12.0/solutions/databases/redshift/overview.md,,,,,,
Recommended Configuration for the Redshift Solution,12.0,https://docs.netwrix.com/docs/accessanalyzer/12_0/solutions/databases/redshift/recommended,docs/accessanalyzer/12.0/solutions/databases/redshift/recommended.md,,,,,,
Configuration > Redshift_DatabaseSizing Job,12.0,https://docs.netwrix.com/docs/accessanalyzer/12_0/solutions/databases/redshift/redshift_databasesizing,docs/accessanalyzer/12.0/solutions/databases/redshift/redshift_databasesizing.md,,,,,,
Sensitive Data Job Group,12.0,https://docs.netwrix.com/docs/accessanalyzer/12_0/solutions/databases/redshift/sensitive_data/overview,docs/accessanalyzer/12.0/solutions/databases/redshift/sensitive_data/overview.md,,,,,,
Redshift_SensitiveData Job,12.0,https://docs.netwrix.com/docs/accessanalyzer/12_0/solutions/databases/redshift/sensitive_data/redshift_sensitivedata,docs/accessanalyzer/12.0/solutions/databases/redshift/sensitive_data/redshift_sensitivedata.md,,,,,,
Redshift_SensitiveDataPermissions Job,12.0,https://docs.netwrix.com/docs/accessanalyzer/12_0/solutions/databases/redshift/sensitive_data/redshift_sensitivedatapermissions,docs/accessanalyzer/12.0/solutions/databases/redshift/sensitive_data/redshift_sensitivedatapermissions.md,,,,,,
2.Activity Job Group,12.0,https://docs.netwrix.com/docs/accessanalyzer/12_0/solutions/databases/sql/activity/overview,docs/accessanalyzer/12.0/solutions/databases/sql/activity/overview.md,,,,,,
SQL_Activity Job,12.0,https://docs.netwrix.com/docs/accessanalyzer/12_0/solutions/databases/sql/activity/sql_activity,docs/accessanalyzer/12.0/solutions/databases/sql/activity/sql_activity.md,,,,,,
SQL_Logons Job,12.0,https://docs.netwrix.com/docs/accessanalyzer/12_0/solutions/databases/sql/activity/sql_logons,docs/accessanalyzer/12.0/solutions/databases/sql/activity/sql_logons.md,,,,,,
SQL_PermissionChanges Job,12.0,https://docs.netwrix.com/docs/accessanalyzer/12_0/solutions/databases/sql/activity/sql_permissionchanges,docs/accessanalyzer/12.0/solutions/databases/sql/activity/sql_permissionchanges.md,,,,,,
SQL_SensitiveDataActivity Job,12.0,https://docs.netwrix.com/docs/accessanalyzer/12_0/solutions/databases/sql/activity/sql_sensitivedataactivity,docs/accessanalyzer/12.0/solutions/databases/sql/activity/sql_sensitivedataactivity.md,,,,,,
SQL_UnusualActivity Job,12.0,https://docs.netwrix.com/docs/accessanalyzer/12_0/solutions/databases/sql/activity/sql_unusualactivity,docs/accessanalyzer/12.0/solutions/databases/sql/activity/sql_unusualactivity.md,,,,,,
0-SQL_InstanceDiscovery Job,12.0,https://docs.netwrix.com/docs/accessanalyzer/12_0/solutions/databases/sql/collection/sql_instancediscovery,docs/accessanalyzer/12.0/solutions/databases/sql/collection/0-sql_instancediscovery.md,,,,,,
1-SQL_PermissionsScan,12.0,https://docs.netwrix.com/docs/accessanalyzer/12_0/solutions/databases/sql/collection/sql_permissionsscan,docs/accessanalyzer/12.0/solutions/databases/sql/collection/1-sql_permissionsscan.md,,,,,,
2-SQL_SensitiveDataScan Job,12.0,https://docs.netwrix.com/docs/accessanalyzer/12_0/solutions/databases/sql/collection/sql_sensitivedatascan,docs/accessanalyzer/12.0/solutions/databases/sql/collection/2-sql_sensitivedatascan.md,,,,,,
3-SQL_ActivityScan Job,12.0,https://docs.netwrix.com/docs/accessanalyzer/12_0/solutions/databases/sql/collection/sql_activityscan,docs/accessanalyzer/12.0/solutions/databases/sql/collection/3-sql_activityscan.md,,,,,,
4-SQL_ServerLogons Job,12.0,https://docs.netwrix.com/docs/accessanalyzer/12_0/solutions/databases/sql/collection/sql_serverlogons,docs/accessanalyzer/12.0/solutions/databases/sql/collection/4-sql_serverlogons.md,,,,,,
5-SQL_ServerSettings Job,12.0,https://docs.netwrix.com/docs/accessanalyzer/12_0/solutions/databases/sql/collection/sql_serversettings,docs/accessanalyzer/12.0/solutions/databases/sql/collection/5-sql_serversettings.md,,,,,,
0.Collection > SQL Job Group,12.0,https://docs.netwrix.com/docs/accessanalyzer/12_0/solutions/databases/sql/collection/overview,docs/accessanalyzer/12.0/solutions/databases/sql/collection/overview.md,,,,,,
4.Configuration Job Group,12.0,https://docs.netwrix.com/docs/accessanalyzer/12_0/solutions/databases/sql/configuration/overview,docs/accessanalyzer/12.0/solutions/databases/sql/configuration/overview.md,,,,,,
SQL_Authentication Job,12.0,https://docs.netwrix.com/docs/accessanalyzer/12_0/solutions/databases/sql/configuration/sql_authentication,docs/accessanalyzer/12.0/solutions/databases/sql/configuration/sql_authentication.md,,,,,,
SQL_BestPractices Job,12.0,https://docs.netwrix.com/docs/accessanalyzer/12_0/solutions/databases/sql/configuration/sql_bestpractices,docs/accessanalyzer/12.0/solutions/databases/sql/configuration/sql_bestpractices.md,,,,,,
SQL_CMDShell Job,12.0,https://docs.netwrix.com/docs/accessanalyzer/12_0/solutions/databases/sql/configuration/sql_cmdshell,docs/accessanalyzer/12.0/solutions/databases/sql/configuration/sql_cmdshell.md,,,,,,
SQL_DatabaseSizing Job,12.0,https://docs.netwrix.com/docs/accessanalyzer/12_0/solutions/databases/sql/configuration/sql_databasesizing,docs/accessanalyzer/12.0/solutions/databases/sql/configuration/sql_databasesizing.md,,,,,,
SQL_LinkedServers Job,12.0,https://docs.netwrix.com/docs/accessanalyzer/12_0/solutions/databases/sql/configuration/sql_linkedservers,docs/accessanalyzer/12.0/solutions/databases/sql/configuration/sql_linkedservers.md,,,,,,
Microsoft SQL Server Solution,12.0,https://docs.netwrix.com/docs/accessanalyzer/12_0/solutions/databases/sql/overview,docs/accessanalyzer/12.0/solutions/databases/sql/overview.md,,,,,,
3.Permissions Job Group,12.0,https://docs.netwrix.com/docs/accessanalyzer/12_0/solutions/databases/sql/permissions/overview,docs/accessanalyzer/12.0/solutions/databases/sql/permissions/overview.md,,,,,,
SQL_ControlServer Job,12.0,https://docs.netwrix.com/docs/accessanalyzer/12_0/solutions/databases/sql/permissions/sql_controlserver,docs/accessanalyzer/12.0/solutions/databases/sql/permissions/sql_controlserver.md,,,,,,
SQL_DirectPermissions Job,12.0,https://docs.netwrix.com/docs/accessanalyzer/12_0/solutions/databases/sql/permissions/sql_directpermissions,docs/accessanalyzer/12.0/solutions/databases/sql/permissions/sql_directpermissions.md,,,,,,
SQL_DomainUserPermissions Job,12.0,https://docs.netwrix.com/docs/accessanalyzer/12_0/solutions/databases/sql/permissions/sql_domainuserpermissions,docs/accessanalyzer/12.0/solutions/databases/sql/permissions/sql_domainuserpermissions.md,,,,,,
SQL_PublicPermissions Job,12.0,https://docs.netwrix.com/docs/accessanalyzer/12_0/solutions/databases/sql/permissions/sql_publicpermissions,docs/accessanalyzer/12.0/solutions/databases/sql/permissions/sql_publicpermissions.md,,,,,,
SQL_ServerPermissions Job,12.0,https://docs.netwrix.com/docs/accessanalyzer/12_0/solutions/databases/sql/permissions/sql_serverpermissions,docs/accessanalyzer/12.0/solutions/databases/sql/permissions/sql_serverpermissions.md,,,,,,
Recommended Configurations,12.0,https://docs.netwrix.com/docs/accessanalyzer/12_0/solutions/databases/sql/recommended,docs/accessanalyzer/12.0/solutions/databases/sql/recommended.md,,,,,,
5.Sensitive Data Job Group,12.0,https://docs.netwrix.com/docs/accessanalyzer/12_0/solutions/databases/sql/sensitivedata/overview,docs/accessanalyzer/12.0/solutions/databases/sql/sensitivedata/overview.md,,,,,,
SQL_SensitiveData Job,12.0,https://docs.netwrix.com/docs/accessanalyzer/12_0/solutions/databases/sql/sensitivedata/sql_sensitivedata,docs/accessanalyzer/12.0/solutions/databases/sql/sensitivedata/sql_sensitivedata.md,,,,,,
SQL_SensitiveDataPermissions Job,12.0,https://docs.netwrix.com/docs/accessanalyzer/12_0/solutions/databases/sql/sensitivedata/sql_sensitivedatapermissions,docs/accessanalyzer/12.0/solutions/databases/sql/sensitivedata/sql_sensitivedatapermissions.md,,,,,,
SQL_SecurityAssessment Job,12.0,https://docs.netwrix.com/docs/accessanalyzer/12_0/solutions/databases/sql/sql_securityassessment,docs/accessanalyzer/12.0/solutions/databases/sql/sql_securityassessment.md,,,,,,
1.Users and Roles Job Group,12.0,https://docs.netwrix.com/docs/accessanalyzer/12_0/solutions/databases/sql/usersroles/overview,docs/accessanalyzer/12.0/solutions/databases/sql/usersroles/overview.md,,,,,,
SQL_DatabasePrinciples Job,12.0,https://docs.netwrix.com/docs/accessanalyzer/12_0/solutions/databases/sql/usersroles/sql_databaseprinciples,docs/accessanalyzer/12.0/solutions/databases/sql/usersroles/sql_databaseprinciples.md,,,,,,
SQL_PasswordIssues Job,12.0,https://docs.netwrix.com/docs/accessanalyzer/12_0/solutions/databases/sql/usersroles/sql_passwordissues,docs/accessanalyzer/12.0/solutions/databases/sql/usersroles/sql_passwordissues.md,,,,,,
SQL_RoleMembers Job,12.0,https://docs.netwrix.com/docs/accessanalyzer/12_0/solutions/databases/sql/usersroles/sql_rolemembers,docs/accessanalyzer/12.0/solutions/databases/sql/usersroles/sql_rolemembers.md,,,,,,
SQL_ServerPrincipals Job,12.0,https://docs.netwrix.com/docs/accessanalyzer/12_0/solutions/databases/sql/usersroles/sql_serverprincipals,docs/accessanalyzer/12.0/solutions/databases/sql/usersroles/sql_serverprincipals.md,,,,,,
SQL_SQLLogins Job,12.0,https://docs.netwrix.com/docs/accessanalyzer/12_0/solutions/databases/sql/usersroles/sql_sqllogins,docs/accessanalyzer/12.0/solutions/databases/sql/usersroles/sql_sqllogins.md,,,,,,
SQL_SysAdmins Job,12.0,https://docs.netwrix.com/docs/accessanalyzer/12_0/solutions/databases/sql/usersroles/sql_sysadmins,docs/accessanalyzer/12.0/solutions/databases/sql/usersroles/sql_sysadmins.md,,,,,,
Update_Schema Job,12.0,https://docs.netwrix.com/docs/accessanalyzer/12_0/solutions/databases/update-schema,docs/accessanalyzer/12.0/solutions/databases/update-schema.md,,,,,,
1-Dropbox_Permissions Scan Job,12.0,https://docs.netwrix.com/docs/accessanalyzer/12_0/solutions/dropbox/collection/dropbox_permissions_scan,docs/accessanalyzer/12.0/solutions/dropbox/collection/1-dropbox_permissions_scan.md,,,,,,
1-Dropbox_SDD Scan Job,12.0,https://docs.netwrix.com/docs/accessanalyzer/12_0/solutions/dropbox/collection/dropbox_sdd_scan,docs/accessanalyzer/12.0/solutions/dropbox/collection/1-dropbox_sdd_scan.md,,,,,,
2-Dropbox_Permissions Bulk Import Job,12.0,https://docs.netwrix.com/docs/accessanalyzer/12_0/solutions/dropbox/collection/dropbox_permissions_bulk_import,docs/accessanalyzer/12.0/solutions/dropbox/collection/2-dropbox_permissions_bulk_import.md,,,,,,
2-Dropbox_SDD Bulk Import Job,12.0,https://docs.netwrix.com/docs/accessanalyzer/12_0/solutions/dropbox/collection/dropbox_sdd_bulk_import,docs/accessanalyzer/12.0/solutions/dropbox/collection/2-dropbox_sdd_bulk_import.md,,,,,,
0.Collection Job Group,12.0,https://docs.netwrix.com/docs/accessanalyzer/12_0/solutions/dropbox/collection/overview,docs/accessanalyzer/12.0/solutions/dropbox/collection/overview.md,,,,,,
1.Access > Dropbox_Access Job,12.0,https://docs.netwrix.com/docs/accessanalyzer/12_0/solutions/dropbox/dropbox_access,docs/accessanalyzer/12.0/solutions/dropbox/dropbox_access.md,,,,,,
4.Content > Dropbox_Content Job,12.0,https://docs.netwrix.com/docs/accessanalyzer/12_0/solutions/dropbox/dropbox_content,docs/accessanalyzer/12.0/solutions/dropbox/dropbox_content.md,,,,,,
3.Group Membership > Dropbox_GroupMembership Job,12.0,https://docs.netwrix.com/docs/accessanalyzer/12_0/solutions/dropbox/dropbox_groupmembership,docs/accessanalyzer/12.0/solutions/dropbox/dropbox_groupmembership.md,,,,,,
5.Sensitive Data > Dropbox_SensitiveData Job,12.0,https://docs.netwrix.com/docs/accessanalyzer/12_0/solutions/dropbox/dropbox_sensitivedata,docs/accessanalyzer/12.0/solutions/dropbox/dropbox_sensitivedata.md,,,,,,
2.Sharing > Dropbox_Sharing Job,12.0,https://docs.netwrix.com/docs/accessanalyzer/12_0/solutions/dropbox/dropbox_sharing,docs/accessanalyzer/12.0/solutions/dropbox/dropbox_sharing.md,,,,,,
Dropbox Solution,12.0,https://docs.netwrix.com/docs/accessanalyzer/12_0/solutions/dropbox/overview,docs/accessanalyzer/12.0/solutions/dropbox/overview.md,,,,,,
Recommended Configurations for the Dropbox Solution,12.0,https://docs.netwrix.com/docs/accessanalyzer/12_0/solutions/dropbox/recommended,docs/accessanalyzer/12.0/solutions/dropbox/recommended.md,,,,,,
AAD_CircularNesting Job,12.0,https://docs.netwrix.com/docs/accessanalyzer/12_0/solutions/entraid/groups/aad_circularnesting,docs/accessanalyzer/12.0/solutions/entraid/groups/aad_circularnesting.md,,,,,,
AAD_DuplicateGroups Job,12.0,https://docs.netwrix.com/docs/accessanalyzer/12_0/solutions/entraid/groups/aad_duplicategroups,docs/accessanalyzer/12.0/solutions/entraid/groups/aad_duplicategroups.md,,,,,,
AAD_EmptyGroups Job,12.0,https://docs.netwrix.com/docs/accessanalyzer/12_0/solutions/entraid/groups/aad_emptygroups,docs/accessanalyzer/12.0/solutions/entraid/groups/aad_emptygroups.md,,,,,,
AAD_GroupDirSync Job,12.0,https://docs.netwrix.com/docs/accessanalyzer/12_0/solutions/entraid/groups/aad_groupdirsync,docs/accessanalyzer/12.0/solutions/entraid/groups/aad_groupdirsync.md,,,,,,
AAD_LargestGroups Job,12.0,https://docs.netwrix.com/docs/accessanalyzer/12_0/solutions/entraid/groups/aad_largestgroups,docs/accessanalyzer/12.0/solutions/entraid/groups/aad_largestgroups.md,,,,,,
AAD_NestedGroups Job,12.0,https://docs.netwrix.com/docs/accessanalyzer/12_0/solutions/entraid/groups/aad_nestedgroups,docs/accessanalyzer/12.0/solutions/entraid/groups/aad_nestedgroups.md,,,,,,
AAD_ProbableOwners Job,12.0,https://docs.netwrix.com/docs/accessanalyzer/12_0/solutions/entraid/groups/aad_probableowners,docs/accessanalyzer/12.0/solutions/entraid/groups/aad_probableowners.md,,,,,,
AAD_StaleGroups Job,12.0,https://docs.netwrix.com/docs/accessanalyzer/12_0/solutions/entraid/groups/aad_stalegroups,docs/accessanalyzer/12.0/solutions/entraid/groups/aad_stalegroups.md,,,,,,
1.Groups Job Group,12.0,https://docs.netwrix.com/docs/accessanalyzer/12_0/solutions/entraid/groups/overview,docs/accessanalyzer/12.0/solutions/entraid/groups/overview.md,,,,,,
Entra ID Solution,12.0,https://docs.netwrix.com/docs/accessanalyzer/12_0/solutions/entraid/overview,docs/accessanalyzer/12.0/solutions/entraid/overview.md,,,,,,
Recommended Configurations for Entra ID Job Group,12.0,https://docs.netwrix.com/docs/accessanalyzer/12_0/solutions/entraid/recommended,docs/accessanalyzer/12.0/solutions/entraid/recommended.md,,,,,,
AAD_DirectMembership Job,12.0,https://docs.netwrix.com/docs/accessanalyzer/12_0/solutions/entraid/users/aad_directmembership,docs/accessanalyzer/12.0/solutions/entraid/users/aad_directmembership.md,,,,,,
AAD_DisabledUsers Job,12.0,https://docs.netwrix.com/docs/accessanalyzer/12_0/solutions/entraid/users/aad_disabledusers,docs/accessanalyzer/12.0/solutions/entraid/users/aad_disabledusers.md,,,,,,
AAD_StaleUsers Job,12.0,https://docs.netwrix.com/docs/accessanalyzer/12_0/solutions/entraid/users/aad_staleusers,docs/accessanalyzer/12.0/solutions/entraid/users/aad_staleusers.md,,,,,,
AAD_UserAttributeCompletion Job,12.0,https://docs.netwrix.com/docs/accessanalyzer/12_0/solutions/entraid/users/aad_userattributecompletion,docs/accessanalyzer/12.0/solutions/entraid/users/aad_userattributecompletion.md,,,,,,
AAD_UserDirSync Job,12.0,https://docs.netwrix.com/docs/accessanalyzer/12_0/solutions/entraid/users/aad_userdirsync,docs/accessanalyzer/12.0/solutions/entraid/users/aad_userdirsync.md,,,,,,
2.Users Job Group,12.0,https://docs.netwrix.com/docs/accessanalyzer/12_0/solutions/entraid/users/overview,docs/accessanalyzer/12.0/solutions/entraid/users/overview.md,,,,,,
1-AAD_Scan Job,12.0,https://docs.netwrix.com/docs/accessanalyzer/12_0/solutions/entraidinventory/aad_scan,docs/accessanalyzer/12.0/solutions/entraidinventory/1-aad_scan.md,,,,,,
2-AAD_Exceptions Job,12.0,https://docs.netwrix.com/docs/accessanalyzer/12_0/solutions/entraidinventory/aad_exceptions,docs/accessanalyzer/12.0/solutions/entraidinventory/2-aad_exceptions.md,,,,,,
.Entra ID Inventory Solution,12.0,https://docs.netwrix.com/docs/accessanalyzer/12_0/solutions/entraidinventory/overview,docs/accessanalyzer/12.0/solutions/entraidinventory/overview.md,,,,,,
Recommended Configurations for the .Entra ID Inventory Job Group,12.0,https://docs.netwrix.com/docs/accessanalyzer/12_0/solutions/entraidinventory/recommended,docs/accessanalyzer/12.0/solutions/entraidinventory/recommended.md,,,,,,
ActiveSync > EX_ActiveSync Job,12.0,https://docs.netwrix.com/docs/accessanalyzer/12_0/solutions/exchange/casmetrics/ex_activesync,docs/accessanalyzer/12.0/solutions/exchange/casmetrics/ex_activesync.md,,,,,,
EX_ASPolicies Job,12.0,https://docs.netwrix.com/docs/accessanalyzer/12_0/solutions/exchange/casmetrics/ex_aspolicies,docs/accessanalyzer/12.0/solutions/exchange/casmetrics/ex_aspolicies.md,,,,,,
0.Collection > EX_IISLogs Job,12.0,https://docs.netwrix.com/docs/accessanalyzer/12_0/solutions/exchange/casmetrics/ex_iislogs,docs/accessanalyzer/12.0/solutions/exchange/casmetrics/ex_iislogs.md,,,,,,
Outlook Web Access > EX_OWATraffic Job,12.0,https://docs.netwrix.com/docs/accessanalyzer/12_0/solutions/exchange/casmetrics/ex_owatraffic,docs/accessanalyzer/12.0/solutions/exchange/casmetrics/ex_owatraffic.md,,,,,,
Outlook Anywhere > EX_RPCTraffic Job,12.0,https://docs.netwrix.com/docs/accessanalyzer/12_0/solutions/exchange/casmetrics/ex_rpctraffic,docs/accessanalyzer/12.0/solutions/exchange/casmetrics/ex_rpctraffic.md,,,,,,
2.CAS Metrics Job Group,12.0,https://docs.netwrix.com/docs/accessanalyzer/12_0/solutions/exchange/casmetrics/overview,docs/accessanalyzer/12.0/solutions/exchange/casmetrics/overview.md,,,,,,
Recommended Configurations for the 2. CAS Metrics Job Group,12.0,https://docs.netwrix.com/docs/accessanalyzer/12_0/solutions/exchange/casmetrics/recommended,docs/accessanalyzer/12.0/solutions/exchange/casmetrics/recommended.md,,,,,,
1.Local > EX_DBInfo Job,12.0,https://docs.netwrix.com/docs/accessanalyzer/12_0/solutions/exchange/databases/collection/ex_dbinfo,docs/accessanalyzer/12.0/solutions/exchange/databases/collection/ex_dbinfo.md,,,,,,
2.PF > EX_PFInfo Job,12.0,https://docs.netwrix.com/docs/accessanalyzer/12_0/solutions/exchange/databases/collection/ex_pfinfo,docs/accessanalyzer/12.0/solutions/exchange/databases/collection/ex_pfinfo.md,,,,,,
0.Collection Job Group,12.0,https://docs.netwrix.com/docs/accessanalyzer/12_0/solutions/exchange/databases/collection/overview,docs/accessanalyzer/12.0/solutions/exchange/databases/collection/overview.md,,,,,,
EX_DBSizing Job,12.0,https://docs.netwrix.com/docs/accessanalyzer/12_0/solutions/exchange/databases/ex_dbsizing,docs/accessanalyzer/12.0/solutions/exchange/databases/ex_dbsizing.md,,,,,,
EX_DBTrending,12.0,https://docs.netwrix.com/docs/accessanalyzer/12_0/solutions/exchange/databases/ex_dbtrending,docs/accessanalyzer/12.0/solutions/exchange/databases/ex_dbtrending.md,,,,,,
3.Databases Job Group,12.0,https://docs.netwrix.com/docs/accessanalyzer/12_0/solutions/exchange/databases/overview,docs/accessanalyzer/12.0/solutions/exchange/databases/overview.md,,,,,,
Recommended Configurations for the 3. Databases Job Group,12.0,https://docs.netwrix.com/docs/accessanalyzer/12_0/solutions/exchange/databases/recommended,docs/accessanalyzer/12.0/solutions/exchange/databases/recommended.md,,,,,,
EX_DLCleanup Job,12.0,https://docs.netwrix.com/docs/accessanalyzer/12_0/solutions/exchange/distributionlists/ex_dlcleanup,docs/accessanalyzer/12.0/solutions/exchange/distributionlists/ex_dlcleanup.md,,,,,,
Effective Membership > EX_GroupExpansion Job,12.0,https://docs.netwrix.com/docs/accessanalyzer/12_0/solutions/exchange/distributionlists/ex_groupexpansion,docs/accessanalyzer/12.0/solutions/exchange/distributionlists/ex_groupexpansion.md,,,,,,
EX_CircularNesting Job,12.0,https://docs.netwrix.com/docs/accessanalyzer/12_0/solutions/exchange/distributionlists/membershipanalysis/ex_circularnesting,docs/accessanalyzer/12.0/solutions/exchange/distributionlists/membershipanalysis/ex_circularnesting.md,,,,,,
EX_EmptyGroups Job,12.0,https://docs.netwrix.com/docs/accessanalyzer/12_0/solutions/exchange/distributionlists/membershipanalysis/ex_emptygroups,docs/accessanalyzer/12.0/solutions/exchange/distributionlists/membershipanalysis/ex_emptygroups.md,,,,,,
EX_LargestGroups Job,12.0,https://docs.netwrix.com/docs/accessanalyzer/12_0/solutions/exchange/distributionlists/membershipanalysis/ex_largestgroups,docs/accessanalyzer/12.0/solutions/exchange/distributionlists/membershipanalysis/ex_largestgroups.md,,,,,,
EX_NestedGroups Job,12.0,https://docs.netwrix.com/docs/accessanalyzer/12_0/solutions/exchange/distributionlists/membershipanalysis/ex_nestedgroups,docs/accessanalyzer/12.0/solutions/exchange/distributionlists/membershipanalysis/ex_nestedgroups.md,,,,,,
EX_StaleGroups Job,12.0,https://docs.netwrix.com/docs/accessanalyzer/12_0/solutions/exchange/distributionlists/membershipanalysis/ex_stalegroups,docs/accessanalyzer/12.0/solutions/exchange/distributionlists/membershipanalysis/ex_stalegroups.md,,,,,,
Membership Analysis Job Group,12.0,https://docs.netwrix.com/docs/accessanalyzer/12_0/solutions/exchange/distributionlists/membershipanalysis/overview,docs/accessanalyzer/12.0/solutions/exchange/distributionlists/membershipanalysis/overview.md,,,,,,
6. Distribution Lists Job Group,12.0,https://docs.netwrix.com/docs/accessanalyzer/12_0/solutions/exchange/distributionlists/overview,docs/accessanalyzer/12.0/solutions/exchange/distributionlists/overview.md,,,,,,
Recommended Configurations for the 6. Distribution Lists Job Group,12.0,https://docs.netwrix.com/docs/accessanalyzer/12_0/solutions/exchange/distributionlists/recommended,docs/accessanalyzer/12.0/solutions/exchange/distributionlists/recommended.md,,,,,,
EX_UserOverview Job,12.0,https://docs.netwrix.com/docs/accessanalyzer/12_0/solutions/exchange/ex_useroverview,docs/accessanalyzer/12.0/solutions/exchange/ex_useroverview.md,,,,,,
.AppletStatusCheck Job,12.0,https://docs.netwrix.com/docs/accessanalyzer/12_0/solutions/exchange/hubmetrics/collection/appletstatuscheck,docs/accessanalyzer/12.0/solutions/exchange/hubmetrics/collection/appletstatuscheck.md,,,,,,
EX_MetricsCollection Job,12.0,https://docs.netwrix.com/docs/accessanalyzer/12_0/solutions/exchange/hubmetrics/collection/ex_metricscollection,docs/accessanalyzer/12.0/solutions/exchange/hubmetrics/collection/ex_metricscollection.md,,,,,,
EX_MetricsDetails Job,12.0,https://docs.netwrix.com/docs/accessanalyzer/12_0/solutions/exchange/hubmetrics/collection/ex_metricsdetails,docs/accessanalyzer/12.0/solutions/exchange/hubmetrics/collection/ex_metricsdetails.md,,,,,,
0. Collection Job Group,12.0,https://docs.netwrix.com/docs/accessanalyzer/12_0/solutions/exchange/hubmetrics/collection/overview,docs/accessanalyzer/12.0/solutions/exchange/hubmetrics/collection/overview.md,,,,,,
EX_DeliveryTimes Job,12.0,https://docs.netwrix.com/docs/accessanalyzer/12_0/solutions/exchange/hubmetrics/ex_deliverytimes,docs/accessanalyzer/12.0/solutions/exchange/hubmetrics/ex_deliverytimes.md,,,,,,
EX_DLMetrics Job,12.0,https://docs.netwrix.com/docs/accessanalyzer/12_0/solutions/exchange/hubmetrics/ex_dlmetrics,docs/accessanalyzer/12.0/solutions/exchange/hubmetrics/ex_dlmetrics.md,,,,,,
EX_DomainMetrics Job,12.0,https://docs.netwrix.com/docs/accessanalyzer/12_0/solutions/exchange/hubmetrics/ex_domainmetrics,docs/accessanalyzer/12.0/solutions/exchange/hubmetrics/ex_domainmetrics.md,,,,,,
EX_HourlyMetrics Job,12.0,https://docs.netwrix.com/docs/accessanalyzer/12_0/solutions/exchange/hubmetrics/ex_hourlymetrics,docs/accessanalyzer/12.0/solutions/exchange/hubmetrics/ex_hourlymetrics.md,,,,,,
EX_MessageSize Job,12.0,https://docs.netwrix.com/docs/accessanalyzer/12_0/solutions/exchange/hubmetrics/ex_messagesize,docs/accessanalyzer/12.0/solutions/exchange/hubmetrics/ex_messagesize.md,,,,,,
EX_ServerMetrics Job,12.0,https://docs.netwrix.com/docs/accessanalyzer/12_0/solutions/exchange/hubmetrics/ex_servermetrics,docs/accessanalyzer/12.0/solutions/exchange/hubmetrics/ex_servermetrics.md,,,,,,
EX_UserMetrics Job,12.0,https://docs.netwrix.com/docs/accessanalyzer/12_0/solutions/exchange/hubmetrics/ex_usermetrics,docs/accessanalyzer/12.0/solutions/exchange/hubmetrics/ex_usermetrics.md,,,,,,
1.HUB Metrics Job Group,12.0,https://docs.netwrix.com/docs/accessanalyzer/12_0/solutions/exchange/hubmetrics/overview,docs/accessanalyzer/12.0/solutions/exchange/hubmetrics/overview.md,,,,,,
Recommended Configurations for the 1. HUB Metrics Job Group,12.0,https://docs.netwrix.com/docs/accessanalyzer/12_0/solutions/exchange/hubmetrics/recommended,docs/accessanalyzer/12.0/solutions/exchange/hubmetrics/recommended.md,,,,,,
Features > EX_Features Job,12.0,https://docs.netwrix.com/docs/accessanalyzer/12_0/solutions/exchange/mailboxes/ex_features,docs/accessanalyzer/12.0/solutions/exchange/mailboxes/ex_features.md,,,,,,
0.Collection > EX_MailboxActivity Job,12.0,https://docs.netwrix.com/docs/accessanalyzer/12_0/solutions/exchange/mailboxes/logons/ex_mailboxactivity,docs/accessanalyzer/12.0/solutions/exchange/mailboxes/logons/ex_mailboxactivity.md,,,,,,
EX_MailboxLogons Job,12.0,https://docs.netwrix.com/docs/accessanalyzer/12_0/solutions/exchange/mailboxes/logons/ex_mailboxlogons,docs/accessanalyzer/12.0/solutions/exchange/mailboxes/logons/ex_mailboxlogons.md,,,,,,
Logons Job Group,12.0,https://docs.netwrix.com/docs/accessanalyzer/12_0/solutions/exchange/mailboxes/logons/overview,docs/accessanalyzer/12.0/solutions/exchange/mailboxes/logons/overview.md,,,,,,
4.Mailboxes Job Group,12.0,https://docs.netwrix.com/docs/accessanalyzer/12_0/solutions/exchange/mailboxes/overview,docs/accessanalyzer/12.0/solutions/exchange/mailboxes/overview.md,,,,,,
EX_Delegates Job,12.0,https://docs.netwrix.com/docs/accessanalyzer/12_0/solutions/exchange/mailboxes/permissions/collection/ex_delegates,docs/accessanalyzer/12.0/solutions/exchange/mailboxes/permissions/collection/ex_delegates.md,,,,,,
EX_MBRights Job,12.0,https://docs.netwrix.com/docs/accessanalyzer/12_0/solutions/exchange/mailboxes/permissions/collection/ex_mbrights,docs/accessanalyzer/12.0/solutions/exchange/mailboxes/permissions/collection/ex_mbrights.md,,,,,,
EX_Perms Job,12.0,https://docs.netwrix.com/docs/accessanalyzer/12_0/solutions/exchange/mailboxes/permissions/collection/ex_perms,docs/accessanalyzer/12.0/solutions/exchange/mailboxes/permissions/collection/ex_perms.md,,,,,,
EX_SendAs Job,12.0,https://docs.netwrix.com/docs/accessanalyzer/12_0/solutions/exchange/mailboxes/permissions/collection/ex_sendas,docs/accessanalyzer/12.0/solutions/exchange/mailboxes/permissions/collection/ex_sendas.md,,,,,,
0. Collection Job Group,12.0,https://docs.netwrix.com/docs/accessanalyzer/12_0/solutions/exchange/mailboxes/permissions/collection/overview,docs/accessanalyzer/12.0/solutions/exchange/mailboxes/permissions/collection/overview.md,,,,,,
EX_AdminGroups Job,12.0,https://docs.netwrix.com/docs/accessanalyzer/12_0/solutions/exchange/mailboxes/permissions/ex_admingroups,docs/accessanalyzer/12.0/solutions/exchange/mailboxes/permissions/ex_admingroups.md,,,,,,
EX_MailboxAccess Job,12.0,https://docs.netwrix.com/docs/accessanalyzer/12_0/solutions/exchange/mailboxes/permissions/ex_mailboxaccess,docs/accessanalyzer/12.0/solutions/exchange/mailboxes/permissions/ex_mailboxaccess.md,,,,,,
Permissions Job Group,12.0,https://docs.netwrix.com/docs/accessanalyzer/12_0/solutions/exchange/mailboxes/permissions/overview,docs/accessanalyzer/12.0/solutions/exchange/mailboxes/permissions/overview.md,,,,,,
Recommended Configurations for the 4. Mailboxes Job Group,12.0,https://docs.netwrix.com/docs/accessanalyzer/12_0/solutions/exchange/mailboxes/recommended,docs/accessanalyzer/12.0/solutions/exchange/mailboxes/recommended.md,,,,,,
EX_MailboxSizes Job,12.0,https://docs.netwrix.com/docs/accessanalyzer/12_0/solutions/exchange/mailboxes/sizing/ex_mailboxsizes,docs/accessanalyzer/12.0/solutions/exchange/mailboxes/sizing/ex_mailboxsizes.md,,,,,,
0.Collection > EX_MBSize Job,12.0,https://docs.netwrix.com/docs/accessanalyzer/12_0/solutions/exchange/mailboxes/sizing/ex_mbsize,docs/accessanalyzer/12.0/solutions/exchange/mailboxes/sizing/ex_mbsize.md,,,,,,
EX_StaleMailboxes Job,12.0,https://docs.netwrix.com/docs/accessanalyzer/12_0/solutions/exchange/mailboxes/sizing/ex_stalemailboxes,docs/accessanalyzer/12.0/solutions/exchange/mailboxes/sizing/ex_stalemailboxes.md,,,,,,
EX_StoreSizes Job,12.0,https://docs.netwrix.com/docs/accessanalyzer/12_0/solutions/exchange/mailboxes/sizing/ex_storesizes,docs/accessanalyzer/12.0/solutions/exchange/mailboxes/sizing/ex_storesizes.md,,,,,,
Sizing Job Group,12.0,https://docs.netwrix.com/docs/accessanalyzer/12_0/solutions/exchange/mailboxes/sizing/overview,docs/accessanalyzer/12.0/solutions/exchange/mailboxes/sizing/overview.md,,,,,,
EX_Mailflow_DL Job,12.0,https://docs.netwrix.com/docs/accessanalyzer/12_0/solutions/exchange/online/mailflow/ex_mailflow_dl,docs/accessanalyzer/12.0/solutions/exchange/online/mailflow/ex_mailflow_dl.md,,,,,,
EX_Mailflow_Domain Job,12.0,https://docs.netwrix.com/docs/accessanalyzer/12_0/solutions/exchange/online/mailflow/ex_mailflow_domain,docs/accessanalyzer/12.0/solutions/exchange/online/mailflow/ex_mailflow_domain.md,,,,,,
EX_Mailflow_Mailbox Job,12.0,https://docs.netwrix.com/docs/accessanalyzer/12_0/solutions/exchange/online/mailflow/ex_mailflow_mailbox,docs/accessanalyzer/12.0/solutions/exchange/online/mailflow/ex_mailflow_mailbox.md,,,,,,
EX_Mailflow_OrgOverview Job,12.0,https://docs.netwrix.com/docs/accessanalyzer/12_0/solutions/exchange/online/mailflow/ex_mailflow_orgoverview,docs/accessanalyzer/12.0/solutions/exchange/online/mailflow/ex_mailflow_orgoverview.md,,,,,,
0. Collection > EX_Mailflow Job,12.0,https://docs.netwrix.com/docs/accessanalyzer/12_0/solutions/exchange/online/mailflow/ex_mailflow,docs/accessanalyzer/12.0/solutions/exchange/online/mailflow/ex_mailflow.md,,,,,,
Mailflow Job Group,12.0,https://docs.netwrix.com/docs/accessanalyzer/12_0/solutions/exchange/online/mailflow/overview,docs/accessanalyzer/12.0/solutions/exchange/online/mailflow/overview.md,,,,,,
8.Exchange Online Job Group,12.0,https://docs.netwrix.com/docs/accessanalyzer/12_0/solutions/exchange/online/overview,docs/accessanalyzer/12.0/solutions/exchange/online/overview.md,,,,,,
Recommended Configurations for the 8. Exchange Online Job Group,12.0,https://docs.netwrix.com/docs/accessanalyzer/12_0/solutions/exchange/online/recommended,docs/accessanalyzer/12.0/solutions/exchange/online/recommended.md,,,,,,
Exchange Solution,12.0,https://docs.netwrix.com/docs/accessanalyzer/12_0/solutions/exchange/overview,docs/accessanalyzer/12.0/solutions/exchange/overview.md,,,,,,
Content Job Group,12.0,https://docs.netwrix.com/docs/accessanalyzer/12_0/solutions/exchange/publicfolders/content/overview,docs/accessanalyzer/12.0/solutions/exchange/publicfolders/content/overview.md,,,,,,
PF_Content Job,12.0,https://docs.netwrix.com/docs/accessanalyzer/12_0/solutions/exchange/publicfolders/content/pf_content,docs/accessanalyzer/12.0/solutions/exchange/publicfolders/content/pf_content.md,,,,,,
Collection > PF_ContentScans Job,12.0,https://docs.netwrix.com/docs/accessanalyzer/12_0/solutions/exchange/publicfolders/content/pf_contentscans,docs/accessanalyzer/12.0/solutions/exchange/publicfolders/content/pf_contentscans.md,,,,,,
Growth and Size Job Group,12.0,https://docs.netwrix.com/docs/accessanalyzer/12_0/solutions/exchange/publicfolders/growthsize/overview,docs/accessanalyzer/12.0/solutions/exchange/publicfolders/growthsize/overview.md,,,,,,
Collection > PF_FolderScans Job,12.0,https://docs.netwrix.com/docs/accessanalyzer/12_0/solutions/exchange/publicfolders/growthsize/pf_folderscans,docs/accessanalyzer/12.0/solutions/exchange/publicfolders/growthsize/pf_folderscans.md,,,,,,
PF_FolderSize Job,12.0,https://docs.netwrix.com/docs/accessanalyzer/12_0/solutions/exchange/publicfolders/growthsize/pf_foldersize,docs/accessanalyzer/12.0/solutions/exchange/publicfolders/growthsize/pf_foldersize.md,,,,,,
5. Public Folders Job Group,12.0,https://docs.netwrix.com/docs/accessanalyzer/12_0/solutions/exchange/publicfolders/overview,docs/accessanalyzer/12.0/solutions/exchange/publicfolders/overview.md,,,,,,
Ownership Job Group,12.0,https://docs.netwrix.com/docs/accessanalyzer/12_0/solutions/exchange/publicfolders/ownership/overview,docs/accessanalyzer/12.0/solutions/exchange/publicfolders/ownership/overview.md,,,,,,
Collection > PF_FolderOwnership Job,12.0,https://docs.netwrix.com/docs/accessanalyzer/12_0/solutions/exchange/publicfolders/ownership/pf_folderownership,docs/accessanalyzer/12.0/solutions/exchange/publicfolders/ownership/pf_folderownership.md,,,,,,
PF_Owners Job,12.0,https://docs.netwrix.com/docs/accessanalyzer/12_0/solutions/exchange/publicfolders/ownership/pf_owners,docs/accessanalyzer/12.0/solutions/exchange/publicfolders/ownership/pf_owners.md,,,,,,
Permissions Job Group,12.0,https://docs.netwrix.com/docs/accessanalyzer/12_0/solutions/exchange/publicfolders/permissions/overview,docs/accessanalyzer/12.0/solutions/exchange/publicfolders/permissions/overview.md,,,,,,
PF_Entitlements Job,12.0,https://docs.netwrix.com/docs/accessanalyzer/12_0/solutions/exchange/publicfolders/permissions/pf_entitlements,docs/accessanalyzer/12.0/solutions/exchange/publicfolders/permissions/pf_entitlements.md,,,,,,
Collection > PF_EntitlementScans Job,12.0,https://docs.netwrix.com/docs/accessanalyzer/12_0/solutions/exchange/publicfolders/permissions/pf_entitlementscans,docs/accessanalyzer/12.0/solutions/exchange/publicfolders/permissions/pf_entitlementscans.md,,,,,,
PF_Overview Job,12.0,https://docs.netwrix.com/docs/accessanalyzer/12_0/solutions/exchange/publicfolders/pf_overview,docs/accessanalyzer/12.0/solutions/exchange/publicfolders/pf_overview.md,,,,,,
Recommended Configurations for the 5. Public Folders Job Group,12.0,https://docs.netwrix.com/docs/accessanalyzer/12_0/solutions/exchange/publicfolders/recommended,docs/accessanalyzer/12.0/solutions/exchange/publicfolders/recommended.md,,,,,,
Recommended Configurations for the Exchange Solution,12.0,https://docs.netwrix.com/docs/accessanalyzer/12_0/solutions/exchange/recommended,docs/accessanalyzer/12.0/solutions/exchange/recommended.md,,,,,,
EX_Mailbox_SDD Job,12.0,https://docs.netwrix.com/docs/accessanalyzer/12_0/solutions/exchange/sensitivedata/collection/ex_mailbox_sdd,docs/accessanalyzer/12.0/solutions/exchange/sensitivedata/collection/ex_mailbox_sdd.md,,,,,,
EX_PublicFolder_SDD Job,12.0,https://docs.netwrix.com/docs/accessanalyzer/12_0/solutions/exchange/sensitivedata/collection/ex_publicfolder_sdd,docs/accessanalyzer/12.0/solutions/exchange/sensitivedata/collection/ex_publicfolder_sdd.md,,,,,,
0.Collection Job Group,12.0,https://docs.netwrix.com/docs/accessanalyzer/12_0/solutions/exchange/sensitivedata/collection/overview,docs/accessanalyzer/12.0/solutions/exchange/sensitivedata/collection/overview.md,,,,,,
EX_SDDResults Job,12.0,https://docs.netwrix.com/docs/accessanalyzer/12_0/solutions/exchange/sensitivedata/ex_sddresults,docs/accessanalyzer/12.0/solutions/exchange/sensitivedata/ex_sddresults.md,,,,,,
7.Sensitive Data Job Group,12.0,https://docs.netwrix.com/docs/accessanalyzer/12_0/solutions/exchange/sensitivedata/overview,docs/accessanalyzer/12.0/solutions/exchange/sensitivedata/overview.md,,,,,,
Recommended Configurations for the 7. Sensitive Data Job Group,12.0,https://docs.netwrix.com/docs/accessanalyzer/12_0/solutions/exchange/sensitivedata/recommended,docs/accessanalyzer/12.0/solutions/exchange/sensitivedata/recommended.md,,,,,,
FS_Deletions Job,12.0,https://docs.netwrix.com/docs/accessanalyzer/12_0/solutions/filesystem/activity/forensics/fs_deletions,docs/accessanalyzer/12.0/solutions/filesystem/activity/forensics/fs_deletions.md,,,,,,
FS_PermissionChanges Job,12.0,https://docs.netwrix.com/docs/accessanalyzer/12_0/solutions/filesystem/activity/forensics/fs_permissionchanges,docs/accessanalyzer/12.0/solutions/filesystem/activity/forensics/fs_permissionchanges.md,,,,,,
Forensics Job Group,12.0,https://docs.netwrix.com/docs/accessanalyzer/12_0/solutions/filesystem/activity/forensics/overview,docs/accessanalyzer/12.0/solutions/filesystem/activity/forensics/overview.md,,,,,,
Least Privileged Access > FS_LeastPrivilegedAccess Job,12.0,https://docs.netwrix.com/docs/accessanalyzer/12_0/solutions/filesystem/activity/fs_leastprivilegedaccess,docs/accessanalyzer/12.0/solutions/filesystem/activity/fs_leastprivilegedaccess.md,,,,,,
5.Activity Job Group,12.0,https://docs.netwrix.com/docs/accessanalyzer/12_0/solutions/filesystem/activity/overview,docs/accessanalyzer/12.0/solutions/filesystem/activity/overview.md,,,,,,
FS_AdminActvity Job,12.0,https://docs.netwrix.com/docs/accessanalyzer/12_0/solutions/filesystem/activity/security/fs_adminactvity,docs/accessanalyzer/12.0/solutions/filesystem/activity/security/fs_adminactvity.md,,,,,,
FS_HighRiskActivity Job,12.0,https://docs.netwrix.com/docs/accessanalyzer/12_0/solutions/filesystem/activity/security/fs_highriskactivity,docs/accessanalyzer/12.0/solutions/filesystem/activity/security/fs_highriskactivity.md,,,,,,
FS_LocalUserActivity Job,12.0,https://docs.netwrix.com/docs/accessanalyzer/12_0/solutions/filesystem/activity/security/fs_localuseractivity,docs/accessanalyzer/12.0/solutions/filesystem/activity/security/fs_localuseractivity.md,,,,,,
Security Job Group,12.0,https://docs.netwrix.com/docs/accessanalyzer/12_0/solutions/filesystem/activity/security/overview,docs/accessanalyzer/12.0/solutions/filesystem/activity/security/overview.md,,,,,,
FS_DeniedActivity Job,12.0,https://docs.netwrix.com/docs/accessanalyzer/12_0/solutions/filesystem/activity/suspiciousactivity/fs_deniedactivity,docs/accessanalyzer/12.0/solutions/filesystem/activity/suspiciousactivity/fs_deniedactivity.md,,,,,,
FS_HighestHourlyActivity Job,12.0,https://docs.netwrix.com/docs/accessanalyzer/12_0/solutions/filesystem/activity/suspiciousactivity/fs_highesthourlyactivity,docs/accessanalyzer/12.0/solutions/filesystem/activity/suspiciousactivity/fs_highesthourlyactivity.md,,,,,,
FS_HourlyShareActivity Job,12.0,https://docs.netwrix.com/docs/accessanalyzer/12_0/solutions/filesystem/activity/suspiciousactivity/fs_hourlyshareactivity,docs/accessanalyzer/12.0/solutions/filesystem/activity/suspiciousactivity/fs_hourlyshareactivity.md,,,,,,
FS_ModifiedBinaries Job,12.0,https://docs.netwrix.com/docs/accessanalyzer/12_0/solutions/filesystem/activity/suspiciousactivity/fs_modifiedbinaries,docs/accessanalyzer/12.0/solutions/filesystem/activity/suspiciousactivity/fs_modifiedbinaries.md,,,,,,
FS_PeerGroupActivity Job,12.0,https://docs.netwrix.com/docs/accessanalyzer/12_0/solutions/filesystem/activity/suspiciousactivity/fs_peergroupactivity,docs/accessanalyzer/12.0/solutions/filesystem/activity/suspiciousactivity/fs_peergroupactivity.md,,,,,,
FS_Ransomware Job,12.0,https://docs.netwrix.com/docs/accessanalyzer/12_0/solutions/filesystem/activity/suspiciousactivity/fs_ransomware,docs/accessanalyzer/12.0/solutions/filesystem/activity/suspiciousactivity/fs_ransomware.md,,,,,,
FS_SensitiveDataActivity Job,12.0,https://docs.netwrix.com/docs/accessanalyzer/12_0/solutions/filesystem/activity/suspiciousactivity/fs_sensitivedataactivity,docs/accessanalyzer/12.0/solutions/filesystem/activity/suspiciousactivity/fs_sensitivedataactivity.md,,,,,,
FS_StaleFileActivity Job,12.0,https://docs.netwrix.com/docs/accessanalyzer/12_0/solutions/filesystem/activity/suspiciousactivity/fs_stalefileactivity,docs/accessanalyzer/12.0/solutions/filesystem/activity/suspiciousactivity/fs_stalefileactivity.md,,,,,,
FS_UserShareActivity Job,12.0,https://docs.netwrix.com/docs/accessanalyzer/12_0/solutions/filesystem/activity/suspiciousactivity/fs_usershareactivity,docs/accessanalyzer/12.0/solutions/filesystem/activity/suspiciousactivity/fs_usershareactivity.md,,,,,,
FS_WeekendActivity Job,12.0,https://docs.netwrix.com/docs/accessanalyzer/12_0/solutions/filesystem/activity/suspiciousactivity/fs_weekendactivity,docs/accessanalyzer/12.0/solutions/filesystem/activity/suspiciousactivity/fs_weekendactivity.md,,,,,,
Suspicious Activity Job Group,12.0,https://docs.netwrix.com/docs/accessanalyzer/12_0/solutions/filesystem/activity/suspiciousactivity/overview,docs/accessanalyzer/12.0/solutions/filesystem/activity/suspiciousactivity/overview.md,,,,,,
FS_GroupUsage Job,12.0,https://docs.netwrix.com/docs/accessanalyzer/12_0/solutions/filesystem/activity/usagestatistics/fs_groupusage,docs/accessanalyzer/12.0/solutions/filesystem/activity/usagestatistics/fs_groupusage.md,,,,,,
FS_MostActiveServers Job,12.0,https://docs.netwrix.com/docs/accessanalyzer/12_0/solutions/filesystem/activity/usagestatistics/fs_mostactiveservers,docs/accessanalyzer/12.0/solutions/filesystem/activity/usagestatistics/fs_mostactiveservers.md,,,,,,
FS_MostActiveUsers Job,12.0,https://docs.netwrix.com/docs/accessanalyzer/12_0/solutions/filesystem/activity/usagestatistics/fs_mostactiveusers,docs/accessanalyzer/12.0/solutions/filesystem/activity/usagestatistics/fs_mostactiveusers.md,,,,,,
FS_StaleShares Job,12.0,https://docs.netwrix.com/docs/accessanalyzer/12_0/solutions/filesystem/activity/usagestatistics/fs_staleshares,docs/accessanalyzer/12.0/solutions/filesystem/activity/usagestatistics/fs_staleshares.md,,,,,,
Usage Statistics Job Group,12.0,https://docs.netwrix.com/docs/accessanalyzer/12_0/solutions/filesystem/activity/usagestatistics/overview,docs/accessanalyzer/12.0/solutions/filesystem/activity/usagestatistics/overview.md,,,,,,
FS_ShareAudit Job,12.0,https://docs.netwrix.com/docs/accessanalyzer/12_0/solutions/filesystem/adhocaudits/fs_shareaudit,docs/accessanalyzer/12.0/solutions/filesystem/adhocaudits/fs_shareaudit.md,,,,,,
FS_TrusteePermissions Job,12.0,https://docs.netwrix.com/docs/accessanalyzer/12_0/solutions/filesystem/adhocaudits/fs_trusteepermissions,docs/accessanalyzer/12.0/solutions/filesystem/adhocaudits/fs_trusteepermissions.md,,,,,,
Ad Hoc Audits Job Group,12.0,https://docs.netwrix.com/docs/accessanalyzer/12_0/solutions/filesystem/adhocaudits/overview,docs/accessanalyzer/12.0/solutions/filesystem/adhocaudits/overview.md,,,,,,
FS_DeleteFiles_Status Job,12.0,https://docs.netwrix.com/docs/accessanalyzer/12_0/solutions/filesystem/cleanup/delete/fs_deletefiles_status,docs/accessanalyzer/12.0/solutions/filesystem/cleanup/delete/fs_deletefiles_status.md,,,,,,
FS_DeleteFiles Job,12.0,https://docs.netwrix.com/docs/accessanalyzer/12_0/solutions/filesystem/cleanup/delete/fs_deletefiles,docs/accessanalyzer/12.0/solutions/filesystem/cleanup/delete/fs_deletefiles.md,,,,,,
4. Delete Job Group,12.0,https://docs.netwrix.com/docs/accessanalyzer/12_0/solutions/filesystem/cleanup/delete/overview,docs/accessanalyzer/12.0/solutions/filesystem/cleanup/delete/overview.md,,,,,,
1. Cleanup Assessment > FS_CleanupAssessment Job,12.0,https://docs.netwrix.com/docs/accessanalyzer/12_0/solutions/filesystem/cleanup/fs_cleanupassessment,docs/accessanalyzer/12.0/solutions/filesystem/cleanup/fs_cleanupassessment.md,,,,,,
FS_CleanupProgress Job,12.0,https://docs.netwrix.com/docs/accessanalyzer/12_0/solutions/filesystem/cleanup/fs_cleanupprogress,docs/accessanalyzer/12.0/solutions/filesystem/cleanup/fs_cleanupprogress.md,,,,,,
FS_NotifyOwners_Status Job,12.0,https://docs.netwrix.com/docs/accessanalyzer/12_0/solutions/filesystem/cleanup/notify/fs_notifyowners_status,docs/accessanalyzer/12.0/solutions/filesystem/cleanup/notify/fs_notifyowners_status.md,,,,,,
FS_NotifyOwners Job,12.0,https://docs.netwrix.com/docs/accessanalyzer/12_0/solutions/filesystem/cleanup/notify/fs_notifyowners,docs/accessanalyzer/12.0/solutions/filesystem/cleanup/notify/fs_notifyowners.md,,,,,,
2. Notify Job Group,12.0,https://docs.netwrix.com/docs/accessanalyzer/12_0/solutions/filesystem/cleanup/notify/overview,docs/accessanalyzer/12.0/solutions/filesystem/cleanup/notify/overview.md,,,,,,
Cleanup Job Group,12.0,https://docs.netwrix.com/docs/accessanalyzer/12_0/solutions/filesystem/cleanup/overview,docs/accessanalyzer/12.0/solutions/filesystem/cleanup/overview.md,,,,,,
FS_QuarantineData_Status Job,12.0,https://docs.netwrix.com/docs/accessanalyzer/12_0/solutions/filesystem/cleanup/quarantine/fs_quarantinedata_status,docs/accessanalyzer/12.0/solutions/filesystem/cleanup/quarantine/fs_quarantinedata_status.md,,,,,,
FS_QuarantineData Job,12.0,https://docs.netwrix.com/docs/accessanalyzer/12_0/solutions/filesystem/cleanup/quarantine/fs_quarantinedata,docs/accessanalyzer/12.0/solutions/filesystem/cleanup/quarantine/fs_quarantinedata.md,,,,,,
FS_RestoreInheritance_Status Job,12.0,https://docs.netwrix.com/docs/accessanalyzer/12_0/solutions/filesystem/cleanup/quarantine/fs_restoreinheritance_status,docs/accessanalyzer/12.0/solutions/filesystem/cleanup/quarantine/fs_restoreinheritance_status.md,,,,,,
FS_RestoreInheritance Job,12.0,https://docs.netwrix.com/docs/accessanalyzer/12_0/solutions/filesystem/cleanup/quarantine/fs_restoreinheritance,docs/accessanalyzer/12.0/solutions/filesystem/cleanup/quarantine/fs_restoreinheritance.md,,,,,,
3. Quarantine Job Group,12.0,https://docs.netwrix.com/docs/accessanalyzer/12_0/solutions/filesystem/cleanup/quarantine/overview,docs/accessanalyzer/12.0/solutions/filesystem/cleanup/quarantine/overview.md,,,,,,
0-Create Schema Job,12.0,https://docs.netwrix.com/docs/accessanalyzer/12_0/solutions/filesystem/collection/create_schema,docs/accessanalyzer/12.0/solutions/filesystem/collection/0-create_schema.md,,,,,,
0-FS_Nasuni Job,12.0,https://docs.netwrix.com/docs/accessanalyzer/12_0/solutions/filesystem/collection/fs_nasuni,docs/accessanalyzer/12.0/solutions/filesystem/collection/0-fs_nasuni.md,,,,,,
0-FSDFS System Scans Job,12.0,https://docs.netwrix.com/docs/accessanalyzer/12_0/solutions/filesystem/collection/fsdfs_system_scans,docs/accessanalyzer/12.0/solutions/filesystem/collection/0-fsdfs_system_scans.md,,,,,,
1-FSAA System Scans Job,12.0,https://docs.netwrix.com/docs/accessanalyzer/12_0/solutions/filesystem/collection/fsaa_system_scans,docs/accessanalyzer/12.0/solutions/filesystem/collection/1-fsaa_system_scans.md,,,,,,
1-FSAC System Scans Job,12.0,https://docs.netwrix.com/docs/accessanalyzer/12_0/solutions/filesystem/collection/fsac_system_scans,docs/accessanalyzer/12.0/solutions/filesystem/collection/1-fsac_system_scans.md,,,,,,
1-SEEK System Scans Job,12.0,https://docs.netwrix.com/docs/accessanalyzer/12_0/solutions/filesystem/collection/seek_system_scans,docs/accessanalyzer/12.0/solutions/filesystem/collection/1-seek_system_scans.md,,,,,,
2-FSAA Bulk Import Job,12.0,https://docs.netwrix.com/docs/accessanalyzer/12_0/solutions/filesystem/collection/fsaa_bulk_import,docs/accessanalyzer/12.0/solutions/filesystem/collection/2-fsaa_bulk_import.md,,,,,,
2-FSAC Bulk Import Job,12.0,https://docs.netwrix.com/docs/accessanalyzer/12_0/solutions/filesystem/collection/fsac_bulk_import,docs/accessanalyzer/12.0/solutions/filesystem/collection/2-fsac_bulk_import.md,,,,,,
2-SEEK Bulk Import Job,12.0,https://docs.netwrix.com/docs/accessanalyzer/12_0/solutions/filesystem/collection/seek_bulk_import,docs/accessanalyzer/12.0/solutions/filesystem/collection/2-seek_bulk_import.md,,,,,,
3-FSAA Exceptions Job,12.0,https://docs.netwrix.com/docs/accessanalyzer/12_0/solutions/filesystem/collection/fsaa_exceptions,docs/accessanalyzer/12.0/solutions/filesystem/collection/3-fsaa_exceptions.md,,,,,,
3-FSAC Exceptions Job,12.0,https://docs.netwrix.com/docs/accessanalyzer/12_0/solutions/filesystem/collection/fsac_exceptions,docs/accessanalyzer/12.0/solutions/filesystem/collection/3-fsac_exceptions.md,,,,,,
FS_AzureTenantScan Job,12.0,https://docs.netwrix.com/docs/accessanalyzer/12_0/solutions/filesystem/collection/fs_azuretenantscan,docs/accessanalyzer/12.0/solutions/filesystem/collection/fs_azuretenantscan.md,,,,,,
0.Collection Job Group,12.0,https://docs.netwrix.com/docs/accessanalyzer/12_0/solutions/filesystem/collection/overview,docs/accessanalyzer/12.0/solutions/filesystem/collection/overview.md,,,,,,
File Types > FS_FileTypes Job,12.0,https://docs.netwrix.com/docs/accessanalyzer/12_0/solutions/filesystem/content/fs_filetypes,docs/accessanalyzer/12.0/solutions/filesystem/content/fs_filetypes.md,,,,,,
Stale > FS_StaleContent Job,12.0,https://docs.netwrix.com/docs/accessanalyzer/12_0/solutions/filesystem/content/fs_stalecontent,docs/accessanalyzer/12.0/solutions/filesystem/content/fs_stalecontent.md,,,,,,
4.Content Job Group,12.0,https://docs.netwrix.com/docs/accessanalyzer/12_0/solutions/filesystem/content/overview,docs/accessanalyzer/12.0/solutions/filesystem/content/overview.md,,,,,,
FS_EmptyResources Job,12.0,https://docs.netwrix.com/docs/accessanalyzer/12_0/solutions/filesystem/content/sizing/fs_emptyresources,docs/accessanalyzer/12.0/solutions/filesystem/content/sizing/fs_emptyresources.md,,,,,,
FS_LargestResources Job,12.0,https://docs.netwrix.com/docs/accessanalyzer/12_0/solutions/filesystem/content/sizing/fs_largestresources,docs/accessanalyzer/12.0/solutions/filesystem/content/sizing/fs_largestresources.md,,,,,,
FS_SmallestResources Job,12.0,https://docs.netwrix.com/docs/accessanalyzer/12_0/solutions/filesystem/content/sizing/fs_smallestresources,docs/accessanalyzer/12.0/solutions/filesystem/content/sizing/fs_smallestresources.md,,,,,,
Sizing Job Group,12.0,https://docs.netwrix.com/docs/accessanalyzer/12_0/solutions/filesystem/content/sizing/overview,docs/accessanalyzer/12.0/solutions/filesystem/content/sizing/overview.md,,,,,,
FS_AIPLabels Job,12.0,https://docs.netwrix.com/docs/accessanalyzer/12_0/solutions/filesystem/content/tags/fs_aiplabels,docs/accessanalyzer/12.0/solutions/filesystem/content/tags/fs_aiplabels.md,,,,,,
FS_FileTags Job,12.0,https://docs.netwrix.com/docs/accessanalyzer/12_0/solutions/filesystem/content/tags/fs_filetags,docs/accessanalyzer/12.0/solutions/filesystem/content/tags/fs_filetags.md,,,,,,
Tags Job Group,12.0,https://docs.netwrix.com/docs/accessanalyzer/12_0/solutions/filesystem/content/tags/overview,docs/accessanalyzer/12.0/solutions/filesystem/content/tags/overview.md,,,,,,
FS_DomainUserACLs Job,12.0,https://docs.netwrix.com/docs/accessanalyzer/12_0/solutions/filesystem/directpermissions/fs_domainuseracls,docs/accessanalyzer/12.0/solutions/filesystem/directpermissions/fs_domainuseracls.md,,,,,,
FS_HighRiskACLs Job,12.0,https://docs.netwrix.com/docs/accessanalyzer/12_0/solutions/filesystem/directpermissions/fs_highriskacls,docs/accessanalyzer/12.0/solutions/filesystem/directpermissions/fs_highriskacls.md,,,,,,
FS_LocalUsersAndGroups Job,12.0,https://docs.netwrix.com/docs/accessanalyzer/12_0/solutions/filesystem/directpermissions/fs_localusersandgroups,docs/accessanalyzer/12.0/solutions/filesystem/directpermissions/fs_localusersandgroups.md,,,,,,
FS_MissingFullControl Job,12.0,https://docs.netwrix.com/docs/accessanalyzer/12_0/solutions/filesystem/directpermissions/fs_missingfullcontrol,docs/accessanalyzer/12.0/solutions/filesystem/directpermissions/fs_missingfullcontrol.md,,,,,,
FS_NestedShares Job,12.0,https://docs.netwrix.com/docs/accessanalyzer/12_0/solutions/filesystem/directpermissions/fs_nestedshares,docs/accessanalyzer/12.0/solutions/filesystem/directpermissions/fs_nestedshares.md,,,,,,
FS_SIDHistory Job,12.0,https://docs.netwrix.com/docs/accessanalyzer/12_0/solutions/filesystem/directpermissions/fs_sidhistory,docs/accessanalyzer/12.0/solutions/filesystem/directpermissions/fs_sidhistory.md,,,,,,
FS_UnresolvedSIDs Job,12.0,https://docs.netwrix.com/docs/accessanalyzer/12_0/solutions/filesystem/directpermissions/fs_unresolvedsids,docs/accessanalyzer/12.0/solutions/filesystem/directpermissions/fs_unresolvedsids.md,,,,,,
2.Direct Permissions Job Group,12.0,https://docs.netwrix.com/docs/accessanalyzer/12_0/solutions/filesystem/directpermissions/overview,docs/accessanalyzer/12.0/solutions/filesystem/directpermissions/overview.md,,,,,,
FileSystemOverview Job,12.0,https://docs.netwrix.com/docs/accessanalyzer/12_0/solutions/filesystem/filesystemoverview,docs/accessanalyzer/12.0/solutions/filesystem/filesystemoverview.md,,,,,,
3.Broken Inheritance > FS_BrokenInheritance Job,12.0,https://docs.netwrix.com/docs/accessanalyzer/12_0/solutions/filesystem/fs_brokeninheritance,docs/accessanalyzer/12.0/solutions/filesystem/fs_brokeninheritance.md,,,,,,
7.Sensitive Data > FS_DLPResults Job,12.0,https://docs.netwrix.com/docs/accessanalyzer/12_0/solutions/filesystem/fs_dlpresults,docs/accessanalyzer/12.0/solutions/filesystem/fs_dlpresults.md,,,,,,
1.Open Access > FS_OpenAccess Job,12.0,https://docs.netwrix.com/docs/accessanalyzer/12_0/solutions/filesystem/fs_openaccess,docs/accessanalyzer/12.0/solutions/filesystem/fs_openaccess.md,,,,,,
6.Probable Owner > FS_ProbableOwner Job,12.0,https://docs.netwrix.com/docs/accessanalyzer/12_0/solutions/filesystem/fs_probableowner,docs/accessanalyzer/12.0/solutions/filesystem/fs_probableowner.md,,,,,,
FS_SecurityAssessment Job,12.0,https://docs.netwrix.com/docs/accessanalyzer/12_0/solutions/filesystem/fs_securityassessment,docs/accessanalyzer/12.0/solutions/filesystem/fs_securityassessment.md,,,,,,
File System Solution,12.0,https://docs.netwrix.com/docs/accessanalyzer/12_0/solutions/filesystem/overview,docs/accessanalyzer/12.0/solutions/filesystem/overview.md,,,,,,
Recommended Configuration for the File System Solution,12.0,https://docs.netwrix.com/docs/accessanalyzer/12_0/solutions/filesystem/recommended,docs/accessanalyzer/12.0/solutions/filesystem/recommended.md,,,,,,
FS_ResourceBasedGroupAICImport Job,12.0,https://docs.netwrix.com/docs/accessanalyzer/12_0/solutions/filesystem/resourcebasedgroups/fs_resourcebasedgroupaicimport,docs/accessanalyzer/12.0/solutions/filesystem/resourcebasedgroups/fs_resourcebasedgroupaicimport.md,,,,,,
FS_ResourceBasedGroups Job,12.0,https://docs.netwrix.com/docs/accessanalyzer/12_0/solutions/filesystem/resourcebasedgroups/fs_resourcebasedgroups,docs/accessanalyzer/12.0/solutions/filesystem/resourcebasedgroups/fs_resourcebasedgroups.md,,,,,,
FS_TraverseGroups Job,12.0,https://docs.netwrix.com/docs/accessanalyzer/12_0/solutions/filesystem/resourcebasedgroups/fs_traversegroups,docs/accessanalyzer/12.0/solutions/filesystem/resourcebasedgroups/fs_traversegroups.md,,,,,,
Resource Based Groups Job Group,12.0,https://docs.netwrix.com/docs/accessanalyzer/12_0/solutions/filesystem/resourcebasedgroups/overview,docs/accessanalyzer/12.0/solutions/filesystem/resourcebasedgroups/overview.md,,,,,,
NIS Scan Job,12.0,https://docs.netwrix.com/docs/accessanalyzer/12_0/solutions/nisinventory/nis_scan,docs/accessanalyzer/12.0/solutions/nisinventory/nis_scan.md,,,,,,
.NIS Inventory Solution,12.0,https://docs.netwrix.com/docs/accessanalyzer/12_0/solutions/nisinventory/overview,docs/accessanalyzer/12.0/solutions/nisinventory/overview.md,,,,,,
Recommended Configuration for the .NIS Inventory Solution,12.0,https://docs.netwrix.com/docs/accessanalyzer/12_0/solutions/nisinventory/recommended,docs/accessanalyzer/12.0/solutions/nisinventory/recommended.md,,,,,,
Solutions,12.0,https://docs.netwrix.com/docs/accessanalyzer/12_0/solutions/overview,docs/accessanalyzer/12.0/solutions/overview.md,,,,,,
Forensics Job Group,12.0,https://docs.netwrix.com/docs/accessanalyzer/12_0/solutions/sharepoint/activity/forensics/overview,docs/accessanalyzer/12.0/solutions/sharepoint/activity/forensics/overview.md,,,,,,
SP_Deletions Job,12.0,https://docs.netwrix.com/docs/accessanalyzer/12_0/solutions/sharepoint/activity/forensics/sp_deletions,docs/accessanalyzer/12.0/solutions/sharepoint/activity/forensics/sp_deletions.md,,,,,,
SP_PermissionChanges Job,12.0,https://docs.netwrix.com/docs/accessanalyzer/12_0/solutions/sharepoint/activity/forensics/sp_permissionchanges,docs/accessanalyzer/12.0/solutions/sharepoint/activity/forensics/sp_permissionchanges.md,,,,,,
SP_SensitiveDataActivity Job,12.0,https://docs.netwrix.com/docs/accessanalyzer/12_0/solutions/sharepoint/activity/forensics/sp_sensitivedataactivity,docs/accessanalyzer/12.0/solutions/sharepoint/activity/forensics/sp_sensitivedataactivity.md,,,,,,
7.Activity Job Group,12.0,https://docs.netwrix.com/docs/accessanalyzer/12_0/solutions/sharepoint/activity/overview,docs/accessanalyzer/12.0/solutions/sharepoint/activity/overview.md,,,,,,
Usage Statistics Job Group,12.0,https://docs.netwrix.com/docs/accessanalyzer/12_0/solutions/sharepoint/activity/usagestatistics/overview,docs/accessanalyzer/12.0/solutions/sharepoint/activity/usagestatistics/overview.md,,,,,,
SP_InactiveSites Job,12.0,https://docs.netwrix.com/docs/accessanalyzer/12_0/solutions/sharepoint/activity/usagestatistics/sp_inactivesites,docs/accessanalyzer/12.0/solutions/sharepoint/activity/usagestatistics/sp_inactivesites.md,,,,,,
SP_MostActiveSites Job,12.0,https://docs.netwrix.com/docs/accessanalyzer/12_0/solutions/sharepoint/activity/usagestatistics/sp_mostactivesites,docs/accessanalyzer/12.0/solutions/sharepoint/activity/usagestatistics/sp_mostactivesites.md,,,,,,
SP_MostActiveUsers Job,12.0,https://docs.netwrix.com/docs/accessanalyzer/12_0/solutions/sharepoint/activity/usagestatistics/sp_mostactiveusers,docs/accessanalyzer/12.0/solutions/sharepoint/activity/usagestatistics/sp_mostactiveusers.md,,,,,,
1-SPSEEK_SystemScans Job,12.0,https://docs.netwrix.com/docs/accessanalyzer/12_0/solutions/sharepoint/collection/spseek_systemscans,docs/accessanalyzer/12.0/solutions/sharepoint/collection/1-spseek_systemscans.md,,,,,,
2-SPAA_SystemScans Job,12.0,https://docs.netwrix.com/docs/accessanalyzer/12_0/solutions/sharepoint/collection/spaa_systemscans,docs/accessanalyzer/12.0/solutions/sharepoint/collection/2-spaa_systemscans.md,,,,,,
3-SPAC_SystemScans Job,12.0,https://docs.netwrix.com/docs/accessanalyzer/12_0/solutions/sharepoint/collection/spac_systemscans,docs/accessanalyzer/12.0/solutions/sharepoint/collection/3-spac_systemscans.md,,,,,,
4-SPSEEK_BulkImport Job,12.0,https://docs.netwrix.com/docs/accessanalyzer/12_0/solutions/sharepoint/collection/spseek_bulkimport,docs/accessanalyzer/12.0/solutions/sharepoint/collection/4-spseek_bulkimport.md,,,,,,
5-SPAA_BulkImport Job,12.0,https://docs.netwrix.com/docs/accessanalyzer/12_0/solutions/sharepoint/collection/spaa_bulkimport,docs/accessanalyzer/12.0/solutions/sharepoint/collection/5-spaa_bulkimport.md,,,,,,
6-SPAC_BulkImport Job,12.0,https://docs.netwrix.com/docs/accessanalyzer/12_0/solutions/sharepoint/collection/spac_bulkimport,docs/accessanalyzer/12.0/solutions/sharepoint/collection/6-spac_bulkimport.md,,,,,,
7-SPAA_Exceptions Job,12.0,https://docs.netwrix.com/docs/accessanalyzer/12_0/solutions/sharepoint/collection/spaa_exceptions,docs/accessanalyzer/12.0/solutions/sharepoint/collection/7-spaa_exceptions.md,,,,,,
0.Collection Job Group,12.0,https://docs.netwrix.com/docs/accessanalyzer/12_0/solutions/sharepoint/collection/overview,docs/accessanalyzer/12.0/solutions/sharepoint/collection/overview.md,,,,,,
4.Content Job Group,12.0,https://docs.netwrix.com/docs/accessanalyzer/12_0/solutions/sharepoint/content/overview,docs/accessanalyzer/12.0/solutions/sharepoint/content/overview.md,,,,,,
SP_LargestFiles Job,12.0,https://docs.netwrix.com/docs/accessanalyzer/12_0/solutions/sharepoint/content/sp_largestfiles,docs/accessanalyzer/12.0/solutions/sharepoint/content/sp_largestfiles.md,,,,,,
SP_StaleFiles Job,12.0,https://docs.netwrix.com/docs/accessanalyzer/12_0/solutions/sharepoint/content/sp_stalefiles,docs/accessanalyzer/12.0/solutions/sharepoint/content/sp_stalefiles.md,,,,,,
1.Direct Permissions Job Group,12.0,https://docs.netwrix.com/docs/accessanalyzer/12_0/solutions/sharepoint/directpermissions/overview,docs/accessanalyzer/12.0/solutions/sharepoint/directpermissions/overview.md,,,,,,
SP_DomainUsers Job,12.0,https://docs.netwrix.com/docs/accessanalyzer/12_0/solutions/sharepoint/directpermissions/sp_domainusers,docs/accessanalyzer/12.0/solutions/sharepoint/directpermissions/sp_domainusers.md,,,,,,
SP_EmptyDomainGroupPerms Job,12.0,https://docs.netwrix.com/docs/accessanalyzer/12_0/solutions/sharepoint/directpermissions/sp_emptydomaingroupperms,docs/accessanalyzer/12.0/solutions/sharepoint/directpermissions/sp_emptydomaingroupperms.md,,,,,,
SP_HighRiskPermissions Job,12.0,https://docs.netwrix.com/docs/accessanalyzer/12_0/solutions/sharepoint/directpermissions/sp_highriskpermissions,docs/accessanalyzer/12.0/solutions/sharepoint/directpermissions/sp_highriskpermissions.md,,,,,,
SP_SiteCollectionPerms Job,12.0,https://docs.netwrix.com/docs/accessanalyzer/12_0/solutions/sharepoint/directpermissions/sp_sitecollectionperms,docs/accessanalyzer/12.0/solutions/sharepoint/directpermissions/sp_sitecollectionperms.md,,,,,,
SP_StaleUsers Job,12.0,https://docs.netwrix.com/docs/accessanalyzer/12_0/solutions/sharepoint/directpermissions/sp_staleusers,docs/accessanalyzer/12.0/solutions/sharepoint/directpermissions/sp_staleusers.md,,,,,,
SP_UnresolvedSIDs Job,12.0,https://docs.netwrix.com/docs/accessanalyzer/12_0/solutions/sharepoint/directpermissions/sp_unresolvedsids,docs/accessanalyzer/12.0/solutions/sharepoint/directpermissions/sp_unresolvedsids.md,,,,,,
Effective Access Audits Job Group,12.0,https://docs.netwrix.com/docs/accessanalyzer/12_0/solutions/sharepoint/effectiveaccessaudits/overview,docs/accessanalyzer/12.0/solutions/sharepoint/effectiveaccessaudits/overview.md,,,,,,
Scoping > SP_TrusteeAccess Job,12.0,https://docs.netwrix.com/docs/accessanalyzer/12_0/solutions/sharepoint/effectiveaccessaudits/sp_trusteeaccess,docs/accessanalyzer/12.0/solutions/sharepoint/effectiveaccessaudits/sp_trusteeaccess.md,,,,,,
SP_TrusteeAudit Job,12.0,https://docs.netwrix.com/docs/accessanalyzer/12_0/solutions/sharepoint/effectiveaccessaudits/sp_trusteeaudit,docs/accessanalyzer/12.0/solutions/sharepoint/effectiveaccessaudits/sp_trusteeaudit.md,,,,,,
8.M365 Job Group,12.0,https://docs.netwrix.com/docs/accessanalyzer/12_0/solutions/sharepoint/m365/overview,docs/accessanalyzer/12.0/solutions/sharepoint/m365/overview.md,,,,,,
SP_ExternalUsers Job,12.0,https://docs.netwrix.com/docs/accessanalyzer/12_0/solutions/sharepoint/m365/sp_externalusers,docs/accessanalyzer/12.0/solutions/sharepoint/m365/sp_externalusers.md,,,,,,
SP_OneDrives Job,12.0,https://docs.netwrix.com/docs/accessanalyzer/12_0/solutions/sharepoint/m365/sp_onedrives,docs/accessanalyzer/12.0/solutions/sharepoint/m365/sp_onedrives.md,,,,,,
SP_SharedLinks Job,12.0,https://docs.netwrix.com/docs/accessanalyzer/12_0/solutions/sharepoint/m365/sp_sharedlinks,docs/accessanalyzer/12.0/solutions/sharepoint/m365/sp_sharedlinks.md,,,,,,
SP_StaleTeamSites Job,12.0,https://docs.netwrix.com/docs/accessanalyzer/12_0/solutions/sharepoint/m365/sp_staleteamsites,docs/accessanalyzer/12.0/solutions/sharepoint/m365/sp_staleteamsites.md,,,,,,
SP_Teams,12.0,https://docs.netwrix.com/docs/accessanalyzer/12_0/solutions/sharepoint/m365/sp_teams,docs/accessanalyzer/12.0/solutions/sharepoint/m365/sp_teams.md,,,,,,
SP_TeamsExternalUserActivity Job,12.0,https://docs.netwrix.com/docs/accessanalyzer/12_0/solutions/sharepoint/m365/sp_teamsexternaluseractivity,docs/accessanalyzer/12.0/solutions/sharepoint/m365/sp_teamsexternaluseractivity.md,,,,,,
SP_TeamsSensitiveData Job,12.0,https://docs.netwrix.com/docs/accessanalyzer/12_0/solutions/sharepoint/m365/sp_teamssensitivedata,docs/accessanalyzer/12.0/solutions/sharepoint/m365/sp_teamssensitivedata.md,,,,,,
SharePoint Solution,12.0,https://docs.netwrix.com/docs/accessanalyzer/12_0/solutions/sharepoint/overview,docs/accessanalyzer/12.0/solutions/sharepoint/overview.md,,,,,,
Recommended Configuration for the SharePoint Solution,12.0,https://docs.netwrix.com/docs/accessanalyzer/12_0/solutions/sharepoint/recommended,docs/accessanalyzer/12.0/solutions/sharepoint/recommended.md,,,,,,
3.Broken Inheritance > SP_BrokenInheritance Job,12.0,https://docs.netwrix.com/docs/accessanalyzer/12_0/solutions/sharepoint/sp_brokeninheritance,docs/accessanalyzer/12.0/solutions/sharepoint/sp_brokeninheritance.md,,,,,,
2.High Risk Sites > SP_OpenAccess Job,12.0,https://docs.netwrix.com/docs/accessanalyzer/12_0/solutions/sharepoint/sp_openaccess,docs/accessanalyzer/12.0/solutions/sharepoint/sp_openaccess.md,,,,,,
SP_Overview Job,12.0,https://docs.netwrix.com/docs/accessanalyzer/12_0/solutions/sharepoint/sp_overview,docs/accessanalyzer/12.0/solutions/sharepoint/sp_overview.md,,,,,,
5.Probable Owner > SP_ProbableOwner Job,12.0,https://docs.netwrix.com/docs/accessanalyzer/12_0/solutions/sharepoint/sp_probableowner,docs/accessanalyzer/12.0/solutions/sharepoint/sp_probableowner.md,,,,,,
6.Sensitive Data > SP_SensitiveData Job,12.0,https://docs.netwrix.com/docs/accessanalyzer/12_0/solutions/sharepoint/sp_sensitivedata,docs/accessanalyzer/12.0/solutions/sharepoint/sp_sensitivedata.md,,,,,,
Unix Solution,12.0,https://docs.netwrix.com/docs/accessanalyzer/12_0/solutions/unix/overview,docs/accessanalyzer/12.0/solutions/unix/overview.md,,,,,,
2.Privileged Access Job Group,12.0,https://docs.netwrix.com/docs/accessanalyzer/12_0/solutions/unix/privilegedaccess/overview,docs/accessanalyzer/12.0/solutions/unix/privilegedaccess/overview.md,,,,,,
0.Collection Job Group,12.0,https://docs.netwrix.com/docs/accessanalyzer/12_0/solutions/unix/privilegedaccess/sudoers/collection/overview,docs/accessanalyzer/12.0/solutions/unix/privilegedaccess/sudoers/collection/overview.md,,,,,,
UX_MakeDirectory Job,12.0,https://docs.netwrix.com/docs/accessanalyzer/12_0/solutions/unix/privilegedaccess/sudoers/collection/ux_makedirectory,docs/accessanalyzer/12.0/solutions/unix/privilegedaccess/sudoers/collection/ux_makedirectory.md,,,,,,
UX_ParseSudeors Job,12.0,https://docs.netwrix.com/docs/accessanalyzer/12_0/solutions/unix/privilegedaccess/sudoers/collection/ux_parsesudeors,docs/accessanalyzer/12.0/solutions/unix/privilegedaccess/sudoers/collection/ux_parsesudeors.md,,,,,,
Sudoers Job Group,12.0,https://docs.netwrix.com/docs/accessanalyzer/12_0/solutions/unix/privilegedaccess/sudoers/overview,docs/accessanalyzer/12.0/solutions/unix/privilegedaccess/sudoers/overview.md,,,,,,
UX_Sudoers Job,12.0,https://docs.netwrix.com/docs/accessanalyzer/12_0/solutions/unix/privilegedaccess/sudoers/ux_sudoers,docs/accessanalyzer/12.0/solutions/unix/privilegedaccess/sudoers/ux_sudoers.md,,,,,,
UX_CriticalFiles Job,12.0,https://docs.netwrix.com/docs/accessanalyzer/12_0/solutions/unix/privilegedaccess/ux_criticalfiles,docs/accessanalyzer/12.0/solutions/unix/privilegedaccess/ux_criticalfiles.md,,,,,,
Recommended Configurations for the Unix Job Group,12.0,https://docs.netwrix.com/docs/accessanalyzer/12_0/solutions/unix/recommended,docs/accessanalyzer/12.0/solutions/unix/recommended.md,,,,,,
0.Collection Job Group,12.0,https://docs.netwrix.com/docs/accessanalyzer/12_0/solutions/unix/sharing/collection/overview,docs/accessanalyzer/12.0/solutions/unix/sharing/collection/overview.md,,,,,,
UX_NFSConfiguration Job,12.0,https://docs.netwrix.com/docs/accessanalyzer/12_0/solutions/unix/sharing/collection/ux_nfsconfiguration,docs/accessanalyzer/12.0/solutions/unix/sharing/collection/ux_nfsconfiguration.md,,,,,,
UX_SambaConfiguration Job,12.0,https://docs.netwrix.com/docs/accessanalyzer/12_0/solutions/unix/sharing/collection/ux_sambaconfiguration,docs/accessanalyzer/12.0/solutions/unix/sharing/collection/ux_sambaconfiguration.md,,,,,,
3.Sharing Job Group,12.0,https://docs.netwrix.com/docs/accessanalyzer/12_0/solutions/unix/sharing/overview,docs/accessanalyzer/12.0/solutions/unix/sharing/overview.md,,,,,,
UX_NFS Job,12.0,https://docs.netwrix.com/docs/accessanalyzer/12_0/solutions/unix/sharing/ux_nfs,docs/accessanalyzer/12.0/solutions/unix/sharing/ux_nfs.md,,,,,,
UX_Samba Job,12.0,https://docs.netwrix.com/docs/accessanalyzer/12_0/solutions/unix/sharing/ux_samba,docs/accessanalyzer/12.0/solutions/unix/sharing/ux_samba.md,,,,,,
1.Users and Groups Job Group,12.0,https://docs.netwrix.com/docs/accessanalyzer/12_0/solutions/unix/usersgroups/overview,docs/accessanalyzer/12.0/solutions/unix/usersgroups/overview.md,,,,,,
UX_DuplicateGroups Job,12.0,https://docs.netwrix.com/docs/accessanalyzer/12_0/solutions/unix/usersgroups/ux_duplicategroups,docs/accessanalyzer/12.0/solutions/unix/usersgroups/ux_duplicategroups.md,,,,,,
UX_EmptyGroups Job,12.0,https://docs.netwrix.com/docs/accessanalyzer/12_0/solutions/unix/usersgroups/ux_emptygroups,docs/accessanalyzer/12.0/solutions/unix/usersgroups/ux_emptygroups.md,,,,,,
UX_LargeGroups Job,12.0,https://docs.netwrix.com/docs/accessanalyzer/12_0/solutions/unix/usersgroups/ux_largegroups,docs/accessanalyzer/12.0/solutions/unix/usersgroups/ux_largegroups.md,,,,,,
UX_LocalGroups Job,12.0,https://docs.netwrix.com/docs/accessanalyzer/12_0/solutions/unix/usersgroups/ux_localgroups,docs/accessanalyzer/12.0/solutions/unix/usersgroups/ux_localgroups.md,,,,,,
UX_LocalUsers Job,12.0,https://docs.netwrix.com/docs/accessanalyzer/12_0/solutions/unix/usersgroups/ux_localusers,docs/accessanalyzer/12.0/solutions/unix/usersgroups/ux_localusers.md,,,,,,
UX_PasswordSettings Job,12.0,https://docs.netwrix.com/docs/accessanalyzer/12_0/solutions/unix/usersgroups/ux_passwordsettings,docs/accessanalyzer/12.0/solutions/unix/usersgroups/ux_passwordsettings.md,,,,,,
0.Collection > UX_UsersAndGroups Job,12.0,https://docs.netwrix.com/docs/accessanalyzer/12_0/solutions/unix/usersgroups/ux_usersandgroups,docs/accessanalyzer/12.0/solutions/unix/usersgroups/ux_usersandgroups.md,,,,,,
Applications Job Group,12.0,https://docs.netwrix.com/docs/accessanalyzer/12_0/solutions/windows/applications/overview,docs/accessanalyzer/12.0/solutions/windows/applications/overview.md,,,,,,
Recommended Configurations for the Applications Job Group,12.0,https://docs.netwrix.com/docs/accessanalyzer/12_0/solutions/windows/applications/recommended,docs/accessanalyzer/12.0/solutions/windows/applications/recommended.md,,,,,,
SG_InstalledApplications Job,12.0,https://docs.netwrix.com/docs/accessanalyzer/12_0/solutions/windows/applications/sg_installedapplications,docs/accessanalyzer/12.0/solutions/windows/applications/sg_installedapplications.md,,,,,,
SG_RunAtBoot Job,12.0,https://docs.netwrix.com/docs/accessanalyzer/12_0/solutions/windows/applications/sg_runatboot,docs/accessanalyzer/12.0/solutions/windows/applications/sg_runatboot.md,,,,,,
SG_ScheduledTasks Job,12.0,https://docs.netwrix.com/docs/accessanalyzer/12_0/solutions/windows/applications/sg_scheduledtasks,docs/accessanalyzer/12.0/solutions/windows/applications/sg_scheduledtasks.md,,,,,,
Authentication Job Group,12.0,https://docs.netwrix.com/docs/accessanalyzer/12_0/solutions/windows/authentication/overview,docs/accessanalyzer/12.0/solutions/windows/authentication/overview.md,,,,,,
Recommended Configurations for the Authentication Job Group,12.0,https://docs.netwrix.com/docs/accessanalyzer/12_0/solutions/windows/authentication/recommended,docs/accessanalyzer/12.0/solutions/windows/authentication/recommended.md,,,,,,
SG_LSASettings Job,12.0,https://docs.netwrix.com/docs/accessanalyzer/12_0/solutions/windows/authentication/sg_lsasettings,docs/accessanalyzer/12.0/solutions/windows/authentication/sg_lsasettings.md,,,,,,
SG_SecuritySupportProviders Job,12.0,https://docs.netwrix.com/docs/accessanalyzer/12_0/solutions/windows/authentication/sg_securitysupportproviders,docs/accessanalyzer/12.0/solutions/windows/authentication/sg_securitysupportproviders.md,,,,,,
SG_WDigestSettings Job,12.0,https://docs.netwrix.com/docs/accessanalyzer/12_0/solutions/windows/authentication/sg_wdigestsettings,docs/accessanalyzer/12.0/solutions/windows/authentication/sg_wdigestsettings.md,,,,,,
Open Access Job Group,12.0,https://docs.netwrix.com/docs/accessanalyzer/12_0/solutions/windows/openaccess/overview,docs/accessanalyzer/12.0/solutions/windows/openaccess/overview.md,,,,,,
Recommended Configurations for the Open Access Job Group,12.0,https://docs.netwrix.com/docs/accessanalyzer/12_0/solutions/windows/openaccess/recommended,docs/accessanalyzer/12.0/solutions/windows/openaccess/recommended.md,,,,,,
SG_OpenFolders Job,12.0,https://docs.netwrix.com/docs/accessanalyzer/12_0/solutions/windows/openaccess/sg_openfolders,docs/accessanalyzer/12.0/solutions/windows/openaccess/sg_openfolders.md,,,,,,
Windows Solution,12.0,https://docs.netwrix.com/docs/accessanalyzer/12_0/solutions/windows/overview,docs/accessanalyzer/12.0/solutions/windows/overview.md,,,,,,
Local Administrators Job Group,12.0,https://docs.netwrix.com/docs/accessanalyzer/12_0/solutions/windows/privilegedaccounts/localadministrators/overview,docs/accessanalyzer/12.0/solutions/windows/privilegedaccounts/localadministrators/overview.md,,,,,,
SG_LocalAdmins Job,12.0,https://docs.netwrix.com/docs/accessanalyzer/12_0/solutions/windows/privilegedaccounts/localadministrators/sg_localadmins,docs/accessanalyzer/12.0/solutions/windows/privilegedaccounts/localadministrators/sg_localadmins.md,,,,,,
SG_MicrosoftLAPS Job,12.0,https://docs.netwrix.com/docs/accessanalyzer/12_0/solutions/windows/privilegedaccounts/localadministrators/sg_microsoftlaps,docs/accessanalyzer/12.0/solutions/windows/privilegedaccounts/localadministrators/sg_microsoftlaps.md,,,,,,
SG_Sessions Job,12.0,https://docs.netwrix.com/docs/accessanalyzer/12_0/solutions/windows/privilegedaccounts/localadministrators/sg_sessions,docs/accessanalyzer/12.0/solutions/windows/privilegedaccounts/localadministrators/sg_sessions.md,,,,,,
Collection Job Group,12.0,https://docs.netwrix.com/docs/accessanalyzer/12_0/solutions/windows/privilegedaccounts/logonrights/collection/overview,docs/accessanalyzer/12.0/solutions/windows/privilegedaccounts/logonrights/collection/overview.md,,,,,,
SG_GroupPolicy Job,12.0,https://docs.netwrix.com/docs/accessanalyzer/12_0/solutions/windows/privilegedaccounts/logonrights/collection/sg_grouppolicy,docs/accessanalyzer/12.0/solutions/windows/privilegedaccounts/logonrights/collection/sg_grouppolicy.md,,,,,,
SG_LocalMembership Job,12.0,https://docs.netwrix.com/docs/accessanalyzer/12_0/solutions/windows/privilegedaccounts/logonrights/collection/sg_localmembership,docs/accessanalyzer/12.0/solutions/windows/privilegedaccounts/logonrights/collection/sg_localmembership.md,,,,,,
SG_LocalUsers Job,12.0,https://docs.netwrix.com/docs/accessanalyzer/12_0/solutions/windows/privilegedaccounts/logonrights/collection/sg_localusers,docs/accessanalyzer/12.0/solutions/windows/privilegedaccounts/logonrights/collection/sg_localusers.md,,,,,,
Logon Rights Job Group,12.0,https://docs.netwrix.com/docs/accessanalyzer/12_0/solutions/windows/privilegedaccounts/logonrights/overview,docs/accessanalyzer/12.0/solutions/windows/privilegedaccounts/logonrights/overview.md,,,,,,
SG_AccountPrivileges Job,12.0,https://docs.netwrix.com/docs/accessanalyzer/12_0/solutions/windows/privilegedaccounts/logonrights/sg_accountprivileges,docs/accessanalyzer/12.0/solutions/windows/privilegedaccounts/logonrights/sg_accountprivileges.md,,,,,,
SG_LocalPolicies Job,12.0,https://docs.netwrix.com/docs/accessanalyzer/12_0/solutions/windows/privilegedaccounts/logonrights/sg_localpolicies,docs/accessanalyzer/12.0/solutions/windows/privilegedaccounts/logonrights/sg_localpolicies.md,,,,,,
Privileged Accounts Job Group,12.0,https://docs.netwrix.com/docs/accessanalyzer/12_0/solutions/windows/privilegedaccounts/overview,docs/accessanalyzer/12.0/solutions/windows/privilegedaccounts/overview.md,,,,,,
Recommended Configurations for the Privileged Accounts Job Group,12.0,https://docs.netwrix.com/docs/accessanalyzer/12_0/solutions/windows/privilegedaccounts/recommended,docs/accessanalyzer/12.0/solutions/windows/privilegedaccounts/recommended.md,,,,,,
Service Accounts > SG_ServiceAccounts Job,12.0,https://docs.netwrix.com/docs/accessanalyzer/12_0/solutions/windows/privilegedaccounts/sg_serviceaccounts,docs/accessanalyzer/12.0/solutions/windows/privilegedaccounts/sg_serviceaccounts.md,,,,,,
Recommended Configurations for the Windows Solution,12.0,https://docs.netwrix.com/docs/accessanalyzer/12_0/solutions/windows/recommended,docs/accessanalyzer/12.0/solutions/windows/recommended.md,,,,,,
OpenPortScan Job Group,12.0,https://docs.netwrix.com/docs/accessanalyzer/12_0/solutions/windows/securityutilities/openportscan/overview,docs/accessanalyzer/12.0/solutions/windows/securityutilities/openportscan/overview.md,,,,,,
RemoteOpenPort Job,12.0,https://docs.netwrix.com/docs/accessanalyzer/12_0/solutions/windows/securityutilities/openportscan/remoteopenport,docs/accessanalyzer/12.0/solutions/windows/securityutilities/openportscan/remoteopenport.md,,,,,,
RetrieveNetstat Job,12.0,https://docs.netwrix.com/docs/accessanalyzer/12_0/solutions/windows/securityutilities/openportscan/retrievenetstat,docs/accessanalyzer/12.0/solutions/windows/securityutilities/openportscan/retrievenetstat.md,,,,,,
Security Utilities Job Group,12.0,https://docs.netwrix.com/docs/accessanalyzer/12_0/solutions/windows/securityutilities/overview,docs/accessanalyzer/12.0/solutions/windows/securityutilities/overview.md,,,,,,
Recommended Configurations for the Security Utilities Job Group,12.0,https://docs.netwrix.com/docs/accessanalyzer/12_0/solutions/windows/securityutilities/recommended,docs/accessanalyzer/12.0/solutions/windows/securityutilities/recommended.md,,,,,,
SG_PowerShellCommands Job,12.0,https://docs.netwrix.com/docs/accessanalyzer/12_0/solutions/windows/securityutilities/sg_powershellcommands,docs/accessanalyzer/12.0/solutions/windows/securityutilities/sg_powershellcommands.md,,,,,,
SG_SecurityAssessment Job,12.0,https://docs.netwrix.com/docs/accessanalyzer/12_0/solutions/windows/sg_securityassessment,docs/accessanalyzer/12.0/solutions/windows/sg_securityassessment.md,,,,,,
Activity Monitor Integration,2601,https://docs.netwrix.com/docs/accessanalyzer/2601/configurations/activity-monitor-integration,docs/accessanalyzer/2601/configurations/activity-monitor-integration.md,,,,,,
Application Settings,2601,https://docs.netwrix.com/docs/accessanalyzer/2601/configurations/application-settings,docs/accessanalyzer/2601/configurations/application-settings.md,,,,,,
Identity Provider,2601,https://docs.netwrix.com/docs/accessanalyzer/2601/configurations/identity-provider,docs/accessanalyzer/2601/configurations/identity-provider.md,,,,,,
System Logs,2601,https://docs.netwrix.com/docs/accessanalyzer/2601/configurations/logs,docs/accessanalyzer/2601/configurations/logs.md,,,,,,
Sensitive Data,2601,https://docs.netwrix.com/docs/accessanalyzer/2601/configurations/sensitive-data,docs/accessanalyzer/2601/configurations/sensitive-data.md,,,,,,
Client ID/Certificate,2601,https://docs.netwrix.com/docs/accessanalyzer/2601/configurations/service-accounts/client-id-certificate,docs/accessanalyzer/2601/configurations/service-accounts/client-id-certificate.md,,,,,,
Client ID/Secret,2601,https://docs.netwrix.com/docs/accessanalyzer/2601/configurations/service-accounts/client-id-secret,docs/accessanalyzer/2601/configurations/service-accounts/client-id-secret.md,,,,,,
Overview,2601,https://docs.netwrix.com/docs/accessanalyzer/2601/configurations/service-accounts/overview,docs/accessanalyzer/2601/configurations/service-accounts/overview.md,,,,,,
SSH Username/Key,2601,https://docs.netwrix.com/docs/accessanalyzer/2601/configurations/service-accounts/ssh-username-key,docs/accessanalyzer/2601/configurations/service-accounts/ssh-username-key.md,,,,,,
Username and Password,2601,https://docs.netwrix.com/docs/accessanalyzer/2601/configurations/service-accounts/username-password,docs/accessanalyzer/2601/configurations/service-accounts/username-password.md,,,,,,
Scan Executions,2601,https://docs.netwrix.com/docs/accessanalyzer/2601/configurations/source-groups/scan-executions,docs/accessanalyzer/2601/configurations/source-groups/scan-executions.md,,,,,,
Scanner Best Practices,2601,https://docs.netwrix.com/docs/accessanalyzer/2601/configurations/source-groups/scanners/best-practices,docs/accessanalyzer/2601/configurations/source-groups/scanners/best-practices.md,,,,,,
Deploy a Scanner,2601,https://docs.netwrix.com/docs/accessanalyzer/2601/configurations/source-groups/scanners/deploy-scanner,docs/accessanalyzer/2601/configurations/source-groups/scanners/deploy-scanner.md,,,,,,
Manage Scanners,2601,https://docs.netwrix.com/docs/accessanalyzer/2601/configurations/source-groups/scanners/manage-scanners,docs/accessanalyzer/2601/configurations/source-groups/scanners/manage-scanners.md,,,,,,
Scanners Overview,2601,https://docs.netwrix.com/docs/accessanalyzer/2601/configurations/source-groups/scanners/overview,docs/accessanalyzer/2601/configurations/source-groups/scanners/overview.md,,,,,,
Scanner Requirements,2601,https://docs.netwrix.com/docs/accessanalyzer/2601/configurations/source-groups/scanners/requirements,docs/accessanalyzer/2601/configurations/source-groups/scanners/requirements.md,,,,,,
Scans,2601,https://docs.netwrix.com/docs/accessanalyzer/2601/configurations/source-groups/scans,docs/accessanalyzer/2601/configurations/source-groups/scans.md,,,,,,
Source Groups,2601,https://docs.netwrix.com/docs/accessanalyzer/2601/configurations/source-groups,docs/accessanalyzer/2601/configurations/source-groups/source-groups.md,,,,,,
Users,2601,https://docs.netwrix.com/docs/accessanalyzer/2601/configurations/users,docs/accessanalyzer/2601/configurations/users.md,,,,,,
Active Directory,2601,https://docs.netwrix.com/docs/accessanalyzer/2601/connectors/activedirectory,docs/accessanalyzer/2601/connectors/activedirectory.md,,,,,,
Client Secret Configuration,2601,https://docs.netwrix.com/docs/accessanalyzer/2601/connectors/entra-id/app-registration-secret,docs/accessanalyzer/2601/connectors/entra-id/app-registration-secret.md,,,,,,
Entra tenant requirements,2601,https://docs.netwrix.com/docs/accessanalyzer/2601/connectors/entra-id/entra-requirements,docs/accessanalyzer/2601/connectors/entra-id/entra-requirements.md,,,,,,
Entra ID,2601,https://docs.netwrix.com/docs/accessanalyzer/2601/connectors/entra-id/overview,docs/accessanalyzer/2601/connectors/entra-id/overview.md,,,,,,
Dell EMC Celerra,2601,https://docs.netwrix.com/docs/accessanalyzer/2601/connectors/file-servers/celerra,docs/accessanalyzer/2601/connectors/file-servers/celerra.md,,,,,,
CIFS / SMB File Share,2601,https://docs.netwrix.com/docs/accessanalyzer/2601/connectors/file-servers/cifs,docs/accessanalyzer/2601/connectors/file-servers/cifs.md,,,,,,
Dell Unity,2601,https://docs.netwrix.com/docs/accessanalyzer/2601/connectors/file-servers/dell-unity,docs/accessanalyzer/2601/connectors/file-servers/dell-unity.md,,,,,,
Dell Isilon / PowerScale,2601,https://docs.netwrix.com/docs/accessanalyzer/2601/connectors/file-servers/isilon-powerscale,docs/accessanalyzer/2601/connectors/file-servers/isilon-powerscale.md,,,,,,
NetApp ONTAP,2601,https://docs.netwrix.com/docs/accessanalyzer/2601/connectors/file-servers/netapp,docs/accessanalyzer/2601/connectors/file-servers/netapp.md,,,,,,
Dell EMC VNX,2601,https://docs.netwrix.com/docs/accessanalyzer/2601/connectors/file-servers/vnx,docs/accessanalyzer/2601/connectors/file-servers/vnx.md,,,,,,
App Permissions in Entra,2601,https://docs.netwrix.com/docs/accessanalyzer/2601/connectors/sharepoint-online/azure-permissions,docs/accessanalyzer/2601/connectors/sharepoint-online/azure-permissions.md,,,,,,
SharePoint Online,2601,https://docs.netwrix.com/docs/accessanalyzer/2601/connectors/sharepoint-online/overview,docs/accessanalyzer/2601/connectors/sharepoint-online/overview.md,,,,,,
Certificate Configuration,2601,https://docs.netwrix.com/docs/accessanalyzer/2601/connectors/sharepoint-online/tenant-certificate-config,docs/accessanalyzer/2601/connectors/sharepoint-online/tenant-certificate-config.md,,,,,,
My Reports,2601,https://docs.netwrix.com/docs/accessanalyzer/2601/dashboards-reports/my-reports,docs/accessanalyzer/2601/dashboards-reports/my-reports.md,,,,,,
Reports,2601,https://docs.netwrix.com/docs/accessanalyzer/2601/dashboards-reports/reports,docs/accessanalyzer/2601/dashboards-reports/reports.md,,,,,,
Active Directory Scanning Overview,2601,https://docs.netwrix.com/docs/accessanalyzer/2601/gettingstarted/active-directory,docs/accessanalyzer/2601/gettingstarted/active-directory/active-directory.md,,,,,,
Reports,2601,https://docs.netwrix.com/docs/accessanalyzer/2601/gettingstarted/active-directory/reports,docs/accessanalyzer/2601/gettingstarted/active-directory/reports.md,,,,,,
Available Scanning Options,2601,https://docs.netwrix.com/docs/accessanalyzer/2601/gettingstarted/active-directory/scanning-options,docs/accessanalyzer/2601/gettingstarted/active-directory/scanning-options.md,,,,,,
Active Directory Schema Reference,2601,https://docs.netwrix.com/docs/accessanalyzer/2601/gettingstarted/active-directory/schema-reference,docs/accessanalyzer/2601/gettingstarted/active-directory/schema-reference.md,,,,,,
Set Up Active Directory Source Group,2601,https://docs.netwrix.com/docs/accessanalyzer/2601/gettingstarted/active-directory/set-up-source-group,docs/accessanalyzer/2601/gettingstarted/active-directory/set-up-source-group.md,,,,,,
Entra ID Scanning Overview,2601,https://docs.netwrix.com/docs/accessanalyzer/2601/gettingstarted/entra-id,docs/accessanalyzer/2601/gettingstarted/entra-id/entra-id.md,,,,,,
Reports,2601,https://docs.netwrix.com/docs/accessanalyzer/2601/gettingstarted/entra-id/reports,docs/accessanalyzer/2601/gettingstarted/entra-id/reports.md,,,,,,
Scanning options,2601,https://docs.netwrix.com/docs/accessanalyzer/2601/gettingstarted/entra-id/scanning-options,docs/accessanalyzer/2601/gettingstarted/entra-id/scanning-options.md,,,,,,
Schema reference,2601,https://docs.netwrix.com/docs/accessanalyzer/2601/gettingstarted/entra-id/schema-reference,docs/accessanalyzer/2601/gettingstarted/entra-id/schema-reference.md,,,,,,
Set up an Entra ID source group,2601,https://docs.netwrix.com/docs/accessanalyzer/2601/gettingstarted/entra-id/set-up-source-group,docs/accessanalyzer/2601/gettingstarted/entra-id/set-up-source-group.md,,,,,,
File Server Scanning Overview,2601,https://docs.netwrix.com/docs/accessanalyzer/2601/gettingstarted/file-servers,docs/accessanalyzer/2601/gettingstarted/file-servers/file-servers.md,,,,,,
Reports,2601,https://docs.netwrix.com/docs/accessanalyzer/2601/gettingstarted/file-servers/reports,docs/accessanalyzer/2601/gettingstarted/file-servers/reports.md,,,,,,
Available Scanning Options,2601,https://docs.netwrix.com/docs/accessanalyzer/2601/gettingstarted/file-servers/scanning-options,docs/accessanalyzer/2601/gettingstarted/file-servers/scanning-options.md,,,,,,
File Servers Schema Reference,2601,https://docs.netwrix.com/docs/accessanalyzer/2601/gettingstarted/file-servers/schema-reference,docs/accessanalyzer/2601/gettingstarted/file-servers/schema-reference.md,,,,,,
Set Up File Server Source Group,2601,https://docs.netwrix.com/docs/accessanalyzer/2601/gettingstarted/file-servers/set-up-source-group,docs/accessanalyzer/2601/gettingstarted/file-servers/set-up-source-group.md,,,,,,
Reports,2601,https://docs.netwrix.com/docs/accessanalyzer/2601/gettingstarted/sharepoint-online/reports,docs/accessanalyzer/2601/gettingstarted/sharepoint-online/reports.md,,,,,,
Scanning options,2601,https://docs.netwrix.com/docs/accessanalyzer/2601/gettingstarted/sharepoint-online/scanning-options,docs/accessanalyzer/2601/gettingstarted/sharepoint-online/scanning-options.md,,,,,,
Schema reference,2601,https://docs.netwrix.com/docs/accessanalyzer/2601/gettingstarted/sharepoint-online/schema-reference,docs/accessanalyzer/2601/gettingstarted/sharepoint-online/schema-reference.md,,,,,,
Set up a SharePoint Online source group,2601,https://docs.netwrix.com/docs/accessanalyzer/2601/gettingstarted/sharepoint-online/set-up-source-group,docs/accessanalyzer/2601/gettingstarted/sharepoint-online/set-up-source-group.md,,,,,,
SharePoint Online Scanning Overview,2601,https://docs.netwrix.com/docs/accessanalyzer/2601/gettingstarted/sharepoint-online,docs/accessanalyzer/2601/gettingstarted/sharepoint-online/sharepoint-online.md,,,,,,
Netwrix Access Analyzer Documentation,2601,https://docs.netwrix.com/docs/accessanalyzer/2601,docs/accessanalyzer/2601/index.md,,,,,,
Post-Installation Validation,2601,https://docs.netwrix.com/docs/accessanalyzer/2601/install/postinstall,docs/accessanalyzer/2601/install/postinstall.md,,,,,,
Quick Install,2601,https://docs.netwrix.com/docs/accessanalyzer/2601/install/quickinstall,docs/accessanalyzer/2601/install/quickinstall.md,,,,,,
Security Best Practices,2601,https://docs.netwrix.com/docs/accessanalyzer/2601/install/security,docs/accessanalyzer/2601/install/security.md,,,,,,
TLS Certificate Requirements,2601,https://docs.netwrix.com/docs/accessanalyzer/2601/install/system/certificates,docs/accessanalyzer/2601/install/system/certificates.md,,,,,,
Kubernetes and Operating System,2601,https://docs.netwrix.com/docs/accessanalyzer/2601/install/system/kubernetes,docs/accessanalyzer/2601/install/system/kubernetes.md,,,,,,
Network and Port Requirements,2601,https://docs.netwrix.com/docs/accessanalyzer/2601/install/system/network,docs/accessanalyzer/2601/install/system/network.md,,,,,,
Hardware and System Requirements,2601,https://docs.netwrix.com/docs/accessanalyzer/2601/install/system/requirements,docs/accessanalyzer/2601/install/system/requirements.md,,,,,,
Uninstalling Access Analyzer,2601,https://docs.netwrix.com/docs/accessanalyzer/2601/install/uninstall,docs/accessanalyzer/2601/install/uninstall.md,,,,,,
Key Concepts,2601,https://docs.netwrix.com/docs/accessanalyzer/2601/overview/keyconcepts,docs/accessanalyzer/2601/overview/keyconcepts.md,,,,,,
Overview,2601,https://docs.netwrix.com/docs/accessanalyzer/2601/overview,docs/accessanalyzer/2601/overview/overview.md,,,,,,
