source_path,lines_changed_since_audit_start
docs/identitymanager/6.1/index.md,0
docs/identitymanager/6.1/installation-guide/index.md,0
docs/identitymanager/6.1/installation-guide/overview/index.md,0
docs/identitymanager/6.1/installation-guide/production-ready/agent/index.md,0
docs/identitymanager/6.1/installation-guide/production-ready/database/index.md,0
docs/identitymanager/6.1/installation-guide/production-ready/email-server/index.md,0
docs/identitymanager/6.1/installation-guide/production-ready/index.md,0
docs/identitymanager/6.1/installation-guide/production-ready/server/index.md,0
docs/identitymanager/6.1/installation-guide/production-ready/working-directory/index.md,0
docs/identitymanager/6.1/installation-guide/quick-start/index.md,0
docs/identitymanager/6.1/installation-guide/requirements/agent-requirements/index.md,0
docs/identitymanager/6.1/installation-guide/requirements/database-requirements/index.md,0
docs/identitymanager/6.1/installation-guide/requirements/device-requirements/index.md,0
docs/identitymanager/6.1/installation-guide/requirements/index.md,0
docs/identitymanager/6.1/installation-guide/requirements/server-requirements/index.md,0
docs/identitymanager/6.1/installation-guide/reverse-proxy/index.md,0
docs/identitymanager/6.1/integration-guide/api/agent/index.md,0
docs/identitymanager/6.1/integration-guide/api/agent/job/index.md,0
docs/identitymanager/6.1/integration-guide/api/authentication/index.md,0
docs/identitymanager/6.1/integration-guide/api/how-tos/index.md,0
docs/identitymanager/6.1/integration-guide/api/how-tos/request-postman/index.md,0
docs/identitymanager/6.1/integration-guide/api/index.md,0
docs/identitymanager/6.1/integration-guide/api/pagination/index.md,0
docs/identitymanager/6.1/integration-guide/api/server/accesscertification/index.md,0
docs/identitymanager/6.1/integration-guide/api/server/accesscontrol/index.md,0
docs/identitymanager/6.1/integration-guide/api/server/connectors/index.md,0
docs/identitymanager/6.1/integration-guide/api/server/files/index.md,0
docs/identitymanager/6.1/integration-guide/api/server/index.md,0
docs/identitymanager/6.1/integration-guide/api/server/job/index.md,0
docs/identitymanager/6.1/integration-guide/api/server/metadata/index.md,0
docs/identitymanager/6.1/integration-guide/api/server/provisioningentityinstance/index.md,0
docs/identitymanager/6.1/integration-guide/api/server/provisioningpolicy/index.md,0
docs/identitymanager/6.1/integration-guide/api/server/report/index.md,0
docs/identitymanager/6.1/integration-guide/api/server/resource/index.md,0
docs/identitymanager/6.1/integration-guide/api/server/resourcechange/index.md,0
docs/identitymanager/6.1/integration-guide/api/server/resourcefilechange/index.md,0
docs/identitymanager/6.1/integration-guide/api/server/resourcelink/index.md,0
docs/identitymanager/6.1/integration-guide/api/server/resourcelinkchange/index.md,0
docs/identitymanager/6.1/integration-guide/api/server/universes/index.md,0
docs/identitymanager/6.1/integration-guide/api/server/workflows/index.md,0
docs/identitymanager/6.1/integration-guide/api/squery/index.md,0
docs/identitymanager/6.1/integration-guide/architecture/how-tos/index.md,0
docs/identitymanager/6.1/integration-guide/architecture/how-tos/protect-agent-server-communication/index.md,0
docs/identitymanager/6.1/integration-guide/architecture/index.md,0
docs/identitymanager/6.1/integration-guide/architecture/on-prem/index.md,0
docs/identitymanager/6.1/integration-guide/architecture/saas/index.md,0
docs/identitymanager/6.1/integration-guide/connectors/configuration-details/connections/index.md,0
docs/identitymanager/6.1/integration-guide/connectors/configuration-details/credential-protection/index.md,0
docs/identitymanager/6.1/integration-guide/connectors/configuration-details/index.md,0
docs/identitymanager/6.1/integration-guide/connectors/entitypropertymapping-format/index.md,0
docs/identitymanager/6.1/integration-guide/connectors/how-tos/azuread-register/index.md,0
docs/identitymanager/6.1/integration-guide/connectors/how-tos/configure-secured-options/index.md,0
docs/identitymanager/6.1/integration-guide/connectors/how-tos/demoapp-banking/index.md,0
docs/identitymanager/6.1/integration-guide/connectors/how-tos/demoapp-hr/index.md,0
docs/identitymanager/6.1/integration-guide/connectors/how-tos/index.md,0
docs/identitymanager/6.1/integration-guide/connectors/how-tos/interact-gui-robotframework/index.md,0
docs/identitymanager/6.1/integration-guide/connectors/how-tos/interact-web-page-robotframework/index.md,0
docs/identitymanager/6.1/integration-guide/connectors/how-tos/powershell-fulfill/index.md,0
docs/identitymanager/6.1/integration-guide/connectors/how-tos/scim-cyberark-export/index.md,0
docs/identitymanager/6.1/integration-guide/connectors/how-tos/scim-salesforce-provisioning-entitlements/index.md,0
docs/identitymanager/6.1/integration-guide/connectors/how-tos/sharepoint-export/index.md,0
docs/identitymanager/6.1/integration-guide/connectors/how-tos/write-fulfill-powershell-script/index.md,0
docs/identitymanager/6.1/integration-guide/connectors/how-tos/write-fulfill-robotframework-script/index.md,0
docs/identitymanager/6.1/integration-guide/connectors/how-tos/write-sync-powershell-script/index.md,0
docs/identitymanager/6.1/integration-guide/connectors/how-tos/write-ticket-template/index.md,0
docs/identitymanager/6.1/integration-guide/connectors/index.md,0
docs/identitymanager/6.1/integration-guide/connectors/references-connectors/activedirectory/index.md,0
docs/identitymanager/6.1/integration-guide/connectors/references-connectors/azure/index.md,0
docs/identitymanager/6.1/integration-guide/connectors/references-connectors/azuread/index.md,0
docs/identitymanager/6.1/integration-guide/connectors/references-connectors/csv/index.md,0
docs/identitymanager/6.1/integration-guide/connectors/references-connectors/easyvista/index.md,0
docs/identitymanager/6.1/integration-guide/connectors/references-connectors/easyvistaticket/index.md,0
docs/identitymanager/6.1/integration-guide/connectors/references-connectors/excel/index.md,0
docs/identitymanager/6.1/integration-guide/connectors/references-connectors/googleworkspace/index.md,0
docs/identitymanager/6.1/integration-guide/connectors/references-connectors/homefolder/index.md,0
docs/identitymanager/6.1/integration-guide/connectors/references-connectors/index.md,0
docs/identitymanager/6.1/integration-guide/connectors/references-connectors/internalresources/index.md,0
docs/identitymanager/6.1/integration-guide/connectors/references-connectors/internalworkflow/index.md,0
docs/identitymanager/6.1/integration-guide/connectors/references-connectors/json/index.md,0
docs/identitymanager/6.1/integration-guide/connectors/references-connectors/ldap/index.md,0
docs/identitymanager/6.1/integration-guide/connectors/references-connectors/ldif/index.md,0
docs/identitymanager/6.1/integration-guide/connectors/references-connectors/microsoftexchange/index.md,0
docs/identitymanager/6.1/integration-guide/connectors/references-connectors/odata/index.md,0
docs/identitymanager/6.1/integration-guide/connectors/references-connectors/okta/index.md,0
docs/identitymanager/6.1/integration-guide/connectors/references-connectors/openldap/index.md,0
docs/identitymanager/6.1/integration-guide/connectors/references-connectors/powershellprov/index.md,0
docs/identitymanager/6.1/integration-guide/connectors/references-connectors/powershellsync/index.md,0
docs/identitymanager/6.1/integration-guide/connectors/references-connectors/racf/index.md,0
docs/identitymanager/6.1/integration-guide/connectors/references-connectors/robotframework/index.md,0
docs/identitymanager/6.1/integration-guide/connectors/references-connectors/saperp6/index.md,0
docs/identitymanager/6.1/integration-guide/connectors/references-connectors/saphana/index.md,0
docs/identitymanager/6.1/integration-guide/connectors/references-connectors/scim/index.md,0
docs/identitymanager/6.1/integration-guide/connectors/references-connectors/servicenowentitymanagement/index.md,0
docs/identitymanager/6.1/integration-guide/connectors/references-connectors/servicenowticket/index.md,0
docs/identitymanager/6.1/integration-guide/connectors/references-connectors/sharedfolder/index.md,0
docs/identitymanager/6.1/integration-guide/connectors/references-connectors/sharepoint/index.md,0
docs/identitymanager/6.1/integration-guide/connectors/references-connectors/sql/index.md,0
docs/identitymanager/6.1/integration-guide/connectors/references-connectors/sqlserverentitlements/index.md,0
docs/identitymanager/6.1/integration-guide/connectors/references-connectors/topsecret/index.md,0
docs/identitymanager/6.1/integration-guide/connectors/references-connectors/workday/index.md,0
docs/identitymanager/6.1/integration-guide/connectors/references-packages/active-directory/index.md,0
docs/identitymanager/6.1/integration-guide/connectors/references-packages/apache-directory/index.md,0
docs/identitymanager/6.1/integration-guide/connectors/references-packages/azure-active-directory/index.md,0
docs/identitymanager/6.1/integration-guide/connectors/references-packages/azure/index.md,0
docs/identitymanager/6.1/integration-guide/connectors/references-packages/csv/index.md,0
docs/identitymanager/6.1/integration-guide/connectors/references-packages/cyberark/index.md,0
docs/identitymanager/6.1/integration-guide/connectors/references-packages/easyvista/index.md,0
docs/identitymanager/6.1/integration-guide/connectors/references-packages/easyvistaticket/index.md,0
docs/identitymanager/6.1/integration-guide/connectors/references-packages/excel/index.md,0
docs/identitymanager/6.1/integration-guide/connectors/references-packages/generic-ldap/index.md,0
docs/identitymanager/6.1/integration-guide/connectors/references-packages/generic-scim/index.md,0
docs/identitymanager/6.1/integration-guide/connectors/references-packages/generic-sql/index.md,0
docs/identitymanager/6.1/integration-guide/connectors/references-packages/googleworkspace/index.md,0
docs/identitymanager/6.1/integration-guide/connectors/references-packages/home-folders/index.md,0
docs/identitymanager/6.1/integration-guide/connectors/references-packages/identitymanager-database/index.md,0
docs/identitymanager/6.1/integration-guide/connectors/references-packages/index.md,0
docs/identitymanager/6.1/integration-guide/connectors/references-packages/json/index.md,0
docs/identitymanager/6.1/integration-guide/connectors/references-packages/ldif/index.md,0
docs/identitymanager/6.1/integration-guide/connectors/references-packages/manual-ticket-and-cud-resources/index.md,0
docs/identitymanager/6.1/integration-guide/connectors/references-packages/manual-ticket/index.md,0
docs/identitymanager/6.1/integration-guide/connectors/references-packages/microsoft-exchange/index.md,0
docs/identitymanager/6.1/integration-guide/connectors/references-packages/mysql/index.md,0
docs/identitymanager/6.1/integration-guide/connectors/references-packages/odata/index.md,0
docs/identitymanager/6.1/integration-guide/connectors/references-packages/odbc/index.md,0
docs/identitymanager/6.1/integration-guide/connectors/references-packages/open-ldap/index.md,0
docs/identitymanager/6.1/integration-guide/connectors/references-packages/oracle-database/index.md,0
docs/identitymanager/6.1/integration-guide/connectors/references-packages/oracle-ldap/index.md,0
docs/identitymanager/6.1/integration-guide/connectors/references-packages/postgresql/index.md,0
docs/identitymanager/6.1/integration-guide/connectors/references-packages/powershellprov/index.md,0
docs/identitymanager/6.1/integration-guide/connectors/references-packages/powershellsync/index.md,0
docs/identitymanager/6.1/integration-guide/connectors/references-packages/racf/index.md,0
docs/identitymanager/6.1/integration-guide/connectors/references-packages/red-hat-directory-server/index.md,0
docs/identitymanager/6.1/integration-guide/connectors/references-packages/robot-framework/index.md,0
docs/identitymanager/6.1/integration-guide/connectors/references-packages/salesforce/index.md,0
docs/identitymanager/6.1/integration-guide/connectors/references-packages/sapase/index.md,0
docs/identitymanager/6.1/integration-guide/connectors/references-packages/saperp6/index.md,0
docs/identitymanager/6.1/integration-guide/connectors/references-packages/saphana/index.md,0
docs/identitymanager/6.1/integration-guide/connectors/references-packages/servicenow-ticket/index.md,0
docs/identitymanager/6.1/integration-guide/connectors/references-packages/servicenow/index.md,0
docs/identitymanager/6.1/integration-guide/connectors/references-packages/shared-folders/index.md,0
docs/identitymanager/6.1/integration-guide/connectors/references-packages/sharepoint/index.md,0
docs/identitymanager/6.1/integration-guide/connectors/references-packages/slack/index.md,0
docs/identitymanager/6.1/integration-guide/connectors/references-packages/sql-server-entitlements/index.md,0
docs/identitymanager/6.1/integration-guide/connectors/references-packages/sql-server/index.md,0
docs/identitymanager/6.1/integration-guide/connectors/references-packages/tss/index.md,0
docs/identitymanager/6.1/integration-guide/connectors/references-packages/unplugged/index.md,0
docs/identitymanager/6.1/integration-guide/connectors/references-packages/workday/index.md,0
docs/identitymanager/6.1/integration-guide/connectors/references-packages/workflow/index.md,0
docs/identitymanager/6.1/integration-guide/entity-model/index.md,0
docs/identitymanager/6.1/integration-guide/executables/index.md,0
docs/identitymanager/6.1/integration-guide/executables/references/agent/index.md,0
docs/identitymanager/6.1/integration-guide/executables/references/anonymize/index.md,0
docs/identitymanager/6.1/integration-guide/executables/references/compute-correlationkeys/index.md,0
docs/identitymanager/6.1/integration-guide/executables/references/configuration-transform/index.md,0
docs/identitymanager/6.1/integration-guide/executables/references/create-databaseviews/index.md,0
docs/identitymanager/6.1/integration-guide/executables/references/csv-transform/index.md,0
docs/identitymanager/6.1/integration-guide/executables/references/decrypt-file/index.md,0
docs/identitymanager/6.1/integration-guide/executables/references/deploy-configuration/index.md,0
docs/identitymanager/6.1/integration-guide/executables/references/easyvistaticket-updatefulfillmentstate/index.md,0
docs/identitymanager/6.1/integration-guide/executables/references/encrypt-file/index.md,0
docs/identitymanager/6.1/integration-guide/executables/references/export-bacpac/index.md,0
docs/identitymanager/6.1/integration-guide/executables/references/export-configuration/index.md,0
docs/identitymanager/6.1/integration-guide/executables/references/export-csv/index.md,0
docs/identitymanager/6.1/integration-guide/executables/references/export-easyvista/index.md,0
docs/identitymanager/6.1/integration-guide/executables/references/export-excel/index.md,0
docs/identitymanager/6.1/integration-guide/executables/references/export-scim/index.md,0
docs/identitymanager/6.1/integration-guide/executables/references/fillbankingdatabase/index.md,0
docs/identitymanager/6.1/integration-guide/executables/references/fulfill-easyvista/index.md,0
docs/identitymanager/6.1/integration-guide/executables/references/fulfill-scim/index.md,0
docs/identitymanager/6.1/integration-guide/executables/references/fulfill-toeasyvistaticket/index.md,0
docs/identitymanager/6.1/integration-guide/executables/references/generate-configuration/index.md,0
docs/identitymanager/6.1/integration-guide/executables/references/get-jobsteps/index.md,0
docs/identitymanager/6.1/integration-guide/executables/references/index.md,0
docs/identitymanager/6.1/integration-guide/executables/references/invoke-job/index.md,0
docs/identitymanager/6.1/integration-guide/executables/references/invoke-serverjob/index.md,0
docs/identitymanager/6.1/integration-guide/executables/references/login/index.md,0
docs/identitymanager/6.1/integration-guide/executables/references/manage-configurationdependantindexes/index.md,0
docs/identitymanager/6.1/integration-guide/executables/references/manage-history/index.md,0
docs/identitymanager/6.1/integration-guide/executables/references/new-openidsecret/index.md,0
docs/identitymanager/6.1/integration-guide/executables/references/passwordgenerator/index.md,0
docs/identitymanager/6.1/integration-guide/executables/references/prepare-synchronization/index.md,0
docs/identitymanager/6.1/integration-guide/executables/references/protect-certificatepassword/index.md,0
docs/identitymanager/6.1/integration-guide/executables/references/protect-x509jsonfile/index.md,0
docs/identitymanager/6.1/integration-guide/executables/references/protect-x509jsonvalue/index.md,0
docs/identitymanager/6.1/integration-guide/executables/references/refreshschema/index.md,0
docs/identitymanager/6.1/integration-guide/executables/references/send-passwordnotification/index.md,0
docs/identitymanager/6.1/integration-guide/executables/references/server/index.md,0
docs/identitymanager/6.1/integration-guide/executables/references/update-entitypropertyexpressions/index.md,0
docs/identitymanager/6.1/integration-guide/executables/references/upgrade-configurationversion/index.md,0
docs/identitymanager/6.1/integration-guide/executables/references/upgrade-databaseversion/index.md,0
docs/identitymanager/6.1/integration-guide/governance/accesscertification/index.md,0
docs/identitymanager/6.1/integration-guide/governance/how-tos/index.md,0
docs/identitymanager/6.1/integration-guide/governance/how-tos/review-prolonged-entitlements/index.md,0
docs/identitymanager/6.1/integration-guide/governance/index.md,0
docs/identitymanager/6.1/integration-guide/governance/reporting/how-tos/analyze-powerbi/index.md,0
docs/identitymanager/6.1/integration-guide/governance/reporting/how-tos/connect-powerbi/index.md,0
docs/identitymanager/6.1/integration-guide/governance/reporting/how-tos/index.md,0
docs/identitymanager/6.1/integration-guide/governance/reporting/index.md,0
docs/identitymanager/6.1/integration-guide/governance/risks/index.md,0
docs/identitymanager/6.1/integration-guide/identity-management/identity-repository/index.md,0
docs/identitymanager/6.1/integration-guide/identity-management/index.md,0
docs/identitymanager/6.1/integration-guide/identity-management/joiners-movers-leavers/index.md,0
docs/identitymanager/6.1/integration-guide/identity-management/joiners-movers-leavers/on-offboarding/index.md,0
docs/identitymanager/6.1/integration-guide/identity-management/joiners-movers-leavers/position-change/index.md,0
docs/identitymanager/6.1/integration-guide/index.md,0
docs/identitymanager/6.1/integration-guide/modules/index.md,0
docs/identitymanager/6.1/integration-guide/monitoring/how-tos/index.md,0
docs/identitymanager/6.1/integration-guide/monitoring/how-tos/qradar-setting/index.md,0
docs/identitymanager/6.1/integration-guide/monitoring/index.md,0
docs/identitymanager/6.1/integration-guide/monitoring/references/index.md,0
docs/identitymanager/6.1/integration-guide/network-configuration/agent-configuration/appsettings-agent/index.md,0
docs/identitymanager/6.1/integration-guide/network-configuration/agent-configuration/appsettings/index.md,0
docs/identitymanager/6.1/integration-guide/network-configuration/agent-configuration/azure-key-vault/index.md,0
docs/identitymanager/6.1/integration-guide/network-configuration/agent-configuration/cyberark-application-access-manager-credential-providers/index.md,0
docs/identitymanager/6.1/integration-guide/network-configuration/agent-configuration/index.md,0
docs/identitymanager/6.1/integration-guide/network-configuration/agent-configuration/rsa-encryption/index.md,0
docs/identitymanager/6.1/integration-guide/network-configuration/how-tos/index.md,0
docs/identitymanager/6.1/integration-guide/network-configuration/how-tos/okta/index.md,0
docs/identitymanager/6.1/integration-guide/network-configuration/index.md,0
docs/identitymanager/6.1/integration-guide/network-configuration/password-management/index.md,0
docs/identitymanager/6.1/integration-guide/network-configuration/proxy/index.md,0
docs/identitymanager/6.1/integration-guide/network-configuration/server-configuration/database-connection/index.md,0
docs/identitymanager/6.1/integration-guide/network-configuration/server-configuration/end-users-authentication/index.md,0
docs/identitymanager/6.1/integration-guide/network-configuration/server-configuration/general-purpose/index.md,0
docs/identitymanager/6.1/integration-guide/network-configuration/server-configuration/index.md,0
docs/identitymanager/6.1/integration-guide/network-configuration/server-configuration/rsa-encryption/index.md,0
docs/identitymanager/6.1/integration-guide/network-configuration/settings/index.md,0
docs/identitymanager/6.1/integration-guide/network-configuration/technical-files/appsettings.connection/index.md,0
docs/identitymanager/6.1/integration-guide/network-configuration/technical-files/index.md,0
docs/identitymanager/6.1/integration-guide/notifications/custom/index.md,0
docs/identitymanager/6.1/integration-guide/notifications/how-tos/customize-native-notification/index.md,0
docs/identitymanager/6.1/integration-guide/notifications/how-tos/index.md,0
docs/identitymanager/6.1/integration-guide/notifications/how-tos/set-language/index.md,0
docs/identitymanager/6.1/integration-guide/notifications/index.md,0
docs/identitymanager/6.1/integration-guide/notifications/native/access-certification/index.md,0
docs/identitymanager/6.1/integration-guide/notifications/native/errored-jobs/index.md,0
docs/identitymanager/6.1/integration-guide/notifications/native/index.md,0
docs/identitymanager/6.1/integration-guide/notifications/native/manual-provisioning/index.md,0
docs/identitymanager/6.1/integration-guide/notifications/native/password-reset/index.md,0
docs/identitymanager/6.1/integration-guide/notifications/native/provisioning-review/index.md,0
docs/identitymanager/6.1/integration-guide/notifications/native/role-review/index.md,0
docs/identitymanager/6.1/integration-guide/profiles-permissions/how-tos/create-assign-profiles/index.md,0
docs/identitymanager/6.1/integration-guide/profiles-permissions/how-tos/index.md,0
docs/identitymanager/6.1/integration-guide/profiles-permissions/how-tos/rightsrestriction/index.md,0
docs/identitymanager/6.1/integration-guide/profiles-permissions/index.md,0
docs/identitymanager/6.1/integration-guide/profiles-permissions/permissions/index.md,0
docs/identitymanager/6.1/integration-guide/provisioning/how-tos/argumentsexpression/index.md,0
docs/identitymanager/6.1/integration-guide/provisioning/how-tos/index.md,0
docs/identitymanager/6.1/integration-guide/provisioning/index.md,0
docs/identitymanager/6.1/integration-guide/provisioning/prov-thresholds/index.md,0
docs/identitymanager/6.1/integration-guide/resources/index.md,0
docs/identitymanager/6.1/integration-guide/role-assignment/assignment-dates/index.md,0
docs/identitymanager/6.1/integration-guide/role-assignment/assignments-of-entitlements/index.md,0
docs/identitymanager/6.1/integration-guide/role-assignment/conformingassignmentcomputation/index.md,0
docs/identitymanager/6.1/integration-guide/role-assignment/evaluate-policy/index.md,0
docs/identitymanager/6.1/integration-guide/role-assignment/existingassignmentsdeduction/index.md,0
docs/identitymanager/6.1/integration-guide/role-assignment/generate-contexts/index.md,0
docs/identitymanager/6.1/integration-guide/role-assignment/how-tos/configureindirectpermissions/index.md,0
docs/identitymanager/6.1/integration-guide/role-assignment/how-tos/index.md,0
docs/identitymanager/6.1/integration-guide/role-assignment/how-tos/infer-single-roles/index.md,0
docs/identitymanager/6.1/integration-guide/role-assignment/how-tos/restrict-assignment/index.md,0
docs/identitymanager/6.1/integration-guide/role-assignment/index.md,0
docs/identitymanager/6.1/integration-guide/role-assignment/indirectpermissions/index.md,0
docs/identitymanager/6.1/integration-guide/role-assignment/nonconformingdetection/index.md,0
docs/identitymanager/6.1/integration-guide/role-mining/index.md,0
docs/identitymanager/6.1/integration-guide/role-model/how-tos/index.md,0
docs/identitymanager/6.1/integration-guide/role-model/index.md,0
docs/identitymanager/6.1/integration-guide/simulation/index.md,0
docs/identitymanager/6.1/integration-guide/synchronization/index.md,0
docs/identitymanager/6.1/integration-guide/synchronization/synchro-thresholds/index.md,0
docs/identitymanager/6.1/integration-guide/synchronization/upward-data-sync/index.md,0
docs/identitymanager/6.1/integration-guide/tasks-jobs/how-tos/build-efficient-jobs/index.md,0
docs/identitymanager/6.1/integration-guide/tasks-jobs/how-tos/configure-incremental-job/index.md,0
docs/identitymanager/6.1/integration-guide/tasks-jobs/how-tos/configure-jobs/index.md,0
docs/identitymanager/6.1/integration-guide/tasks-jobs/how-tos/fulfillldap/index.md,0
docs/identitymanager/6.1/integration-guide/tasks-jobs/how-tos/index.md,0
docs/identitymanager/6.1/integration-guide/tasks-jobs/how-tos/jobdaily/index.md,0
docs/identitymanager/6.1/integration-guide/tasks-jobs/how-tos/jobfast/index.md,0
docs/identitymanager/6.1/integration-guide/tasks-jobs/how-tos/troubleshoot-connector-jobs/index.md,0
docs/identitymanager/6.1/integration-guide/tasks-jobs/index.md,0
docs/identitymanager/6.1/integration-guide/tasks-jobs/jobs/index.md,0
docs/identitymanager/6.1/integration-guide/tasks-jobs/tasks/index.md,0
docs/identitymanager/6.1/integration-guide/toolkit/bindings/index.md,0
docs/identitymanager/6.1/integration-guide/toolkit/expressions/csharp-utility-functions/index.md,0
docs/identitymanager/6.1/integration-guide/toolkit/expressions/index.md,0
docs/identitymanager/6.1/integration-guide/toolkit/expressions/predefined-functions/index.md,0
docs/identitymanager/6.1/integration-guide/toolkit/file-hierarchy/index.md,0
docs/identitymanager/6.1/integration-guide/toolkit/how-tos/adjust-scaffoldings/index.md,0
docs/identitymanager/6.1/integration-guide/toolkit/how-tos/deploy-configuration/index.md,0
docs/identitymanager/6.1/integration-guide/toolkit/how-tos/export-configuration/index.md,0
docs/identitymanager/6.1/integration-guide/toolkit/how-tos/index.md,0
docs/identitymanager/6.1/integration-guide/toolkit/index.md,0
docs/identitymanager/6.1/integration-guide/toolkit/languages/index.md,0
docs/identitymanager/6.1/integration-guide/toolkit/parameter-names/index.md,0
docs/identitymanager/6.1/integration-guide/toolkit/recommendations/index.md,0
docs/identitymanager/6.1/integration-guide/toolkit/reservedidentifiers/index.md,0
docs/identitymanager/6.1/integration-guide/toolkit/xml-configuration/access-certification/accesscertificationcampaignpolicy/index.md,0
docs/identitymanager/6.1/integration-guide/toolkit/xml-configuration/access-certification/accesscertificationdatafilter/index.md,0
docs/identitymanager/6.1/integration-guide/toolkit/xml-configuration/access-certification/accesscertificationownerfilter/index.md,0
docs/identitymanager/6.1/integration-guide/toolkit/xml-configuration/access-certification/index.md,0
docs/identitymanager/6.1/integration-guide/toolkit/xml-configuration/access-control/accesscontrolpermission/index.md,0
docs/identitymanager/6.1/integration-guide/toolkit/xml-configuration/access-control/accesscontrolpropertygroup/index.md,0
docs/identitymanager/6.1/integration-guide/toolkit/xml-configuration/access-control/accesscontrolrule/index.md,0
docs/identitymanager/6.1/integration-guide/toolkit/xml-configuration/access-control/assignedprofile/index.md,0
docs/identitymanager/6.1/integration-guide/toolkit/xml-configuration/access-control/index.md,0
docs/identitymanager/6.1/integration-guide/toolkit/xml-configuration/access-control/openidclient/index.md,0
docs/identitymanager/6.1/integration-guide/toolkit/xml-configuration/access-control/profile/index.md,0
docs/identitymanager/6.1/integration-guide/toolkit/xml-configuration/access-control/profilecontext/index.md,0
docs/identitymanager/6.1/integration-guide/toolkit/xml-configuration/access-control/profilerulecontext/index.md,0
docs/identitymanager/6.1/integration-guide/toolkit/xml-configuration/business-intelligence/index.md,0
docs/identitymanager/6.1/integration-guide/toolkit/xml-configuration/business-intelligence/universe/index.md,0
docs/identitymanager/6.1/integration-guide/toolkit/xml-configuration/configuration/index.md,0
docs/identitymanager/6.1/integration-guide/toolkit/xml-configuration/configuration/scaffoldings/accesscontrolrules/accessreviews/accessreviewadministrationaccesscontrolrules/index.md,0
docs/identitymanager/6.1/integration-guide/toolkit/xml-configuration/configuration/scaffoldings/accesscontrolrules/accessreviews/index.md,0
docs/identitymanager/6.1/integration-guide/toolkit/xml-configuration/configuration/scaffoldings/accesscontrolrules/connectors/connectorresourcetypeaccesscontrol/index.md,0
docs/identitymanager/6.1/integration-guide/toolkit/xml-configuration/configuration/scaffoldings/accesscontrolrules/connectors/index.md,0
docs/identitymanager/6.1/integration-guide/toolkit/xml-configuration/configuration/scaffoldings/accesscontrolrules/connectors/settingsaccesscontrolrules/index.md,0
docs/identitymanager/6.1/integration-guide/toolkit/xml-configuration/configuration/scaffoldings/accesscontrolrules/index.md,0
docs/identitymanager/6.1/integration-guide/toolkit/xml-configuration/configuration/scaffoldings/accesscontrolrules/jobs/getjoblogadministrationaccesscontrolrules/index.md,0
docs/identitymanager/6.1/integration-guide/toolkit/xml-configuration/configuration/scaffoldings/accesscontrolrules/jobs/index.md,0
docs/identitymanager/6.1/integration-guide/toolkit/xml-configuration/configuration/scaffoldings/accesscontrolrules/jobs/jobadministrationaccesscontrolrules/index.md,0
docs/identitymanager/6.1/integration-guide/toolkit/xml-configuration/configuration/scaffoldings/accesscontrolrules/jobs/jobtaskadministrationaccesscontrolrules/index.md,0
docs/identitymanager/6.1/integration-guide/toolkit/xml-configuration/configuration/scaffoldings/accesscontrolrules/jobs/pendingassignedresourcetypesaccesscontrolrules/index.md,0
docs/identitymanager/6.1/integration-guide/toolkit/xml-configuration/configuration/scaffoldings/accesscontrolrules/jobs/provisioningaccesscontrolrules/index.md,0
docs/identitymanager/6.1/integration-guide/toolkit/xml-configuration/configuration/scaffoldings/accesscontrolrules/jobs/resourcechangesviewaccesscontrolrules/index.md,0
docs/identitymanager/6.1/integration-guide/toolkit/xml-configuration/configuration/scaffoldings/accesscontrolrules/jobs/resourcetypemappingcontrolrules/index.md,0
docs/identitymanager/6.1/integration-guide/toolkit/xml-configuration/configuration/scaffoldings/accesscontrolrules/jobs/runjobadministrationaccesscontrolrules/index.md,0
docs/identitymanager/6.1/integration-guide/toolkit/xml-configuration/configuration/scaffoldings/accesscontrolrules/jobs/runjobnotificationaccesscontrolrules/index.md,0
docs/identitymanager/6.1/integration-guide/toolkit/xml-configuration/configuration/scaffoldings/accesscontrolrules/jobs/runjobrepairadministrationaccesscontrolrules/index.md,0
docs/identitymanager/6.1/integration-guide/toolkit/xml-configuration/configuration/scaffoldings/accesscontrolrules/jobs/runjobrepairnotificationaccesscontrolrules/index.md,0
docs/identitymanager/6.1/integration-guide/toolkit/xml-configuration/configuration/scaffoldings/accesscontrolrules/jobs/synchronizationaccesscontrolrules/index.md,0
docs/identitymanager/6.1/integration-guide/toolkit/xml-configuration/configuration/scaffoldings/accesscontrolrules/jobs/taskadministrationaccesscontrolrules/index.md,0
docs/identitymanager/6.1/integration-guide/toolkit/xml-configuration/configuration/scaffoldings/accesscontrolrules/jobs/taskinstanceadministrationaccesscontrolrules/index.md,0
docs/identitymanager/6.1/integration-guide/toolkit/xml-configuration/configuration/scaffoldings/accesscontrolrules/jobs/workflowfulfillmentcontrolrules/index.md,0
docs/identitymanager/6.1/integration-guide/toolkit/xml-configuration/configuration/scaffoldings/accesscontrolrules/monitoring/index.md,0
docs/identitymanager/6.1/integration-guide/toolkit/xml-configuration/configuration/scaffoldings/accesscontrolrules/monitoring/monitoringadministrationaccesscontrolrules/index.md,0
docs/identitymanager/6.1/integration-guide/toolkit/xml-configuration/configuration/scaffoldings/accesscontrolrules/profiles/assignprofileaccesscontrolrules/index.md,0
docs/identitymanager/6.1/integration-guide/toolkit/xml-configuration/configuration/scaffoldings/accesscontrolrules/profiles/index.md,0
docs/identitymanager/6.1/integration-guide/toolkit/xml-configuration/configuration/scaffoldings/accesscontrolrules/profiles/openidclientadministrationaccesscontrolrules/index.md,0
docs/identitymanager/6.1/integration-guide/toolkit/xml-configuration/configuration/scaffoldings/accesscontrolrules/profiles/profileadministrationaccesscontrolrules/index.md,0
docs/identitymanager/6.1/integration-guide/toolkit/xml-configuration/configuration/scaffoldings/accesscontrolrules/queries/index.md,0
docs/identitymanager/6.1/integration-guide/toolkit/xml-configuration/configuration/scaffoldings/accesscontrolrules/queries/managesettingaccesscontrolrule/index.md,0
docs/identitymanager/6.1/integration-guide/toolkit/xml-configuration/configuration/scaffoldings/accesscontrolrules/queries/reportaccesscontrolrules/index.md,0
docs/identitymanager/6.1/integration-guide/toolkit/xml-configuration/configuration/scaffoldings/accesscontrolrules/queries/targetresourcereportaccesscontrolrules/index.md,0
docs/identitymanager/6.1/integration-guide/toolkit/xml-configuration/configuration/scaffoldings/accesscontrolrules/queries/universeaccesscontrolrules/index.md,0
docs/identitymanager/6.1/integration-guide/toolkit/xml-configuration/configuration/scaffoldings/accesscontrolrules/resources/createresourceincrementalaccesscontrolrules/index.md,0
docs/identitymanager/6.1/integration-guide/toolkit/xml-configuration/configuration/scaffoldings/accesscontrolrules/resources/index.md,0
docs/identitymanager/6.1/integration-guide/toolkit/xml-configuration/configuration/scaffoldings/accesscontrolrules/resources/resourceapiadministration/index.md,0
docs/identitymanager/6.1/integration-guide/toolkit/xml-configuration/configuration/scaffoldings/accesscontrolrules/resources/resourcepickercontrolrules/index.md,0
docs/identitymanager/6.1/integration-guide/toolkit/xml-configuration/configuration/scaffoldings/accesscontrolrules/resources/viewaccesscontrolrules/index.md,0
docs/identitymanager/6.1/integration-guide/toolkit/xml-configuration/configuration/scaffoldings/accesscontrolrules/resources/viewhistoryresourcetemplate/index.md,0
docs/identitymanager/6.1/integration-guide/toolkit/xml-configuration/configuration/scaffoldings/accesscontrolrules/rolemodels/basketrulescontrolrules/index.md,0
docs/identitymanager/6.1/integration-guide/toolkit/xml-configuration/configuration/scaffoldings/accesscontrolrules/rolemodels/bulkperformmanualprovisioningaccesscontrolrules/index.md,0
docs/identitymanager/6.1/integration-guide/toolkit/xml-configuration/configuration/scaffoldings/accesscontrolrules/rolemodels/bulkresourcereconciliationaccesscontrolrules/index.md,0
docs/identitymanager/6.1/integration-guide/toolkit/xml-configuration/configuration/scaffoldings/accesscontrolrules/rolemodels/bulkreviewprovisioningaccesscontrolrules/index.md,0
docs/identitymanager/6.1/integration-guide/toolkit/xml-configuration/configuration/scaffoldings/accesscontrolrules/rolemodels/bulkrolereconciliationaccesscontrolrules/index.md,0
docs/identitymanager/6.1/integration-guide/toolkit/xml-configuration/configuration/scaffoldings/accesscontrolrules/rolemodels/governancerolesaccesscontrolrules/index.md,0
docs/identitymanager/6.1/integration-guide/toolkit/xml-configuration/configuration/scaffoldings/accesscontrolrules/rolemodels/index.md,0
docs/identitymanager/6.1/integration-guide/toolkit/xml-configuration/configuration/scaffoldings/accesscontrolrules/rolemodels/performmanualprovisioningaccesscontrolrules/index.md,0
docs/identitymanager/6.1/integration-guide/toolkit/xml-configuration/configuration/scaffoldings/accesscontrolrules/rolemodels/reconciliateresourcesaccesscontrolrules/index.md,0
docs/identitymanager/6.1/integration-guide/toolkit/xml-configuration/configuration/scaffoldings/accesscontrolrules/rolemodels/reconciliaterolesaccesscontrolrules/index.md,0
docs/identitymanager/6.1/integration-guide/toolkit/xml-configuration/configuration/scaffoldings/accesscontrolrules/rolemodels/redundantassignmentaccesscontrolrule/index.md,0
docs/identitymanager/6.1/integration-guide/toolkit/xml-configuration/configuration/scaffoldings/accesscontrolrules/rolemodels/reviewprovisioningaccesscontrolrules/index.md,0
docs/identitymanager/6.1/integration-guide/toolkit/xml-configuration/configuration/scaffoldings/accesscontrolrules/rolemodels/reviewrolesaccesscontrolrules/index.md,0
docs/identitymanager/6.1/integration-guide/toolkit/xml-configuration/configuration/scaffoldings/accesscontrolrules/rolemodels/risksadministrationaccesscontrolrules/index.md,0
docs/identitymanager/6.1/integration-guide/toolkit/xml-configuration/configuration/scaffoldings/accesscontrolrules/rolemodels/roleadministrationaccesscontrolrules/index.md,0
docs/identitymanager/6.1/integration-guide/toolkit/xml-configuration/configuration/scaffoldings/accesscontrolrules/rolemodels/rolenamingaccesscontrolrules/index.md,0
docs/identitymanager/6.1/integration-guide/toolkit/xml-configuration/configuration/scaffoldings/accesscontrolrules/simulations/index.md,0
docs/identitymanager/6.1/integration-guide/toolkit/xml-configuration/configuration/scaffoldings/accesscontrolrules/simulations/policysimulationcontrolrules/index.md,0
docs/identitymanager/6.1/integration-guide/toolkit/xml-configuration/configuration/scaffoldings/accesscontrolrules/simulations/roleandsimulationcontrolrules/index.md,0
docs/identitymanager/6.1/integration-guide/toolkit/xml-configuration/configuration/scaffoldings/accesscontrolrules/userinterfaces/index.md,0
docs/identitymanager/6.1/integration-guide/toolkit/xml-configuration/configuration/scaffoldings/accesscontrolrules/userinterfaces/manageaccounts/index.md,0
docs/identitymanager/6.1/integration-guide/toolkit/xml-configuration/configuration/scaffoldings/accesscontrolrules/userinterfaces/searchbarpageaccesscontrol/index.md,0
docs/identitymanager/6.1/integration-guide/toolkit/xml-configuration/configuration/scaffoldings/accesscontrolrules/workflows/createupdatedeleteaccesscontrolrules/index.md,0
docs/identitymanager/6.1/integration-guide/toolkit/xml-configuration/configuration/scaffoldings/accesscontrolrules/workflows/index.md,0
docs/identitymanager/6.1/integration-guide/toolkit/xml-configuration/configuration/scaffoldings/accesscontrolrules/workflows/updateresourcesaccesscontrolrules/index.md,0
docs/identitymanager/6.1/integration-guide/toolkit/xml-configuration/configuration/scaffoldings/accesscontrolrules/workflows/workflowaccesscontrolrules/index.md,0
docs/identitymanager/6.1/integration-guide/toolkit/xml-configuration/configuration/scaffoldings/accesscontrolrules/workflows/workflowconfigurationcontrolrules/index.md,0
docs/identitymanager/6.1/integration-guide/toolkit/xml-configuration/configuration/scaffoldings/accesscontrolrules/workflows/workflowoverviewcontrolrules/index.md,0
docs/identitymanager/6.1/integration-guide/toolkit/xml-configuration/configuration/scaffoldings/entitytypes/entitytypes/connectormappings/index.md,0
docs/identitymanager/6.1/integration-guide/toolkit/xml-configuration/configuration/scaffoldings/entitytypes/entitytypes/entitytypedisplayname/index.md,0
docs/identitymanager/6.1/integration-guide/toolkit/xml-configuration/configuration/scaffoldings/entitytypes/entitytypes/entitytypedisplaytable/index.md,0
docs/identitymanager/6.1/integration-guide/toolkit/xml-configuration/configuration/scaffoldings/entitytypes/entitytypes/entitytypedisplaytableadaptable/index.md,0
docs/identitymanager/6.1/integration-guide/toolkit/xml-configuration/configuration/scaffoldings/entitytypes/entitytypes/entitytypedisplaytargetresourcetable/index.md,0
docs/identitymanager/6.1/integration-guide/toolkit/xml-configuration/configuration/scaffoldings/entitytypes/entitytypes/entitytypemenuitem/index.md,0
docs/identitymanager/6.1/integration-guide/toolkit/xml-configuration/configuration/scaffoldings/entitytypes/entitytypes/entitytypesearchbar/index.md,0
docs/identitymanager/6.1/integration-guide/toolkit/xml-configuration/configuration/scaffoldings/entitytypes/entitytypes/index.md,0
docs/identitymanager/6.1/integration-guide/toolkit/xml-configuration/configuration/scaffoldings/entitytypes/entitytypes/targetresourcereportmenus/index.md,0
docs/identitymanager/6.1/integration-guide/toolkit/xml-configuration/configuration/scaffoldings/entitytypes/index.md,0
docs/identitymanager/6.1/integration-guide/toolkit/xml-configuration/configuration/scaffoldings/entitytypes/workflows/createupdatedeletemenus/index.md,0
docs/identitymanager/6.1/integration-guide/toolkit/xml-configuration/configuration/scaffoldings/entitytypes/workflows/createupdatedeleteworkflows/index.md,0
docs/identitymanager/6.1/integration-guide/toolkit/xml-configuration/configuration/scaffoldings/entitytypes/workflows/index.md,0
docs/identitymanager/6.1/integration-guide/toolkit/xml-configuration/configuration/scaffoldings/entitytypes/workflows/updateresourcesmenus/index.md,0
docs/identitymanager/6.1/integration-guide/toolkit/xml-configuration/configuration/scaffoldings/entitytypes/workflows/updateresourcesworkflows/index.md,0
docs/identitymanager/6.1/integration-guide/toolkit/xml-configuration/configuration/scaffoldings/entitytypes/workflows/workflowactorsnotification/index.md,0
docs/identitymanager/6.1/integration-guide/toolkit/xml-configuration/configuration/scaffoldings/entitytypes/workflows/workflowentitytype/index.md,0
docs/identitymanager/6.1/integration-guide/toolkit/xml-configuration/configuration/scaffoldings/entitytypes/workflows/workflowentitytypedisplayentitytype/index.md,0
docs/identitymanager/6.1/integration-guide/toolkit/xml-configuration/configuration/scaffoldings/entitytypes/workflows/workflowentitytypedisplaytable/index.md,0
docs/identitymanager/6.1/integration-guide/toolkit/xml-configuration/configuration/scaffoldings/entitytypes/workflows/workflowentitytypesearchbar/index.md,0
docs/identitymanager/6.1/integration-guide/toolkit/xml-configuration/configuration/scaffoldings/entitytypes/workflows/workflowperformernotification/index.md,0
docs/identitymanager/6.1/integration-guide/toolkit/xml-configuration/configuration/scaffoldings/index.md,0
docs/identitymanager/6.1/integration-guide/toolkit/xml-configuration/configuration/scaffoldings/jobs/cleandatabasejob/index.md,0
docs/identitymanager/6.1/integration-guide/toolkit/xml-configuration/configuration/scaffoldings/jobs/createaccesscertificationjob/index.md,0
docs/identitymanager/6.1/integration-guide/toolkit/xml-configuration/configuration/scaffoldings/jobs/createagentsynchrocomplete/index.md,0
docs/identitymanager/6.1/integration-guide/toolkit/xml-configuration/configuration/scaffoldings/jobs/createagentsynchroincremental/index.md,0
docs/identitymanager/6.1/integration-guide/toolkit/xml-configuration/configuration/scaffoldings/jobs/createconnectorsjobs/index.md,0
docs/identitymanager/6.1/integration-guide/toolkit/xml-configuration/configuration/scaffoldings/jobs/createconnectorsynchrocomplete/index.md,0
docs/identitymanager/6.1/integration-guide/toolkit/xml-configuration/configuration/scaffoldings/jobs/createconnectorsynchroincremental/index.md,0
docs/identitymanager/6.1/integration-guide/toolkit/xml-configuration/configuration/scaffoldings/jobs/createinitializationjob/index.md,0
docs/identitymanager/6.1/integration-guide/toolkit/xml-configuration/configuration/scaffoldings/jobs/index.md,0
docs/identitymanager/6.1/integration-guide/toolkit/xml-configuration/configuration/scaffoldings/optimizations/index.md,0
docs/identitymanager/6.1/integration-guide/toolkit/xml-configuration/configuration/scaffoldings/optimizations/optimizedisplaytable/index.md,0
docs/identitymanager/6.1/integration-guide/toolkit/xml-configuration/configuration/scaffoldings/queries/index.md,0
docs/identitymanager/6.1/integration-guide/toolkit/xml-configuration/configuration/scaffoldings/queries/targetresourcereport/index.md,0
docs/identitymanager/6.1/integration-guide/toolkit/xml-configuration/configuration/scaffoldings/queries/universedatamodel/index.md,0
docs/identitymanager/6.1/integration-guide/toolkit/xml-configuration/configuration/scaffoldings/templates/connectorsaccesscontrolrules/index.md,0
docs/identitymanager/6.1/integration-guide/toolkit/xml-configuration/configuration/scaffoldings/templates/createadministratorprofile/index.md,0
docs/identitymanager/6.1/integration-guide/toolkit/xml-configuration/configuration/scaffoldings/templates/createupdatedeletetemplate/index.md,0
docs/identitymanager/6.1/integration-guide/toolkit/xml-configuration/configuration/scaffoldings/templates/entityreportdefault/index.md,0
docs/identitymanager/6.1/integration-guide/toolkit/xml-configuration/configuration/scaffoldings/templates/index.md,0
docs/identitymanager/6.1/integration-guide/toolkit/xml-configuration/configuration/scaffoldings/templates/jobexecutionaccesscontrolrules/index.md,0
docs/identitymanager/6.1/integration-guide/toolkit/xml-configuration/configuration/scaffoldings/templates/jobviewaccesscontrolrules/index.md,0
docs/identitymanager/6.1/integration-guide/toolkit/xml-configuration/configuration/scaffoldings/templates/simulationaccesscontrolrules/index.md,0
docs/identitymanager/6.1/integration-guide/toolkit/xml-configuration/configuration/scaffoldings/templates/updateresourcestemplate/index.md,0
docs/identitymanager/6.1/integration-guide/toolkit/xml-configuration/configuration/scaffoldings/templates/viewsourceresourcetemplate/index.md,0
docs/identitymanager/6.1/integration-guide/toolkit/xml-configuration/configuration/scaffoldings/templates/viewtargetresourcetemplate/index.md,0
docs/identitymanager/6.1/integration-guide/toolkit/xml-configuration/configuration/scaffoldings/templates/viewtemplate/index.md,0
docs/identitymanager/6.1/integration-guide/toolkit/xml-configuration/configuration/scaffoldings/templates/viewtemplateadaptable/index.md,0
docs/identitymanager/6.1/integration-guide/toolkit/xml-configuration/configuration/scaffoldings/workforce/bootstrapmodule/index.md,0
docs/identitymanager/6.1/integration-guide/toolkit/xml-configuration/configuration/scaffoldings/workforce/index.md,0
docs/identitymanager/6.1/integration-guide/toolkit/xml-configuration/configuration/scaffoldings/workforce/workforcemodule/index.md,0
docs/identitymanager/6.1/integration-guide/toolkit/xml-configuration/connectors/agent/index.md,0
docs/identitymanager/6.1/integration-guide/toolkit/xml-configuration/connectors/connection/index.md,0
docs/identitymanager/6.1/integration-guide/toolkit/xml-configuration/connectors/connectiontable/index.md,0
docs/identitymanager/6.1/integration-guide/toolkit/xml-configuration/connectors/connector/index.md,0
docs/identitymanager/6.1/integration-guide/toolkit/xml-configuration/connectors/entityassociationmapping/index.md,0
docs/identitymanager/6.1/integration-guide/toolkit/xml-configuration/connectors/entitytypemapping/index.md,0
docs/identitymanager/6.1/integration-guide/toolkit/xml-configuration/connectors/index.md,0
docs/identitymanager/6.1/integration-guide/toolkit/xml-configuration/connectors/passwordresetsettings/index.md,0
docs/identitymanager/6.1/integration-guide/toolkit/xml-configuration/connectors/resourcetypemappings/azureadresourcetypemapping/index.md,0
docs/identitymanager/6.1/integration-guide/toolkit/xml-configuration/connectors/resourcetypemappings/easyvistaresourcetypemapping/index.md,0
docs/identitymanager/6.1/integration-guide/toolkit/xml-configuration/connectors/resourcetypemappings/index.md,0
docs/identitymanager/6.1/integration-guide/toolkit/xml-configuration/connectors/resourcetypemappings/ldapresourcetypemapping/index.md,0
docs/identitymanager/6.1/integration-guide/toolkit/xml-configuration/connectors/resourcetypemappings/manualprovisioningresourcetypemapping/index.md,0
docs/identitymanager/6.1/integration-guide/toolkit/xml-configuration/connectors/resourcetypemappings/oktaresourcetypemapping/index.md,0
docs/identitymanager/6.1/integration-guide/toolkit/xml-configuration/connectors/resourcetypemappings/sapresourcetypemapping/index.md,0
docs/identitymanager/6.1/integration-guide/toolkit/xml-configuration/connectors/resourcetypemappings/scimresourcetypemapping/index.md,0
docs/identitymanager/6.1/integration-guide/toolkit/xml-configuration/connectors/resourcetypemappings/servicenowresourcetypemapping/index.md,0
docs/identitymanager/6.1/integration-guide/toolkit/xml-configuration/connectors/resourcetypemappings/sharepointresourcetypemapping/index.md,0
docs/identitymanager/6.1/integration-guide/toolkit/xml-configuration/index.md,0
docs/identitymanager/6.1/integration-guide/toolkit/xml-configuration/jobs/index.md,0
docs/identitymanager/6.1/integration-guide/toolkit/xml-configuration/jobs/job/index.md,0
docs/identitymanager/6.1/integration-guide/toolkit/xml-configuration/jobs/tasks/agent/activityinstanceactortask/index.md,0
docs/identitymanager/6.1/integration-guide/toolkit/xml-configuration/jobs/tasks/agent/createdatabaseviewstask/index.md,0
docs/identitymanager/6.1/integration-guide/toolkit/xml-configuration/jobs/tasks/agent/exporttask/index.md,0
docs/identitymanager/6.1/integration-guide/toolkit/xml-configuration/jobs/tasks/agent/fulfilltask/index.md,0
docs/identitymanager/6.1/integration-guide/toolkit/xml-configuration/jobs/tasks/agent/index.md,0
docs/identitymanager/6.1/integration-guide/toolkit/xml-configuration/jobs/tasks/agent/invokeapitask/index.md,0
docs/identitymanager/6.1/integration-guide/toolkit/xml-configuration/jobs/tasks/agent/invokeaspectstask/index.md,0
docs/identitymanager/6.1/integration-guide/toolkit/xml-configuration/jobs/tasks/agent/invokeexpressiontask/index.md,0
docs/identitymanager/6.1/integration-guide/toolkit/xml-configuration/jobs/tasks/agent/invokesqlcommandtask/index.md,0
docs/identitymanager/6.1/integration-guide/toolkit/xml-configuration/jobs/tasks/agent/preparesynchronizationtask/index.md,0
docs/identitymanager/6.1/integration-guide/toolkit/xml-configuration/jobs/tasks/index.md,0
docs/identitymanager/6.1/integration-guide/toolkit/xml-configuration/jobs/tasks/server/buildrolemodeltask/index.md,0
docs/identitymanager/6.1/integration-guide/toolkit/xml-configuration/jobs/tasks/server/computecorrelationkeystask/index.md,0
docs/identitymanager/6.1/integration-guide/toolkit/xml-configuration/jobs/tasks/server/computeriskscorestask/index.md,0
docs/identitymanager/6.1/integration-guide/toolkit/xml-configuration/jobs/tasks/server/computerolemodeltask/index.md,0
docs/identitymanager/6.1/integration-guide/toolkit/xml-configuration/jobs/tasks/server/deployconfigurationtask/index.md,0
docs/identitymanager/6.1/integration-guide/toolkit/xml-configuration/jobs/tasks/server/fulfilltask/index.md,0
docs/identitymanager/6.1/integration-guide/toolkit/xml-configuration/jobs/tasks/server/generateprovisioningorderstask/index.md,0
docs/identitymanager/6.1/integration-guide/toolkit/xml-configuration/jobs/tasks/server/getroleminingtask/index.md,0
docs/identitymanager/6.1/integration-guide/toolkit/xml-configuration/jobs/tasks/server/index.md,0
docs/identitymanager/6.1/integration-guide/toolkit/xml-configuration/jobs/tasks/server/invokeexpressiontask/index.md,0
docs/identitymanager/6.1/integration-guide/toolkit/xml-configuration/jobs/tasks/server/invokesqlcommandtask/index.md,0
docs/identitymanager/6.1/integration-guide/toolkit/xml-configuration/jobs/tasks/server/maintainindexestask/index.md,0
docs/identitymanager/6.1/integration-guide/toolkit/xml-configuration/jobs/tasks/server/manageconfigurationindexestask/index.md,0
docs/identitymanager/6.1/integration-guide/toolkit/xml-configuration/jobs/tasks/server/processaccesscertificationitemstask/index.md,0
docs/identitymanager/6.1/integration-guide/toolkit/xml-configuration/jobs/tasks/server/resetvalidfromtask/index.md,0
docs/identitymanager/6.1/integration-guide/toolkit/xml-configuration/jobs/tasks/server/savepreexistingaccessrightstask/index.md,0
docs/identitymanager/6.1/integration-guide/toolkit/xml-configuration/jobs/tasks/server/sendaccesscertificationnotificationtask/index.md,0
docs/identitymanager/6.1/integration-guide/toolkit/xml-configuration/jobs/tasks/server/sendnotificationstask/index.md,0
docs/identitymanager/6.1/integration-guide/toolkit/xml-configuration/jobs/tasks/server/sendrolemodelnotificationstask/index.md,0
docs/identitymanager/6.1/integration-guide/toolkit/xml-configuration/jobs/tasks/server/setaccesscertificationreviewertask/index.md,0
docs/identitymanager/6.1/integration-guide/toolkit/xml-configuration/jobs/tasks/server/setinternaluserprofilestask/index.md,0
docs/identitymanager/6.1/integration-guide/toolkit/xml-configuration/jobs/tasks/server/setrecentlymodifiedflagtask/index.md,0
docs/identitymanager/6.1/integration-guide/toolkit/xml-configuration/jobs/tasks/server/synchronizetask/index.md,0
docs/identitymanager/6.1/integration-guide/toolkit/xml-configuration/jobs/tasks/server/updateaccesscertificationcampaigntask/index.md,0
docs/identitymanager/6.1/integration-guide/toolkit/xml-configuration/jobs/tasks/server/updateclassificationtask/index.md,0
docs/identitymanager/6.1/integration-guide/toolkit/xml-configuration/jobs/tasks/server/updateentitypropertyexpressionstask/index.md,0
docs/identitymanager/6.1/integration-guide/toolkit/xml-configuration/metadata/accesscontrolentitytype/index.md,0
docs/identitymanager/6.1/integration-guide/toolkit/xml-configuration/metadata/binding/index.md,0
docs/identitymanager/6.1/integration-guide/toolkit/xml-configuration/metadata/dimension/index.md,0
docs/identitymanager/6.1/integration-guide/toolkit/xml-configuration/metadata/entityassociation/index.md,0
docs/identitymanager/6.1/integration-guide/toolkit/xml-configuration/metadata/entitypropertyexpression/index.md,0
docs/identitymanager/6.1/integration-guide/toolkit/xml-configuration/metadata/entitytype/index.md,0
docs/identitymanager/6.1/integration-guide/toolkit/xml-configuration/metadata/index.md,0
docs/identitymanager/6.1/integration-guide/toolkit/xml-configuration/metadata/language/index.md,0
docs/identitymanager/6.1/integration-guide/toolkit/xml-configuration/metadata/settings/appdisplaysetting/index.md,0
docs/identitymanager/6.1/integration-guide/toolkit/xml-configuration/metadata/settings/configurationversionsetting/index.md,0
docs/identitymanager/6.1/integration-guide/toolkit/xml-configuration/metadata/settings/customlink1setting/index.md,0
docs/identitymanager/6.1/integration-guide/toolkit/xml-configuration/metadata/settings/customlink2setting/index.md,0
docs/identitymanager/6.1/integration-guide/toolkit/xml-configuration/metadata/settings/dashboarditemnumbersetting/index.md,0
docs/identitymanager/6.1/integration-guide/toolkit/xml-configuration/metadata/settings/index.md,0
docs/identitymanager/6.1/integration-guide/toolkit/xml-configuration/metadata/settings/mailsetting/index.md,0
docs/identitymanager/6.1/integration-guide/toolkit/xml-configuration/metadata/settings/passwordgenerationsetting/index.md,0
docs/identitymanager/6.1/integration-guide/toolkit/xml-configuration/metadata/settings/passwordtestssetting/index.md,0
docs/identitymanager/6.1/integration-guide/toolkit/xml-configuration/metadata/settings/schedulingcleandatabasesetting/index.md,0
docs/identitymanager/6.1/integration-guide/toolkit/xml-configuration/metadata/settings/selectallperformedbyassociationqueryhandlersetting/index.md,0
docs/identitymanager/6.1/integration-guide/toolkit/xml-configuration/metadata/settings/selectpersonasbyfilterqueryhandlersetting/index.md,0
docs/identitymanager/6.1/integration-guide/toolkit/xml-configuration/metadata/settings/selectuserbyidentityqueryhandlersetting/index.md,0
docs/identitymanager/6.1/integration-guide/toolkit/xml-configuration/notifications/index.md,0
docs/identitymanager/6.1/integration-guide/toolkit/xml-configuration/notifications/notification/index.md,0
docs/identitymanager/6.1/integration-guide/toolkit/xml-configuration/notifications/notifications/accesscertificationnotification/index.md,0
docs/identitymanager/6.1/integration-guide/toolkit/xml-configuration/notifications/notifications/index.md,0
docs/identitymanager/6.1/integration-guide/toolkit/xml-configuration/notifications/notifications/manualprovisioningnotification/index.md,0
docs/identitymanager/6.1/integration-guide/toolkit/xml-configuration/notifications/notifications/provisioningreviewnotification/index.md,0
docs/identitymanager/6.1/integration-guide/toolkit/xml-configuration/notifications/notifications/rolepolicynotification/index.md,0
docs/identitymanager/6.1/integration-guide/toolkit/xml-configuration/notifications/notifications/rolereviewnotification/index.md,0
docs/identitymanager/6.1/integration-guide/toolkit/xml-configuration/notifications/notificationtemplate/index.md,0
docs/identitymanager/6.1/integration-guide/toolkit/xml-configuration/provisioning/automationrule/index.md,0
docs/identitymanager/6.1/integration-guide/toolkit/xml-configuration/provisioning/category/index.md,0
docs/identitymanager/6.1/integration-guide/toolkit/xml-configuration/provisioning/compositerole/index.md,0
docs/identitymanager/6.1/integration-guide/toolkit/xml-configuration/provisioning/compositerolerule/index.md,0
docs/identitymanager/6.1/integration-guide/toolkit/xml-configuration/provisioning/context/index.md,0
docs/identitymanager/6.1/integration-guide/toolkit/xml-configuration/provisioning/contextrule/index.md,0
docs/identitymanager/6.1/integration-guide/toolkit/xml-configuration/provisioning/index.md,0
docs/identitymanager/6.1/integration-guide/toolkit/xml-configuration/provisioning/indirectresourcerule/index.md,0
docs/identitymanager/6.1/integration-guide/toolkit/xml-configuration/provisioning/miningrule/index.md,0
docs/identitymanager/6.1/integration-guide/toolkit/xml-configuration/provisioning/policy/index.md,0
docs/identitymanager/6.1/integration-guide/toolkit/xml-configuration/provisioning/recordsection/index.md,0
docs/identitymanager/6.1/integration-guide/toolkit/xml-configuration/provisioning/resourceclassificationrule/index.md,0
docs/identitymanager/6.1/integration-guide/toolkit/xml-configuration/provisioning/resourcecorrelationrule/index.md,0
docs/identitymanager/6.1/integration-guide/toolkit/xml-configuration/provisioning/resourcetype/index.md,0
docs/identitymanager/6.1/integration-guide/toolkit/xml-configuration/provisioning/risk/index.md,0
docs/identitymanager/6.1/integration-guide/toolkit/xml-configuration/provisioning/rolemapping/index.md,0
docs/identitymanager/6.1/integration-guide/toolkit/xml-configuration/provisioning/singlerole/index.md,0
docs/identitymanager/6.1/integration-guide/toolkit/xml-configuration/provisioning/singlerolerule/index.md,0
docs/identitymanager/6.1/integration-guide/toolkit/xml-configuration/reporting/index.md,0
docs/identitymanager/6.1/integration-guide/toolkit/xml-configuration/reporting/reportquery/index.md,0
docs/identitymanager/6.1/integration-guide/toolkit/xml-configuration/resources/index.md,0
docs/identitymanager/6.1/integration-guide/toolkit/xml-configuration/resources/resource/index.md,0
docs/identitymanager/6.1/integration-guide/toolkit/xml-configuration/user-interface/displayentityassociation/index.md,0
docs/identitymanager/6.1/integration-guide/toolkit/xml-configuration/user-interface/displayentitytype/index.md,0
docs/identitymanager/6.1/integration-guide/toolkit/xml-configuration/user-interface/displaypropertygroup/index.md,0
docs/identitymanager/6.1/integration-guide/toolkit/xml-configuration/user-interface/displaytable/index.md,0
docs/identitymanager/6.1/integration-guide/toolkit/xml-configuration/user-interface/form/index.md,0
docs/identitymanager/6.1/integration-guide/toolkit/xml-configuration/user-interface/index.md,0
docs/identitymanager/6.1/integration-guide/toolkit/xml-configuration/user-interface/indicator/index.md,0
docs/identitymanager/6.1/integration-guide/toolkit/xml-configuration/user-interface/menuitem/index.md,0
docs/identitymanager/6.1/integration-guide/toolkit/xml-configuration/user-interface/searchbar/index.md,0
docs/identitymanager/6.1/integration-guide/toolkit/xml-configuration/user-interface/tile/index.md,0
docs/identitymanager/6.1/integration-guide/toolkit/xml-configuration/workflows/aspects/addchangeaspect/index.md,0
docs/identitymanager/6.1/integration-guide/toolkit/xml-configuration/workflows/aspects/assertvalueaspect/index.md,0
docs/identitymanager/6.1/integration-guide/toolkit/xml-configuration/workflows/aspects/assertvaluerequiredaspect/index.md,0
docs/identitymanager/6.1/integration-guide/toolkit/xml-configuration/workflows/aspects/builduniquevalueaspect/index.md,0
docs/identitymanager/6.1/integration-guide/toolkit/xml-configuration/workflows/aspects/index.md,0
docs/identitymanager/6.1/integration-guide/toolkit/xml-configuration/workflows/aspects/invokescriptaspect/index.md,0
docs/identitymanager/6.1/integration-guide/toolkit/xml-configuration/workflows/aspects/invokeworkflowaspect/index.md,0
docs/identitymanager/6.1/integration-guide/toolkit/xml-configuration/workflows/aspects/notificationaspect/index.md,0
docs/identitymanager/6.1/integration-guide/toolkit/xml-configuration/workflows/forms/index.md,0
docs/identitymanager/6.1/integration-guide/toolkit/xml-configuration/workflows/forms/workflowaddandendrecordentityform/index.md,0
docs/identitymanager/6.1/integration-guide/toolkit/xml-configuration/workflows/forms/workflowaddrecordentityform/index.md,0
docs/identitymanager/6.1/integration-guide/toolkit/xml-configuration/workflows/forms/workflowcreateentityform/index.md,0
docs/identitymanager/6.1/integration-guide/toolkit/xml-configuration/workflows/forms/workflowcreaterecordentityform/index.md,0
docs/identitymanager/6.1/integration-guide/toolkit/xml-configuration/workflows/forms/workflowcreateseveralrecordsentityform/index.md,0
docs/identitymanager/6.1/integration-guide/toolkit/xml-configuration/workflows/forms/workfloweditentityform/index.md,0
docs/identitymanager/6.1/integration-guide/toolkit/xml-configuration/workflows/forms/workflowupdaterecordentitiesform/index.md,0
docs/identitymanager/6.1/integration-guide/toolkit/xml-configuration/workflows/forms/workflowupdaterecordentityform/index.md,0
docs/identitymanager/6.1/integration-guide/toolkit/xml-configuration/workflows/forms/workflowupdateseveralrecordsentityform/index.md,0
docs/identitymanager/6.1/integration-guide/toolkit/xml-configuration/workflows/homonymentitylink/index.md,0
docs/identitymanager/6.1/integration-guide/toolkit/xml-configuration/workflows/index.md,0
docs/identitymanager/6.1/integration-guide/toolkit/xml-configuration/workflows/workflow/index.md,0
docs/identitymanager/6.1/integration-guide/ui/how-tos/create-menu-items/index.md,0
docs/identitymanager/6.1/integration-guide/ui/how-tos/custom-display-table/index.md,0
docs/identitymanager/6.1/integration-guide/ui/how-tos/custom-forms/index.md,0
docs/identitymanager/6.1/integration-guide/ui/how-tos/custom-search-bar/index.md,0
docs/identitymanager/6.1/integration-guide/ui/how-tos/index.md,0
docs/identitymanager/6.1/integration-guide/ui/how-tos/producttranslations/index.md,0
docs/identitymanager/6.1/integration-guide/ui/index.md,0
docs/identitymanager/6.1/integration-guide/workflows/activity-templates/index.md,0
docs/identitymanager/6.1/integration-guide/workflows/how-to/configure-homonym-test/index.md,0
docs/identitymanager/6.1/integration-guide/workflows/how-to/index.md,0
docs/identitymanager/6.1/integration-guide/workflows/how-to/workflow-create-mono/index.md,0
docs/identitymanager/6.1/integration-guide/workflows/how-to/workflow-create-multi/index.md,0
docs/identitymanager/6.1/integration-guide/workflows/how-to/workflow-update-mono/index.md,0
docs/identitymanager/6.1/integration-guide/workflows/how-to/workflow-update-multi/index.md,0
docs/identitymanager/6.1/integration-guide/workflows/how-to/workflow-update-resource/index.md,0
docs/identitymanager/6.1/integration-guide/workflows/index.md,0
docs/identitymanager/6.1/integration-guide/workflows/workflow-uses/index.md,0
docs/identitymanager/6.1/integration-guide/workflows/workflowhomonym/index.md,0
docs/identitymanager/6.1/introduction-guide/architecture/index.md,0
docs/identitymanager/6.1/introduction-guide/configuration/index.md,0
docs/identitymanager/6.1/introduction-guide/index.md,0
docs/identitymanager/6.1/introduction-guide/more-info/index.md,0
docs/identitymanager/6.1/introduction-guide/overview/entitlement-management/index.md,0
docs/identitymanager/6.1/introduction-guide/overview/governance/index.md,0
docs/identitymanager/6.1/introduction-guide/overview/identity-management/index.md,0
docs/identitymanager/6.1/introduction-guide/overview/index.md,0
docs/identitymanager/6.1/introduction-guide/overview/use-cases/index.md,0
docs/identitymanager/6.1/migration-guide/5.0.x-to-5.1/index.md,0
docs/identitymanager/6.1/migration-guide/5.0.x-to-5.1/newtaskconvention/index.md,0
docs/identitymanager/6.1/migration-guide/5.1.0to5.1.1/index.md,0
docs/identitymanager/6.1/migration-guide/5.1.1to5.1.7/index.md,0
docs/identitymanager/6.1/migration-guide/5.1.7to5.2.3/index.md,0
docs/identitymanager/6.1/migration-guide/5.2.xto6.0/index.md,0
docs/identitymanager/6.1/migration-guide/index.md,0
docs/identitymanager/6.1/user-guide/administrate/access-certification/certification-campaign-execution/index.md,0
docs/identitymanager/6.1/user-guide/administrate/access-certification/certification-campaign-scheduling/index.md,0
docs/identitymanager/6.1/user-guide/administrate/access-certification/index.md,0
docs/identitymanager/6.1/user-guide/administrate/index.md,0
docs/identitymanager/6.1/user-guide/administrate/manual-assignment-request/index.md,0
docs/identitymanager/6.1/user-guide/administrate/non-conforming-assignment-review/index.md,0
docs/identitymanager/6.1/user-guide/administrate/non-conforming-assignment-review/property-reconciliation/index.md,0
docs/identitymanager/6.1/user-guide/administrate/non-conforming-assignment-review/role-reconciliation/index.md,0
docs/identitymanager/6.1/user-guide/administrate/non-conforming-assignment-review/unauthorized-account-review/index.md,0
docs/identitymanager/6.1/user-guide/administrate/orphan-unused-account-review/index.md,0
docs/identitymanager/6.1/user-guide/administrate/provisioning/automatic-provisioning/index.md,0
docs/identitymanager/6.1/user-guide/administrate/provisioning/index.md,0
docs/identitymanager/6.1/user-guide/administrate/provisioning/manual-provisioning/index.md,0
docs/identitymanager/6.1/user-guide/administrate/provisioning/provisioning-review/index.md,0
docs/identitymanager/6.1/user-guide/administrate/reporting/index.md,0
docs/identitymanager/6.1/user-guide/deploy/authentication/index.md,0
docs/identitymanager/6.1/user-guide/deploy/change-management/index.md,0
docs/identitymanager/6.1/user-guide/deploy/implementation/index.md,0
docs/identitymanager/6.1/user-guide/deploy/index.md,0
docs/identitymanager/6.1/user-guide/deploy/production-agent-installation/directory-permissions/index.md,0
docs/identitymanager/6.1/user-guide/deploy/production-agent-installation/finalization/index.md,0
docs/identitymanager/6.1/user-guide/deploy/production-agent-installation/iis-configuration/index.md,0
docs/identitymanager/6.1/user-guide/deploy/production-agent-installation/iis-installation/index.md,0
docs/identitymanager/6.1/user-guide/deploy/production-agent-installation/index.md,0
docs/identitymanager/6.1/user-guide/deploy/production-agent-installation/settings-files/index.md,0
docs/identitymanager/6.1/user-guide/global-process/howto-maintaindirectory/index.md,0
docs/identitymanager/6.1/user-guide/global-process/howto-newsystem/index.md,0
docs/identitymanager/6.1/user-guide/global-process/howto-start/index.md,0
docs/identitymanager/6.1/user-guide/global-process/index.md,0
docs/identitymanager/6.1/user-guide/index.md,0
docs/identitymanager/6.1/user-guide/maintain/identity-data-modification/index.md,0
docs/identitymanager/6.1/user-guide/maintain/identity-data-modification/individual-update/index.md,0
docs/identitymanager/6.1/user-guide/maintain/identity-data-modification/mass-update/index.md,0
docs/identitymanager/6.1/user-guide/maintain/identity-data-modification/multiple-update/index.md,0
docs/identitymanager/6.1/user-guide/maintain/index.md,0
docs/identitymanager/6.1/user-guide/maintain/troubleshooting/index.md,0
docs/identitymanager/6.1/user-guide/optimize/assignment-automation/automate-role-assignment/index.md,0
docs/identitymanager/6.1/user-guide/optimize/assignment-automation/index.md,0
docs/identitymanager/6.1/user-guide/optimize/assignment-automation/remove-redundant-assignments/index.md,0
docs/identitymanager/6.1/user-guide/optimize/assignment-automation/role-mining/index.md,0
docs/identitymanager/6.1/user-guide/optimize/composite-role-creation/index.md,0
docs/identitymanager/6.1/user-guide/optimize/hr-connector-creation/index.md,0
docs/identitymanager/6.1/user-guide/optimize/identity-datamodel-modification/index.md,0
docs/identitymanager/6.1/user-guide/optimize/index.md,0
docs/identitymanager/6.1/user-guide/optimize/non-conforming-assignment-review-automation/index.md,0
docs/identitymanager/6.1/user-guide/optimize/parameterized-role/index.md,0
docs/identitymanager/6.1/user-guide/optimize/policy-creation/index.md,0
docs/identitymanager/6.1/user-guide/optimize/risk-management/index.md,0
docs/identitymanager/6.1/user-guide/optimize/simulation/index.md,0
docs/identitymanager/6.1/user-guide/set-up/categorization/classification/index.md,0
docs/identitymanager/6.1/user-guide/set-up/categorization/correlation/index.md,0
docs/identitymanager/6.1/user-guide/set-up/categorization/index.md,0
docs/identitymanager/6.1/user-guide/set-up/categorization/resource-type-creation/index.md,0
docs/identitymanager/6.1/user-guide/set-up/configure-workflows/index.md,0
docs/identitymanager/6.1/user-guide/set-up/connect-system/connection-creation/index.md,0
docs/identitymanager/6.1/user-guide/set-up/connect-system/connector-declaration/index.md,0
docs/identitymanager/6.1/user-guide/set-up/connect-system/connector-modeling/index.md,0
docs/identitymanager/6.1/user-guide/set-up/connect-system/entity-type-creation/datasheet-organization/index.md,0
docs/identitymanager/6.1/user-guide/set-up/connect-system/entity-type-creation/display-name-setting/index.md,0
docs/identitymanager/6.1/user-guide/set-up/connect-system/entity-type-creation/entity-type-declaration/index.md,0
docs/identitymanager/6.1/user-guide/set-up/connect-system/entity-type-creation/index.md,0
docs/identitymanager/6.1/user-guide/set-up/connect-system/entity-type-creation/key-selection/index.md,0
docs/identitymanager/6.1/user-guide/set-up/connect-system/entity-type-creation/navigation-property-definition/index.md,0
docs/identitymanager/6.1/user-guide/set-up/connect-system/entity-type-creation/scalar-property-definition/index.md,0
docs/identitymanager/6.1/user-guide/set-up/connect-system/index.md,0
docs/identitymanager/6.1/user-guide/set-up/development-environment-installation/index.md,0
docs/identitymanager/6.1/user-guide/set-up/index.md,0
docs/identitymanager/6.1/user-guide/set-up/initial-identities-loading/adjust-datamodel/index.md,0
docs/identitymanager/6.1/user-guide/set-up/initial-identities-loading/generate-unique-properties/index.md,0
docs/identitymanager/6.1/user-guide/set-up/initial-identities-loading/index.md,0
docs/identitymanager/6.1/user-guide/set-up/initial-identities-loading/load-identities/index.md,0
docs/identitymanager/6.1/user-guide/set-up/initial-identities-loading/template-description/index.md,0
docs/identitymanager/6.1/user-guide/set-up/provisioning-rule-creation/index.md,0
docs/identitymanager/6.1/user-guide/set-up/provisioning-rule-creation/navigation-property-computation/index.md,0
docs/identitymanager/6.1/user-guide/set-up/provisioning-rule-creation/resource-creation/index.md,0
docs/identitymanager/6.1/user-guide/set-up/provisioning-rule-creation/scalar-property-computation/index.md,0
docs/identitymanager/6.1/user-guide/set-up/role-officer-management/index.md,0
docs/identitymanager/6.1/user-guide/set-up/single-roles-catalog-creation/category-creation/index.md,0
docs/identitymanager/6.1/user-guide/set-up/single-roles-catalog-creation/index.md,0
docs/identitymanager/6.1/user-guide/set-up/single-roles-catalog-creation/role-manual-creation/index.md,0
docs/identitymanager/6.1/user-guide/set-up/single-roles-catalog-creation/role-naming-rule-creation/index.md,0
docs/identitymanager/6.1/user-guide/set-up/synchronization/index.md,0
docs/identitymanager/6.1/user-guide/set-up/user-profile-assignment/index.md,0
docs/identitymanager/6.1/user-guide/set-up/user-profile-configuration/index.md,0
docs/identitymanager/7.0/index.md,0
docs/identitymanager/7.0/installation-guide/index.md,0
docs/identitymanager/7.0/installation-guide/overview.md,0
docs/identitymanager/7.0/installation-guide/production-ready/agent.md,0
docs/identitymanager/7.0/installation-guide/production-ready/database.md,0
docs/identitymanager/7.0/installation-guide/production-ready/email-server.md,0
docs/identitymanager/7.0/installation-guide/production-ready/index.md,0
docs/identitymanager/7.0/installation-guide/production-ready/server.md,0
docs/identitymanager/7.0/installation-guide/production-ready/working-directory.md,0
docs/identitymanager/7.0/installation-guide/quick-start.md,0
docs/identitymanager/7.0/installation-guide/requirements/agent-requirements.md,0
docs/identitymanager/7.0/installation-guide/requirements/database-requirements.md,0
docs/identitymanager/7.0/installation-guide/requirements/device-requirements.md,0
docs/identitymanager/7.0/installation-guide/requirements/server-requirements.md,0
docs/identitymanager/7.0/installation-guide/reverse-proxy.md,0
docs/identitymanager/7.0/integration-guide/api/authentication.md,0
docs/identitymanager/7.0/integration-guide/api/index.md,0
docs/identitymanager/7.0/integration-guide/api/pagination.md,0
docs/identitymanager/7.0/integration-guide/api/request-postman.md,0
docs/identitymanager/7.0/integration-guide/api/server/accesscertification.md,0
docs/identitymanager/7.0/integration-guide/api/server/accesscontrol.md,0
docs/identitymanager/7.0/integration-guide/api/server/connectors.md,0
docs/identitymanager/7.0/integration-guide/api/server/files.md,0
docs/identitymanager/7.0/integration-guide/api/server/index.md,0
docs/identitymanager/7.0/integration-guide/api/server/job.md,0
docs/identitymanager/7.0/integration-guide/api/server/metadata.md,0
docs/identitymanager/7.0/integration-guide/api/server/provisioningentityinstance.md,0
docs/identitymanager/7.0/integration-guide/api/server/provisioningpolicy.md,0
docs/identitymanager/7.0/integration-guide/api/server/report.md,0
docs/identitymanager/7.0/integration-guide/api/server/resource.md,0
docs/identitymanager/7.0/integration-guide/api/server/resourcechange.md,0
docs/identitymanager/7.0/integration-guide/api/server/resourcefilechange.md,0
docs/identitymanager/7.0/integration-guide/api/server/resourcelinkchange.md,0
docs/identitymanager/7.0/integration-guide/api/server/robots.txt.md,0
docs/identitymanager/7.0/integration-guide/api/server/universes.md,0
docs/identitymanager/7.0/integration-guide/api/server/workflows.md,0
docs/identitymanager/7.0/integration-guide/api/squery.md,0
docs/identitymanager/7.0/integration-guide/architecture/index.md,0
docs/identitymanager/7.0/integration-guide/architecture/on-prem.md,0
docs/identitymanager/7.0/integration-guide/architecture/protect-agent-server-communication.md,0
docs/identitymanager/7.0/integration-guide/architecture/saas.md,0
docs/identitymanager/7.0/integration-guide/architecture/sbom.md,0
docs/identitymanager/7.0/integration-guide/connectors/configuration-details/azuread-register.md,0
docs/identitymanager/7.0/integration-guide/connectors/configuration-details/configure-secured-options.md,0
docs/identitymanager/7.0/integration-guide/connectors/configuration-details/connections.md,0
docs/identitymanager/7.0/integration-guide/connectors/configuration-details/create-connector/entra-ID.md,0
docs/identitymanager/7.0/integration-guide/connectors/configuration-details/create-connector/index.md,0
docs/identitymanager/7.0/integration-guide/connectors/configuration-details/credential-protection.md,0
docs/identitymanager/7.0/integration-guide/connectors/configuration-details/demoapp-banking.md,0
docs/identitymanager/7.0/integration-guide/connectors/configuration-details/demoapp-hr.md,0
docs/identitymanager/7.0/integration-guide/connectors/configuration-details/index.md,0
docs/identitymanager/7.0/integration-guide/connectors/configuration-details/interact-gui-robotframework.md,0
docs/identitymanager/7.0/integration-guide/connectors/configuration-details/interact-web-page-robotframework.md,0
docs/identitymanager/7.0/integration-guide/connectors/configuration-details/powershell-fulfill.md,0
docs/identitymanager/7.0/integration-guide/connectors/configuration-details/scim-cyberark-export.md,0
docs/identitymanager/7.0/integration-guide/connectors/configuration-details/scim-salesforce-provisioning-entitlements.md,0
docs/identitymanager/7.0/integration-guide/connectors/configuration-details/setup-incremental-sync/entra-ID.md,0
docs/identitymanager/7.0/integration-guide/connectors/configuration-details/setup-incremental-sync/index.md,0
docs/identitymanager/7.0/integration-guide/connectors/configuration-details/sharepoint-export.md,0
docs/identitymanager/7.0/integration-guide/connectors/configuration-details/write-fulfill-powershell-script.md,0
docs/identitymanager/7.0/integration-guide/connectors/configuration-details/write-fulfill-robotframework-script.md,0
docs/identitymanager/7.0/integration-guide/connectors/configuration-details/write-sync-powershell-script.md,0
docs/identitymanager/7.0/integration-guide/connectors/configuration-details/write-ticket-template.md,0
docs/identitymanager/7.0/integration-guide/connectors/entitypropertymapping-format.md,0
docs/identitymanager/7.0/integration-guide/connectors/index.md,0
docs/identitymanager/7.0/integration-guide/connectors/references-connectors/activedirectory.md,0
docs/identitymanager/7.0/integration-guide/connectors/references-connectors/azure.md,0
docs/identitymanager/7.0/integration-guide/connectors/references-connectors/csv.md,0
docs/identitymanager/7.0/integration-guide/connectors/references-connectors/easyvista.md,0
docs/identitymanager/7.0/integration-guide/connectors/references-connectors/easyvistaticket.md,0
docs/identitymanager/7.0/integration-guide/connectors/references-connectors/excel.md,0
docs/identitymanager/7.0/integration-guide/connectors/references-connectors/googleworkspace.md,0
docs/identitymanager/7.0/integration-guide/connectors/references-connectors/homefolder.md,0
docs/identitymanager/7.0/integration-guide/connectors/references-connectors/index.md,0
docs/identitymanager/7.0/integration-guide/connectors/references-connectors/internalresources.md,0
docs/identitymanager/7.0/integration-guide/connectors/references-connectors/internalworkflow.md,0
docs/identitymanager/7.0/integration-guide/connectors/references-connectors/json.md,0
docs/identitymanager/7.0/integration-guide/connectors/references-connectors/ldap.md,0
docs/identitymanager/7.0/integration-guide/connectors/references-connectors/ldif.md,0
docs/identitymanager/7.0/integration-guide/connectors/references-connectors/microsoftentraid.md,0
docs/identitymanager/7.0/integration-guide/connectors/references-connectors/microsoftexchange.md,0
docs/identitymanager/7.0/integration-guide/connectors/references-connectors/nimprofile.md,0
docs/identitymanager/7.0/integration-guide/connectors/references-connectors/odata.md,0
docs/identitymanager/7.0/integration-guide/connectors/references-connectors/okta.md,0
docs/identitymanager/7.0/integration-guide/connectors/references-connectors/openldap.md,0
docs/identitymanager/7.0/integration-guide/connectors/references-connectors/powershellprov.md,0
docs/identitymanager/7.0/integration-guide/connectors/references-connectors/powershellsync.md,0
docs/identitymanager/7.0/integration-guide/connectors/references-connectors/racf.md,0
docs/identitymanager/7.0/integration-guide/connectors/references-connectors/robotframework.md,0
docs/identitymanager/7.0/integration-guide/connectors/references-connectors/saperp6.md,0
docs/identitymanager/7.0/integration-guide/connectors/references-connectors/sapnetweaver.md,0
docs/identitymanager/7.0/integration-guide/connectors/references-connectors/scim.md,0
docs/identitymanager/7.0/integration-guide/connectors/references-connectors/servicenowentitymanagement.md,0
docs/identitymanager/7.0/integration-guide/connectors/references-connectors/servicenowticket.md,0
docs/identitymanager/7.0/integration-guide/connectors/references-connectors/sharedfolder.md,0
docs/identitymanager/7.0/integration-guide/connectors/references-connectors/sharepoint.md,0
docs/identitymanager/7.0/integration-guide/connectors/references-connectors/sql.md,0
docs/identitymanager/7.0/integration-guide/connectors/references-connectors/sqlserverentitlements.md,0
docs/identitymanager/7.0/integration-guide/connectors/references-connectors/topsecret.md,0
docs/identitymanager/7.0/integration-guide/connectors/references-connectors/workday.md,0
docs/identitymanager/7.0/integration-guide/connectors/references-packages/active-directory.md,0
docs/identitymanager/7.0/integration-guide/connectors/references-packages/apache-directory.md,0
docs/identitymanager/7.0/integration-guide/connectors/references-packages/azure-active-directory.md,0
docs/identitymanager/7.0/integration-guide/connectors/references-packages/azure.md,0
docs/identitymanager/7.0/integration-guide/connectors/references-packages/csv.md,0
docs/identitymanager/7.0/integration-guide/connectors/references-packages/cyberark.md,0
docs/identitymanager/7.0/integration-guide/connectors/references-packages/easyvista.md,0
docs/identitymanager/7.0/integration-guide/connectors/references-packages/easyvistaticket.md,0
docs/identitymanager/7.0/integration-guide/connectors/references-packages/excel.md,0
docs/identitymanager/7.0/integration-guide/connectors/references-packages/generic-ldap.md,0
docs/identitymanager/7.0/integration-guide/connectors/references-packages/generic-scim.md,0
docs/identitymanager/7.0/integration-guide/connectors/references-packages/generic-sql.md,0
docs/identitymanager/7.0/integration-guide/connectors/references-packages/googleworkspace.md,0
docs/identitymanager/7.0/integration-guide/connectors/references-packages/home-folders.md,0
docs/identitymanager/7.0/integration-guide/connectors/references-packages/identitymanager-database.md,0
docs/identitymanager/7.0/integration-guide/connectors/references-packages/index.md,0
docs/identitymanager/7.0/integration-guide/connectors/references-packages/json.md,0
docs/identitymanager/7.0/integration-guide/connectors/references-packages/ldif.md,0
docs/identitymanager/7.0/integration-guide/connectors/references-packages/manual-ticket-and-cud-resources.md,0
docs/identitymanager/7.0/integration-guide/connectors/references-packages/manual-ticket.md,0
docs/identitymanager/7.0/integration-guide/connectors/references-packages/microsoft-exchange.md,0
docs/identitymanager/7.0/integration-guide/connectors/references-packages/mysql.md,0
docs/identitymanager/7.0/integration-guide/connectors/references-packages/nimprofile.md,0
docs/identitymanager/7.0/integration-guide/connectors/references-packages/odata.md,0
docs/identitymanager/7.0/integration-guide/connectors/references-packages/odbc.md,0
docs/identitymanager/7.0/integration-guide/connectors/references-packages/open-ldap.md,0
docs/identitymanager/7.0/integration-guide/connectors/references-packages/oracle-database.md,0
docs/identitymanager/7.0/integration-guide/connectors/references-packages/oracle-ldap.md,0
docs/identitymanager/7.0/integration-guide/connectors/references-packages/postgresql.md,0
docs/identitymanager/7.0/integration-guide/connectors/references-packages/powershellprov.md,0
docs/identitymanager/7.0/integration-guide/connectors/references-packages/powershellsync.md,0
docs/identitymanager/7.0/integration-guide/connectors/references-packages/racf.md,0
docs/identitymanager/7.0/integration-guide/connectors/references-packages/red-hat-directory-server.md,0
docs/identitymanager/7.0/integration-guide/connectors/references-packages/robot-framework.md,0
docs/identitymanager/7.0/integration-guide/connectors/references-packages/salesforce.md,0
docs/identitymanager/7.0/integration-guide/connectors/references-packages/sapase.md,0
docs/identitymanager/7.0/integration-guide/connectors/references-packages/saperp6.md,0
docs/identitymanager/7.0/integration-guide/connectors/references-packages/saphana.md,0
docs/identitymanager/7.0/integration-guide/connectors/references-packages/servicenow-ticket.md,0
docs/identitymanager/7.0/integration-guide/connectors/references-packages/servicenow.md,0
docs/identitymanager/7.0/integration-guide/connectors/references-packages/shared-folders.md,0
docs/identitymanager/7.0/integration-guide/connectors/references-packages/sharepoint.md,0
docs/identitymanager/7.0/integration-guide/connectors/references-packages/slack.md,0
docs/identitymanager/7.0/integration-guide/connectors/references-packages/sql-server-entitlements.md,0
docs/identitymanager/7.0/integration-guide/connectors/references-packages/sql-server.md,0
docs/identitymanager/7.0/integration-guide/connectors/references-packages/tss.md,0
docs/identitymanager/7.0/integration-guide/connectors/references-packages/unplugged.md,0
docs/identitymanager/7.0/integration-guide/connectors/references-packages/workday.md,0
docs/identitymanager/7.0/integration-guide/connectors/references-packages/workflow.md,0
docs/identitymanager/7.0/integration-guide/entity-model.md,0
docs/identitymanager/7.0/integration-guide/executables/index.md,0
docs/identitymanager/7.0/integration-guide/executables/references/agent.md,0
docs/identitymanager/7.0/integration-guide/executables/references/anonymize.md,0
docs/identitymanager/7.0/integration-guide/executables/references/check-expressionsconsistency.md,0
docs/identitymanager/7.0/integration-guide/executables/references/compute-correlationkeys.md,0
docs/identitymanager/7.0/integration-guide/executables/references/configuration-transform.md,0
docs/identitymanager/7.0/integration-guide/executables/references/create-databaseviews.md,0
docs/identitymanager/7.0/integration-guide/executables/references/csv-transform.md,0
docs/identitymanager/7.0/integration-guide/executables/references/decrypt-file.md,0
docs/identitymanager/7.0/integration-guide/executables/references/deploy-configuration.md,0
docs/identitymanager/7.0/integration-guide/executables/references/easyvistaticket-updatefulfillmentstate.md,0
docs/identitymanager/7.0/integration-guide/executables/references/encrypt-file.md,0
docs/identitymanager/7.0/integration-guide/executables/references/export-bacpac.md,0
docs/identitymanager/7.0/integration-guide/executables/references/export-configuration.md,0
docs/identitymanager/7.0/integration-guide/executables/references/export-csv.md,0
docs/identitymanager/7.0/integration-guide/executables/references/export-easyvista.md,0
docs/identitymanager/7.0/integration-guide/executables/references/export-excel.md,0
docs/identitymanager/7.0/integration-guide/executables/references/export-scim.md,0
docs/identitymanager/7.0/integration-guide/executables/references/fillbankingdatabase.md,0
docs/identitymanager/7.0/integration-guide/executables/references/fulfill-easyvista.md,0
docs/identitymanager/7.0/integration-guide/executables/references/fulfill-scim.md,0
docs/identitymanager/7.0/integration-guide/executables/references/fulfill-toeasyvistaticket.md,0
docs/identitymanager/7.0/integration-guide/executables/references/generate-configuration.md,0
docs/identitymanager/7.0/integration-guide/executables/references/get-jobsteps.md,0
docs/identitymanager/7.0/integration-guide/executables/references/index.md,0
docs/identitymanager/7.0/integration-guide/executables/references/invoke-job.md,0
docs/identitymanager/7.0/integration-guide/executables/references/invoke-serverjob.md,0
docs/identitymanager/7.0/integration-guide/executables/references/login.md,0
docs/identitymanager/7.0/integration-guide/executables/references/manage-configurationdependantindexes.md,0
docs/identitymanager/7.0/integration-guide/executables/references/manage-history.md,0
docs/identitymanager/7.0/integration-guide/executables/references/new-openidsecret.md,0
docs/identitymanager/7.0/integration-guide/executables/references/passwordgenerator.md,0
docs/identitymanager/7.0/integration-guide/executables/references/prepare-synchronization.md,0
docs/identitymanager/7.0/integration-guide/executables/references/protect-certificatepassword.md,0
docs/identitymanager/7.0/integration-guide/executables/references/protect-x509jsonfile.md,0
docs/identitymanager/7.0/integration-guide/executables/references/protect-x509jsonvalue.md,0
docs/identitymanager/7.0/integration-guide/executables/references/refreshschema.md,0
docs/identitymanager/7.0/integration-guide/executables/references/send-passwordnotification.md,0
docs/identitymanager/7.0/integration-guide/executables/references/server.md,0
docs/identitymanager/7.0/integration-guide/executables/references/update-entitypropertyexpressions.md,0
docs/identitymanager/7.0/integration-guide/executables/references/upgrade-configurationversion.md,0
docs/identitymanager/7.0/integration-guide/executables/references/upgrade-databaseversion.md,0
docs/identitymanager/7.0/integration-guide/governance/accesscertification.md,0
docs/identitymanager/7.0/integration-guide/governance/index.md,0
docs/identitymanager/7.0/integration-guide/governance/reporting/analyze-powerbi.md,0
docs/identitymanager/7.0/integration-guide/governance/reporting/connect-powerbi.md,0
docs/identitymanager/7.0/integration-guide/governance/reporting/how-tos/analyze-powerbi.md,0
docs/identitymanager/7.0/integration-guide/governance/reporting/how-tos/connect-powerbi.md,0
docs/identitymanager/7.0/integration-guide/governance/reporting/index.md,0
docs/identitymanager/7.0/integration-guide/governance/review-prolonged-entitlements.md,0
docs/identitymanager/7.0/integration-guide/governance/risks.md,0
docs/identitymanager/7.0/integration-guide/identity-management/identity-repository.md,0
docs/identitymanager/7.0/integration-guide/identity-management/index.md,0
docs/identitymanager/7.0/integration-guide/identity-management/joiners-movers-leavers/index.md,0
docs/identitymanager/7.0/integration-guide/identity-management/joiners-movers-leavers/on-offboarding.md,0
docs/identitymanager/7.0/integration-guide/identity-management/joiners-movers-leavers/position-change.md,0
docs/identitymanager/7.0/integration-guide/index.md,0
docs/identitymanager/7.0/integration-guide/modules.md,0
docs/identitymanager/7.0/integration-guide/monitoring/index.md,0
docs/identitymanager/7.0/integration-guide/monitoring/qradar-setting.md,0
docs/identitymanager/7.0/integration-guide/monitoring/references.md,0
docs/identitymanager/7.0/integration-guide/network-configuration/agent-configuration/appsettings-agent.md,0
docs/identitymanager/7.0/integration-guide/network-configuration/agent-configuration/appsettings.md,0
docs/identitymanager/7.0/integration-guide/network-configuration/agent-configuration/azure-key-vault.md,0
docs/identitymanager/7.0/integration-guide/network-configuration/agent-configuration/cyberark-application-access-manager-credential-providers.md,0
docs/identitymanager/7.0/integration-guide/network-configuration/agent-configuration/index.md,0
docs/identitymanager/7.0/integration-guide/network-configuration/agent-configuration/rsa-encryption.md,0
docs/identitymanager/7.0/integration-guide/network-configuration/configure-okta.md,0
docs/identitymanager/7.0/integration-guide/network-configuration/how-tos/okta.md,0
docs/identitymanager/7.0/integration-guide/network-configuration/index.md,0
docs/identitymanager/7.0/integration-guide/network-configuration/password-management.md,0
docs/identitymanager/7.0/integration-guide/network-configuration/proxy.md,0
docs/identitymanager/7.0/integration-guide/network-configuration/server-configuration/database-connection.md,0
docs/identitymanager/7.0/integration-guide/network-configuration/server-configuration/end-users-authentication.md,0
docs/identitymanager/7.0/integration-guide/network-configuration/server-configuration/general-purpose.md,0
docs/identitymanager/7.0/integration-guide/network-configuration/server-configuration/index.md,0
docs/identitymanager/7.0/integration-guide/network-configuration/server-configuration/rsa-encryption.md,0
docs/identitymanager/7.0/integration-guide/network-configuration/settings.md,0
docs/identitymanager/7.0/integration-guide/network-configuration/technical-files/appsettings.connection.md,0
docs/identitymanager/7.0/integration-guide/network-configuration/technical-files/index.md,0
docs/identitymanager/7.0/integration-guide/notifications/custom.md,0
docs/identitymanager/7.0/integration-guide/notifications/how-tos/customize-native-notification.md,0
docs/identitymanager/7.0/integration-guide/notifications/how-tos/set-language.md,0
docs/identitymanager/7.0/integration-guide/notifications/index.md,0
docs/identitymanager/7.0/integration-guide/notifications/native/access-certification.md,0
docs/identitymanager/7.0/integration-guide/notifications/native/customize-native-notification.md,0
docs/identitymanager/7.0/integration-guide/notifications/native/errored-jobs.md,0
docs/identitymanager/7.0/integration-guide/notifications/native/index.md,0
docs/identitymanager/7.0/integration-guide/notifications/native/manual-provisioning.md,0
docs/identitymanager/7.0/integration-guide/notifications/native/password-reset.md,0
docs/identitymanager/7.0/integration-guide/notifications/native/provisioning-review.md,0
docs/identitymanager/7.0/integration-guide/notifications/native/role-review.md,0
docs/identitymanager/7.0/integration-guide/notifications/set-language.md,0
docs/identitymanager/7.0/integration-guide/profiles-permissions/index.md,0
docs/identitymanager/7.0/integration-guide/provisioning/argumentsexpression.md,0
docs/identitymanager/7.0/integration-guide/provisioning/how-tos/argumentsexpression.md,0
docs/identitymanager/7.0/integration-guide/provisioning/index.md,0
docs/identitymanager/7.0/integration-guide/provisioning/prov-thresholds.md,0
docs/identitymanager/7.0/integration-guide/resources.md,0
docs/identitymanager/7.0/integration-guide/role-assignment/assignment-dates.md,0
docs/identitymanager/7.0/integration-guide/role-assignment/assignments-of-entitlements.md,0
docs/identitymanager/7.0/integration-guide/role-assignment/configureindirectpermissions.md,0
docs/identitymanager/7.0/integration-guide/role-assignment/conformingassignmentcomputation.md,0
docs/identitymanager/7.0/integration-guide/role-assignment/evaluate-policy.md,0
docs/identitymanager/7.0/integration-guide/role-assignment/existingassignmentsdeduction.md,0
docs/identitymanager/7.0/integration-guide/role-assignment/generate-contexts.md,0
docs/identitymanager/7.0/integration-guide/role-assignment/how-tos/configureindirectpermissions.md,0
docs/identitymanager/7.0/integration-guide/role-assignment/how-tos/infer-single-roles.md,0
docs/identitymanager/7.0/integration-guide/role-assignment/how-tos/restrict-assignment.md,0
docs/identitymanager/7.0/integration-guide/role-assignment/index.md,0
docs/identitymanager/7.0/integration-guide/role-assignment/indirectpermissions.md,0
docs/identitymanager/7.0/integration-guide/role-assignment/infer-single-roles.md,0
docs/identitymanager/7.0/integration-guide/role-assignment/nonconformingdetection.md,0
docs/identitymanager/7.0/integration-guide/role-assignment/restrict-assignment.md,0
docs/identitymanager/7.0/integration-guide/role-assignment/role-model-rules.md,0
docs/identitymanager/7.0/integration-guide/role-mining.md,0
docs/identitymanager/7.0/integration-guide/role-model/index.md,0
docs/identitymanager/7.0/integration-guide/role-model/role-model-rules.md,0
docs/identitymanager/7.0/integration-guide/simulation.md,0
docs/identitymanager/7.0/integration-guide/synchronization/index.md,0
docs/identitymanager/7.0/integration-guide/synchronization/synchro-thresholds.md,0
docs/identitymanager/7.0/integration-guide/synchronization/upward-data-sync.md,0
docs/identitymanager/7.0/integration-guide/tasks-jobs/build-efficient-jobs.md,0
docs/identitymanager/7.0/integration-guide/tasks-jobs/configure-incremental-job.md,0
docs/identitymanager/7.0/integration-guide/tasks-jobs/configure-jobs.md,0
docs/identitymanager/7.0/integration-guide/tasks-jobs/fulfillldap.md,0
docs/identitymanager/7.0/integration-guide/tasks-jobs/index.md,0
docs/identitymanager/7.0/integration-guide/tasks-jobs/jobdaily.md,0
docs/identitymanager/7.0/integration-guide/tasks-jobs/jobfast.md,0
docs/identitymanager/7.0/integration-guide/tasks-jobs/jobs.md,0
docs/identitymanager/7.0/integration-guide/tasks-jobs/tasks.md,0
docs/identitymanager/7.0/integration-guide/tasks-jobs/troubleshoot-connector-jobs.md,0
docs/identitymanager/7.0/integration-guide/toolkit/adjust-scaffoldings.md,0
docs/identitymanager/7.0/integration-guide/toolkit/bindings.md,0
docs/identitymanager/7.0/integration-guide/toolkit/deploy-configuration.md,0
docs/identitymanager/7.0/integration-guide/toolkit/export-configuration.md,0
docs/identitymanager/7.0/integration-guide/toolkit/expressions/csharp-utility-functions.md,0
docs/identitymanager/7.0/integration-guide/toolkit/expressions/index.md,0
docs/identitymanager/7.0/integration-guide/toolkit/expressions/predefined-functions.md,0
docs/identitymanager/7.0/integration-guide/toolkit/file-hierarchy.md,0
docs/identitymanager/7.0/integration-guide/toolkit/how-tos/adjust-scaffoldings.md,0
docs/identitymanager/7.0/integration-guide/toolkit/how-tos/deploy-configuration.md,0
docs/identitymanager/7.0/integration-guide/toolkit/how-tos/export-configuration.md,0
docs/identitymanager/7.0/integration-guide/toolkit/index.md,0
docs/identitymanager/7.0/integration-guide/toolkit/languages.md,0
docs/identitymanager/7.0/integration-guide/toolkit/parameter-names.md,0
docs/identitymanager/7.0/integration-guide/toolkit/recommendations.md,0
docs/identitymanager/7.0/integration-guide/toolkit/reservedidentifiers.md,0
docs/identitymanager/7.0/integration-guide/toolkit/xml-configuration/access-certification/accesscertificationcampaignpolicy.md,0
docs/identitymanager/7.0/integration-guide/toolkit/xml-configuration/access-certification/accesscertificationdatafilter.md,0
docs/identitymanager/7.0/integration-guide/toolkit/xml-configuration/access-certification/accesscertificationownerfilter.md,0
docs/identitymanager/7.0/integration-guide/toolkit/xml-configuration/access-certification/index.md,0
docs/identitymanager/7.0/integration-guide/toolkit/xml-configuration/access-control/accesscontrolpermission.md,0
docs/identitymanager/7.0/integration-guide/toolkit/xml-configuration/access-control/accesscontrolpropertygroup.md,0
docs/identitymanager/7.0/integration-guide/toolkit/xml-configuration/access-control/accesscontrolrule.md,0
docs/identitymanager/7.0/integration-guide/toolkit/xml-configuration/access-control/assignedprofile.md,0
docs/identitymanager/7.0/integration-guide/toolkit/xml-configuration/access-control/index.md,0
docs/identitymanager/7.0/integration-guide/toolkit/xml-configuration/access-control/openidclient.md,0
docs/identitymanager/7.0/integration-guide/toolkit/xml-configuration/access-control/profile.md,0
docs/identitymanager/7.0/integration-guide/toolkit/xml-configuration/access-control/profilecontext.md,0
docs/identitymanager/7.0/integration-guide/toolkit/xml-configuration/access-control/profilerulecontext.md,0
docs/identitymanager/7.0/integration-guide/toolkit/xml-configuration/business-intelligence/index.md,0
docs/identitymanager/7.0/integration-guide/toolkit/xml-configuration/business-intelligence/universe.md,0
docs/identitymanager/7.0/integration-guide/toolkit/xml-configuration/configuration/index.md,0
docs/identitymanager/7.0/integration-guide/toolkit/xml-configuration/configuration/scaffoldings/accesscontrolrules/accessreviews/accessreviewadministrationaccesscontrolrules.md,0
docs/identitymanager/7.0/integration-guide/toolkit/xml-configuration/configuration/scaffoldings/accesscontrolrules/accessreviews/index.md,0
docs/identitymanager/7.0/integration-guide/toolkit/xml-configuration/configuration/scaffoldings/accesscontrolrules/connectors/connectorresourcetypeaccesscontrol.md,0
docs/identitymanager/7.0/integration-guide/toolkit/xml-configuration/configuration/scaffoldings/accesscontrolrules/connectors/index.md,0
docs/identitymanager/7.0/integration-guide/toolkit/xml-configuration/configuration/scaffoldings/accesscontrolrules/connectors/settingsaccesscontrolrules.md,0
docs/identitymanager/7.0/integration-guide/toolkit/xml-configuration/configuration/scaffoldings/accesscontrolrules/index.md,0
docs/identitymanager/7.0/integration-guide/toolkit/xml-configuration/configuration/scaffoldings/accesscontrolrules/jobs/getjoblogadministrationaccesscontrolrules.md,0
docs/identitymanager/7.0/integration-guide/toolkit/xml-configuration/configuration/scaffoldings/accesscontrolrules/jobs/index.md,0
docs/identitymanager/7.0/integration-guide/toolkit/xml-configuration/configuration/scaffoldings/accesscontrolrules/jobs/jobadministrationaccesscontrolrules.md,0
docs/identitymanager/7.0/integration-guide/toolkit/xml-configuration/configuration/scaffoldings/accesscontrolrules/jobs/jobtaskadministrationaccesscontrolrules.md,0
docs/identitymanager/7.0/integration-guide/toolkit/xml-configuration/configuration/scaffoldings/accesscontrolrules/jobs/pendingassignedresourcetypesaccesscontrolrules.md,0
docs/identitymanager/7.0/integration-guide/toolkit/xml-configuration/configuration/scaffoldings/accesscontrolrules/jobs/provisioningaccesscontrolrules.md,0
docs/identitymanager/7.0/integration-guide/toolkit/xml-configuration/configuration/scaffoldings/accesscontrolrules/jobs/resourcechangesviewaccesscontrolrules.md,0
docs/identitymanager/7.0/integration-guide/toolkit/xml-configuration/configuration/scaffoldings/accesscontrolrules/jobs/resourcetypemappingcontrolrules.md,0
docs/identitymanager/7.0/integration-guide/toolkit/xml-configuration/configuration/scaffoldings/accesscontrolrules/jobs/runjobadministrationaccesscontrolrules.md,0
docs/identitymanager/7.0/integration-guide/toolkit/xml-configuration/configuration/scaffoldings/accesscontrolrules/jobs/runjobnotificationaccesscontrolrules.md,0
docs/identitymanager/7.0/integration-guide/toolkit/xml-configuration/configuration/scaffoldings/accesscontrolrules/jobs/runjobrepairadministrationaccesscontrolrules.md,0
docs/identitymanager/7.0/integration-guide/toolkit/xml-configuration/configuration/scaffoldings/accesscontrolrules/jobs/runjobrepairnotificationaccesscontrolrules.md,0
docs/identitymanager/7.0/integration-guide/toolkit/xml-configuration/configuration/scaffoldings/accesscontrolrules/jobs/synchronizationaccesscontrolrules.md,0
docs/identitymanager/7.0/integration-guide/toolkit/xml-configuration/configuration/scaffoldings/accesscontrolrules/jobs/taskadministrationaccesscontrolrules.md,0
docs/identitymanager/7.0/integration-guide/toolkit/xml-configuration/configuration/scaffoldings/accesscontrolrules/jobs/taskinstanceadministrationaccesscontrolrules.md,0
docs/identitymanager/7.0/integration-guide/toolkit/xml-configuration/configuration/scaffoldings/accesscontrolrules/jobs/workflowfulfillmentcontrolrules.md,0
docs/identitymanager/7.0/integration-guide/toolkit/xml-configuration/configuration/scaffoldings/accesscontrolrules/monitoring/index.md,0
docs/identitymanager/7.0/integration-guide/toolkit/xml-configuration/configuration/scaffoldings/accesscontrolrules/monitoring/monitoringadministrationaccesscontrolrules.md,0
docs/identitymanager/7.0/integration-guide/toolkit/xml-configuration/configuration/scaffoldings/accesscontrolrules/profiles/assignprofileaccesscontrolrules.md,0
docs/identitymanager/7.0/integration-guide/toolkit/xml-configuration/configuration/scaffoldings/accesscontrolrules/profiles/index.md,0
docs/identitymanager/7.0/integration-guide/toolkit/xml-configuration/configuration/scaffoldings/accesscontrolrules/profiles/openidclientadministrationaccesscontrolrules.md,0
docs/identitymanager/7.0/integration-guide/toolkit/xml-configuration/configuration/scaffoldings/accesscontrolrules/profiles/profileadministrationaccesscontrolrules.md,0
docs/identitymanager/7.0/integration-guide/toolkit/xml-configuration/configuration/scaffoldings/accesscontrolrules/queries/index.md,0
docs/identitymanager/7.0/integration-guide/toolkit/xml-configuration/configuration/scaffoldings/accesscontrolrules/queries/managesettingaccesscontrolrule.md,0
docs/identitymanager/7.0/integration-guide/toolkit/xml-configuration/configuration/scaffoldings/accesscontrolrules/queries/reportaccesscontrolrules.md,0
docs/identitymanager/7.0/integration-guide/toolkit/xml-configuration/configuration/scaffoldings/accesscontrolrules/queries/targetresourcereportaccesscontrolrules.md,0
docs/identitymanager/7.0/integration-guide/toolkit/xml-configuration/configuration/scaffoldings/accesscontrolrules/queries/universeaccesscontrolrules.md,0
docs/identitymanager/7.0/integration-guide/toolkit/xml-configuration/configuration/scaffoldings/accesscontrolrules/resources/createresourceincrementalaccesscontrolrules.md,0
docs/identitymanager/7.0/integration-guide/toolkit/xml-configuration/configuration/scaffoldings/accesscontrolrules/resources/index.md,0
docs/identitymanager/7.0/integration-guide/toolkit/xml-configuration/configuration/scaffoldings/accesscontrolrules/resources/resourceapiadministration.md,0
docs/identitymanager/7.0/integration-guide/toolkit/xml-configuration/configuration/scaffoldings/accesscontrolrules/resources/resourcepickercontrolrules.md,0
docs/identitymanager/7.0/integration-guide/toolkit/xml-configuration/configuration/scaffoldings/accesscontrolrules/resources/viewaccesscontrolrules.md,0
docs/identitymanager/7.0/integration-guide/toolkit/xml-configuration/configuration/scaffoldings/accesscontrolrules/resources/viewhistoryresourcetemplate.md,0
docs/identitymanager/7.0/integration-guide/toolkit/xml-configuration/configuration/scaffoldings/accesscontrolrules/rolemodels/assignedrolesaccesscontrolrules.md,0
docs/identitymanager/7.0/integration-guide/toolkit/xml-configuration/configuration/scaffoldings/accesscontrolrules/rolemodels/basketrulescontrolrules.md,0
docs/identitymanager/7.0/integration-guide/toolkit/xml-configuration/configuration/scaffoldings/accesscontrolrules/rolemodels/bulkperformmanualprovisioningaccesscontrolrules.md,0
docs/identitymanager/7.0/integration-guide/toolkit/xml-configuration/configuration/scaffoldings/accesscontrolrules/rolemodels/bulkresourcereconciliationaccesscontrolrules.md,0
docs/identitymanager/7.0/integration-guide/toolkit/xml-configuration/configuration/scaffoldings/accesscontrolrules/rolemodels/bulkreviewprovisioningaccesscontrolrules.md,0
docs/identitymanager/7.0/integration-guide/toolkit/xml-configuration/configuration/scaffoldings/accesscontrolrules/rolemodels/bulkrolereconciliationaccesscontrolrules.md,0
docs/identitymanager/7.0/integration-guide/toolkit/xml-configuration/configuration/scaffoldings/accesscontrolrules/rolemodels/governancerolesaccesscontrolrules.md,0
docs/identitymanager/7.0/integration-guide/toolkit/xml-configuration/configuration/scaffoldings/accesscontrolrules/rolemodels/index.md,0
docs/identitymanager/7.0/integration-guide/toolkit/xml-configuration/configuration/scaffoldings/accesscontrolrules/rolemodels/performmanualprovisioningaccesscontrolrules.md,0
docs/identitymanager/7.0/integration-guide/toolkit/xml-configuration/configuration/scaffoldings/accesscontrolrules/rolemodels/reconciliateresourcesaccesscontrolrules.md,0
docs/identitymanager/7.0/integration-guide/toolkit/xml-configuration/configuration/scaffoldings/accesscontrolrules/rolemodels/reconciliaterolesaccesscontrolrules.md,0
docs/identitymanager/7.0/integration-guide/toolkit/xml-configuration/configuration/scaffoldings/accesscontrolrules/rolemodels/redundantassignmentaccesscontrolrule.md,0
docs/identitymanager/7.0/integration-guide/toolkit/xml-configuration/configuration/scaffoldings/accesscontrolrules/rolemodels/reviewprovisioningaccesscontrolrules.md,0
docs/identitymanager/7.0/integration-guide/toolkit/xml-configuration/configuration/scaffoldings/accesscontrolrules/rolemodels/reviewrolesaccesscontrolrules.md,0
docs/identitymanager/7.0/integration-guide/toolkit/xml-configuration/configuration/scaffoldings/accesscontrolrules/rolemodels/risksadministrationaccesscontrolrules.md,0
docs/identitymanager/7.0/integration-guide/toolkit/xml-configuration/configuration/scaffoldings/accesscontrolrules/rolemodels/roleadministrationaccesscontrolrules.md,0
docs/identitymanager/7.0/integration-guide/toolkit/xml-configuration/configuration/scaffoldings/accesscontrolrules/rolemodels/rolenamingaccesscontrolrules.md,0
docs/identitymanager/7.0/integration-guide/toolkit/xml-configuration/configuration/scaffoldings/accesscontrolrules/simulations/index.md,0
docs/identitymanager/7.0/integration-guide/toolkit/xml-configuration/configuration/scaffoldings/accesscontrolrules/simulations/policysimulationcontrolrules.md,0
docs/identitymanager/7.0/integration-guide/toolkit/xml-configuration/configuration/scaffoldings/accesscontrolrules/simulations/roleandsimulationcontrolrules.md,0
docs/identitymanager/7.0/integration-guide/toolkit/xml-configuration/configuration/scaffoldings/accesscontrolrules/userinterfaces/index.md,0
docs/identitymanager/7.0/integration-guide/toolkit/xml-configuration/configuration/scaffoldings/accesscontrolrules/userinterfaces/manageaccounts.md,0
docs/identitymanager/7.0/integration-guide/toolkit/xml-configuration/configuration/scaffoldings/accesscontrolrules/userinterfaces/searchbarpageaccesscontrol.md,0
docs/identitymanager/7.0/integration-guide/toolkit/xml-configuration/configuration/scaffoldings/accesscontrolrules/workflows/createupdatedeleteaccesscontrolrules.md,0
docs/identitymanager/7.0/integration-guide/toolkit/xml-configuration/configuration/scaffoldings/accesscontrolrules/workflows/index.md,0
docs/identitymanager/7.0/integration-guide/toolkit/xml-configuration/configuration/scaffoldings/accesscontrolrules/workflows/updateresourcesaccesscontrolrules.md,0
docs/identitymanager/7.0/integration-guide/toolkit/xml-configuration/configuration/scaffoldings/accesscontrolrules/workflows/workflowaccesscontrolrules.md,0
docs/identitymanager/7.0/integration-guide/toolkit/xml-configuration/configuration/scaffoldings/accesscontrolrules/workflows/workflowaspect.md,0
docs/identitymanager/7.0/integration-guide/toolkit/xml-configuration/configuration/scaffoldings/accesscontrolrules/workflows/workflowconfigurationcontrolrules.md,0
docs/identitymanager/7.0/integration-guide/toolkit/xml-configuration/configuration/scaffoldings/accesscontrolrules/workflows/workflowoverviewcontrolrules.md,0
docs/identitymanager/7.0/integration-guide/toolkit/xml-configuration/configuration/scaffoldings/entitytypes/entitytypes/connectormappings.md,0
docs/identitymanager/7.0/integration-guide/toolkit/xml-configuration/configuration/scaffoldings/entitytypes/entitytypes/entitytypedisplayname.md,0
docs/identitymanager/7.0/integration-guide/toolkit/xml-configuration/configuration/scaffoldings/entitytypes/entitytypes/entitytypedisplaytable.md,0
docs/identitymanager/7.0/integration-guide/toolkit/xml-configuration/configuration/scaffoldings/entitytypes/entitytypes/entitytypedisplaytableadaptable.md,0
docs/identitymanager/7.0/integration-guide/toolkit/xml-configuration/configuration/scaffoldings/entitytypes/entitytypes/entitytypedisplaytargetresourcetable.md,0
docs/identitymanager/7.0/integration-guide/toolkit/xml-configuration/configuration/scaffoldings/entitytypes/entitytypes/entitytypemenuitem.md,0
docs/identitymanager/7.0/integration-guide/toolkit/xml-configuration/configuration/scaffoldings/entitytypes/entitytypes/entitytypesearchbar.md,0
docs/identitymanager/7.0/integration-guide/toolkit/xml-configuration/configuration/scaffoldings/entitytypes/entitytypes/index.md,0
docs/identitymanager/7.0/integration-guide/toolkit/xml-configuration/configuration/scaffoldings/entitytypes/entitytypes/targetresourcereportmenus.md,0
docs/identitymanager/7.0/integration-guide/toolkit/xml-configuration/configuration/scaffoldings/entitytypes/index.md,0
docs/identitymanager/7.0/integration-guide/toolkit/xml-configuration/configuration/scaffoldings/entitytypes/workflows/createupdatedeletemenus.md,0
docs/identitymanager/7.0/integration-guide/toolkit/xml-configuration/configuration/scaffoldings/entitytypes/workflows/createupdatedeleteworkflows.md,0
docs/identitymanager/7.0/integration-guide/toolkit/xml-configuration/configuration/scaffoldings/entitytypes/workflows/index.md,0
docs/identitymanager/7.0/integration-guide/toolkit/xml-configuration/configuration/scaffoldings/entitytypes/workflows/updateresourcesmenus.md,0
docs/identitymanager/7.0/integration-guide/toolkit/xml-configuration/configuration/scaffoldings/entitytypes/workflows/updateresourcesworkflows.md,0
docs/identitymanager/7.0/integration-guide/toolkit/xml-configuration/configuration/scaffoldings/entitytypes/workflows/workflowactorsnotification.md,0
docs/identitymanager/7.0/integration-guide/toolkit/xml-configuration/configuration/scaffoldings/entitytypes/workflows/workflowentitytype.md,0
docs/identitymanager/7.0/integration-guide/toolkit/xml-configuration/configuration/scaffoldings/entitytypes/workflows/workflowentitytypedisplayentitytype.md,0
docs/identitymanager/7.0/integration-guide/toolkit/xml-configuration/configuration/scaffoldings/entitytypes/workflows/workflowentitytypedisplaytable.md,0
docs/identitymanager/7.0/integration-guide/toolkit/xml-configuration/configuration/scaffoldings/entitytypes/workflows/workflowentitytypesearchbar.md,0
docs/identitymanager/7.0/integration-guide/toolkit/xml-configuration/configuration/scaffoldings/entitytypes/workflows/workflowperformernotification.md,0
docs/identitymanager/7.0/integration-guide/toolkit/xml-configuration/configuration/scaffoldings/index.md,0
docs/identitymanager/7.0/integration-guide/toolkit/xml-configuration/configuration/scaffoldings/jobs/cleandatabasejob.md,0
docs/identitymanager/7.0/integration-guide/toolkit/xml-configuration/configuration/scaffoldings/jobs/createaccesscertificationjob.md,0
docs/identitymanager/7.0/integration-guide/toolkit/xml-configuration/configuration/scaffoldings/jobs/createagentsynchrocomplete.md,0
docs/identitymanager/7.0/integration-guide/toolkit/xml-configuration/configuration/scaffoldings/jobs/createagentsynchroincremental.md,0
docs/identitymanager/7.0/integration-guide/toolkit/xml-configuration/configuration/scaffoldings/jobs/createconnectorsjobs.md,0
docs/identitymanager/7.0/integration-guide/toolkit/xml-configuration/configuration/scaffoldings/jobs/createconnectorsynchrocomplete.md,0
docs/identitymanager/7.0/integration-guide/toolkit/xml-configuration/configuration/scaffoldings/jobs/createconnectorsynchroincremental.md,0
docs/identitymanager/7.0/integration-guide/toolkit/xml-configuration/configuration/scaffoldings/jobs/createinitializationjob.md,0
docs/identitymanager/7.0/integration-guide/toolkit/xml-configuration/configuration/scaffoldings/jobs/index.md,0
docs/identitymanager/7.0/integration-guide/toolkit/xml-configuration/configuration/scaffoldings/optimizations/index.md,0
docs/identitymanager/7.0/integration-guide/toolkit/xml-configuration/configuration/scaffoldings/optimizations/optimizedisplaytable.md,0
docs/identitymanager/7.0/integration-guide/toolkit/xml-configuration/configuration/scaffoldings/queries/index.md,0
docs/identitymanager/7.0/integration-guide/toolkit/xml-configuration/configuration/scaffoldings/queries/targetresourcereport.md,0
docs/identitymanager/7.0/integration-guide/toolkit/xml-configuration/configuration/scaffoldings/queries/universedatamodel.md,0
docs/identitymanager/7.0/integration-guide/toolkit/xml-configuration/configuration/scaffoldings/templates/connectorsaccesscontrolrules.md,0
docs/identitymanager/7.0/integration-guide/toolkit/xml-configuration/configuration/scaffoldings/templates/createadministratorprofile.md,0
docs/identitymanager/7.0/integration-guide/toolkit/xml-configuration/configuration/scaffoldings/templates/createupdatedeletetemplate.md,0
docs/identitymanager/7.0/integration-guide/toolkit/xml-configuration/configuration/scaffoldings/templates/entityreportdefault.md,0
docs/identitymanager/7.0/integration-guide/toolkit/xml-configuration/configuration/scaffoldings/templates/index.md,0
docs/identitymanager/7.0/integration-guide/toolkit/xml-configuration/configuration/scaffoldings/templates/jobexecutionaccesscontrolrules.md,0
docs/identitymanager/7.0/integration-guide/toolkit/xml-configuration/configuration/scaffoldings/templates/jobviewaccesscontrolrules.md,0
docs/identitymanager/7.0/integration-guide/toolkit/xml-configuration/configuration/scaffoldings/templates/simulationaccesscontrolrules.md,0
docs/identitymanager/7.0/integration-guide/toolkit/xml-configuration/configuration/scaffoldings/templates/updateresourcestemplate.md,0
docs/identitymanager/7.0/integration-guide/toolkit/xml-configuration/configuration/scaffoldings/templates/viewsourceresourcetemplate.md,0
docs/identitymanager/7.0/integration-guide/toolkit/xml-configuration/configuration/scaffoldings/templates/viewtargetresourcetemplate.md,0
docs/identitymanager/7.0/integration-guide/toolkit/xml-configuration/configuration/scaffoldings/templates/viewtemplate.md,0
docs/identitymanager/7.0/integration-guide/toolkit/xml-configuration/configuration/scaffoldings/templates/viewtemplateadaptable.md,0
docs/identitymanager/7.0/integration-guide/toolkit/xml-configuration/configuration/scaffoldings/workforce/bootstrapmodule.md,0
docs/identitymanager/7.0/integration-guide/toolkit/xml-configuration/configuration/scaffoldings/workforce/index.md,0
docs/identitymanager/7.0/integration-guide/toolkit/xml-configuration/configuration/scaffoldings/workforce/profilemodule.md,0
docs/identitymanager/7.0/integration-guide/toolkit/xml-configuration/configuration/scaffoldings/workforce/workforcemodule.md,0
docs/identitymanager/7.0/integration-guide/toolkit/xml-configuration/connectors/agent.md,0
docs/identitymanager/7.0/integration-guide/toolkit/xml-configuration/connectors/connection.md,0
docs/identitymanager/7.0/integration-guide/toolkit/xml-configuration/connectors/connectiontable.md,0
docs/identitymanager/7.0/integration-guide/toolkit/xml-configuration/connectors/connector.md,0
docs/identitymanager/7.0/integration-guide/toolkit/xml-configuration/connectors/entityassociationmapping.md,0
docs/identitymanager/7.0/integration-guide/toolkit/xml-configuration/connectors/entitytypemapping.md,0
docs/identitymanager/7.0/integration-guide/toolkit/xml-configuration/connectors/index.md,0
docs/identitymanager/7.0/integration-guide/toolkit/xml-configuration/connectors/passwordresetsettings.md,0
docs/identitymanager/7.0/integration-guide/toolkit/xml-configuration/connectors/resourcetypemappings/azureadresourcetypemapping.mdx,0
docs/identitymanager/7.0/integration-guide/toolkit/xml-configuration/connectors/resourcetypemappings/easyvistaresourcetypemapping.mdx,0
docs/identitymanager/7.0/integration-guide/toolkit/xml-configuration/connectors/resourcetypemappings/easyvistauserresourcetypemapping.md,0
docs/identitymanager/7.0/integration-guide/toolkit/xml-configuration/connectors/resourcetypemappings/index.md,0
docs/identitymanager/7.0/integration-guide/toolkit/xml-configuration/connectors/resourcetypemappings/ldapresourcetypemapping.mdx,0
docs/identitymanager/7.0/integration-guide/toolkit/xml-configuration/connectors/resourcetypemappings/manualprovisioningresourcetypemapping.mdx,0
docs/identitymanager/7.0/integration-guide/toolkit/xml-configuration/connectors/resourcetypemappings/microsoftentraidresourcetypemapping.md,0
docs/identitymanager/7.0/integration-guide/toolkit/xml-configuration/connectors/resourcetypemappings/nimresourcetypemapping.mdx,0
docs/identitymanager/7.0/integration-guide/toolkit/xml-configuration/connectors/resourcetypemappings/oktaresourcetypemapping.md,0
docs/identitymanager/7.0/integration-guide/toolkit/xml-configuration/connectors/resourcetypemappings/sapresourcetypemapping.mdx,0
docs/identitymanager/7.0/integration-guide/toolkit/xml-configuration/connectors/resourcetypemappings/scimresourcetypemapping.mdx,0
docs/identitymanager/7.0/integration-guide/toolkit/xml-configuration/connectors/resourcetypemappings/servicenowresourcetypemapping.mdx,0
docs/identitymanager/7.0/integration-guide/toolkit/xml-configuration/connectors/resourcetypemappings/sharepointresourcetypemapping.mdx,0
docs/identitymanager/7.0/integration-guide/toolkit/xml-configuration/index.md,0
docs/identitymanager/7.0/integration-guide/toolkit/xml-configuration/jobs/index.md,0
docs/identitymanager/7.0/integration-guide/toolkit/xml-configuration/jobs/job.md,0
docs/identitymanager/7.0/integration-guide/toolkit/xml-configuration/jobs/tasks/agent/activityinstanceactortask.md,0
docs/identitymanager/7.0/integration-guide/toolkit/xml-configuration/jobs/tasks/agent/createdatabaseviewstask.md,0
docs/identitymanager/7.0/integration-guide/toolkit/xml-configuration/jobs/tasks/agent/exporttask.md,0
docs/identitymanager/7.0/integration-guide/toolkit/xml-configuration/jobs/tasks/agent/fulfilltask.md,0
docs/identitymanager/7.0/integration-guide/toolkit/xml-configuration/jobs/tasks/agent/index.md,0
docs/identitymanager/7.0/integration-guide/toolkit/xml-configuration/jobs/tasks/agent/invokeapitask.md,0
docs/identitymanager/7.0/integration-guide/toolkit/xml-configuration/jobs/tasks/agent/invokeaspectstask.md,0
docs/identitymanager/7.0/integration-guide/toolkit/xml-configuration/jobs/tasks/agent/invokeexpressiontask.md,0
docs/identitymanager/7.0/integration-guide/toolkit/xml-configuration/jobs/tasks/agent/invokesqlcommandtask.md,0
docs/identitymanager/7.0/integration-guide/toolkit/xml-configuration/jobs/tasks/agent/preparesynchronizationtask.md,0
docs/identitymanager/7.0/integration-guide/toolkit/xml-configuration/jobs/tasks/index.md,0
docs/identitymanager/7.0/integration-guide/toolkit/xml-configuration/jobs/tasks/server/buildrolemodeltask.md,0
docs/identitymanager/7.0/integration-guide/toolkit/xml-configuration/jobs/tasks/server/computecorrelationkeystask.md,0
docs/identitymanager/7.0/integration-guide/toolkit/xml-configuration/jobs/tasks/server/computeriskscorestask.md,0
docs/identitymanager/7.0/integration-guide/toolkit/xml-configuration/jobs/tasks/server/computerolemodeltask.md,0
docs/identitymanager/7.0/integration-guide/toolkit/xml-configuration/jobs/tasks/server/deployconfigurationtask.md,0
docs/identitymanager/7.0/integration-guide/toolkit/xml-configuration/jobs/tasks/server/fulfilltask.md,0
docs/identitymanager/7.0/integration-guide/toolkit/xml-configuration/jobs/tasks/server/generateprovisioningorderstask.md,0
docs/identitymanager/7.0/integration-guide/toolkit/xml-configuration/jobs/tasks/server/getroleminingtask.md,0
docs/identitymanager/7.0/integration-guide/toolkit/xml-configuration/jobs/tasks/server/index.md,0
docs/identitymanager/7.0/integration-guide/toolkit/xml-configuration/jobs/tasks/server/invokeexpressiontask.md,0
docs/identitymanager/7.0/integration-guide/toolkit/xml-configuration/jobs/tasks/server/invokesqlcommandtask.md,0
docs/identitymanager/7.0/integration-guide/toolkit/xml-configuration/jobs/tasks/server/maintainindexestask.md,0
docs/identitymanager/7.0/integration-guide/toolkit/xml-configuration/jobs/tasks/server/manageconfigurationindexestask.md,0
docs/identitymanager/7.0/integration-guide/toolkit/xml-configuration/jobs/tasks/server/processaccesscertificationitemstask.md,0
docs/identitymanager/7.0/integration-guide/toolkit/xml-configuration/jobs/tasks/server/resetvalidfromtask.md,0
docs/identitymanager/7.0/integration-guide/toolkit/xml-configuration/jobs/tasks/server/savepreexistingaccessrightstask.md,0
docs/identitymanager/7.0/integration-guide/toolkit/xml-configuration/jobs/tasks/server/sendaccesscertificationnotificationtask.md,0
docs/identitymanager/7.0/integration-guide/toolkit/xml-configuration/jobs/tasks/server/sendnotificationstask.md,0
docs/identitymanager/7.0/integration-guide/toolkit/xml-configuration/jobs/tasks/server/sendrolemodelnotificationstask.md,0
docs/identitymanager/7.0/integration-guide/toolkit/xml-configuration/jobs/tasks/server/setaccesscertificationreviewertask.md,0
docs/identitymanager/7.0/integration-guide/toolkit/xml-configuration/jobs/tasks/server/setinternaluserprofilestask.md,0
docs/identitymanager/7.0/integration-guide/toolkit/xml-configuration/jobs/tasks/server/setrecentlymodifiedflagtask.md,0
docs/identitymanager/7.0/integration-guide/toolkit/xml-configuration/jobs/tasks/server/synchronizetask.md,0
docs/identitymanager/7.0/integration-guide/toolkit/xml-configuration/jobs/tasks/server/updateaccesscertificationcampaigntask.md,0
docs/identitymanager/7.0/integration-guide/toolkit/xml-configuration/jobs/tasks/server/updateclassificationtask.md,0
docs/identitymanager/7.0/integration-guide/toolkit/xml-configuration/jobs/tasks/server/updateentitypropertyexpressionstask.md,0
docs/identitymanager/7.0/integration-guide/toolkit/xml-configuration/metadata/accesscontrolentitytype.md,0
docs/identitymanager/7.0/integration-guide/toolkit/xml-configuration/metadata/binding.md,0
docs/identitymanager/7.0/integration-guide/toolkit/xml-configuration/metadata/dimension.md,0
docs/identitymanager/7.0/integration-guide/toolkit/xml-configuration/metadata/entityassociation.md,0
docs/identitymanager/7.0/integration-guide/toolkit/xml-configuration/metadata/entitypropertyexpression.md,0
docs/identitymanager/7.0/integration-guide/toolkit/xml-configuration/metadata/entitytype.md,0
docs/identitymanager/7.0/integration-guide/toolkit/xml-configuration/metadata/index.md,0
docs/identitymanager/7.0/integration-guide/toolkit/xml-configuration/metadata/language.md,0
docs/identitymanager/7.0/integration-guide/toolkit/xml-configuration/metadata/settings/appdisplaysetting.md,0
docs/identitymanager/7.0/integration-guide/toolkit/xml-configuration/metadata/settings/configurationversionsetting.md,0
docs/identitymanager/7.0/integration-guide/toolkit/xml-configuration/metadata/settings/customlink1setting.md,0
docs/identitymanager/7.0/integration-guide/toolkit/xml-configuration/metadata/settings/customlink2setting.md,0
docs/identitymanager/7.0/integration-guide/toolkit/xml-configuration/metadata/settings/dashboarditemnumbersetting.md,0
docs/identitymanager/7.0/integration-guide/toolkit/xml-configuration/metadata/settings/index.md,0
docs/identitymanager/7.0/integration-guide/toolkit/xml-configuration/metadata/settings/mailsetting.md,0
docs/identitymanager/7.0/integration-guide/toolkit/xml-configuration/metadata/settings/passwordgenerationsetting.md,0
docs/identitymanager/7.0/integration-guide/toolkit/xml-configuration/metadata/settings/passwordtestssetting.md,0
docs/identitymanager/7.0/integration-guide/toolkit/xml-configuration/metadata/settings/schedulingcleandatabasesetting.md,0
docs/identitymanager/7.0/integration-guide/toolkit/xml-configuration/metadata/settings/selectallperformedbyassociationqueryhandlersetting.md,0
docs/identitymanager/7.0/integration-guide/toolkit/xml-configuration/metadata/settings/selectpersonasbyfilterqueryhandlersetting.md,0
docs/identitymanager/7.0/integration-guide/toolkit/xml-configuration/metadata/settings/selectuserbyidentityqueryhandlersetting.md,0
docs/identitymanager/7.0/integration-guide/toolkit/xml-configuration/notifications/index.md,0
docs/identitymanager/7.0/integration-guide/toolkit/xml-configuration/notifications/notification.md,0
docs/identitymanager/7.0/integration-guide/toolkit/xml-configuration/notifications/notifications/accesscertificationnotification.md,0
docs/identitymanager/7.0/integration-guide/toolkit/xml-configuration/notifications/notifications/index.md,0
docs/identitymanager/7.0/integration-guide/toolkit/xml-configuration/notifications/notifications/manualprovisioningnotification.md,0
docs/identitymanager/7.0/integration-guide/toolkit/xml-configuration/notifications/notifications/provisioningreviewnotification.md,0
docs/identitymanager/7.0/integration-guide/toolkit/xml-configuration/notifications/notifications/rolepolicynotification.md,0
docs/identitymanager/7.0/integration-guide/toolkit/xml-configuration/notifications/notifications/rolereviewnotification.md,0
docs/identitymanager/7.0/integration-guide/toolkit/xml-configuration/notifications/notificationtemplate.md,0
docs/identitymanager/7.0/integration-guide/toolkit/xml-configuration/provisioning/automationrule.md,0
docs/identitymanager/7.0/integration-guide/toolkit/xml-configuration/provisioning/category.md,0
docs/identitymanager/7.0/integration-guide/toolkit/xml-configuration/provisioning/compositerole.md,0
docs/identitymanager/7.0/integration-guide/toolkit/xml-configuration/provisioning/compositerolerule.md,0
docs/identitymanager/7.0/integration-guide/toolkit/xml-configuration/provisioning/context.md,0
docs/identitymanager/7.0/integration-guide/toolkit/xml-configuration/provisioning/contextrule.md,0
docs/identitymanager/7.0/integration-guide/toolkit/xml-configuration/provisioning/index.md,0
docs/identitymanager/7.0/integration-guide/toolkit/xml-configuration/provisioning/indirectresourcerule.md,0
docs/identitymanager/7.0/integration-guide/toolkit/xml-configuration/provisioning/miningrule.md,0
docs/identitymanager/7.0/integration-guide/toolkit/xml-configuration/provisioning/policy.md,0
docs/identitymanager/7.0/integration-guide/toolkit/xml-configuration/provisioning/recordsection.md,0
docs/identitymanager/7.0/integration-guide/toolkit/xml-configuration/provisioning/resourceclassificationrule.md,0
docs/identitymanager/7.0/integration-guide/toolkit/xml-configuration/provisioning/resourcecorrelationrule.md,0
docs/identitymanager/7.0/integration-guide/toolkit/xml-configuration/provisioning/resourcetype.md,0
docs/identitymanager/7.0/integration-guide/toolkit/xml-configuration/provisioning/risk.md,0
docs/identitymanager/7.0/integration-guide/toolkit/xml-configuration/provisioning/rolemapping.md,0
docs/identitymanager/7.0/integration-guide/toolkit/xml-configuration/provisioning/singlerole.md,0
docs/identitymanager/7.0/integration-guide/toolkit/xml-configuration/provisioning/singlerolerule.md,0
docs/identitymanager/7.0/integration-guide/toolkit/xml-configuration/reporting/index.md,0
docs/identitymanager/7.0/integration-guide/toolkit/xml-configuration/reporting/reportquery.md,0
docs/identitymanager/7.0/integration-guide/toolkit/xml-configuration/resources/index.md,0
docs/identitymanager/7.0/integration-guide/toolkit/xml-configuration/resources/resource.md,0
docs/identitymanager/7.0/integration-guide/toolkit/xml-configuration/user-interface/displayentityassociation.md,0
docs/identitymanager/7.0/integration-guide/toolkit/xml-configuration/user-interface/displayentitytype.md,0
docs/identitymanager/7.0/integration-guide/toolkit/xml-configuration/user-interface/displaypropertygroup.md,0
docs/identitymanager/7.0/integration-guide/toolkit/xml-configuration/user-interface/displaytable.md,0
docs/identitymanager/7.0/integration-guide/toolkit/xml-configuration/user-interface/form.md,0
docs/identitymanager/7.0/integration-guide/toolkit/xml-configuration/user-interface/index.md,0
docs/identitymanager/7.0/integration-guide/toolkit/xml-configuration/user-interface/indicator.md,0
docs/identitymanager/7.0/integration-guide/toolkit/xml-configuration/user-interface/menuitem.md,0
docs/identitymanager/7.0/integration-guide/toolkit/xml-configuration/user-interface/searchbar.md,0
docs/identitymanager/7.0/integration-guide/toolkit/xml-configuration/user-interface/tile.md,0
docs/identitymanager/7.0/integration-guide/toolkit/xml-configuration/workflows/aspects/addchangeaspect.md,0
docs/identitymanager/7.0/integration-guide/toolkit/xml-configuration/workflows/aspects/assertvalueaspect.md,0
docs/identitymanager/7.0/integration-guide/toolkit/xml-configuration/workflows/aspects/assertvaluerequiredaspect.md,0
docs/identitymanager/7.0/integration-guide/toolkit/xml-configuration/workflows/aspects/builduniquevalueaspect.md,0
docs/identitymanager/7.0/integration-guide/toolkit/xml-configuration/workflows/aspects/index.md,0
docs/identitymanager/7.0/integration-guide/toolkit/xml-configuration/workflows/aspects/invokescriptaspect.md,0
docs/identitymanager/7.0/integration-guide/toolkit/xml-configuration/workflows/aspects/invokeworkflowaspect.md,0
docs/identitymanager/7.0/integration-guide/toolkit/xml-configuration/workflows/aspects/notificationaspect.md,0
docs/identitymanager/7.0/integration-guide/toolkit/xml-configuration/workflows/forms/index.md,0
docs/identitymanager/7.0/integration-guide/toolkit/xml-configuration/workflows/forms/workflowaddandendrecordentityform.md,0
docs/identitymanager/7.0/integration-guide/toolkit/xml-configuration/workflows/forms/workflowaddrecordentityform.md,0
docs/identitymanager/7.0/integration-guide/toolkit/xml-configuration/workflows/forms/workflowcreateentityform.md,0
docs/identitymanager/7.0/integration-guide/toolkit/xml-configuration/workflows/forms/workflowcreaterecordentityform.md,0
docs/identitymanager/7.0/integration-guide/toolkit/xml-configuration/workflows/forms/workflowcreateseveralrecordsentityform.md,0
docs/identitymanager/7.0/integration-guide/toolkit/xml-configuration/workflows/forms/workfloweditentityform.md,0
docs/identitymanager/7.0/integration-guide/toolkit/xml-configuration/workflows/forms/workflowupdaterecordentitiesform.md,0
docs/identitymanager/7.0/integration-guide/toolkit/xml-configuration/workflows/forms/workflowupdaterecordentityform.md,0
docs/identitymanager/7.0/integration-guide/toolkit/xml-configuration/workflows/forms/workflowupdateseveralrecordsentityform.md,0
docs/identitymanager/7.0/integration-guide/toolkit/xml-configuration/workflows/homonymentitylink.md,0
docs/identitymanager/7.0/integration-guide/toolkit/xml-configuration/workflows/index.md,0
docs/identitymanager/7.0/integration-guide/toolkit/xml-configuration/workflows/workflow.md,0
docs/identitymanager/7.0/integration-guide/ui/create-menu-items.md,0
docs/identitymanager/7.0/integration-guide/ui/custom-display-table.md,0
docs/identitymanager/7.0/integration-guide/ui/custom-forms.md,0
docs/identitymanager/7.0/integration-guide/ui/custom-search-bar.md,0
docs/identitymanager/7.0/integration-guide/ui/how-tos/create-menu-items.md,0
docs/identitymanager/7.0/integration-guide/ui/how-tos/custom-display-table.md,0
docs/identitymanager/7.0/integration-guide/ui/how-tos/custom-forms.md,0
docs/identitymanager/7.0/integration-guide/ui/how-tos/custom-search-bar.md,0
docs/identitymanager/7.0/integration-guide/ui/how-tos/producttranslations.md,0
docs/identitymanager/7.0/integration-guide/ui/index.md,0
docs/identitymanager/7.0/integration-guide/ui/producttranslations.md,0
docs/identitymanager/7.0/integration-guide/workflows/activity-templates.md,0
docs/identitymanager/7.0/integration-guide/workflows/create-workflow/configure-homonym-test.md,0
docs/identitymanager/7.0/integration-guide/workflows/create-workflow/index.md,0
docs/identitymanager/7.0/integration-guide/workflows/create-workflow/workflow-create-mono.md,0
docs/identitymanager/7.0/integration-guide/workflows/create-workflow/workflow-create-multi.md,0
docs/identitymanager/7.0/integration-guide/workflows/create-workflow/workflow-update-mono.md,0
docs/identitymanager/7.0/integration-guide/workflows/create-workflow/workflow-update-multi.md,0
docs/identitymanager/7.0/integration-guide/workflows/create-workflow/workflow-update-resource.md,0
docs/identitymanager/7.0/integration-guide/workflows/index.md,0
docs/identitymanager/7.0/integration-guide/workflows/workflow-uses.md,0
docs/identitymanager/7.0/integration-guide/workflows/workflowhomonym.md,0
docs/identitymanager/7.0/introduction-guide/architecture.md,0
docs/identitymanager/7.0/introduction-guide/configuration.md,0
docs/identitymanager/7.0/introduction-guide/index.md,0
docs/identitymanager/7.0/introduction-guide/overview/entitlement-management.md,0
docs/identitymanager/7.0/introduction-guide/overview/governance.md,0
docs/identitymanager/7.0/introduction-guide/overview/identity-management.md,0
docs/identitymanager/7.0/introduction-guide/overview/index.md,0
docs/identitymanager/7.0/introduction-guide/overview/use-cases.md,0
docs/identitymanager/7.0/migration-guide/index.md,0
docs/identitymanager/7.0/user-guide/administrate/access-certification/certification-campaign-execution.md,0
docs/identitymanager/7.0/user-guide/administrate/access-certification/certification-campaign-scheduling.md,0
docs/identitymanager/7.0/user-guide/administrate/access-certification/index.md,0
docs/identitymanager/7.0/user-guide/administrate/assigned-roles.md,0
docs/identitymanager/7.0/user-guide/administrate/index.md,0
docs/identitymanager/7.0/user-guide/administrate/manual-assignment-request.md,0
docs/identitymanager/7.0/user-guide/administrate/non-conforming-assignment-review/index.md,0
docs/identitymanager/7.0/user-guide/administrate/non-conforming-assignment-review/property-reconciliation.md,0
docs/identitymanager/7.0/user-guide/administrate/non-conforming-assignment-review/role-reconciliation.md,0
docs/identitymanager/7.0/user-guide/administrate/non-conforming-assignment-review/unauthorized-account-review.md,0
docs/identitymanager/7.0/user-guide/administrate/orphan-unused-account-review.md,0
docs/identitymanager/7.0/user-guide/administrate/provisioning/automatic-provisioning.md,0
docs/identitymanager/7.0/user-guide/administrate/provisioning/index.md,0
docs/identitymanager/7.0/user-guide/administrate/provisioning/manual-provisioning.md,0
docs/identitymanager/7.0/user-guide/administrate/provisioning/provisioning-review.md,0
docs/identitymanager/7.0/user-guide/administrate/reporting.md,0
docs/identitymanager/7.0/user-guide/deploy/authentication.md,0
docs/identitymanager/7.0/user-guide/deploy/change-management.md,0
docs/identitymanager/7.0/user-guide/deploy/index.md,0
docs/identitymanager/7.0/user-guide/deploy/production-agent-installation.md,0
docs/identitymanager/7.0/user-guide/deploy/production-agent-installation/directory-permissions.md,0
docs/identitymanager/7.0/user-guide/deploy/production-agent-installation/finalization.md,0
docs/identitymanager/7.0/user-guide/deploy/production-agent-installation/iis-configuration.md,0
docs/identitymanager/7.0/user-guide/deploy/production-agent-installation/iis-installation.md,0
docs/identitymanager/7.0/user-guide/deploy/production-agent-installation/index.md,0
docs/identitymanager/7.0/user-guide/deploy/production-agent-installation/settings-files.md,0
docs/identitymanager/7.0/user-guide/global-process/howto-maintaindirectory.md,0
docs/identitymanager/7.0/user-guide/global-process/howto-newsystem.md,0
docs/identitymanager/7.0/user-guide/global-process/howto-start.md,0
docs/identitymanager/7.0/user-guide/global-process/index.md,0
docs/identitymanager/7.0/user-guide/index.md,0
docs/identitymanager/7.0/user-guide/maintain/identity-data-modification/index.md,0
docs/identitymanager/7.0/user-guide/maintain/identity-data-modification/individual-update.md,0
docs/identitymanager/7.0/user-guide/maintain/identity-data-modification/mass-update.md,0
docs/identitymanager/7.0/user-guide/maintain/identity-data-modification/multiple-update.md,0
docs/identitymanager/7.0/user-guide/maintain/index.md,0
docs/identitymanager/7.0/user-guide/maintain/troubleshooting.md,0
docs/identitymanager/7.0/user-guide/optimize/assignment-automation/automate-role-assignment.md,0
docs/identitymanager/7.0/user-guide/optimize/assignment-automation/index.md,0
docs/identitymanager/7.0/user-guide/optimize/assignment-automation/remove-redundant-assignments.md,0
docs/identitymanager/7.0/user-guide/optimize/assignment-automation/role-mining.md,0
docs/identitymanager/7.0/user-guide/optimize/composite-role-creation.md,0
docs/identitymanager/7.0/user-guide/optimize/hr-connector-creation.md,0
docs/identitymanager/7.0/user-guide/optimize/identity-datamodel-modification.md,0
docs/identitymanager/7.0/user-guide/optimize/index.md,0
docs/identitymanager/7.0/user-guide/optimize/non-conforming-assignment-review-automation.md,0
docs/identitymanager/7.0/user-guide/optimize/parameterized-role.md,0
docs/identitymanager/7.0/user-guide/optimize/policy-creation.md,0
docs/identitymanager/7.0/user-guide/optimize/risk-management.md,0
docs/identitymanager/7.0/user-guide/optimize/simulation.md,0
docs/identitymanager/7.0/user-guide/set-up/categorization/classification.md,0
docs/identitymanager/7.0/user-guide/set-up/categorization/correlation.md,0
docs/identitymanager/7.0/user-guide/set-up/categorization/index.md,0
docs/identitymanager/7.0/user-guide/set-up/categorization/resource-type-creation.md,0
docs/identitymanager/7.0/user-guide/set-up/configure-global-settings.md,0
docs/identitymanager/7.0/user-guide/set-up/configure-workflows.md,0
docs/identitymanager/7.0/user-guide/set-up/connect-system/connection-creation.md,0
docs/identitymanager/7.0/user-guide/set-up/connect-system/connector-declaration.md,0
docs/identitymanager/7.0/user-guide/set-up/connect-system/connector-modeling.md,0
docs/identitymanager/7.0/user-guide/set-up/connect-system/entity-type-creation/datasheet-organization.md,0
docs/identitymanager/7.0/user-guide/set-up/connect-system/entity-type-creation/display-name-setting.md,0
docs/identitymanager/7.0/user-guide/set-up/connect-system/entity-type-creation/entity-type-declaration.md,0
docs/identitymanager/7.0/user-guide/set-up/connect-system/entity-type-creation/index.md,0
docs/identitymanager/7.0/user-guide/set-up/connect-system/entity-type-creation/key-selection.md,0
docs/identitymanager/7.0/user-guide/set-up/connect-system/entity-type-creation/navigation-property-definition.md,0
docs/identitymanager/7.0/user-guide/set-up/connect-system/entity-type-creation/scalar-property-definition.md,0
docs/identitymanager/7.0/user-guide/set-up/connect-system/index.md,0
docs/identitymanager/7.0/user-guide/set-up/development-environment-installation.md,0
docs/identitymanager/7.0/user-guide/set-up/index.md,0
docs/identitymanager/7.0/user-guide/set-up/initial-identities-loading/adjust-datamodel.md,0
docs/identitymanager/7.0/user-guide/set-up/initial-identities-loading/generate-unique-properties.md,0
docs/identitymanager/7.0/user-guide/set-up/initial-identities-loading/index.md,0
docs/identitymanager/7.0/user-guide/set-up/initial-identities-loading/load-identities.md,0
docs/identitymanager/7.0/user-guide/set-up/initial-identities-loading/template-description.md,0
docs/identitymanager/7.0/user-guide/set-up/provisioning-rule-creation/index.md,0
docs/identitymanager/7.0/user-guide/set-up/provisioning-rule-creation/navigation-property-computation.md,0
docs/identitymanager/7.0/user-guide/set-up/provisioning-rule-creation/resource-creation.md,0
docs/identitymanager/7.0/user-guide/set-up/provisioning-rule-creation/scalar-property-computation.md,0
docs/identitymanager/7.0/user-guide/set-up/single-roles-catalog-creation/category-creation.md,0
docs/identitymanager/7.0/user-guide/set-up/single-roles-catalog-creation/index.md,0
docs/identitymanager/7.0/user-guide/set-up/single-roles-catalog-creation/role-manual-creation.md,0
docs/identitymanager/7.0/user-guide/set-up/single-roles-catalog-creation/role-naming-rule-creation.md,0
docs/identitymanager/7.0/user-guide/set-up/synchronization.md,0
docs/identitymanager/7.0/user-guide/set-up/user-profile-assignment.md,0
docs/identitymanager/7.0/user-guide/set-up/user-profile-configuration.md,0
docs/identitymanager/current/index.md,0
docs/identitymanager/current/installation-guide/index.md,0
docs/identitymanager/current/installation-guide/overview.md,0
docs/identitymanager/current/installation-guide/production-ready/agent.md,0
docs/identitymanager/current/installation-guide/production-ready/database.md,0
docs/identitymanager/current/installation-guide/production-ready/email-server.md,0
docs/identitymanager/current/installation-guide/production-ready/index.md,0
docs/identitymanager/current/installation-guide/production-ready/server.md,0
docs/identitymanager/current/installation-guide/production-ready/working-directory.md,0
docs/identitymanager/current/installation-guide/quick-start.md,0
docs/identitymanager/current/installation-guide/requirements/agent-requirements.md,0
docs/identitymanager/current/installation-guide/requirements/database-requirements.md,0
docs/identitymanager/current/installation-guide/requirements/device-requirements.md,0
docs/identitymanager/current/installation-guide/requirements/index.md,0
docs/identitymanager/current/installation-guide/requirements/server-requirements.md,0
docs/identitymanager/current/installation-guide/reverse-proxy.md,0
docs/identitymanager/current/integration-guide/api/authentication.md,0
docs/identitymanager/current/integration-guide/api/index.md,0
docs/identitymanager/current/integration-guide/api/pagination.md,0
docs/identitymanager/current/integration-guide/api/request-postman.md,0
docs/identitymanager/current/integration-guide/api/server/accesscertification.md,0
docs/identitymanager/current/integration-guide/api/server/accesscontrol.md,0
docs/identitymanager/current/integration-guide/api/server/connectors.md,0
docs/identitymanager/current/integration-guide/api/server/files.md,0
docs/identitymanager/current/integration-guide/api/server/index.md,0
docs/identitymanager/current/integration-guide/api/server/job.md,0
docs/identitymanager/current/integration-guide/api/server/metadata.md,0
docs/identitymanager/current/integration-guide/api/server/provisioningentityinstance.md,0
docs/identitymanager/current/integration-guide/api/server/provisioningpolicy.md,0
docs/identitymanager/current/integration-guide/api/server/report.md,0
docs/identitymanager/current/integration-guide/api/server/resource.md,0
docs/identitymanager/current/integration-guide/api/server/resourcechange.md,0
docs/identitymanager/current/integration-guide/api/server/resourcefilechange.md,0
docs/identitymanager/current/integration-guide/api/server/resourcelinkchange.md,0
docs/identitymanager/current/integration-guide/api/server/robots.txt.md,0
docs/identitymanager/current/integration-guide/api/server/universes.md,0
docs/identitymanager/current/integration-guide/api/server/workflows.md,0
docs/identitymanager/current/integration-guide/api/squery.md,0
docs/identitymanager/current/integration-guide/architecture/index.md,0
docs/identitymanager/current/integration-guide/architecture/on-prem.md,0
docs/identitymanager/current/integration-guide/architecture/protect-agent-server-communication.md,0
docs/identitymanager/current/integration-guide/architecture/saas.md,0
docs/identitymanager/current/integration-guide/architecture/sbom.md,0
docs/identitymanager/current/integration-guide/connectors/configuration-details/azuread-register.md,0
docs/identitymanager/current/integration-guide/connectors/configuration-details/configure-secured-options.md,0
docs/identitymanager/current/integration-guide/connectors/configuration-details/connections.md,0
docs/identitymanager/current/integration-guide/connectors/configuration-details/create-connector/entra-ID.md,0
docs/identitymanager/current/integration-guide/connectors/configuration-details/create-connector/index.md,0
docs/identitymanager/current/integration-guide/connectors/configuration-details/credential-protection.md,0
docs/identitymanager/current/integration-guide/connectors/configuration-details/demoapp-banking.md,0
docs/identitymanager/current/integration-guide/connectors/configuration-details/demoapp-hr.md,0
docs/identitymanager/current/integration-guide/connectors/configuration-details/index.md,0
docs/identitymanager/current/integration-guide/connectors/configuration-details/interact-gui-robotframework.md,0
docs/identitymanager/current/integration-guide/connectors/configuration-details/interact-web-page-robotframework.md,0
docs/identitymanager/current/integration-guide/connectors/configuration-details/powershell-fulfill.md,0
docs/identitymanager/current/integration-guide/connectors/configuration-details/scim-cyberark-export.md,0
docs/identitymanager/current/integration-guide/connectors/configuration-details/scim-salesforce-provisioning-entitlements.md,0
docs/identitymanager/current/integration-guide/connectors/configuration-details/setup-incremental-sync/entra-ID.md,0
docs/identitymanager/current/integration-guide/connectors/configuration-details/setup-incremental-sync/index.md,0
docs/identitymanager/current/integration-guide/connectors/configuration-details/sharepoint-export.md,0
docs/identitymanager/current/integration-guide/connectors/configuration-details/write-fulfill-powershell-script.md,0
docs/identitymanager/current/integration-guide/connectors/configuration-details/write-fulfill-robotframework-script.md,0
docs/identitymanager/current/integration-guide/connectors/configuration-details/write-sync-powershell-script.md,0
docs/identitymanager/current/integration-guide/connectors/configuration-details/write-ticket-template.md,0
docs/identitymanager/current/integration-guide/connectors/entitypropertymapping-format.md,0
docs/identitymanager/current/integration-guide/connectors/index.md,0
docs/identitymanager/current/integration-guide/connectors/references-connectors/activedirectory.md,0
docs/identitymanager/current/integration-guide/connectors/references-connectors/azure.md,0
docs/identitymanager/current/integration-guide/connectors/references-connectors/csv.md,0
docs/identitymanager/current/integration-guide/connectors/references-connectors/easyvista.md,0
docs/identitymanager/current/integration-guide/connectors/references-connectors/easyvistaticket.md,0
docs/identitymanager/current/integration-guide/connectors/references-connectors/excel.md,0
docs/identitymanager/current/integration-guide/connectors/references-connectors/googleworkspace.md,0
docs/identitymanager/current/integration-guide/connectors/references-connectors/homefolder.md,0
docs/identitymanager/current/integration-guide/connectors/references-connectors/index.md,0
docs/identitymanager/current/integration-guide/connectors/references-connectors/internalresources.md,0
docs/identitymanager/current/integration-guide/connectors/references-connectors/internalworkflow.md,0
docs/identitymanager/current/integration-guide/connectors/references-connectors/json.md,0
docs/identitymanager/current/integration-guide/connectors/references-connectors/ldap.md,0
docs/identitymanager/current/integration-guide/connectors/references-connectors/ldif.md,0
docs/identitymanager/current/integration-guide/connectors/references-connectors/microsoftentraid.md,0
docs/identitymanager/current/integration-guide/connectors/references-connectors/microsoftexchange.md,0
docs/identitymanager/current/integration-guide/connectors/references-connectors/nimprofile.md,0
docs/identitymanager/current/integration-guide/connectors/references-connectors/odata.md,0
docs/identitymanager/current/integration-guide/connectors/references-connectors/okta.md,0
docs/identitymanager/current/integration-guide/connectors/references-connectors/openldap.md,0
docs/identitymanager/current/integration-guide/connectors/references-connectors/powershellprov.md,0
docs/identitymanager/current/integration-guide/connectors/references-connectors/powershellsync.md,0
docs/identitymanager/current/integration-guide/connectors/references-connectors/racf.md,0
docs/identitymanager/current/integration-guide/connectors/references-connectors/robotframework.md,0
docs/identitymanager/current/integration-guide/connectors/references-connectors/saperp6.md,0
docs/identitymanager/current/integration-guide/connectors/references-connectors/sapnetweaver.md,0
docs/identitymanager/current/integration-guide/connectors/references-connectors/scim.md,0
docs/identitymanager/current/integration-guide/connectors/references-connectors/servicenowentitymanagement.md,0
docs/identitymanager/current/integration-guide/connectors/references-connectors/servicenowticket.md,0
docs/identitymanager/current/integration-guide/connectors/references-connectors/sharedfolder.md,0
docs/identitymanager/current/integration-guide/connectors/references-connectors/sharepoint.md,0
docs/identitymanager/current/integration-guide/connectors/references-connectors/sql.md,0
docs/identitymanager/current/integration-guide/connectors/references-connectors/sqlserverentitlements.md,0
docs/identitymanager/current/integration-guide/connectors/references-connectors/topsecret.md,0
docs/identitymanager/current/integration-guide/connectors/references-connectors/workday.md,0
docs/identitymanager/current/integration-guide/connectors/references-packages/active-directory.md,0
docs/identitymanager/current/integration-guide/connectors/references-packages/apache-directory.md,0
docs/identitymanager/current/integration-guide/connectors/references-packages/azure-active-directory.md,0
docs/identitymanager/current/integration-guide/connectors/references-packages/azure.md,0
docs/identitymanager/current/integration-guide/connectors/references-packages/csv.md,0
docs/identitymanager/current/integration-guide/connectors/references-packages/cyberark.md,0
docs/identitymanager/current/integration-guide/connectors/references-packages/easyvista.md,0
docs/identitymanager/current/integration-guide/connectors/references-packages/easyvistaticket.md,0
docs/identitymanager/current/integration-guide/connectors/references-packages/excel.md,0
docs/identitymanager/current/integration-guide/connectors/references-packages/generic-ldap.md,0
docs/identitymanager/current/integration-guide/connectors/references-packages/generic-scim.md,0
docs/identitymanager/current/integration-guide/connectors/references-packages/generic-sql.md,0
docs/identitymanager/current/integration-guide/connectors/references-packages/googleworkspace.md,0
docs/identitymanager/current/integration-guide/connectors/references-packages/home-folders.md,0
docs/identitymanager/current/integration-guide/connectors/references-packages/identitymanager-database.md,0
docs/identitymanager/current/integration-guide/connectors/references-packages/index.md,0
docs/identitymanager/current/integration-guide/connectors/references-packages/json.md,0
docs/identitymanager/current/integration-guide/connectors/references-packages/ldif.md,0
docs/identitymanager/current/integration-guide/connectors/references-packages/manual-ticket-and-cud-resources.md,0
docs/identitymanager/current/integration-guide/connectors/references-packages/manual-ticket.md,0
docs/identitymanager/current/integration-guide/connectors/references-packages/microsoft-exchange.md,0
docs/identitymanager/current/integration-guide/connectors/references-packages/mysql.md,0
docs/identitymanager/current/integration-guide/connectors/references-packages/nimprofile.md,0
docs/identitymanager/current/integration-guide/connectors/references-packages/odata.md,0
docs/identitymanager/current/integration-guide/connectors/references-packages/odbc.md,0
docs/identitymanager/current/integration-guide/connectors/references-packages/open-ldap.md,0
docs/identitymanager/current/integration-guide/connectors/references-packages/oracle-database.md,0
docs/identitymanager/current/integration-guide/connectors/references-packages/oracle-ldap.md,0
docs/identitymanager/current/integration-guide/connectors/references-packages/postgresql.md,0
docs/identitymanager/current/integration-guide/connectors/references-packages/powershellprov.md,0
docs/identitymanager/current/integration-guide/connectors/references-packages/powershellsync.md,0
docs/identitymanager/current/integration-guide/connectors/references-packages/racf.md,0
docs/identitymanager/current/integration-guide/connectors/references-packages/red-hat-directory-server.md,0
docs/identitymanager/current/integration-guide/connectors/references-packages/robot-framework.md,0
docs/identitymanager/current/integration-guide/connectors/references-packages/salesforce.md,0
docs/identitymanager/current/integration-guide/connectors/references-packages/sapase.md,0
docs/identitymanager/current/integration-guide/connectors/references-packages/saperp6.md,0
docs/identitymanager/current/integration-guide/connectors/references-packages/saphana.md,0
docs/identitymanager/current/integration-guide/connectors/references-packages/servicenow-ticket.md,0
docs/identitymanager/current/integration-guide/connectors/references-packages/servicenow.md,0
docs/identitymanager/current/integration-guide/connectors/references-packages/shared-folders.md,0
docs/identitymanager/current/integration-guide/connectors/references-packages/sharepoint.md,0
docs/identitymanager/current/integration-guide/connectors/references-packages/slack.md,0
docs/identitymanager/current/integration-guide/connectors/references-packages/sql-server-entitlements.md,0
docs/identitymanager/current/integration-guide/connectors/references-packages/sql-server.md,0
docs/identitymanager/current/integration-guide/connectors/references-packages/tss.md,0
docs/identitymanager/current/integration-guide/connectors/references-packages/unplugged.md,0
docs/identitymanager/current/integration-guide/connectors/references-packages/workday.md,0
docs/identitymanager/current/integration-guide/connectors/references-packages/workflow.md,0
docs/identitymanager/current/integration-guide/entity-model.md,0
docs/identitymanager/current/integration-guide/executables/index.md,0
docs/identitymanager/current/integration-guide/executables/references/agent.md,0
docs/identitymanager/current/integration-guide/executables/references/anonymize.md,0
docs/identitymanager/current/integration-guide/executables/references/check-expressionsconsistency.md,0
docs/identitymanager/current/integration-guide/executables/references/compute-correlationkeys.md,0
docs/identitymanager/current/integration-guide/executables/references/configuration-transform.md,0
docs/identitymanager/current/integration-guide/executables/references/create-databaseviews.md,0
docs/identitymanager/current/integration-guide/executables/references/csv-transform.md,0
docs/identitymanager/current/integration-guide/executables/references/decrypt-file.md,0
docs/identitymanager/current/integration-guide/executables/references/easyvistaticket-updatefulfillmentstate.md,0
docs/identitymanager/current/integration-guide/executables/references/encrypt-file.md,0
docs/identitymanager/current/integration-guide/executables/references/export-bacpac.md,0
docs/identitymanager/current/integration-guide/executables/references/export-configuration.md,0
docs/identitymanager/current/integration-guide/executables/references/export-csv.md,0
docs/identitymanager/current/integration-guide/executables/references/export-easyvista.md,0
docs/identitymanager/current/integration-guide/executables/references/export-excel.md,0
docs/identitymanager/current/integration-guide/executables/references/export-scim.md,0
docs/identitymanager/current/integration-guide/executables/references/fillbankingdatabase.md,0
docs/identitymanager/current/integration-guide/executables/references/fulfill-easyvista.md,0
docs/identitymanager/current/integration-guide/executables/references/fulfill-scim.md,0
docs/identitymanager/current/integration-guide/executables/references/fulfill-toeasyvistaticket.md,0
docs/identitymanager/current/integration-guide/executables/references/generate-configuration.md,0
docs/identitymanager/current/integration-guide/executables/references/get-jobsteps.md,0
docs/identitymanager/current/integration-guide/executables/references/index.md,0
docs/identitymanager/current/integration-guide/executables/references/invoke-job.md,0
docs/identitymanager/current/integration-guide/executables/references/invoke-serverjob.md,0
docs/identitymanager/current/integration-guide/executables/references/login.md,0
docs/identitymanager/current/integration-guide/executables/references/manage-configurationdependantindexes.md,0
docs/identitymanager/current/integration-guide/executables/references/manage-history.md,0
docs/identitymanager/current/integration-guide/executables/references/new-openidsecret.md,0
docs/identitymanager/current/integration-guide/executables/references/passwordgenerator.md,0
docs/identitymanager/current/integration-guide/executables/references/prepare-synchronization.md,0
docs/identitymanager/current/integration-guide/executables/references/protect-certificatepassword.md,0
docs/identitymanager/current/integration-guide/executables/references/protect-x509jsonfile.md,0
docs/identitymanager/current/integration-guide/executables/references/protect-x509jsonvalue.md,0
docs/identitymanager/current/integration-guide/executables/references/refreshschema.md,0
docs/identitymanager/current/integration-guide/executables/references/send-passwordnotification.md,0
docs/identitymanager/current/integration-guide/executables/references/server.md,0
docs/identitymanager/current/integration-guide/executables/references/update-entitypropertyexpressions.md,0
docs/identitymanager/current/integration-guide/executables/references/upgrade-configurationversion.md,0
docs/identitymanager/current/integration-guide/executables/references/upgrade-databaseversion.md,0
docs/identitymanager/current/integration-guide/governance/accesscertification.md,0
docs/identitymanager/current/integration-guide/governance/index.md,0
docs/identitymanager/current/integration-guide/governance/reporting/analyze-powerbi.md,0
docs/identitymanager/current/integration-guide/governance/reporting/connect-powerbi.md,0
docs/identitymanager/current/integration-guide/governance/reporting/how-tos/analyze-powerbi.md,0
docs/identitymanager/current/integration-guide/governance/reporting/how-tos/connect-powerbi.md,0
docs/identitymanager/current/integration-guide/governance/reporting/index.md,0
docs/identitymanager/current/integration-guide/governance/review-prolonged-entitlements.md,0
docs/identitymanager/current/integration-guide/governance/risks.md,0
docs/identitymanager/current/integration-guide/identity-management/identity-repository.md,0
docs/identitymanager/current/integration-guide/identity-management/index.md,0
docs/identitymanager/current/integration-guide/identity-management/joiners-movers-leavers/index.md,0
docs/identitymanager/current/integration-guide/identity-management/joiners-movers-leavers/on-offboarding.md,0
docs/identitymanager/current/integration-guide/identity-management/joiners-movers-leavers/position-change.md,0
docs/identitymanager/current/integration-guide/index.md,0
docs/identitymanager/current/integration-guide/modules.md,0
docs/identitymanager/current/integration-guide/monitoring/index.md,0
docs/identitymanager/current/integration-guide/monitoring/qradar-setting.md,0
docs/identitymanager/current/integration-guide/monitoring/references.md,0
docs/identitymanager/current/integration-guide/network-configuration/agent-configuration/appsettings-agent.md,0
docs/identitymanager/current/integration-guide/network-configuration/agent-configuration/appsettings.md,0
docs/identitymanager/current/integration-guide/network-configuration/agent-configuration/azure-key-vault.md,0
docs/identitymanager/current/integration-guide/network-configuration/agent-configuration/cyberark-application-access-manager-credential-providers.md,0
docs/identitymanager/current/integration-guide/network-configuration/agent-configuration/index.md,0
docs/identitymanager/current/integration-guide/network-configuration/agent-configuration/rsa-encryption.md,0
docs/identitymanager/current/integration-guide/network-configuration/configure-okta.md,0
docs/identitymanager/current/integration-guide/network-configuration/how-tos/okta.md,0
docs/identitymanager/current/integration-guide/network-configuration/index.md,0
docs/identitymanager/current/integration-guide/network-configuration/password-management.md,0
docs/identitymanager/current/integration-guide/network-configuration/proxy.md,0
docs/identitymanager/current/integration-guide/network-configuration/server-configuration/database-connection.md,0
docs/identitymanager/current/integration-guide/network-configuration/server-configuration/end-users-authentication.md,0
docs/identitymanager/current/integration-guide/network-configuration/server-configuration/general-purpose.md,0
docs/identitymanager/current/integration-guide/network-configuration/server-configuration/index.md,0
docs/identitymanager/current/integration-guide/network-configuration/server-configuration/rsa-encryption.md,0
docs/identitymanager/current/integration-guide/network-configuration/settings.md,0
docs/identitymanager/current/integration-guide/network-configuration/technical-files/appsettings.connection.md,0
docs/identitymanager/current/integration-guide/network-configuration/technical-files/index.md,0
docs/identitymanager/current/integration-guide/notifications/custom.md,0
docs/identitymanager/current/integration-guide/notifications/how-tos/customize-native-notification.md,0
docs/identitymanager/current/integration-guide/notifications/how-tos/set-language.md,0
docs/identitymanager/current/integration-guide/notifications/index.md,0
docs/identitymanager/current/integration-guide/notifications/native/access-certification.md,0
docs/identitymanager/current/integration-guide/notifications/native/customize-native-notification.md,0
docs/identitymanager/current/integration-guide/notifications/native/errored-jobs.md,0
docs/identitymanager/current/integration-guide/notifications/native/index.md,0
docs/identitymanager/current/integration-guide/notifications/native/manual-provisioning.md,0
docs/identitymanager/current/integration-guide/notifications/native/password-reset.md,0
docs/identitymanager/current/integration-guide/notifications/native/provisioning-review.md,0
docs/identitymanager/current/integration-guide/notifications/native/role-review.md,0
docs/identitymanager/current/integration-guide/notifications/set-language.md,0
docs/identitymanager/current/integration-guide/profiles-permissions/create-assign-profiles.md,0
docs/identitymanager/current/integration-guide/profiles-permissions/index.md,0
docs/identitymanager/current/integration-guide/profiles-permissions/permissions.md,0
docs/identitymanager/current/integration-guide/profiles-permissions/rightsrestriction.md,0
docs/identitymanager/current/integration-guide/provisioning/argumentsexpression.md,0
docs/identitymanager/current/integration-guide/provisioning/how-tos/argumentsexpression.md,0
docs/identitymanager/current/integration-guide/provisioning/index.md,0
docs/identitymanager/current/integration-guide/provisioning/prov-thresholds.md,0
docs/identitymanager/current/integration-guide/resources.md,0
docs/identitymanager/current/integration-guide/role-assignment/assignment-dates.md,0
docs/identitymanager/current/integration-guide/role-assignment/assignments-of-entitlements.md,0
docs/identitymanager/current/integration-guide/role-assignment/configureindirectpermissions.md,0
docs/identitymanager/current/integration-guide/role-assignment/conformingassignmentcomputation.md,0
docs/identitymanager/current/integration-guide/role-assignment/evaluate-policy.md,0
docs/identitymanager/current/integration-guide/role-assignment/existingassignmentsdeduction.md,0
docs/identitymanager/current/integration-guide/role-assignment/generate-contexts.md,0
docs/identitymanager/current/integration-guide/role-assignment/how-tos/configureindirectpermissions.md,0
docs/identitymanager/current/integration-guide/role-assignment/how-tos/infer-single-roles.md,0
docs/identitymanager/current/integration-guide/role-assignment/how-tos/restrict-assignment.md,0
docs/identitymanager/current/integration-guide/role-assignment/index.md,0
docs/identitymanager/current/integration-guide/role-assignment/indirectpermissions.md,0
docs/identitymanager/current/integration-guide/role-assignment/infer-single-roles.md,0
docs/identitymanager/current/integration-guide/role-assignment/nonconformingdetection.md,0
docs/identitymanager/current/integration-guide/role-assignment/restrict-assignment.md,0
docs/identitymanager/current/integration-guide/role-assignment/role-model-rules.md,0
docs/identitymanager/current/integration-guide/role-mining.md,0
docs/identitymanager/current/integration-guide/role-model/index.md,0
docs/identitymanager/current/integration-guide/role-model/role-model-rules.md,0
docs/identitymanager/current/integration-guide/simulation.md,0
docs/identitymanager/current/integration-guide/synchronization/index.md,0
docs/identitymanager/current/integration-guide/synchronization/synchro-thresholds.md,0
docs/identitymanager/current/integration-guide/synchronization/upward-data-sync.md,0
docs/identitymanager/current/integration-guide/tasks-jobs/build-efficient-jobs.md,0
docs/identitymanager/current/integration-guide/tasks-jobs/configure-incremental-job.md,0
docs/identitymanager/current/integration-guide/tasks-jobs/configure-jobs.md,0
docs/identitymanager/current/integration-guide/tasks-jobs/fulfillldap.md,0
docs/identitymanager/current/integration-guide/tasks-jobs/index.md,0
docs/identitymanager/current/integration-guide/tasks-jobs/jobdaily.md,0
docs/identitymanager/current/integration-guide/tasks-jobs/jobfast.md,0
docs/identitymanager/current/integration-guide/tasks-jobs/jobs.md,0
docs/identitymanager/current/integration-guide/tasks-jobs/tasks.md,0
docs/identitymanager/current/integration-guide/tasks-jobs/troubleshoot-connector-jobs.md,0
docs/identitymanager/current/integration-guide/toolkit/adjust-scaffoldings.md,0
docs/identitymanager/current/integration-guide/toolkit/bindings.md,0
docs/identitymanager/current/integration-guide/toolkit/deploy-configuration.md,0
docs/identitymanager/current/integration-guide/toolkit/export-configuration.md,0
docs/identitymanager/current/integration-guide/toolkit/expressions/csharp-utility-functions.md,0
docs/identitymanager/current/integration-guide/toolkit/expressions/index.md,0
docs/identitymanager/current/integration-guide/toolkit/expressions/predefined-functions.md,0
docs/identitymanager/current/integration-guide/toolkit/file-hierarchy.md,0
docs/identitymanager/current/integration-guide/toolkit/how-tos/adjust-scaffoldings.md,0
docs/identitymanager/current/integration-guide/toolkit/how-tos/deploy-configuration.md,0
docs/identitymanager/current/integration-guide/toolkit/how-tos/export-configuration.md,0
docs/identitymanager/current/integration-guide/toolkit/index.md,0
docs/identitymanager/current/integration-guide/toolkit/languages.md,0
docs/identitymanager/current/integration-guide/toolkit/parameter-names.md,0
docs/identitymanager/current/integration-guide/toolkit/recommendations.md,0
docs/identitymanager/current/integration-guide/toolkit/reservedidentifiers.md,0
docs/identitymanager/current/integration-guide/toolkit/xml-configuration/access-certification/accesscertificationcampaignpolicy.md,0
docs/identitymanager/current/integration-guide/toolkit/xml-configuration/access-certification/accesscertificationdatafilter.md,0
docs/identitymanager/current/integration-guide/toolkit/xml-configuration/access-certification/AccessCertificationItemReviewer.md,0
docs/identitymanager/current/integration-guide/toolkit/xml-configuration/access-certification/accesscertificationownerfilter.md,0
docs/identitymanager/current/integration-guide/toolkit/xml-configuration/access-certification/index.md,0
docs/identitymanager/current/integration-guide/toolkit/xml-configuration/access-control/accesscontrolpermission.md,0
docs/identitymanager/current/integration-guide/toolkit/xml-configuration/access-control/accesscontrolpropertygroup.md,0
docs/identitymanager/current/integration-guide/toolkit/xml-configuration/access-control/accesscontrolrule.md,0
docs/identitymanager/current/integration-guide/toolkit/xml-configuration/access-control/assignedprofile.md,0
docs/identitymanager/current/integration-guide/toolkit/xml-configuration/access-control/index.md,0
docs/identitymanager/current/integration-guide/toolkit/xml-configuration/access-control/openidclient.md,0
docs/identitymanager/current/integration-guide/toolkit/xml-configuration/access-control/profile.md,0
docs/identitymanager/current/integration-guide/toolkit/xml-configuration/access-control/profilecontext.md,0
docs/identitymanager/current/integration-guide/toolkit/xml-configuration/access-control/profilerulecontext.md,0
docs/identitymanager/current/integration-guide/toolkit/xml-configuration/business-intelligence/index.md,0
docs/identitymanager/current/integration-guide/toolkit/xml-configuration/business-intelligence/universe.md,0
docs/identitymanager/current/integration-guide/toolkit/xml-configuration/configuration/index.md,0
docs/identitymanager/current/integration-guide/toolkit/xml-configuration/configuration/scaffoldings/accesscontrolrules/accessreviews/accessreviewadministrationaccesscontrolrules.md,0
docs/identitymanager/current/integration-guide/toolkit/xml-configuration/configuration/scaffoldings/accesscontrolrules/accessreviews/index.md,0
docs/identitymanager/current/integration-guide/toolkit/xml-configuration/configuration/scaffoldings/accesscontrolrules/connectors/connectorresourcetypeaccesscontrol.md,0
docs/identitymanager/current/integration-guide/toolkit/xml-configuration/configuration/scaffoldings/accesscontrolrules/connectors/index.md,0
docs/identitymanager/current/integration-guide/toolkit/xml-configuration/configuration/scaffoldings/accesscontrolrules/connectors/settingsaccesscontrolrules.md,0
docs/identitymanager/current/integration-guide/toolkit/xml-configuration/configuration/scaffoldings/accesscontrolrules/index.md,0
docs/identitymanager/current/integration-guide/toolkit/xml-configuration/configuration/scaffoldings/accesscontrolrules/jobs/getjoblogadministrationaccesscontrolrules.md,0
docs/identitymanager/current/integration-guide/toolkit/xml-configuration/configuration/scaffoldings/accesscontrolrules/jobs/index.md,0
docs/identitymanager/current/integration-guide/toolkit/xml-configuration/configuration/scaffoldings/accesscontrolrules/jobs/jobadministrationaccesscontrolrules.md,0
docs/identitymanager/current/integration-guide/toolkit/xml-configuration/configuration/scaffoldings/accesscontrolrules/jobs/jobtaskadministrationaccesscontrolrules.md,0
docs/identitymanager/current/integration-guide/toolkit/xml-configuration/configuration/scaffoldings/accesscontrolrules/jobs/pendingassignedresourcetypesaccesscontrolrules.md,0
docs/identitymanager/current/integration-guide/toolkit/xml-configuration/configuration/scaffoldings/accesscontrolrules/jobs/provisioningaccesscontrolrules.md,0
docs/identitymanager/current/integration-guide/toolkit/xml-configuration/configuration/scaffoldings/accesscontrolrules/jobs/resourcechangesviewaccesscontrolrules.md,0
docs/identitymanager/current/integration-guide/toolkit/xml-configuration/configuration/scaffoldings/accesscontrolrules/jobs/resourcetypemappingcontrolrules.md,0
docs/identitymanager/current/integration-guide/toolkit/xml-configuration/configuration/scaffoldings/accesscontrolrules/jobs/runjobadministrationaccesscontrolrules.md,0
docs/identitymanager/current/integration-guide/toolkit/xml-configuration/configuration/scaffoldings/accesscontrolrules/jobs/runjobnotificationaccesscontrolrules.md,0
docs/identitymanager/current/integration-guide/toolkit/xml-configuration/configuration/scaffoldings/accesscontrolrules/jobs/runjobrepairadministrationaccesscontrolrules.md,0
docs/identitymanager/current/integration-guide/toolkit/xml-configuration/configuration/scaffoldings/accesscontrolrules/jobs/runjobrepairnotificationaccesscontrolrules.md,0
docs/identitymanager/current/integration-guide/toolkit/xml-configuration/configuration/scaffoldings/accesscontrolrules/jobs/synchronizationaccesscontrolrules.md,0
docs/identitymanager/current/integration-guide/toolkit/xml-configuration/configuration/scaffoldings/accesscontrolrules/jobs/taskadministrationaccesscontrolrules.md,0
docs/identitymanager/current/integration-guide/toolkit/xml-configuration/configuration/scaffoldings/accesscontrolrules/jobs/taskinstanceadministrationaccesscontrolrules.md,0
docs/identitymanager/current/integration-guide/toolkit/xml-configuration/configuration/scaffoldings/accesscontrolrules/jobs/workflowfulfillmentcontrolrules.md,0
docs/identitymanager/current/integration-guide/toolkit/xml-configuration/configuration/scaffoldings/accesscontrolrules/monitoring/index.md,0
docs/identitymanager/current/integration-guide/toolkit/xml-configuration/configuration/scaffoldings/accesscontrolrules/monitoring/monitoringadministrationaccesscontrolrules.md,0
docs/identitymanager/current/integration-guide/toolkit/xml-configuration/configuration/scaffoldings/accesscontrolrules/profiles/assignprofileaccesscontrolrules.md,0
docs/identitymanager/current/integration-guide/toolkit/xml-configuration/configuration/scaffoldings/accesscontrolrules/profiles/index.md,0
docs/identitymanager/current/integration-guide/toolkit/xml-configuration/configuration/scaffoldings/accesscontrolrules/profiles/openidclientadministrationaccesscontrolrules.md,0
docs/identitymanager/current/integration-guide/toolkit/xml-configuration/configuration/scaffoldings/accesscontrolrules/profiles/profileadministrationaccesscontrolrules.md,0
docs/identitymanager/current/integration-guide/toolkit/xml-configuration/configuration/scaffoldings/accesscontrolrules/queries/index.md,0
docs/identitymanager/current/integration-guide/toolkit/xml-configuration/configuration/scaffoldings/accesscontrolrules/queries/managesettingaccesscontrolrule.md,0
docs/identitymanager/current/integration-guide/toolkit/xml-configuration/configuration/scaffoldings/accesscontrolrules/queries/reportaccesscontrolrules.md,0
docs/identitymanager/current/integration-guide/toolkit/xml-configuration/configuration/scaffoldings/accesscontrolrules/queries/targetresourcereportaccesscontrolrules.md,0
docs/identitymanager/current/integration-guide/toolkit/xml-configuration/configuration/scaffoldings/accesscontrolrules/queries/universeaccesscontrolrules.md,0
docs/identitymanager/current/integration-guide/toolkit/xml-configuration/configuration/scaffoldings/accesscontrolrules/resources/createresourceincrementalaccesscontrolrules.md,0
docs/identitymanager/current/integration-guide/toolkit/xml-configuration/configuration/scaffoldings/accesscontrolrules/resources/index.md,0
docs/identitymanager/current/integration-guide/toolkit/xml-configuration/configuration/scaffoldings/accesscontrolrules/resources/resourceapiadministration.md,0
docs/identitymanager/current/integration-guide/toolkit/xml-configuration/configuration/scaffoldings/accesscontrolrules/resources/resourcepickercontrolrules.md,0
docs/identitymanager/current/integration-guide/toolkit/xml-configuration/configuration/scaffoldings/accesscontrolrules/resources/viewaccesscontrolrules.md,0
docs/identitymanager/current/integration-guide/toolkit/xml-configuration/configuration/scaffoldings/accesscontrolrules/resources/viewhistoryresourcetemplate.md,0
docs/identitymanager/current/integration-guide/toolkit/xml-configuration/configuration/scaffoldings/accesscontrolrules/rolemodels/assignedrolesaccesscontrolrules.md,0
docs/identitymanager/current/integration-guide/toolkit/xml-configuration/configuration/scaffoldings/accesscontrolrules/rolemodels/basketrulescontrolrules.md,0
docs/identitymanager/current/integration-guide/toolkit/xml-configuration/configuration/scaffoldings/accesscontrolrules/rolemodels/bulkperformmanualprovisioningaccesscontrolrules.md,0
docs/identitymanager/current/integration-guide/toolkit/xml-configuration/configuration/scaffoldings/accesscontrolrules/rolemodels/bulkresourcereconciliationaccesscontrolrules.md,0
docs/identitymanager/current/integration-guide/toolkit/xml-configuration/configuration/scaffoldings/accesscontrolrules/rolemodels/bulkreviewprovisioningaccesscontrolrules.md,0
docs/identitymanager/current/integration-guide/toolkit/xml-configuration/configuration/scaffoldings/accesscontrolrules/rolemodels/bulkrolereconciliationaccesscontrolrules.md,0
docs/identitymanager/current/integration-guide/toolkit/xml-configuration/configuration/scaffoldings/accesscontrolrules/rolemodels/governancerolesaccesscontrolrules.md,0
docs/identitymanager/current/integration-guide/toolkit/xml-configuration/configuration/scaffoldings/accesscontrolrules/rolemodels/index.md,0
docs/identitymanager/current/integration-guide/toolkit/xml-configuration/configuration/scaffoldings/accesscontrolrules/rolemodels/performmanualprovisioningaccesscontrolrules.md,0
docs/identitymanager/current/integration-guide/toolkit/xml-configuration/configuration/scaffoldings/accesscontrolrules/rolemodels/reconciliateresourcesaccesscontrolrules.md,0
docs/identitymanager/current/integration-guide/toolkit/xml-configuration/configuration/scaffoldings/accesscontrolrules/rolemodels/reconciliaterolesaccesscontrolrules.md,0
docs/identitymanager/current/integration-guide/toolkit/xml-configuration/configuration/scaffoldings/accesscontrolrules/rolemodels/redundantassignmentaccesscontrolrule.md,0
docs/identitymanager/current/integration-guide/toolkit/xml-configuration/configuration/scaffoldings/accesscontrolrules/rolemodels/reviewprovisioningaccesscontrolrules.md,0
docs/identitymanager/current/integration-guide/toolkit/xml-configuration/configuration/scaffoldings/accesscontrolrules/rolemodels/reviewrolesaccesscontrolrules.md,0
docs/identitymanager/current/integration-guide/toolkit/xml-configuration/configuration/scaffoldings/accesscontrolrules/rolemodels/risksadministrationaccesscontrolrules.md,0
docs/identitymanager/current/integration-guide/toolkit/xml-configuration/configuration/scaffoldings/accesscontrolrules/rolemodels/roleadministrationaccesscontrolrules.md,0
docs/identitymanager/current/integration-guide/toolkit/xml-configuration/configuration/scaffoldings/accesscontrolrules/rolemodels/rolenamingaccesscontrolrules.md,0
docs/identitymanager/current/integration-guide/toolkit/xml-configuration/configuration/scaffoldings/accesscontrolrules/simulations/index.md,0
docs/identitymanager/current/integration-guide/toolkit/xml-configuration/configuration/scaffoldings/accesscontrolrules/simulations/policysimulationcontrolrules.md,0
docs/identitymanager/current/integration-guide/toolkit/xml-configuration/configuration/scaffoldings/accesscontrolrules/simulations/roleandsimulationcontrolrules.md,0
docs/identitymanager/current/integration-guide/toolkit/xml-configuration/configuration/scaffoldings/accesscontrolrules/userinterfaces/index.md,0
docs/identitymanager/current/integration-guide/toolkit/xml-configuration/configuration/scaffoldings/accesscontrolrules/userinterfaces/manageaccounts.md,0
docs/identitymanager/current/integration-guide/toolkit/xml-configuration/configuration/scaffoldings/accesscontrolrules/userinterfaces/searchbarpageaccesscontrol.md,0
docs/identitymanager/current/integration-guide/toolkit/xml-configuration/configuration/scaffoldings/accesscontrolrules/workflows/createupdatedeleteaccesscontrolrules.md,0
docs/identitymanager/current/integration-guide/toolkit/xml-configuration/configuration/scaffoldings/accesscontrolrules/workflows/index.md,0
docs/identitymanager/current/integration-guide/toolkit/xml-configuration/configuration/scaffoldings/accesscontrolrules/workflows/updateresourcesaccesscontrolrules.md,0
docs/identitymanager/current/integration-guide/toolkit/xml-configuration/configuration/scaffoldings/accesscontrolrules/workflows/workflowaccesscontrolrules.md,0
docs/identitymanager/current/integration-guide/toolkit/xml-configuration/configuration/scaffoldings/accesscontrolrules/workflows/workflowaspect.md,0
docs/identitymanager/current/integration-guide/toolkit/xml-configuration/configuration/scaffoldings/accesscontrolrules/workflows/workflowconfigurationcontrolrules.md,0
docs/identitymanager/current/integration-guide/toolkit/xml-configuration/configuration/scaffoldings/accesscontrolrules/workflows/workflowoverviewcontrolrules.md,0
docs/identitymanager/current/integration-guide/toolkit/xml-configuration/configuration/scaffoldings/entitytypes/entitytypes/connectormappings.md,0
docs/identitymanager/current/integration-guide/toolkit/xml-configuration/configuration/scaffoldings/entitytypes/entitytypes/entitytypedisplayname.md,0
docs/identitymanager/current/integration-guide/toolkit/xml-configuration/configuration/scaffoldings/entitytypes/entitytypes/entitytypedisplaytable.md,0
docs/identitymanager/current/integration-guide/toolkit/xml-configuration/configuration/scaffoldings/entitytypes/entitytypes/entitytypedisplaytableadaptable.md,0
docs/identitymanager/current/integration-guide/toolkit/xml-configuration/configuration/scaffoldings/entitytypes/entitytypes/entitytypedisplaytargetresourcetable.md,0
docs/identitymanager/current/integration-guide/toolkit/xml-configuration/configuration/scaffoldings/entitytypes/entitytypes/entitytypemenuitem.md,0
docs/identitymanager/current/integration-guide/toolkit/xml-configuration/configuration/scaffoldings/entitytypes/entitytypes/entitytypesearchbar.md,0
docs/identitymanager/current/integration-guide/toolkit/xml-configuration/configuration/scaffoldings/entitytypes/entitytypes/index.md,0
docs/identitymanager/current/integration-guide/toolkit/xml-configuration/configuration/scaffoldings/entitytypes/entitytypes/targetresourcereportmenus.md,0
docs/identitymanager/current/integration-guide/toolkit/xml-configuration/configuration/scaffoldings/entitytypes/index.md,0
docs/identitymanager/current/integration-guide/toolkit/xml-configuration/configuration/scaffoldings/entitytypes/workflows/createupdatedeletemenus.md,0
docs/identitymanager/current/integration-guide/toolkit/xml-configuration/configuration/scaffoldings/entitytypes/workflows/createupdatedeleteworkflows.md,0
docs/identitymanager/current/integration-guide/toolkit/xml-configuration/configuration/scaffoldings/entitytypes/workflows/index.md,0
docs/identitymanager/current/integration-guide/toolkit/xml-configuration/configuration/scaffoldings/entitytypes/workflows/updateresourcesmenus.md,0
docs/identitymanager/current/integration-guide/toolkit/xml-configuration/configuration/scaffoldings/entitytypes/workflows/updateresourcesworkflows.md,0
docs/identitymanager/current/integration-guide/toolkit/xml-configuration/configuration/scaffoldings/entitytypes/workflows/workflowactorsnotification.md,0
docs/identitymanager/current/integration-guide/toolkit/xml-configuration/configuration/scaffoldings/entitytypes/workflows/workflowentitytype.md,0
docs/identitymanager/current/integration-guide/toolkit/xml-configuration/configuration/scaffoldings/entitytypes/workflows/workflowentitytypedisplayentitytype.md,0
docs/identitymanager/current/integration-guide/toolkit/xml-configuration/configuration/scaffoldings/entitytypes/workflows/workflowentitytypedisplaytable.md,0
docs/identitymanager/current/integration-guide/toolkit/xml-configuration/configuration/scaffoldings/entitytypes/workflows/workflowentitytypesearchbar.md,0
docs/identitymanager/current/integration-guide/toolkit/xml-configuration/configuration/scaffoldings/entitytypes/workflows/workflowperformernotification.md,0
docs/identitymanager/current/integration-guide/toolkit/xml-configuration/configuration/scaffoldings/index.md,0
docs/identitymanager/current/integration-guide/toolkit/xml-configuration/configuration/scaffoldings/jobs/cleandatabasejob.md,0
docs/identitymanager/current/integration-guide/toolkit/xml-configuration/configuration/scaffoldings/jobs/createaccesscertificationjob.md,0
docs/identitymanager/current/integration-guide/toolkit/xml-configuration/configuration/scaffoldings/jobs/createagentsynchrocomplete.md,0
docs/identitymanager/current/integration-guide/toolkit/xml-configuration/configuration/scaffoldings/jobs/createagentsynchroincremental.md,0
docs/identitymanager/current/integration-guide/toolkit/xml-configuration/configuration/scaffoldings/jobs/createconnectorsjobs.md,0
docs/identitymanager/current/integration-guide/toolkit/xml-configuration/configuration/scaffoldings/jobs/createconnectorsynchrocomplete.md,0
docs/identitymanager/current/integration-guide/toolkit/xml-configuration/configuration/scaffoldings/jobs/createconnectorsynchroincremental.md,0
docs/identitymanager/current/integration-guide/toolkit/xml-configuration/configuration/scaffoldings/jobs/createinitializationjob.md,0
docs/identitymanager/current/integration-guide/toolkit/xml-configuration/configuration/scaffoldings/jobs/index.md,0
docs/identitymanager/current/integration-guide/toolkit/xml-configuration/configuration/scaffoldings/optimizations/index.md,0
docs/identitymanager/current/integration-guide/toolkit/xml-configuration/configuration/scaffoldings/optimizations/optimizedisplaytable.md,0
docs/identitymanager/current/integration-guide/toolkit/xml-configuration/configuration/scaffoldings/queries/index.md,0
docs/identitymanager/current/integration-guide/toolkit/xml-configuration/configuration/scaffoldings/queries/targetresourcereport.md,0
docs/identitymanager/current/integration-guide/toolkit/xml-configuration/configuration/scaffoldings/queries/universedatamodel.md,0
docs/identitymanager/current/integration-guide/toolkit/xml-configuration/configuration/scaffoldings/templates/connectorsaccesscontrolrules.md,0
docs/identitymanager/current/integration-guide/toolkit/xml-configuration/configuration/scaffoldings/templates/createadministratorprofile.md,0
docs/identitymanager/current/integration-guide/toolkit/xml-configuration/configuration/scaffoldings/templates/createupdatedeletetemplate.md,0
docs/identitymanager/current/integration-guide/toolkit/xml-configuration/configuration/scaffoldings/templates/entityreportdefault.md,0
docs/identitymanager/current/integration-guide/toolkit/xml-configuration/configuration/scaffoldings/templates/index.md,0
docs/identitymanager/current/integration-guide/toolkit/xml-configuration/configuration/scaffoldings/templates/jobexecutionaccesscontrolrules.md,0
docs/identitymanager/current/integration-guide/toolkit/xml-configuration/configuration/scaffoldings/templates/jobviewaccesscontrolrules.md,0
docs/identitymanager/current/integration-guide/toolkit/xml-configuration/configuration/scaffoldings/templates/simulationaccesscontrolrules.md,0
docs/identitymanager/current/integration-guide/toolkit/xml-configuration/configuration/scaffoldings/templates/updateresourcestemplate.md,0
docs/identitymanager/current/integration-guide/toolkit/xml-configuration/configuration/scaffoldings/templates/viewsourceresourcetemplate.md,0
docs/identitymanager/current/integration-guide/toolkit/xml-configuration/configuration/scaffoldings/templates/viewtargetresourcetemplate.md,0
docs/identitymanager/current/integration-guide/toolkit/xml-configuration/configuration/scaffoldings/templates/viewtemplate.md,0
docs/identitymanager/current/integration-guide/toolkit/xml-configuration/configuration/scaffoldings/templates/viewtemplateadaptable.md,0
docs/identitymanager/current/integration-guide/toolkit/xml-configuration/configuration/scaffoldings/workforce/bootstrapmodule.md,0
docs/identitymanager/current/integration-guide/toolkit/xml-configuration/configuration/scaffoldings/workforce/index.md,0
docs/identitymanager/current/integration-guide/toolkit/xml-configuration/configuration/scaffoldings/workforce/profilemodule.md,0
docs/identitymanager/current/integration-guide/toolkit/xml-configuration/configuration/scaffoldings/workforce/workforcemodule.md,0
docs/identitymanager/current/integration-guide/toolkit/xml-configuration/connectors/agent.md,0
docs/identitymanager/current/integration-guide/toolkit/xml-configuration/connectors/connection.md,0
docs/identitymanager/current/integration-guide/toolkit/xml-configuration/connectors/connectiontable.md,0
docs/identitymanager/current/integration-guide/toolkit/xml-configuration/connectors/connector.md,0
docs/identitymanager/current/integration-guide/toolkit/xml-configuration/connectors/entityassociationmapping.md,0
docs/identitymanager/current/integration-guide/toolkit/xml-configuration/connectors/entitytypemapping.md,0
docs/identitymanager/current/integration-guide/toolkit/xml-configuration/connectors/index.md,0
docs/identitymanager/current/integration-guide/toolkit/xml-configuration/connectors/passwordresetsettings.md,0
docs/identitymanager/current/integration-guide/toolkit/xml-configuration/connectors/resourcetypemappings/azureadresourcetypemapping.mdx,0
docs/identitymanager/current/integration-guide/toolkit/xml-configuration/connectors/resourcetypemappings/easyvistaresourcetypemapping.mdx,0
docs/identitymanager/current/integration-guide/toolkit/xml-configuration/connectors/resourcetypemappings/easyvistauserresourcetypemapping.md,0
docs/identitymanager/current/integration-guide/toolkit/xml-configuration/connectors/resourcetypemappings/index.md,0
docs/identitymanager/current/integration-guide/toolkit/xml-configuration/connectors/resourcetypemappings/ldapresourcetypemapping.mdx,0
docs/identitymanager/current/integration-guide/toolkit/xml-configuration/connectors/resourcetypemappings/manualprovisioningresourcetypemapping.mdx,0
docs/identitymanager/current/integration-guide/toolkit/xml-configuration/connectors/resourcetypemappings/microsoftentraidresourcetypemapping.md,0
docs/identitymanager/current/integration-guide/toolkit/xml-configuration/connectors/resourcetypemappings/nimresourcetypemapping.mdx,0
docs/identitymanager/current/integration-guide/toolkit/xml-configuration/connectors/resourcetypemappings/oktaresourcetypemapping.md,0
docs/identitymanager/current/integration-guide/toolkit/xml-configuration/connectors/resourcetypemappings/sapresourcetypemapping.mdx,0
docs/identitymanager/current/integration-guide/toolkit/xml-configuration/connectors/resourcetypemappings/scimresourcetypemapping.mdx,0
docs/identitymanager/current/integration-guide/toolkit/xml-configuration/connectors/resourcetypemappings/servicenowresourcetypemapping.mdx,0
docs/identitymanager/current/integration-guide/toolkit/xml-configuration/connectors/resourcetypemappings/sharepointresourcetypemapping.mdx,0
docs/identitymanager/current/integration-guide/toolkit/xml-configuration/index.md,0
docs/identitymanager/current/integration-guide/toolkit/xml-configuration/jobs/index.md,0
docs/identitymanager/current/integration-guide/toolkit/xml-configuration/jobs/job.md,0
docs/identitymanager/current/integration-guide/toolkit/xml-configuration/jobs/tasks/agent/activityinstanceactortask.md,0
docs/identitymanager/current/integration-guide/toolkit/xml-configuration/jobs/tasks/agent/createdatabaseviewstask.md,0
docs/identitymanager/current/integration-guide/toolkit/xml-configuration/jobs/tasks/agent/exporttask.md,0
docs/identitymanager/current/integration-guide/toolkit/xml-configuration/jobs/tasks/agent/fulfilltask.md,0
docs/identitymanager/current/integration-guide/toolkit/xml-configuration/jobs/tasks/agent/index.md,0
docs/identitymanager/current/integration-guide/toolkit/xml-configuration/jobs/tasks/agent/invokeapitask.md,0
docs/identitymanager/current/integration-guide/toolkit/xml-configuration/jobs/tasks/agent/invokeaspectstask.md,0
docs/identitymanager/current/integration-guide/toolkit/xml-configuration/jobs/tasks/agent/invokeexpressiontask.md,0
docs/identitymanager/current/integration-guide/toolkit/xml-configuration/jobs/tasks/agent/invokesqlcommandtask.md,0
docs/identitymanager/current/integration-guide/toolkit/xml-configuration/jobs/tasks/agent/preparesynchronizationtask.md,0
docs/identitymanager/current/integration-guide/toolkit/xml-configuration/jobs/tasks/index.md,0
docs/identitymanager/current/integration-guide/toolkit/xml-configuration/jobs/tasks/server/buildrolemodeltask.md,0
docs/identitymanager/current/integration-guide/toolkit/xml-configuration/jobs/tasks/server/computecorrelationkeystask.md,0
docs/identitymanager/current/integration-guide/toolkit/xml-configuration/jobs/tasks/server/computeriskscorestask.md,0
docs/identitymanager/current/integration-guide/toolkit/xml-configuration/jobs/tasks/server/computerolemodeltask.md,0
docs/identitymanager/current/integration-guide/toolkit/xml-configuration/jobs/tasks/server/deployconfigurationtask.md,0
docs/identitymanager/current/integration-guide/toolkit/xml-configuration/jobs/tasks/server/fulfilltask.md,0
docs/identitymanager/current/integration-guide/toolkit/xml-configuration/jobs/tasks/server/generateprovisioningorderstask.md,0
docs/identitymanager/current/integration-guide/toolkit/xml-configuration/jobs/tasks/server/getroleminingtask.md,0
docs/identitymanager/current/integration-guide/toolkit/xml-configuration/jobs/tasks/server/index.md,0
docs/identitymanager/current/integration-guide/toolkit/xml-configuration/jobs/tasks/server/invokeexpressiontask.md,0
docs/identitymanager/current/integration-guide/toolkit/xml-configuration/jobs/tasks/server/invokesqlcommandtask.md,0
docs/identitymanager/current/integration-guide/toolkit/xml-configuration/jobs/tasks/server/maintainindexestask.md,0
docs/identitymanager/current/integration-guide/toolkit/xml-configuration/jobs/tasks/server/manageconfigurationindexestask.md,0
docs/identitymanager/current/integration-guide/toolkit/xml-configuration/jobs/tasks/server/processaccesscertificationitemstask.md,0
docs/identitymanager/current/integration-guide/toolkit/xml-configuration/jobs/tasks/server/resetvalidfromtask.md,0
docs/identitymanager/current/integration-guide/toolkit/xml-configuration/jobs/tasks/server/savepreexistingaccessrightstask.md,0
docs/identitymanager/current/integration-guide/toolkit/xml-configuration/jobs/tasks/server/sendaccesscertificationnotificationtask.md,0
docs/identitymanager/current/integration-guide/toolkit/xml-configuration/jobs/tasks/server/sendnotificationstask.md,0
docs/identitymanager/current/integration-guide/toolkit/xml-configuration/jobs/tasks/server/sendrolemodelnotificationstask.md,0
docs/identitymanager/current/integration-guide/toolkit/xml-configuration/jobs/tasks/server/setaccesscertificationreviewertask.md,0
docs/identitymanager/current/integration-guide/toolkit/xml-configuration/jobs/tasks/server/setinternaluserprofilestask.md,0
docs/identitymanager/current/integration-guide/toolkit/xml-configuration/jobs/tasks/server/setrecentlymodifiedflagtask.md,0
docs/identitymanager/current/integration-guide/toolkit/xml-configuration/jobs/tasks/server/synchronizetask.md,0
docs/identitymanager/current/integration-guide/toolkit/xml-configuration/jobs/tasks/server/updateaccesscertificationcampaigntask.md,0
docs/identitymanager/current/integration-guide/toolkit/xml-configuration/jobs/tasks/server/updateclassificationtask.md,0
docs/identitymanager/current/integration-guide/toolkit/xml-configuration/jobs/tasks/server/updateentitypropertyexpressionstask.md,0
docs/identitymanager/current/integration-guide/toolkit/xml-configuration/metadata/accesscontrolentitytype.md,0
docs/identitymanager/current/integration-guide/toolkit/xml-configuration/metadata/binding.md,0
docs/identitymanager/current/integration-guide/toolkit/xml-configuration/metadata/dimension.md,0
docs/identitymanager/current/integration-guide/toolkit/xml-configuration/metadata/entityassociation.md,0
docs/identitymanager/current/integration-guide/toolkit/xml-configuration/metadata/entitypropertyexpression.md,0
docs/identitymanager/current/integration-guide/toolkit/xml-configuration/metadata/entitytype.md,0
docs/identitymanager/current/integration-guide/toolkit/xml-configuration/metadata/index.md,0
docs/identitymanager/current/integration-guide/toolkit/xml-configuration/metadata/language.md,0
docs/identitymanager/current/integration-guide/toolkit/xml-configuration/metadata/settings/appdisplaysetting.md,0
docs/identitymanager/current/integration-guide/toolkit/xml-configuration/metadata/settings/configurationversionsetting.md,0
docs/identitymanager/current/integration-guide/toolkit/xml-configuration/metadata/settings/customlink1setting.md,0
docs/identitymanager/current/integration-guide/toolkit/xml-configuration/metadata/settings/customlink2setting.md,0
docs/identitymanager/current/integration-guide/toolkit/xml-configuration/metadata/settings/dashboarditemnumbersetting.md,0
docs/identitymanager/current/integration-guide/toolkit/xml-configuration/metadata/settings/index.md,0
docs/identitymanager/current/integration-guide/toolkit/xml-configuration/metadata/settings/mailsetting.md,0
docs/identitymanager/current/integration-guide/toolkit/xml-configuration/metadata/settings/passwordgenerationsetting.md,0
docs/identitymanager/current/integration-guide/toolkit/xml-configuration/metadata/settings/passwordtestssetting.md,0
docs/identitymanager/current/integration-guide/toolkit/xml-configuration/metadata/settings/schedulingcleandatabasesetting.md,0
docs/identitymanager/current/integration-guide/toolkit/xml-configuration/metadata/settings/selectallperformedbyassociationqueryhandlersetting.md,0
docs/identitymanager/current/integration-guide/toolkit/xml-configuration/metadata/settings/selectpersonasbyfilterqueryhandlersetting.md,0
docs/identitymanager/current/integration-guide/toolkit/xml-configuration/metadata/settings/selectuserbyidentityqueryhandlersetting.md,0
docs/identitymanager/current/integration-guide/toolkit/xml-configuration/notifications/index.md,0
docs/identitymanager/current/integration-guide/toolkit/xml-configuration/notifications/notification.md,0
docs/identitymanager/current/integration-guide/toolkit/xml-configuration/notifications/notifications/accesscertificationnotification.md,0
docs/identitymanager/current/integration-guide/toolkit/xml-configuration/notifications/notifications/index.md,0
docs/identitymanager/current/integration-guide/toolkit/xml-configuration/notifications/notifications/manualprovisioningnotification.md,0
docs/identitymanager/current/integration-guide/toolkit/xml-configuration/notifications/notifications/provisioningreviewnotification.md,0
docs/identitymanager/current/integration-guide/toolkit/xml-configuration/notifications/notifications/rolepolicynotification.md,0
docs/identitymanager/current/integration-guide/toolkit/xml-configuration/notifications/notifications/rolereviewnotification.md,0
docs/identitymanager/current/integration-guide/toolkit/xml-configuration/notifications/notificationtemplate.md,0
docs/identitymanager/current/integration-guide/toolkit/xml-configuration/provisioning/automationrule.md,0
docs/identitymanager/current/integration-guide/toolkit/xml-configuration/provisioning/category.md,0
docs/identitymanager/current/integration-guide/toolkit/xml-configuration/provisioning/compositerole.md,0
docs/identitymanager/current/integration-guide/toolkit/xml-configuration/provisioning/compositerolerule.md,0
docs/identitymanager/current/integration-guide/toolkit/xml-configuration/provisioning/context.md,0
docs/identitymanager/current/integration-guide/toolkit/xml-configuration/provisioning/contextrule.md,0
docs/identitymanager/current/integration-guide/toolkit/xml-configuration/provisioning/index.md,0
docs/identitymanager/current/integration-guide/toolkit/xml-configuration/provisioning/indirectresourcerule.md,0
docs/identitymanager/current/integration-guide/toolkit/xml-configuration/provisioning/miningrule.md,0
docs/identitymanager/current/integration-guide/toolkit/xml-configuration/provisioning/policy.md,0
docs/identitymanager/current/integration-guide/toolkit/xml-configuration/provisioning/recordsection.md,0
docs/identitymanager/current/integration-guide/toolkit/xml-configuration/provisioning/resourceclassificationrule.md,0
docs/identitymanager/current/integration-guide/toolkit/xml-configuration/provisioning/resourcecorrelationrule.md,0
docs/identitymanager/current/integration-guide/toolkit/xml-configuration/provisioning/resourcetype.md,0
docs/identitymanager/current/integration-guide/toolkit/xml-configuration/provisioning/risk.md,0
docs/identitymanager/current/integration-guide/toolkit/xml-configuration/provisioning/rolemapping.md,0
docs/identitymanager/current/integration-guide/toolkit/xml-configuration/provisioning/singlerole.md,0
docs/identitymanager/current/integration-guide/toolkit/xml-configuration/provisioning/singlerolerule.md,0
docs/identitymanager/current/integration-guide/toolkit/xml-configuration/reporting/index.md,0
docs/identitymanager/current/integration-guide/toolkit/xml-configuration/reporting/reportquery.md,0
docs/identitymanager/current/integration-guide/toolkit/xml-configuration/resources/index.md,0
docs/identitymanager/current/integration-guide/toolkit/xml-configuration/resources/resource.md,0
docs/identitymanager/current/integration-guide/toolkit/xml-configuration/user-interface/displayentityassociation.md,0
docs/identitymanager/current/integration-guide/toolkit/xml-configuration/user-interface/displayentitytype.md,0
docs/identitymanager/current/integration-guide/toolkit/xml-configuration/user-interface/displaypropertygroup.md,0
docs/identitymanager/current/integration-guide/toolkit/xml-configuration/user-interface/displaytable.md,0
docs/identitymanager/current/integration-guide/toolkit/xml-configuration/user-interface/form.md,0
docs/identitymanager/current/integration-guide/toolkit/xml-configuration/user-interface/index.md,0
docs/identitymanager/current/integration-guide/toolkit/xml-configuration/user-interface/indicator.md,0
docs/identitymanager/current/integration-guide/toolkit/xml-configuration/user-interface/menuitem.md,0
docs/identitymanager/current/integration-guide/toolkit/xml-configuration/user-interface/searchbar.md,0
docs/identitymanager/current/integration-guide/toolkit/xml-configuration/user-interface/tile.md,0
docs/identitymanager/current/integration-guide/toolkit/xml-configuration/workflows/aspects/addchangeaspect.md,0
docs/identitymanager/current/integration-guide/toolkit/xml-configuration/workflows/aspects/assertvalueaspect.md,0
docs/identitymanager/current/integration-guide/toolkit/xml-configuration/workflows/aspects/assertvaluerequiredaspect.md,0
docs/identitymanager/current/integration-guide/toolkit/xml-configuration/workflows/aspects/builduniquevalueaspect.md,0
docs/identitymanager/current/integration-guide/toolkit/xml-configuration/workflows/aspects/index.md,0
docs/identitymanager/current/integration-guide/toolkit/xml-configuration/workflows/aspects/invokescriptaspect.md,0
docs/identitymanager/current/integration-guide/toolkit/xml-configuration/workflows/aspects/invokeworkflowaspect.md,0
docs/identitymanager/current/integration-guide/toolkit/xml-configuration/workflows/aspects/notificationaspect.md,0
docs/identitymanager/current/integration-guide/toolkit/xml-configuration/workflows/forms/index.md,0
docs/identitymanager/current/integration-guide/toolkit/xml-configuration/workflows/forms/workflowaddandendrecordentityform.md,0
docs/identitymanager/current/integration-guide/toolkit/xml-configuration/workflows/forms/workflowaddrecordentityform.md,0
docs/identitymanager/current/integration-guide/toolkit/xml-configuration/workflows/forms/workflowcreateentityform.md,0
docs/identitymanager/current/integration-guide/toolkit/xml-configuration/workflows/forms/workflowcreaterecordentityform.md,0
docs/identitymanager/current/integration-guide/toolkit/xml-configuration/workflows/forms/workflowcreateseveralrecordsentityform.md,0
docs/identitymanager/current/integration-guide/toolkit/xml-configuration/workflows/forms/workfloweditentityform.md,0
docs/identitymanager/current/integration-guide/toolkit/xml-configuration/workflows/forms/workflowupdaterecordentitiesform.md,0
docs/identitymanager/current/integration-guide/toolkit/xml-configuration/workflows/forms/workflowupdaterecordentityform.md,0
docs/identitymanager/current/integration-guide/toolkit/xml-configuration/workflows/forms/workflowupdateseveralrecordsentityform.md,0
docs/identitymanager/current/integration-guide/toolkit/xml-configuration/workflows/homonymentitylink.md,0
docs/identitymanager/current/integration-guide/toolkit/xml-configuration/workflows/index.md,0
docs/identitymanager/current/integration-guide/toolkit/xml-configuration/workflows/workflow.md,0
docs/identitymanager/current/integration-guide/ui/create-menu-items.md,0
docs/identitymanager/current/integration-guide/ui/custom-display-table.md,0
docs/identitymanager/current/integration-guide/ui/custom-forms.md,0
docs/identitymanager/current/integration-guide/ui/custom-search-bar.md,0
docs/identitymanager/current/integration-guide/ui/how-tos/create-menu-items.md,0
docs/identitymanager/current/integration-guide/ui/how-tos/custom-display-table.md,0
docs/identitymanager/current/integration-guide/ui/how-tos/custom-forms.md,0
docs/identitymanager/current/integration-guide/ui/how-tos/custom-search-bar.md,0
docs/identitymanager/current/integration-guide/ui/how-tos/producttranslations.md,0
docs/identitymanager/current/integration-guide/ui/index.md,0
docs/identitymanager/current/integration-guide/ui/producttranslations.md,0
docs/identitymanager/current/integration-guide/workflows/activity-templates.md,0
docs/identitymanager/current/integration-guide/workflows/create-workflow/configure-homonym-test.md,0
docs/identitymanager/current/integration-guide/workflows/create-workflow/index.md,0
docs/identitymanager/current/integration-guide/workflows/create-workflow/workflow-create-mono.md,0
docs/identitymanager/current/integration-guide/workflows/create-workflow/workflow-create-multi.md,0
docs/identitymanager/current/integration-guide/workflows/create-workflow/workflow-update-mono.md,0
docs/identitymanager/current/integration-guide/workflows/create-workflow/workflow-update-multi.md,0
docs/identitymanager/current/integration-guide/workflows/create-workflow/workflow-update-resource.md,0
docs/identitymanager/current/integration-guide/workflows/index.md,0
docs/identitymanager/current/integration-guide/workflows/workflow-uses.md,0
docs/identitymanager/current/integration-guide/workflows/workflowhomonym.md,0
docs/identitymanager/current/introduction-guide/architecture.md,0
docs/identitymanager/current/introduction-guide/configuration.md,0
docs/identitymanager/current/introduction-guide/index.md,0
docs/identitymanager/current/introduction-guide/overview/entitlement-management.md,0
docs/identitymanager/current/introduction-guide/overview/governance.md,0
docs/identitymanager/current/introduction-guide/overview/identity-management.md,0
docs/identitymanager/current/introduction-guide/overview/index.md,0
docs/identitymanager/current/introduction-guide/overview/use-cases.md,0
docs/identitymanager/current/migration-guide/index.md,0
docs/identitymanager/current/user-guide/administrate/access-certification/certification-campaign-execution.md,0
docs/identitymanager/current/user-guide/administrate/access-certification/index.md,0
docs/identitymanager/current/user-guide/administrate/assigned-roles.md,0
docs/identitymanager/current/user-guide/administrate/index.md,0
docs/identitymanager/current/user-guide/administrate/manual-assignment-request.md,0
docs/identitymanager/current/user-guide/administrate/non-conforming-assignment-review/index.md,0
docs/identitymanager/current/user-guide/administrate/non-conforming-assignment-review/property-reconciliation.md,0
docs/identitymanager/current/user-guide/administrate/non-conforming-assignment-review/role-reconciliation.md,0
docs/identitymanager/current/user-guide/administrate/non-conforming-assignment-review/unauthorized-account-review.md,0
docs/identitymanager/current/user-guide/administrate/orphan-unused-account-review.md,0
docs/identitymanager/current/user-guide/administrate/provisioning/automatic-provisioning.md,0
docs/identitymanager/current/user-guide/administrate/provisioning/index.md,0
docs/identitymanager/current/user-guide/administrate/provisioning/manual-provisioning.md,0
docs/identitymanager/current/user-guide/administrate/provisioning/provisioning-review.md,0
docs/identitymanager/current/user-guide/administrate/reporting.md,0
docs/identitymanager/current/user-guide/deploy/authentication.md,0
docs/identitymanager/current/user-guide/deploy/change-management.md,0
docs/identitymanager/current/user-guide/deploy/index.md,0
docs/identitymanager/current/user-guide/deploy/production-agent-installation.md,0
docs/identitymanager/current/user-guide/deploy/production-agent-installation/directory-permissions.md,0
docs/identitymanager/current/user-guide/deploy/production-agent-installation/finalization.md,0
docs/identitymanager/current/user-guide/deploy/production-agent-installation/iis-configuration.md,0
docs/identitymanager/current/user-guide/deploy/production-agent-installation/iis-installation.md,0
docs/identitymanager/current/user-guide/deploy/production-agent-installation/index.md,0
docs/identitymanager/current/user-guide/deploy/production-agent-installation/settings-files.md,0
docs/identitymanager/current/user-guide/global-process/howto-maintaindirectory.md,0
docs/identitymanager/current/user-guide/global-process/howto-newsystem.md,0
docs/identitymanager/current/user-guide/global-process/howto-start.md,0
docs/identitymanager/current/user-guide/global-process/index.md,0
docs/identitymanager/current/user-guide/index.md,0
docs/identitymanager/current/user-guide/maintain/identity-data-modification/index.md,0
docs/identitymanager/current/user-guide/maintain/identity-data-modification/individual-update.md,0
docs/identitymanager/current/user-guide/maintain/identity-data-modification/mass-update.md,0
docs/identitymanager/current/user-guide/maintain/identity-data-modification/multiple-update.md,0
docs/identitymanager/current/user-guide/maintain/index.md,0
docs/identitymanager/current/user-guide/maintain/troubleshooting.md,0
docs/identitymanager/current/user-guide/optimize/assignment-automation/automate-role-assignment.md,0
docs/identitymanager/current/user-guide/optimize/assignment-automation/index.md,0
docs/identitymanager/current/user-guide/optimize/assignment-automation/remove-redundant-assignments.md,0
docs/identitymanager/current/user-guide/optimize/assignment-automation/role-mining.md,0
docs/identitymanager/current/user-guide/optimize/composite-role-creation.md,0
docs/identitymanager/current/user-guide/optimize/identity-datamodel-modification.md,0
docs/identitymanager/current/user-guide/optimize/index.md,0
docs/identitymanager/current/user-guide/optimize/non-conforming-assignment-review-automation.md,0
docs/identitymanager/current/user-guide/optimize/parameterized-role.md,0
docs/identitymanager/current/user-guide/optimize/policy-creation.md,0
docs/identitymanager/current/user-guide/optimize/risk-management.md,0
docs/identitymanager/current/user-guide/optimize/simulation.md,0
docs/identitymanager/current/user-guide/set-up/categorization/classification.md,0
docs/identitymanager/current/user-guide/set-up/categorization/correlation.md,0
docs/identitymanager/current/user-guide/set-up/categorization/index.md,0
docs/identitymanager/current/user-guide/set-up/categorization/resource-type-creation.md,0
docs/identitymanager/current/user-guide/set-up/configure-global-settings.md,0
docs/identitymanager/current/user-guide/set-up/configure-workflows.md,0
docs/identitymanager/current/user-guide/set-up/connect-system/connection-creation.md,0
docs/identitymanager/current/user-guide/set-up/connect-system/connector-declaration.md,0
docs/identitymanager/current/user-guide/set-up/connect-system/connector-modeling.md,0
docs/identitymanager/current/user-guide/set-up/connect-system/entity-type-creation/datasheet-organization.md,0
docs/identitymanager/current/user-guide/set-up/connect-system/entity-type-creation/display-name-setting.md,0
docs/identitymanager/current/user-guide/set-up/connect-system/entity-type-creation/entity-type-declaration.md,0
docs/identitymanager/current/user-guide/set-up/connect-system/entity-type-creation/index.md,0
docs/identitymanager/current/user-guide/set-up/connect-system/entity-type-creation/key-selection.md,0
docs/identitymanager/current/user-guide/set-up/connect-system/entity-type-creation/navigation-property-definition.md,0
docs/identitymanager/current/user-guide/set-up/connect-system/entity-type-creation/scalar-property-definition.md,0
docs/identitymanager/current/user-guide/set-up/connect-system/index.md,0
docs/identitymanager/current/user-guide/set-up/development-environment-installation.md,0
docs/identitymanager/current/user-guide/set-up/index.md,0
docs/identitymanager/current/user-guide/set-up/initial-identities-loading/adjust-datamodel.md,0
docs/identitymanager/current/user-guide/set-up/initial-identities-loading/generate-unique-properties.md,0
docs/identitymanager/current/user-guide/set-up/initial-identities-loading/index.md,0
docs/identitymanager/current/user-guide/set-up/initial-identities-loading/load-identities.md,0
docs/identitymanager/current/user-guide/set-up/initial-identities-loading/template-description.md,0
docs/identitymanager/current/user-guide/set-up/provisioning-rule-creation/index.md,0
docs/identitymanager/current/user-guide/set-up/provisioning-rule-creation/navigation-property-computation.md,0
docs/identitymanager/current/user-guide/set-up/provisioning-rule-creation/resource-creation.md,0
docs/identitymanager/current/user-guide/set-up/provisioning-rule-creation/scalar-property-computation.md,0
docs/identitymanager/current/user-guide/set-up/single-roles-catalog-creation/category-creation.md,0
docs/identitymanager/current/user-guide/set-up/single-roles-catalog-creation/index.md,0
docs/identitymanager/current/user-guide/set-up/single-roles-catalog-creation/role-manual-creation.md,0
docs/identitymanager/current/user-guide/set-up/single-roles-catalog-creation/role-naming-rule-creation.md,0
docs/identitymanager/current/user-guide/set-up/synchronization.md,0
docs/identitymanager/current/user-guide/set-up/user-profile-assignment.md,0
docs/identitymanager/current/user-guide/set-up/user-profile-configuration.md,0
