document_title,version,live_page_url,source_path,duplicates,reviewer,audited,accurate,complete,notes
Netwrix Identity Manager 7.0,7.0,https://docs.netwrix.com/docs/identitymanager/7_0,docs/identitymanager/7.0/index.md,,,,,,
Install the Agents,7.0,https://docs.netwrix.com/docs/identitymanager/7_0/installation-guide/production-ready/agent,docs/identitymanager/7.0/installation-guide/production-ready/agent.md,,,,,,
Install the Database,7.0,https://docs.netwrix.com/docs/identitymanager/7_0/installation-guide/production-ready/database,docs/identitymanager/7.0/installation-guide/production-ready/database.md,,,,,,
Agent,7.0,https://docs.netwrix.com/docs/identitymanager/7_0/installation-guide/requirements/agent-requirements,docs/identitymanager/7.0/installation-guide/requirements/agent-requirements.md,,,,,,
Database,7.0,https://docs.netwrix.com/docs/identitymanager/7_0/installation-guide/requirements/database-requirements,docs/identitymanager/7.0/installation-guide/requirements/database-requirements.md,,,,,,
Integration Device,7.0,https://docs.netwrix.com/docs/identitymanager/7_0/installation-guide/requirements/device-requirements,docs/identitymanager/7.0/installation-guide/requirements/device-requirements.md,,,,,,
Server,7.0,https://docs.netwrix.com/docs/identitymanager/7_0/installation-guide/requirements/server-requirements,docs/identitymanager/7.0/installation-guide/requirements/server-requirements.md,,,,,,
Reverse Proxy,7.0,https://docs.netwrix.com/docs/identitymanager/7_0/installation-guide/reverse-proxy,docs/identitymanager/7.0/installation-guide/reverse-proxy.md,,,,,,
Connectors,7.0,https://docs.netwrix.com/docs/identitymanager/7_0/integration-guide/api/server/connectors,docs/identitymanager/7.0/integration-guide/api/server/connectors.md,,,,,,
Job,7.0,https://docs.netwrix.com/docs/identitymanager/7_0/integration-guide/api/server/job,docs/identitymanager/7.0/integration-guide/api/server/job.md,,,,,,
Metadata,7.0,https://docs.netwrix.com/docs/identitymanager/7_0/integration-guide/api/server/metadata,docs/identitymanager/7.0/integration-guide/api/server/metadata.md,,,,,,
Google Workspace,7.0,https://docs.netwrix.com/docs/identitymanager/7_0/integration-guide/connectors/references-connectors/googleworkspace,docs/identitymanager/7.0/integration-guide/connectors/references-connectors/googleworkspace.md,,,,,,
NIM Profile,7.0,https://docs.netwrix.com/docs/identitymanager/7_0/integration-guide/connectors/references-connectors/nimprofile,docs/identitymanager/7.0/integration-guide/connectors/references-connectors/nimprofile.md,,,,,,
OData,7.0,https://docs.netwrix.com/docs/identitymanager/7_0/integration-guide/connectors/references-connectors/odata,docs/identitymanager/7.0/integration-guide/connectors/references-connectors/odata.md,,,,,,
Okta,7.0,https://docs.netwrix.com/docs/identitymanager/7_0/integration-guide/connectors/references-connectors/okta,docs/identitymanager/7.0/integration-guide/connectors/references-connectors/okta.md,,,,,,
OpenLDAP,7.0,https://docs.netwrix.com/docs/identitymanager/7_0/integration-guide/connectors/references-connectors/openldap,docs/identitymanager/7.0/integration-guide/connectors/references-connectors/openldap.md,,,,,,
PowerShellProv,7.0,https://docs.netwrix.com/docs/identitymanager/7_0/integration-guide/connectors/references-connectors/powershellprov,docs/identitymanager/7.0/integration-guide/connectors/references-connectors/powershellprov.md,,,,,,
PowerShellSync,7.0,https://docs.netwrix.com/docs/identitymanager/7_0/integration-guide/connectors/references-connectors/powershellsync,docs/identitymanager/7.0/integration-guide/connectors/references-connectors/powershellsync.md,,,,,,
RACF,7.0,https://docs.netwrix.com/docs/identitymanager/7_0/integration-guide/connectors/references-connectors/racf,docs/identitymanager/7.0/integration-guide/connectors/references-connectors/racf.md,,,,,,
Robot Framework,7.0,https://docs.netwrix.com/docs/identitymanager/7_0/integration-guide/connectors/references-connectors/robotframework,docs/identitymanager/7.0/integration-guide/connectors/references-connectors/robotframework.md,,,,,,
SAP ERP 6.0 and SAP S4/HANA,7.0,https://docs.netwrix.com/docs/identitymanager/7_0/integration-guide/connectors/references-connectors/saperp6,docs/identitymanager/7.0/integration-guide/connectors/references-connectors/saperp6.md,,,,,,
SAP Netweaver,7.0,https://docs.netwrix.com/docs/identitymanager/7_0/integration-guide/connectors/references-connectors/sapnetweaver,docs/identitymanager/7.0/integration-guide/connectors/references-connectors/sapnetweaver.md,,,,,,
SCIM,7.0,https://docs.netwrix.com/docs/identitymanager/7_0/integration-guide/connectors/references-connectors/scim,docs/identitymanager/7.0/integration-guide/connectors/references-connectors/scim.md,,,,,,
ServiceNow,7.0,https://docs.netwrix.com/docs/identitymanager/7_0/integration-guide/connectors/references-connectors/servicenowentitymanagement,docs/identitymanager/7.0/integration-guide/connectors/references-connectors/servicenowentitymanagement.md,,,,,,
ServiceNowTicket,7.0,https://docs.netwrix.com/docs/identitymanager/7_0/integration-guide/connectors/references-connectors/servicenowticket,docs/identitymanager/7.0/integration-guide/connectors/references-connectors/servicenowticket.md,,,,,,
SharePoint,7.0,https://docs.netwrix.com/docs/identitymanager/7_0/integration-guide/connectors/references-connectors/sharepoint,docs/identitymanager/7.0/integration-guide/connectors/references-connectors/sharepoint.md,,,,,,
Sql,7.0,https://docs.netwrix.com/docs/identitymanager/7_0/integration-guide/connectors/references-connectors/sql,docs/identitymanager/7.0/integration-guide/connectors/references-connectors/sql.md,,,,,,
Sql Server Entitlements,7.0,https://docs.netwrix.com/docs/identitymanager/7_0/integration-guide/connectors/references-connectors/sqlserverentitlements,docs/identitymanager/7.0/integration-guide/connectors/references-connectors/sqlserverentitlements.md,,,,,,
Top Secret,7.0,https://docs.netwrix.com/docs/identitymanager/7_0/integration-guide/connectors/references-connectors/topsecret,docs/identitymanager/7.0/integration-guide/connectors/references-connectors/topsecret.md,,,,,,
Workday,7.0,https://docs.netwrix.com/docs/identitymanager/7_0/integration-guide/connectors/references-connectors/workday,docs/identitymanager/7.0/integration-guide/connectors/references-connectors/workday.md,,,,,,
Usercube-Deploy Configuration,7.0,https://docs.netwrix.com/docs/identitymanager/7_0/integration-guide/executables/references/deploy-configuration,docs/identitymanager/7.0/integration-guide/executables/references/deploy-configuration.md,,,,,,
Access Certification,7.0,https://docs.netwrix.com/docs/identitymanager/7_0/integration-guide/governance/accesscertification,docs/identitymanager/7.0/integration-guide/governance/accesscertification.md,,,,,,
Application Settings,7.0,https://docs.netwrix.com/docs/identitymanager/7_0/integration-guide/network-configuration/agent-configuration/appsettings,docs/identitymanager/7.0/integration-guide/network-configuration/agent-configuration/appsettings.md,,,,,,
Proxy Server,7.0,https://docs.netwrix.com/docs/identitymanager/7_0/integration-guide/network-configuration/proxy,docs/identitymanager/7.0/integration-guide/network-configuration/proxy.md,,,,,,
C# utility functions,7.0,https://docs.netwrix.com/docs/identitymanager/7_0/integration-guide/toolkit/expressions/csharp-utility-functions,docs/identitymanager/7.0/integration-guide/toolkit/expressions/csharp-utility-functions.md,,,,,,
ProfileRuleContext,7.0,https://docs.netwrix.com/docs/identitymanager/7_0/integration-guide/toolkit/xml-configuration/access-control/profilerulecontext,docs/identitymanager/7.0/integration-guide/toolkit/xml-configuration/access-control/profilerulecontext.md,,,,,,
CreateUpdateDeleteMenus,7.0,https://docs.netwrix.com/docs/identitymanager/7_0/integration-guide/toolkit/xml-configuration/configuration/scaffoldings/entitytypes/workflows/createupdatedeletemenus,docs/identitymanager/7.0/integration-guide/toolkit/xml-configuration/configuration/scaffoldings/entitytypes/workflows/createupdatedeletemenus.md,,,,,,
UpdateResourcesMenus,7.0,https://docs.netwrix.com/docs/identitymanager/7_0/integration-guide/toolkit/xml-configuration/configuration/scaffoldings/entitytypes/workflows/updateresourcesmenus,docs/identitymanager/7.0/integration-guide/toolkit/xml-configuration/configuration/scaffoldings/entitytypes/workflows/updateresourcesmenus.md,,,,,,
OptimizeDisplayTable,7.0,https://docs.netwrix.com/docs/identitymanager/7_0/integration-guide/toolkit/xml-configuration/configuration/scaffoldings/optimizations/optimizedisplaytable,docs/identitymanager/7.0/integration-guide/toolkit/xml-configuration/configuration/scaffoldings/optimizations/optimizedisplaytable.md,,,,,,
WorkforceModule,7.0,https://docs.netwrix.com/docs/identitymanager/7_0/integration-guide/toolkit/xml-configuration/configuration/scaffoldings/workforce/workforcemodule,docs/identitymanager/7.0/integration-guide/toolkit/xml-configuration/configuration/scaffoldings/workforce/workforcemodule.md,,,,,,
MiningRule,7.0,https://docs.netwrix.com/docs/identitymanager/7_0/integration-guide/toolkit/xml-configuration/provisioning/miningrule,docs/identitymanager/7.0/integration-guide/toolkit/xml-configuration/provisioning/miningrule.md,,,,,,
DisplayEntityType,7.0,https://docs.netwrix.com/docs/identitymanager/7_0/integration-guide/toolkit/xml-configuration/user-interface/displayentitytype,docs/identitymanager/7.0/integration-guide/toolkit/xml-configuration/user-interface/displayentitytype.md,,,,,,
MenuItem,7.0,https://docs.netwrix.com/docs/identitymanager/7_0/integration-guide/toolkit/xml-configuration/user-interface/menuitem,docs/identitymanager/7.0/integration-guide/toolkit/xml-configuration/user-interface/menuitem.md,,,,,,
Schedule a Certification Campaign,7.0,https://docs.netwrix.com/docs/identitymanager/7_0/user-guide/administrate/access-certification/certification-campaign-scheduling,docs/identitymanager/7.0/user-guide/administrate/access-certification/certification-campaign-scheduling.md,,,,,,
Configure the Agent's Settings,7.0,https://docs.netwrix.com/docs/identitymanager/7_0/user-guide/deploy/production-agent-installation/settings-files,docs/identitymanager/7.0/user-guide/deploy/production-agent-installation/settings-files.md,,,,,,
Create an HR Connector,7.0,https://docs.netwrix.com/docs/identitymanager/7_0/user-guide/optimize/hr-connector-creation,docs/identitymanager/7.0/user-guide/optimize/hr-connector-creation.md,,,,,,
Netwrix Identity Manager 7.1,current,https://docs.netwrix.com/docs/identitymanager/current,docs/identitymanager/current/index.md,,,,,,
Installation Guide,current,https://docs.netwrix.com/docs/identitymanager/current/installation-guide,docs/identitymanager/current/installation-guide/index.md,7.0,,,,,
Overview,current,https://docs.netwrix.com/docs/identitymanager/current/installation-guide/overview,docs/identitymanager/current/installation-guide/overview.md,7.0,,,,,
Install the Agents,current,https://docs.netwrix.com/docs/identitymanager/current/installation-guide/production-ready/agent,docs/identitymanager/current/installation-guide/production-ready/agent.md,,,,,,
Install the Database,current,https://docs.netwrix.com/docs/identitymanager/current/installation-guide/production-ready/database,docs/identitymanager/current/installation-guide/production-ready/database.md,,,,,,
Send Notifications,current,https://docs.netwrix.com/docs/identitymanager/current/installation-guide/production-ready/email-server,docs/identitymanager/current/installation-guide/production-ready/email-server.md,7.0,,,,,
Production-Ready Installation Guide,current,https://docs.netwrix.com/docs/identitymanager/current/installation-guide/production-ready,docs/identitymanager/current/installation-guide/production-ready/index.md,7.0,,,,,
Install the Server,current,https://docs.netwrix.com/docs/identitymanager/current/installation-guide/production-ready/server,docs/identitymanager/current/installation-guide/production-ready/server.md,7.0,,,,,
Create a Working Directory,current,https://docs.netwrix.com/docs/identitymanager/current/installation-guide/production-ready/working-directory,docs/identitymanager/current/installation-guide/production-ready/working-directory.md,7.0,,,,,
Quick Start Guide,current,https://docs.netwrix.com/docs/identitymanager/current/installation-guide/quick-start,docs/identitymanager/current/installation-guide/quick-start.md,7.0,,,,,
Agent,current,https://docs.netwrix.com/docs/identitymanager/current/installation-guide/requirements/agent-requirements,docs/identitymanager/current/installation-guide/requirements/agent-requirements.md,,,,,,
Database,current,https://docs.netwrix.com/docs/identitymanager/current/installation-guide/requirements/database-requirements,docs/identitymanager/current/installation-guide/requirements/database-requirements.md,,,,,,
Integration Device,current,https://docs.netwrix.com/docs/identitymanager/current/installation-guide/requirements/device-requirements,docs/identitymanager/current/installation-guide/requirements/device-requirements.md,,,,,,
Prerequisites,current,https://docs.netwrix.com/docs/identitymanager/current/installation-guide/requirements,docs/identitymanager/current/installation-guide/requirements/index.md,,,,,,
Server,current,https://docs.netwrix.com/docs/identitymanager/current/installation-guide/requirements/server-requirements,docs/identitymanager/current/installation-guide/requirements/server-requirements.md,,,,,,
Reverse Proxy,current,https://docs.netwrix.com/docs/identitymanager/current/installation-guide/reverse-proxy,docs/identitymanager/current/installation-guide/reverse-proxy.md,,,,,,
Authentication,current,https://docs.netwrix.com/docs/identitymanager/current/integration-guide/api/authentication,docs/identitymanager/current/integration-guide/api/authentication.md,7.0,,,,,
API,current,https://docs.netwrix.com/docs/identitymanager/current/integration-guide/api,docs/identitymanager/current/integration-guide/api/index.md,7.0,,,,,
Pagination,current,https://docs.netwrix.com/docs/identitymanager/current/integration-guide/api/pagination,docs/identitymanager/current/integration-guide/api/pagination.md,7.0,,,,,
Request APIs via Postman,current,https://docs.netwrix.com/docs/identitymanager/current/integration-guide/api/request-postman,docs/identitymanager/current/integration-guide/api/request-postman.md,7.0,,,,,
AccessCertification,current,https://docs.netwrix.com/docs/identitymanager/current/integration-guide/api/server/accesscertification,docs/identitymanager/current/integration-guide/api/server/accesscertification.md,7.0,,,,,
AccessControl,current,https://docs.netwrix.com/docs/identitymanager/current/integration-guide/api/server/accesscontrol,docs/identitymanager/current/integration-guide/api/server/accesscontrol.md,7.0,,,,,
Connectors,current,https://docs.netwrix.com/docs/identitymanager/current/integration-guide/api/server/connectors,docs/identitymanager/current/integration-guide/api/server/connectors.md,,,,,,
Files,current,https://docs.netwrix.com/docs/identitymanager/current/integration-guide/api/server/files,docs/identitymanager/current/integration-guide/api/server/files.md,7.0,,,,,
Server API,current,https://docs.netwrix.com/docs/identitymanager/current/integration-guide/api/server,docs/identitymanager/current/integration-guide/api/server/index.md,7.0,,,,,
Job,current,https://docs.netwrix.com/docs/identitymanager/current/integration-guide/api/server/job,docs/identitymanager/current/integration-guide/api/server/job.md,,,,,,
Metadata,current,https://docs.netwrix.com/docs/identitymanager/current/integration-guide/api/server/metadata,docs/identitymanager/current/integration-guide/api/server/metadata.md,,,,,,
ProvisioningEntityInstance,current,https://docs.netwrix.com/docs/identitymanager/current/integration-guide/api/server/provisioningentityinstance,docs/identitymanager/current/integration-guide/api/server/provisioningentityinstance.md,7.0,,,,,
ProvisioningPolicy,current,https://docs.netwrix.com/docs/identitymanager/current/integration-guide/api/server/provisioningpolicy,docs/identitymanager/current/integration-guide/api/server/provisioningpolicy.md,7.0,,,,,
Report,current,https://docs.netwrix.com/docs/identitymanager/current/integration-guide/api/server/report,docs/identitymanager/current/integration-guide/api/server/report.md,7.0,,,,,
Resource,current,https://docs.netwrix.com/docs/identitymanager/current/integration-guide/api/server/resource,docs/identitymanager/current/integration-guide/api/server/resource.md,7.0,,,,,
ResourceChange,current,https://docs.netwrix.com/docs/identitymanager/current/integration-guide/api/server/resourcechange,docs/identitymanager/current/integration-guide/api/server/resourcechange.md,7.0,,,,,
ResourceFileChange,current,https://docs.netwrix.com/docs/identitymanager/current/integration-guide/api/server/resourcefilechange,docs/identitymanager/current/integration-guide/api/server/resourcefilechange.md,7.0,,,,,
ResourceLinkChange,current,https://docs.netwrix.com/docs/identitymanager/current/integration-guide/api/server/resourcelinkchange,docs/identitymanager/current/integration-guide/api/server/resourcelinkchange.md,7.0,,,,,
Robots.Txt,current,https://docs.netwrix.com/docs/identitymanager/current/integration-guide/api/server/robots.txt,docs/identitymanager/current/integration-guide/api/server/robots.txt.md,7.0,,,,,
Universes,current,https://docs.netwrix.com/docs/identitymanager/current/integration-guide/api/server/universes,docs/identitymanager/current/integration-guide/api/server/universes.md,7.0,,,,,
Workflows,current,https://docs.netwrix.com/docs/identitymanager/current/integration-guide/api/server/workflows,docs/identitymanager/current/integration-guide/api/server/workflows.md,7.0,,,,,
API query grammar,current,https://docs.netwrix.com/docs/identitymanager/current/integration-guide/api/squery,docs/identitymanager/current/integration-guide/api/squery.md,7.0,,,,,
Architecture,current,https://docs.netwrix.com/docs/identitymanager/current/integration-guide/architecture,docs/identitymanager/current/integration-guide/architecture/index.md,7.0,,,,,
On-Premises Environment,current,https://docs.netwrix.com/docs/identitymanager/current/integration-guide/architecture/on-prem,docs/identitymanager/current/integration-guide/architecture/on-prem.md,7.0,,,,,
Protect Agent/Server Communication,current,https://docs.netwrix.com/docs/identitymanager/current/integration-guide/architecture/protect-agent-server-communication,docs/identitymanager/current/integration-guide/architecture/protect-agent-server-communication.md,7.0,,,,,
SaaS Environment,current,https://docs.netwrix.com/docs/identitymanager/current/integration-guide/architecture/saas,docs/identitymanager/current/integration-guide/architecture/saas.md,7.0,,,,,
Software Bill of Materials,current,https://docs.netwrix.com/docs/identitymanager/current/integration-guide/architecture/sbom,docs/identitymanager/current/integration-guide/architecture/sbom.md,7.0,,,,,
Register for Microsoft Entra ID,current,https://docs.netwrix.com/docs/identitymanager/current/integration-guide/connectors/configuration-details/azuread-register,docs/identitymanager/current/integration-guide/connectors/configuration-details/azuread-register.md,7.0,,,,,
Configure Secured Options,current,https://docs.netwrix.com/docs/identitymanager/current/integration-guide/connectors/configuration-details/configure-secured-options,docs/identitymanager/current/integration-guide/connectors/configuration-details/configure-secured-options.md,7.0,,,,,
Connections,current,https://docs.netwrix.com/docs/identitymanager/current/integration-guide/connectors/configuration-details/connections,docs/identitymanager/current/integration-guide/connectors/configuration-details/connections.md,7.0,,,,,
For Microsoft Entra ID,current,https://docs.netwrix.com/docs/identitymanager/current/integration-guide/connectors/configuration-details/create-connector/entra-ID,docs/identitymanager/current/integration-guide/connectors/configuration-details/create-connector/entra-ID.md,7.0,,,,,
Create a Connector,current,https://docs.netwrix.com/docs/identitymanager/current/integration-guide/connectors/configuration-details/create-connector,docs/identitymanager/current/integration-guide/connectors/configuration-details/create-connector/index.md,7.0,,,,,
Credential Protection,current,https://docs.netwrix.com/docs/identitymanager/current/integration-guide/connectors/configuration-details/credential-protection,docs/identitymanager/current/integration-guide/connectors/configuration-details/credential-protection.md,7.0,,,,,
Run the Banking Demo Application,current,https://docs.netwrix.com/docs/identitymanager/current/integration-guide/connectors/configuration-details/demoapp-banking,docs/identitymanager/current/integration-guide/connectors/configuration-details/demoapp-banking.md,7.0,,,,,
Run the HR Demo Application,current,https://docs.netwrix.com/docs/identitymanager/current/integration-guide/connectors/configuration-details/demoapp-hr,docs/identitymanager/current/integration-guide/connectors/configuration-details/demoapp-hr.md,7.0,,,,,
Configuration Details,current,https://docs.netwrix.com/docs/identitymanager/current/integration-guide/connectors/configuration-details,docs/identitymanager/current/integration-guide/connectors/configuration-details/index.md,7.0,,,,,
Interact with a GUI Application via Robot Framework,current,https://docs.netwrix.com/docs/identitymanager/current/integration-guide/connectors/configuration-details/interact-gui-robotframework,docs/identitymanager/current/integration-guide/connectors/configuration-details/interact-gui-robotframework.md,7.0,,,,,
Interact with a Web Page via Robot Framework,current,https://docs.netwrix.com/docs/identitymanager/current/integration-guide/connectors/configuration-details/interact-web-page-robotframework,docs/identitymanager/current/integration-guide/connectors/configuration-details/interact-web-page-robotframework.md,7.0,,,,,
Fulfill Microsoft Exchange via PowerShell,current,https://docs.netwrix.com/docs/identitymanager/current/integration-guide/connectors/configuration-details/powershell-fulfill,docs/identitymanager/current/integration-guide/connectors/configuration-details/powershell-fulfill.md,7.0,,,,,
Export CyberArk Data via SCIM,current,https://docs.netwrix.com/docs/identitymanager/current/integration-guide/connectors/configuration-details/scim-cyberark-export,docs/identitymanager/current/integration-guide/connectors/configuration-details/scim-cyberark-export.md,7.0,,,,,
Provision Salesforce Users' Profiles via SCIM,current,https://docs.netwrix.com/docs/identitymanager/current/integration-guide/connectors/configuration-details/scim-salesforce-provisioning-entitlements,docs/identitymanager/current/integration-guide/connectors/configuration-details/scim-salesforce-provisioning-entitlements.md,7.0,,,,,
For Microsoft Entra ID,current,https://docs.netwrix.com/docs/identitymanager/current/integration-guide/connectors/configuration-details/setup-incremental-sync/entra-ID,docs/identitymanager/current/integration-guide/connectors/configuration-details/setup-incremental-sync/entra-ID.md,7.0,,,,,
Set Up Incremental Synchronization,current,https://docs.netwrix.com/docs/identitymanager/current/integration-guide/connectors/configuration-details/setup-incremental-sync,docs/identitymanager/current/integration-guide/connectors/configuration-details/setup-incremental-sync/index.md,7.0,,,,,
Set up SharePoint's Export and Synchronization,current,https://docs.netwrix.com/docs/identitymanager/current/integration-guide/connectors/configuration-details/sharepoint-export,docs/identitymanager/current/integration-guide/connectors/configuration-details/sharepoint-export.md,7.0,,,,,
Write a PowerShell Script for Provisioning,current,https://docs.netwrix.com/docs/identitymanager/current/integration-guide/connectors/configuration-details/write-fulfill-powershell-script,docs/identitymanager/current/integration-guide/connectors/configuration-details/write-fulfill-powershell-script.md,7.0,,,,,
Write a Robot Framework Script,current,https://docs.netwrix.com/docs/identitymanager/current/integration-guide/connectors/configuration-details/write-fulfill-robotframework-script,docs/identitymanager/current/integration-guide/connectors/configuration-details/write-fulfill-robotframework-script.md,7.0,,,,,
Write a PowerShell Script for Synchronization,current,https://docs.netwrix.com/docs/identitymanager/current/integration-guide/connectors/configuration-details/write-sync-powershell-script,docs/identitymanager/current/integration-guide/connectors/configuration-details/write-sync-powershell-script.md,7.0,,,,,
Write a Template for a Ticket Connector,current,https://docs.netwrix.com/docs/identitymanager/current/integration-guide/connectors/configuration-details/write-ticket-template,docs/identitymanager/current/integration-guide/connectors/configuration-details/write-ticket-template.md,7.0,,,,,
References: Format for the EntityPropertyMapping,current,https://docs.netwrix.com/docs/identitymanager/current/integration-guide/connectors/entitypropertymapping-format,docs/identitymanager/current/integration-guide/connectors/entitypropertymapping-format.md,7.0,,,,,
Connectors,current,https://docs.netwrix.com/docs/identitymanager/current/integration-guide/connectors,docs/identitymanager/current/integration-guide/connectors/index.md,7.0,,,,,
Active Directory,current,https://docs.netwrix.com/docs/identitymanager/current/integration-guide/connectors/references-connectors/activedirectory,docs/identitymanager/current/integration-guide/connectors/references-connectors/activedirectory.md,7.0,,,,,
Azure,current,https://docs.netwrix.com/docs/identitymanager/current/integration-guide/connectors/references-connectors/azure,docs/identitymanager/current/integration-guide/connectors/references-connectors/azure.md,7.0,,,,,
CSV,current,https://docs.netwrix.com/docs/identitymanager/current/integration-guide/connectors/references-connectors/csv,docs/identitymanager/current/integration-guide/connectors/references-connectors/csv.md,7.0,,,,,
EasyVista,current,https://docs.netwrix.com/docs/identitymanager/current/integration-guide/connectors/references-connectors/easyvista,docs/identitymanager/current/integration-guide/connectors/references-connectors/easyvista.md,7.0,,,,,
EasyVista Ticket,current,https://docs.netwrix.com/docs/identitymanager/current/integration-guide/connectors/references-connectors/easyvistaticket,docs/identitymanager/current/integration-guide/connectors/references-connectors/easyvistaticket.md,7.0,,,,,
Microsoft Excel,current,https://docs.netwrix.com/docs/identitymanager/current/integration-guide/connectors/references-connectors/excel,docs/identitymanager/current/integration-guide/connectors/references-connectors/excel.md,7.0,,,,,
Google Workspace,current,https://docs.netwrix.com/docs/identitymanager/current/integration-guide/connectors/references-connectors/googleworkspace,docs/identitymanager/current/integration-guide/connectors/references-connectors/googleworkspace.md,,,,,,
Home Folder,current,https://docs.netwrix.com/docs/identitymanager/current/integration-guide/connectors/references-connectors/homefolder,docs/identitymanager/current/integration-guide/connectors/references-connectors/homefolder.md,7.0,,,,,
References: Connectors,current,https://docs.netwrix.com/docs/identitymanager/current/integration-guide/connectors/references-connectors,docs/identitymanager/current/integration-guide/connectors/references-connectors/index.md,7.0,,,,,
Internal Resources,current,https://docs.netwrix.com/docs/identitymanager/current/integration-guide/connectors/references-connectors/internalresources,docs/identitymanager/current/integration-guide/connectors/references-connectors/internalresources.md,7.0,,,,,
InternalWorkflow,current,https://docs.netwrix.com/docs/identitymanager/current/integration-guide/connectors/references-connectors/internalworkflow,docs/identitymanager/current/integration-guide/connectors/references-connectors/internalworkflow.md,7.0,,,,,
JSON,current,https://docs.netwrix.com/docs/identitymanager/current/integration-guide/connectors/references-connectors/json,docs/identitymanager/current/integration-guide/connectors/references-connectors/json.md,7.0,,,,,
LDAP,current,https://docs.netwrix.com/docs/identitymanager/current/integration-guide/connectors/references-connectors/ldap,docs/identitymanager/current/integration-guide/connectors/references-connectors/ldap.md,7.0,,,,,
LDIF,current,https://docs.netwrix.com/docs/identitymanager/current/integration-guide/connectors/references-connectors/ldif,docs/identitymanager/current/integration-guide/connectors/references-connectors/ldif.md,7.0,,,,,
Microsoft Entra ID,current,https://docs.netwrix.com/docs/identitymanager/current/integration-guide/connectors/references-connectors/microsoftentraid,docs/identitymanager/current/integration-guide/connectors/references-connectors/microsoftentraid.md,7.0,,,,,
Microsoft Exchange,current,https://docs.netwrix.com/docs/identitymanager/current/integration-guide/connectors/references-connectors/microsoftexchange,docs/identitymanager/current/integration-guide/connectors/references-connectors/microsoftexchange.md,7.0,,,,,
NIM Profile,current,https://docs.netwrix.com/docs/identitymanager/current/integration-guide/connectors/references-connectors/nimprofile,docs/identitymanager/current/integration-guide/connectors/references-connectors/nimprofile.md,,,,,,
OData,current,https://docs.netwrix.com/docs/identitymanager/current/integration-guide/connectors/references-connectors/odata,docs/identitymanager/current/integration-guide/connectors/references-connectors/odata.md,,,,,,
Okta,current,https://docs.netwrix.com/docs/identitymanager/current/integration-guide/connectors/references-connectors/okta,docs/identitymanager/current/integration-guide/connectors/references-connectors/okta.md,,,,,,
OpenLDAP,current,https://docs.netwrix.com/docs/identitymanager/current/integration-guide/connectors/references-connectors/openldap,docs/identitymanager/current/integration-guide/connectors/references-connectors/openldap.md,,,,,,
PowerShellProv,current,https://docs.netwrix.com/docs/identitymanager/current/integration-guide/connectors/references-connectors/powershellprov,docs/identitymanager/current/integration-guide/connectors/references-connectors/powershellprov.md,,,,,,
PowerShellSync,current,https://docs.netwrix.com/docs/identitymanager/current/integration-guide/connectors/references-connectors/powershellsync,docs/identitymanager/current/integration-guide/connectors/references-connectors/powershellsync.md,,,,,,
RACF,current,https://docs.netwrix.com/docs/identitymanager/current/integration-guide/connectors/references-connectors/racf,docs/identitymanager/current/integration-guide/connectors/references-connectors/racf.md,,,,,,
Robot Framework,current,https://docs.netwrix.com/docs/identitymanager/current/integration-guide/connectors/references-connectors/robotframework,docs/identitymanager/current/integration-guide/connectors/references-connectors/robotframework.md,,,,,,
SAP ERP 6.0 and SAP S4/HANA,current,https://docs.netwrix.com/docs/identitymanager/current/integration-guide/connectors/references-connectors/saperp6,docs/identitymanager/current/integration-guide/connectors/references-connectors/saperp6.md,,,,,,
SAP Netweaver,current,https://docs.netwrix.com/docs/identitymanager/current/integration-guide/connectors/references-connectors/sapnetweaver,docs/identitymanager/current/integration-guide/connectors/references-connectors/sapnetweaver.md,,,,,,
SCIM,current,https://docs.netwrix.com/docs/identitymanager/current/integration-guide/connectors/references-connectors/scim,docs/identitymanager/current/integration-guide/connectors/references-connectors/scim.md,,,,,,
ServiceNow,current,https://docs.netwrix.com/docs/identitymanager/current/integration-guide/connectors/references-connectors/servicenowentitymanagement,docs/identitymanager/current/integration-guide/connectors/references-connectors/servicenowentitymanagement.md,,,,,,
ServiceNowTicket,current,https://docs.netwrix.com/docs/identitymanager/current/integration-guide/connectors/references-connectors/servicenowticket,docs/identitymanager/current/integration-guide/connectors/references-connectors/servicenowticket.md,,,,,,
SharedFolders,current,https://docs.netwrix.com/docs/identitymanager/current/integration-guide/connectors/references-connectors/sharedfolder,docs/identitymanager/current/integration-guide/connectors/references-connectors/sharedfolder.md,7.0,,,,,
SharePoint,current,https://docs.netwrix.com/docs/identitymanager/current/integration-guide/connectors/references-connectors/sharepoint,docs/identitymanager/current/integration-guide/connectors/references-connectors/sharepoint.md,,,,,,
Sql,current,https://docs.netwrix.com/docs/identitymanager/current/integration-guide/connectors/references-connectors/sql,docs/identitymanager/current/integration-guide/connectors/references-connectors/sql.md,,,,,,
Sql Server Entitlements,current,https://docs.netwrix.com/docs/identitymanager/current/integration-guide/connectors/references-connectors/sqlserverentitlements,docs/identitymanager/current/integration-guide/connectors/references-connectors/sqlserverentitlements.md,,,,,,
Top Secret,current,https://docs.netwrix.com/docs/identitymanager/current/integration-guide/connectors/references-connectors/topsecret,docs/identitymanager/current/integration-guide/connectors/references-connectors/topsecret.md,,,,,,
Workday,current,https://docs.netwrix.com/docs/identitymanager/current/integration-guide/connectors/references-connectors/workday,docs/identitymanager/current/integration-guide/connectors/references-connectors/workday.md,,,,,,
Active Directory,current,https://docs.netwrix.com/docs/identitymanager/current/integration-guide/connectors/references-packages/active-directory,docs/identitymanager/current/integration-guide/connectors/references-packages/active-directory.md,7.0,,,,,
Apache Directory,current,https://docs.netwrix.com/docs/identitymanager/current/integration-guide/connectors/references-packages/apache-directory,docs/identitymanager/current/integration-guide/connectors/references-packages/apache-directory.md,7.0,,,,,
Microsoft Entra ID,current,https://docs.netwrix.com/docs/identitymanager/current/integration-guide/connectors/references-packages/azure-active-directory,docs/identitymanager/current/integration-guide/connectors/references-packages/azure-active-directory.md,7.0,,,,,
Azure,current,https://docs.netwrix.com/docs/identitymanager/current/integration-guide/connectors/references-packages/azure,docs/identitymanager/current/integration-guide/connectors/references-packages/azure.md,7.0,,,,,
CSV,current,https://docs.netwrix.com/docs/identitymanager/current/integration-guide/connectors/references-packages/csv,docs/identitymanager/current/integration-guide/connectors/references-packages/csv.md,7.0,,,,,
CyberArk,current,https://docs.netwrix.com/docs/identitymanager/current/integration-guide/connectors/references-packages/cyberark,docs/identitymanager/current/integration-guide/connectors/references-packages/cyberark.md,7.0,,,,,
EasyVista,current,https://docs.netwrix.com/docs/identitymanager/current/integration-guide/connectors/references-packages/easyvista,docs/identitymanager/current/integration-guide/connectors/references-packages/easyvista.md,7.0,,,,,
EasyVista Ticket,current,https://docs.netwrix.com/docs/identitymanager/current/integration-guide/connectors/references-packages/easyvistaticket,docs/identitymanager/current/integration-guide/connectors/references-packages/easyvistaticket.md,7.0,,,,,
Excel,current,https://docs.netwrix.com/docs/identitymanager/current/integration-guide/connectors/references-packages/excel,docs/identitymanager/current/integration-guide/connectors/references-packages/excel.md,7.0,,,,,
Generic LDAP,current,https://docs.netwrix.com/docs/identitymanager/current/integration-guide/connectors/references-packages/generic-ldap,docs/identitymanager/current/integration-guide/connectors/references-packages/generic-ldap.md,7.0,,,,,
Generic SCIM,current,https://docs.netwrix.com/docs/identitymanager/current/integration-guide/connectors/references-packages/generic-scim,docs/identitymanager/current/integration-guide/connectors/references-packages/generic-scim.md,7.0,,,,,
Generic SQL,current,https://docs.netwrix.com/docs/identitymanager/current/integration-guide/connectors/references-packages/generic-sql,docs/identitymanager/current/integration-guide/connectors/references-packages/generic-sql.md,7.0,,,,,
Google Workspace,current,https://docs.netwrix.com/docs/identitymanager/current/integration-guide/connectors/references-packages/googleworkspace,docs/identitymanager/current/integration-guide/connectors/references-packages/googleworkspace.md,7.0,,,,,
Home Folders,current,https://docs.netwrix.com/docs/identitymanager/current/integration-guide/connectors/references-packages/home-folders,docs/identitymanager/current/integration-guide/connectors/references-packages/home-folders.md,7.0,,,,,
Database,current,https://docs.netwrix.com/docs/identitymanager/current/integration-guide/connectors/references-packages/identitymanager-database,docs/identitymanager/current/integration-guide/connectors/references-packages/identitymanager-database.md,7.0,,,,,
References: Packages,current,https://docs.netwrix.com/docs/identitymanager/current/integration-guide/connectors/references-packages,docs/identitymanager/current/integration-guide/connectors/references-packages/index.md,7.0,,,,,
JSON,current,https://docs.netwrix.com/docs/identitymanager/current/integration-guide/connectors/references-packages/json,docs/identitymanager/current/integration-guide/connectors/references-packages/json.md,7.0,,,,,
LDIF,current,https://docs.netwrix.com/docs/identitymanager/current/integration-guide/connectors/references-packages/ldif,docs/identitymanager/current/integration-guide/connectors/references-packages/ldif.md,7.0,,,,,
Manual Ticket and CUD Resources,current,https://docs.netwrix.com/docs/identitymanager/current/integration-guide/connectors/references-packages/manual-ticket-and-cud-resources,docs/identitymanager/current/integration-guide/connectors/references-packages/manual-ticket-and-cud-resources.md,7.0,,,,,
Manual Ticket,current,https://docs.netwrix.com/docs/identitymanager/current/integration-guide/connectors/references-packages/manual-ticket,docs/identitymanager/current/integration-guide/connectors/references-packages/manual-ticket.md,7.0,,,,,
Microsoft Exchange,current,https://docs.netwrix.com/docs/identitymanager/current/integration-guide/connectors/references-packages/microsoft-exchange,docs/identitymanager/current/integration-guide/connectors/references-packages/microsoft-exchange.md,7.0,,,,,
MySQL,current,https://docs.netwrix.com/docs/identitymanager/current/integration-guide/connectors/references-packages/mysql,docs/identitymanager/current/integration-guide/connectors/references-packages/mysql.md,7.0,,,,,
NIM Profile,current,https://docs.netwrix.com/docs/identitymanager/current/integration-guide/connectors/references-packages/nimprofile,docs/identitymanager/current/integration-guide/connectors/references-packages/nimprofile.md,7.0,,,,,
OData,current,https://docs.netwrix.com/docs/identitymanager/current/integration-guide/connectors/references-packages/odata,docs/identitymanager/current/integration-guide/connectors/references-packages/odata.md,7.0,,,,,
ODBC,current,https://docs.netwrix.com/docs/identitymanager/current/integration-guide/connectors/references-packages/odbc,docs/identitymanager/current/integration-guide/connectors/references-packages/odbc.md,7.0,,,,,
Open LDAP,current,https://docs.netwrix.com/docs/identitymanager/current/integration-guide/connectors/references-packages/open-ldap,docs/identitymanager/current/integration-guide/connectors/references-packages/open-ldap.md,7.0,,,,,
Oracle Database,current,https://docs.netwrix.com/docs/identitymanager/current/integration-guide/connectors/references-packages/oracle-database,docs/identitymanager/current/integration-guide/connectors/references-packages/oracle-database.md,7.0,,,,,
Oracle LDAP,current,https://docs.netwrix.com/docs/identitymanager/current/integration-guide/connectors/references-packages/oracle-ldap,docs/identitymanager/current/integration-guide/connectors/references-packages/oracle-ldap.md,7.0,,,,,
PostgreSQL,current,https://docs.netwrix.com/docs/identitymanager/current/integration-guide/connectors/references-packages/postgresql,docs/identitymanager/current/integration-guide/connectors/references-packages/postgresql.md,7.0,,,,,
PowerShellProv,current,https://docs.netwrix.com/docs/identitymanager/current/integration-guide/connectors/references-packages/powershellprov,docs/identitymanager/current/integration-guide/connectors/references-packages/powershellprov.md,7.0,,,,,
PowerShellSync,current,https://docs.netwrix.com/docs/identitymanager/current/integration-guide/connectors/references-packages/powershellsync,docs/identitymanager/current/integration-guide/connectors/references-packages/powershellsync.md,7.0,,,,,
RACF,current,https://docs.netwrix.com/docs/identitymanager/current/integration-guide/connectors/references-packages/racf,docs/identitymanager/current/integration-guide/connectors/references-packages/racf.md,7.0,,,,,
Red Hat Directory Server,current,https://docs.netwrix.com/docs/identitymanager/current/integration-guide/connectors/references-packages/red-hat-directory-server,docs/identitymanager/current/integration-guide/connectors/references-packages/red-hat-directory-server.md,7.0,,,,,
Robot Framework,current,https://docs.netwrix.com/docs/identitymanager/current/integration-guide/connectors/references-packages/robot-framework,docs/identitymanager/current/integration-guide/connectors/references-packages/robot-framework.md,7.0,,,,,
Salesforce,current,https://docs.netwrix.com/docs/identitymanager/current/integration-guide/connectors/references-packages/salesforce,docs/identitymanager/current/integration-guide/connectors/references-packages/salesforce.md,7.0,,,,,
SAP ASE,current,https://docs.netwrix.com/docs/identitymanager/current/integration-guide/connectors/references-packages/sapase,docs/identitymanager/current/integration-guide/connectors/references-packages/sapase.md,7.0,,,,,
SAP ERP 6.0,current,https://docs.netwrix.com/docs/identitymanager/current/integration-guide/connectors/references-packages/saperp6,docs/identitymanager/current/integration-guide/connectors/references-packages/saperp6.md,7.0,,,,,
SAP S/4 HANA,current,https://docs.netwrix.com/docs/identitymanager/current/integration-guide/connectors/references-packages/saphana,docs/identitymanager/current/integration-guide/connectors/references-packages/saphana.md,7.0,,,,,
ServiceNow Ticket,current,https://docs.netwrix.com/docs/identitymanager/current/integration-guide/connectors/references-packages/servicenow-ticket,docs/identitymanager/current/integration-guide/connectors/references-packages/servicenow-ticket.md,7.0,,,,,
ServiceNow,current,https://docs.netwrix.com/docs/identitymanager/current/integration-guide/connectors/references-packages/servicenow,docs/identitymanager/current/integration-guide/connectors/references-packages/servicenow.md,7.0,,,,,
Shared Folders,current,https://docs.netwrix.com/docs/identitymanager/current/integration-guide/connectors/references-packages/shared-folders,docs/identitymanager/current/integration-guide/connectors/references-packages/shared-folders.md,7.0,,,,,
SharePoint,current,https://docs.netwrix.com/docs/identitymanager/current/integration-guide/connectors/references-packages/sharepoint,docs/identitymanager/current/integration-guide/connectors/references-packages/sharepoint.md,7.0,,,,,
Slack,current,https://docs.netwrix.com/docs/identitymanager/current/integration-guide/connectors/references-packages/slack,docs/identitymanager/current/integration-guide/connectors/references-packages/slack.md,7.0,,,,,
SQL Server Entitlements,current,https://docs.netwrix.com/docs/identitymanager/current/integration-guide/connectors/references-packages/sql-server-entitlements,docs/identitymanager/current/integration-guide/connectors/references-packages/sql-server-entitlements.md,7.0,,,,,
SQL Server,current,https://docs.netwrix.com/docs/identitymanager/current/integration-guide/connectors/references-packages/sql-server,docs/identitymanager/current/integration-guide/connectors/references-packages/sql-server.md,7.0,,,,,
TSS,current,https://docs.netwrix.com/docs/identitymanager/current/integration-guide/connectors/references-packages/tss,docs/identitymanager/current/integration-guide/connectors/references-packages/tss.md,7.0,,,,,
Unplugged,current,https://docs.netwrix.com/docs/identitymanager/current/integration-guide/connectors/references-packages/unplugged,docs/identitymanager/current/integration-guide/connectors/references-packages/unplugged.md,7.0,,,,,
Workday,current,https://docs.netwrix.com/docs/identitymanager/current/integration-guide/connectors/references-packages/workday,docs/identitymanager/current/integration-guide/connectors/references-packages/workday.md,7.0,,,,,
Workflow,current,https://docs.netwrix.com/docs/identitymanager/current/integration-guide/connectors/references-packages/workflow,docs/identitymanager/current/integration-guide/connectors/references-packages/workflow.md,7.0,,,,,
Entity Model,current,https://docs.netwrix.com/docs/identitymanager/current/integration-guide/entity-model,docs/identitymanager/current/integration-guide/entity-model.md,7.0,,,,,
Executables,current,https://docs.netwrix.com/docs/identitymanager/current/integration-guide/executables,docs/identitymanager/current/integration-guide/executables/index.md,7.0,,,,,
Usercube-Agent,current,https://docs.netwrix.com/docs/identitymanager/current/integration-guide/executables/references/agent,docs/identitymanager/current/integration-guide/executables/references/agent.md,7.0,,,,,
Usercube-Anonymize,current,https://docs.netwrix.com/docs/identitymanager/current/integration-guide/executables/references/anonymize,docs/identitymanager/current/integration-guide/executables/references/anonymize.md,7.0,,,,,
Usercube-Check-ExpressionsConsistency,current,https://docs.netwrix.com/docs/identitymanager/current/integration-guide/executables/references/check-expressionsconsistency,docs/identitymanager/current/integration-guide/executables/references/check-expressionsconsistency.md,7.0,,,,,
Usercube-Compute-CorrelationKeys,current,https://docs.netwrix.com/docs/identitymanager/current/integration-guide/executables/references/compute-correlationkeys,docs/identitymanager/current/integration-guide/executables/references/compute-correlationkeys.md,7.0,,,,,
Usercube-Configuration-Transform,current,https://docs.netwrix.com/docs/identitymanager/current/integration-guide/executables/references/configuration-transform,docs/identitymanager/current/integration-guide/executables/references/configuration-transform.md,7.0,,,,,
Usercube-Create-DatabaseViews,current,https://docs.netwrix.com/docs/identitymanager/current/integration-guide/executables/references/create-databaseviews,docs/identitymanager/current/integration-guide/executables/references/create-databaseviews.md,7.0,,,,,
Usercube-CSV-Transform,current,https://docs.netwrix.com/docs/identitymanager/current/integration-guide/executables/references/csv-transform,docs/identitymanager/current/integration-guide/executables/references/csv-transform.md,7.0,,,,,
Usercube-Decrypt-File,current,https://docs.netwrix.com/docs/identitymanager/current/integration-guide/executables/references/decrypt-file,docs/identitymanager/current/integration-guide/executables/references/decrypt-file.md,7.0,,,,,
Usercube-EasyVistaTicket-UpdateFulfillmentState,current,https://docs.netwrix.com/docs/identitymanager/current/integration-guide/executables/references/easyvistaticket-updatefulfillmentstate,docs/identitymanager/current/integration-guide/executables/references/easyvistaticket-updatefulfillmentstate.md,7.0,,,,,
Usercube-Encrypt-File,current,https://docs.netwrix.com/docs/identitymanager/current/integration-guide/executables/references/encrypt-file,docs/identitymanager/current/integration-guide/executables/references/encrypt-file.md,7.0,,,,,
Usercube-Export-Bacpac,current,https://docs.netwrix.com/docs/identitymanager/current/integration-guide/executables/references/export-bacpac,docs/identitymanager/current/integration-guide/executables/references/export-bacpac.md,7.0,,,,,
Usercube-**export**-Configuration,current,https://docs.netwrix.com/docs/identitymanager/current/integration-guide/executables/references/export-configuration,docs/identitymanager/current/integration-guide/executables/references/export-configuration.md,7.0,,,,,
Usercube-Export-Csv,current,https://docs.netwrix.com/docs/identitymanager/current/integration-guide/executables/references/export-csv,docs/identitymanager/current/integration-guide/executables/references/export-csv.md,7.0,,,,,
Usercube-Export-EasyVista,current,https://docs.netwrix.com/docs/identitymanager/current/integration-guide/executables/references/export-easyvista,docs/identitymanager/current/integration-guide/executables/references/export-easyvista.md,7.0,,,,,
Usercube-Export-Excel,current,https://docs.netwrix.com/docs/identitymanager/current/integration-guide/executables/references/export-excel,docs/identitymanager/current/integration-guide/executables/references/export-excel.md,7.0,,,,,
Usercube-Export-Scim,current,https://docs.netwrix.com/docs/identitymanager/current/integration-guide/executables/references/export-scim,docs/identitymanager/current/integration-guide/executables/references/export-scim.md,7.0,,,,,
Usercube-FillBankingDatabase,current,https://docs.netwrix.com/docs/identitymanager/current/integration-guide/executables/references/fillbankingdatabase,docs/identitymanager/current/integration-guide/executables/references/fillbankingdatabase.md,7.0,,,,,
Usercube-Fulfill-EasyVista,current,https://docs.netwrix.com/docs/identitymanager/current/integration-guide/executables/references/fulfill-easyvista,docs/identitymanager/current/integration-guide/executables/references/fulfill-easyvista.md,7.0,,,,,
Usercube-Fulfill-Scim,current,https://docs.netwrix.com/docs/identitymanager/current/integration-guide/executables/references/fulfill-scim,docs/identitymanager/current/integration-guide/executables/references/fulfill-scim.md,7.0,,,,,
Usercube-Fulfill-ToEasyVistaTicket,current,https://docs.netwrix.com/docs/identitymanager/current/integration-guide/executables/references/fulfill-toeasyvistaticket,docs/identitymanager/current/integration-guide/executables/references/fulfill-toeasyvistaticket.md,7.0,,,,,
Usercube-Generate-Configuration,current,https://docs.netwrix.com/docs/identitymanager/current/integration-guide/executables/references/generate-configuration,docs/identitymanager/current/integration-guide/executables/references/generate-configuration.md,7.0,,,,,
Usercube-Get-JobSteps,current,https://docs.netwrix.com/docs/identitymanager/current/integration-guide/executables/references/get-jobsteps,docs/identitymanager/current/integration-guide/executables/references/get-jobsteps.md,7.0,,,,,
References: Executables,current,https://docs.netwrix.com/docs/identitymanager/current/integration-guide/executables/references,docs/identitymanager/current/integration-guide/executables/references/index.md,7.0,,,,,
Usercube-Invoke-Job,current,https://docs.netwrix.com/docs/identitymanager/current/integration-guide/executables/references/invoke-job,docs/identitymanager/current/integration-guide/executables/references/invoke-job.md,7.0,,,,,
Usercube-Invoke-ServerJob,current,https://docs.netwrix.com/docs/identitymanager/current/integration-guide/executables/references/invoke-serverjob,docs/identitymanager/current/integration-guide/executables/references/invoke-serverjob.md,7.0,,,,,
Usercube-Login,current,https://docs.netwrix.com/docs/identitymanager/current/integration-guide/executables/references/login,docs/identitymanager/current/integration-guide/executables/references/login.md,7.0,,,,,
Usercube-Manage-Configuration Dependent Indexes,current,https://docs.netwrix.com/docs/identitymanager/current/integration-guide/executables/references/manage-configurationdependantindexes,docs/identitymanager/current/integration-guide/executables/references/manage-configurationdependantindexes.md,7.0,,,,,
Usercube-Manage-History,current,https://docs.netwrix.com/docs/identitymanager/current/integration-guide/executables/references/manage-history,docs/identitymanager/current/integration-guide/executables/references/manage-history.md,7.0,,,,,
Usercube-New-OpenIDSecret,current,https://docs.netwrix.com/docs/identitymanager/current/integration-guide/executables/references/new-openidsecret,docs/identitymanager/current/integration-guide/executables/references/new-openidsecret.md,7.0,,,,,
Usercube-PasswordGenerator,current,https://docs.netwrix.com/docs/identitymanager/current/integration-guide/executables/references/passwordgenerator,docs/identitymanager/current/integration-guide/executables/references/passwordgenerator.md,7.0,,,,,
Usercube-Prepare-Synchronization,current,https://docs.netwrix.com/docs/identitymanager/current/integration-guide/executables/references/prepare-synchronization,docs/identitymanager/current/integration-guide/executables/references/prepare-synchronization.md,7.0,,,,,
Usercube-Protect-CertificatePassword,current,https://docs.netwrix.com/docs/identitymanager/current/integration-guide/executables/references/protect-certificatepassword,docs/identitymanager/current/integration-guide/executables/references/protect-certificatepassword.md,7.0,,,,,
Usercube-Protect-X509JsonFile,current,https://docs.netwrix.com/docs/identitymanager/current/integration-guide/executables/references/protect-x509jsonfile,docs/identitymanager/current/integration-guide/executables/references/protect-x509jsonfile.md,7.0,,,,,
Usercube-Protect-X509JsonValue,current,https://docs.netwrix.com/docs/identitymanager/current/integration-guide/executables/references/protect-x509jsonvalue,docs/identitymanager/current/integration-guide/executables/references/protect-x509jsonvalue.md,7.0,,,,,
Usercube-RefreshSchema,current,https://docs.netwrix.com/docs/identitymanager/current/integration-guide/executables/references/refreshschema,docs/identitymanager/current/integration-guide/executables/references/refreshschema.md,7.0,,,,,
Usercube-Send-PasswordNotification,current,https://docs.netwrix.com/docs/identitymanager/current/integration-guide/executables/references/send-passwordnotification,docs/identitymanager/current/integration-guide/executables/references/send-passwordnotification.md,7.0,,,,,
Usercube-Server,current,https://docs.netwrix.com/docs/identitymanager/current/integration-guide/executables/references/server,docs/identitymanager/current/integration-guide/executables/references/server.md,7.0,,,,,
Usercube-Update-EntityPropertyExpressions,current,https://docs.netwrix.com/docs/identitymanager/current/integration-guide/executables/references/update-entitypropertyexpressions,docs/identitymanager/current/integration-guide/executables/references/update-entitypropertyexpressions.md,7.0,,,,,
Usercube-Upgrade-ConfigurationVersion,current,https://docs.netwrix.com/docs/identitymanager/current/integration-guide/executables/references/upgrade-configurationversion,docs/identitymanager/current/integration-guide/executables/references/upgrade-configurationversion.md,7.0,,,,,
Usercube-Upgrade-DatabaseVersion,current,https://docs.netwrix.com/docs/identitymanager/current/integration-guide/executables/references/upgrade-databaseversion,docs/identitymanager/current/integration-guide/executables/references/upgrade-databaseversion.md,7.0,,,,,
Access Certification,current,https://docs.netwrix.com/docs/identitymanager/current/integration-guide/governance/accesscertification,docs/identitymanager/current/integration-guide/governance/accesscertification.md,,,,,,
Governance,current,https://docs.netwrix.com/docs/identitymanager/current/integration-guide/governance,docs/identitymanager/current/integration-guide/governance/index.md,7.0,,,,,
Analyze Identity Manager's Data with Power BI,current,https://docs.netwrix.com/docs/identitymanager/current/integration-guide/governance/reporting/analyze-powerbi,docs/identitymanager/current/integration-guide/governance/reporting/analyze-powerbi.md,7.0,,,,,
Connect Power BI to Identity Manager,current,https://docs.netwrix.com/docs/identitymanager/current/integration-guide/governance/reporting/connect-powerbi,docs/identitymanager/current/integration-guide/governance/reporting/connect-powerbi.md,7.0,,,,,
Analyze Identity Manager's Data with Power BI,current,https://docs.netwrix.com/docs/identitymanager/current/integration-guide/governance/reporting/how-tos/analyze-powerbi,docs/identitymanager/current/integration-guide/governance/reporting/how-tos/analyze-powerbi.md,7.0,,,,,
Connect Power BI to Identity Manager,current,https://docs.netwrix.com/docs/identitymanager/current/integration-guide/governance/reporting/how-tos/connect-powerbi,docs/identitymanager/current/integration-guide/governance/reporting/how-tos/connect-powerbi.md,7.0,,,,,
Reporting,current,https://docs.netwrix.com/docs/identitymanager/current/integration-guide/governance/reporting,docs/identitymanager/current/integration-guide/governance/reporting/index.md,7.0,,,,,
Review Prolonged Entitlements,current,https://docs.netwrix.com/docs/identitymanager/current/integration-guide/governance/review-prolonged-entitlements,docs/identitymanager/current/integration-guide/governance/review-prolonged-entitlements.md,7.0,,,,,
**Risk Management**,current,https://docs.netwrix.com/docs/identitymanager/current/integration-guide/governance/risks,docs/identitymanager/current/integration-guide/governance/risks.md,7.0,,,,,
Identity Repository,current,https://docs.netwrix.com/docs/identitymanager/current/integration-guide/identity-management/identity-repository,docs/identitymanager/current/integration-guide/identity-management/identity-repository.md,7.0,,,,,
Identity Management,current,https://docs.netwrix.com/docs/identitymanager/current/integration-guide/identity-management,docs/identitymanager/current/integration-guide/identity-management/index.md,7.0,,,,,
"Identity Lifecycle: Joiners, Movers and Leavers",current,https://docs.netwrix.com/docs/identitymanager/current/integration-guide/identity-management/joiners-movers-leavers,docs/identitymanager/current/integration-guide/identity-management/joiners-movers-leavers/index.md,7.0,,,,,
Onboarding and Offboarding,current,https://docs.netwrix.com/docs/identitymanager/current/integration-guide/identity-management/joiners-movers-leavers/on-offboarding,docs/identitymanager/current/integration-guide/identity-management/joiners-movers-leavers/on-offboarding.md,7.0,,,,,
Position Change via Records,current,https://docs.netwrix.com/docs/identitymanager/current/integration-guide/identity-management/joiners-movers-leavers/position-change,docs/identitymanager/current/integration-guide/identity-management/joiners-movers-leavers/position-change.md,7.0,,,,,
Integration Guide,current,https://docs.netwrix.com/docs/identitymanager/current/integration-guide,docs/identitymanager/current/integration-guide/index.md,7.0,,,,,
Modules,current,https://docs.netwrix.com/docs/identitymanager/current/integration-guide/modules,docs/identitymanager/current/integration-guide/modules.md,7.0,,,,,
Monitoring,current,https://docs.netwrix.com/docs/identitymanager/current/integration-guide/monitoring,docs/identitymanager/current/integration-guide/monitoring/index.md,7.0,,,,,
Export Logs to a Log Management System,current,https://docs.netwrix.com/docs/identitymanager/current/integration-guide/monitoring/qradar-setting,docs/identitymanager/current/integration-guide/monitoring/qradar-setting.md,7.0,,,,,
References: Logs,current,https://docs.netwrix.com/docs/identitymanager/current/integration-guide/monitoring/references,docs/identitymanager/current/integration-guide/monitoring/references.md,7.0,,,,,
appsettings.agent,current,https://docs.netwrix.com/docs/identitymanager/current/integration-guide/network-configuration/agent-configuration/appsettings-agent,docs/identitymanager/current/integration-guide/network-configuration/agent-configuration/appsettings-agent.md,7.0,,,,,
Application Settings,current,https://docs.netwrix.com/docs/identitymanager/current/integration-guide/network-configuration/agent-configuration/appsettings,docs/identitymanager/current/integration-guide/network-configuration/agent-configuration/appsettings.md,,,,,,
Azure Key Vault,current,https://docs.netwrix.com/docs/identitymanager/current/integration-guide/network-configuration/agent-configuration/azure-key-vault,docs/identitymanager/current/integration-guide/network-configuration/agent-configuration/azure-key-vault.md,7.0,,,,,
CyberArk's AAM Credential Providers,current,https://docs.netwrix.com/docs/identitymanager/current/integration-guide/network-configuration/agent-configuration/cyberark-application-access-manager-credential-providers,docs/identitymanager/current/integration-guide/network-configuration/agent-configuration/cyberark-application-access-manager-credential-providers.md,7.0,,,,,
Agent Configuration,current,https://docs.netwrix.com/docs/identitymanager/current/integration-guide/network-configuration/agent-configuration,docs/identitymanager/current/integration-guide/network-configuration/agent-configuration/index.md,7.0,,,,,
RSA Encryption,current,https://docs.netwrix.com/docs/identitymanager/current/integration-guide/network-configuration/agent-configuration/rsa-encryption,docs/identitymanager/current/integration-guide/network-configuration/agent-configuration/rsa-encryption.md,7.0,,,,,
Configure Okta,current,https://docs.netwrix.com/docs/identitymanager/current/integration-guide/network-configuration/configure-okta,docs/identitymanager/current/integration-guide/network-configuration/configure-okta.md,7.0,,,,,
Configure Okta,current,https://docs.netwrix.com/docs/identitymanager/current/integration-guide/network-configuration/how-tos/okta,docs/identitymanager/current/integration-guide/network-configuration/how-tos/okta.md,7.0,,,,,
Network Configuration,current,https://docs.netwrix.com/docs/identitymanager/current/integration-guide/network-configuration,docs/identitymanager/current/integration-guide/network-configuration/index.md,7.0,,,,,
Password Management,current,https://docs.netwrix.com/docs/identitymanager/current/integration-guide/network-configuration/password-management,docs/identitymanager/current/integration-guide/network-configuration/password-management.md,7.0,,,,,
Proxy Server,current,https://docs.netwrix.com/docs/identitymanager/current/integration-guide/network-configuration/proxy,docs/identitymanager/current/integration-guide/network-configuration/proxy.md,,,,,,
Connection to the Database,current,https://docs.netwrix.com/docs/identitymanager/current/integration-guide/network-configuration/server-configuration/database-connection,docs/identitymanager/current/integration-guide/network-configuration/server-configuration/database-connection.md,7.0,,,,,
End-User **authentication**,current,https://docs.netwrix.com/docs/identitymanager/current/integration-guide/network-configuration/server-configuration/end-users-authentication,docs/identitymanager/current/integration-guide/network-configuration/server-configuration/end-users-authentication.md,7.0,,,,,
Application Settings,current,https://docs.netwrix.com/docs/identitymanager/current/integration-guide/network-configuration/server-configuration/general-purpose,docs/identitymanager/current/integration-guide/network-configuration/server-configuration/general-purpose.md,7.0,,,,,
Server Configuration,current,https://docs.netwrix.com/docs/identitymanager/current/integration-guide/network-configuration/server-configuration,docs/identitymanager/current/integration-guide/network-configuration/server-configuration/index.md,7.0,,,,,
RSA Encryption,current,https://docs.netwrix.com/docs/identitymanager/current/integration-guide/network-configuration/server-configuration/rsa-encryption,docs/identitymanager/current/integration-guide/network-configuration/server-configuration/rsa-encryption.md,7.0,,,,,
Various XML Settings,current,https://docs.netwrix.com/docs/identitymanager/current/integration-guide/network-configuration/settings,docs/identitymanager/current/integration-guide/network-configuration/settings.md,7.0,,,,,
appsettings.connection,current,https://docs.netwrix.com/docs/identitymanager/current/integration-guide/network-configuration/technical-files/appsettings.connection,docs/identitymanager/current/integration-guide/network-configuration/technical-files/appsettings.connection.md,7.0,,,,,
Technical Files,current,https://docs.netwrix.com/docs/identitymanager/current/integration-guide/network-configuration/technical-files,docs/identitymanager/current/integration-guide/network-configuration/technical-files/index.md,7.0,,,,,
Custom Notifications,current,https://docs.netwrix.com/docs/identitymanager/current/integration-guide/notifications/custom,docs/identitymanager/current/integration-guide/notifications/custom.md,7.0,,,,,
Customize a Native Notification,current,https://docs.netwrix.com/docs/identitymanager/current/integration-guide/notifications/how-tos/customize-native-notification,docs/identitymanager/current/integration-guide/notifications/how-tos/customize-native-notification.md,7.0,,,,,
Set Notifications' Languages,current,https://docs.netwrix.com/docs/identitymanager/current/integration-guide/notifications/how-tos/set-language,docs/identitymanager/current/integration-guide/notifications/how-tos/set-language.md,7.0,,,,,
Notifications,current,https://docs.netwrix.com/docs/identitymanager/current/integration-guide/notifications,docs/identitymanager/current/integration-guide/notifications/index.md,7.0,,,,,
Access Certification,current,https://docs.netwrix.com/docs/identitymanager/current/integration-guide/notifications/native/access-certification,docs/identitymanager/current/integration-guide/notifications/native/access-certification.md,7.0,,,,,
Customize a Native Notification,current,https://docs.netwrix.com/docs/identitymanager/current/integration-guide/notifications/native/customize-native-notification,docs/identitymanager/current/integration-guide/notifications/native/customize-native-notification.md,7.0,,,,,
Jobs with Errors,current,https://docs.netwrix.com/docs/identitymanager/current/integration-guide/notifications/native/errored-jobs,docs/identitymanager/current/integration-guide/notifications/native/errored-jobs.md,7.0,,,,,
Native Notifications,current,https://docs.netwrix.com/docs/identitymanager/current/integration-guide/notifications/native,docs/identitymanager/current/integration-guide/notifications/native/index.md,7.0,,,,,
Manual Provisioning,current,https://docs.netwrix.com/docs/identitymanager/current/integration-guide/notifications/native/manual-provisioning,docs/identitymanager/current/integration-guide/notifications/native/manual-provisioning.md,7.0,,,,,
Password Reset,current,https://docs.netwrix.com/docs/identitymanager/current/integration-guide/notifications/native/password-reset,docs/identitymanager/current/integration-guide/notifications/native/password-reset.md,7.0,,,,,
Provisioning Review,current,https://docs.netwrix.com/docs/identitymanager/current/integration-guide/notifications/native/provisioning-review,docs/identitymanager/current/integration-guide/notifications/native/provisioning-review.md,7.0,,,,,
Role Review,current,https://docs.netwrix.com/docs/identitymanager/current/integration-guide/notifications/native/role-review,docs/identitymanager/current/integration-guide/notifications/native/role-review.md,7.0,,,,,
Set Notifications' Languages,current,https://docs.netwrix.com/docs/identitymanager/current/integration-guide/notifications/set-language,docs/identitymanager/current/integration-guide/notifications/set-language.md,7.0,,,,,
Create and Assign Profiles,current,https://docs.netwrix.com/docs/identitymanager/current/integration-guide/profiles-permissions/create-assign-profiles,docs/identitymanager/current/integration-guide/profiles-permissions/create-assign-profiles.md,,,,,,
Profiles & Permissions,current,https://docs.netwrix.com/docs/identitymanager/current/integration-guide/profiles-permissions,docs/identitymanager/current/integration-guide/profiles-permissions/index.md,7.0,,,,,
References: Permissions,current,https://docs.netwrix.com/docs/identitymanager/current/integration-guide/profiles-permissions/permissions,docs/identitymanager/current/integration-guide/profiles-permissions/permissions.md,,,,,,
Restrict Users' Rights,current,https://docs.netwrix.com/docs/identitymanager/current/integration-guide/profiles-permissions/rightsrestriction,docs/identitymanager/current/integration-guide/profiles-permissions/rightsrestriction.md,,,,,,
Compute a Resource Type's Provisioning Arguments,current,https://docs.netwrix.com/docs/identitymanager/current/integration-guide/provisioning/argumentsexpression,docs/identitymanager/current/integration-guide/provisioning/argumentsexpression.md,7.0,,,,,
Compute a Resource Type's Provisioning Arguments,current,https://docs.netwrix.com/docs/identitymanager/current/integration-guide/provisioning/how-tos/argumentsexpression,docs/identitymanager/current/integration-guide/provisioning/how-tos/argumentsexpression.md,7.0,,,,,
Provisioning,current,https://docs.netwrix.com/docs/identitymanager/current/integration-guide/provisioning,docs/identitymanager/current/integration-guide/provisioning/index.md,7.0,,,,,
Thresholds,current,https://docs.netwrix.com/docs/identitymanager/current/integration-guide/provisioning/prov-thresholds,docs/identitymanager/current/integration-guide/provisioning/prov-thresholds.md,7.0,,,,,
Resources,current,https://docs.netwrix.com/docs/identitymanager/current/integration-guide/resources,docs/identitymanager/current/integration-guide/resources.md,7.0,,,,,
Assignment Dates,current,https://docs.netwrix.com/docs/identitymanager/current/integration-guide/role-assignment/assignment-dates,docs/identitymanager/current/integration-guide/role-assignment/assignment-dates.md,7.0,,,,,
Entitlement Assignment,current,https://docs.netwrix.com/docs/identitymanager/current/integration-guide/role-assignment/assignments-of-entitlements,docs/identitymanager/current/integration-guide/role-assignment/assignments-of-entitlements.md,7.0,,,,,
Configure Indirect Permissions,current,https://docs.netwrix.com/docs/identitymanager/current/integration-guide/role-assignment/configureindirectpermissions,docs/identitymanager/current/integration-guide/role-assignment/configureindirectpermissions.md,7.0,,,,,
Conforming Assignments,current,https://docs.netwrix.com/docs/identitymanager/current/integration-guide/role-assignment/conformingassignmentcomputation,docs/identitymanager/current/integration-guide/role-assignment/conformingassignmentcomputation.md,7.0,,,,,
Evaluate Policy,current,https://docs.netwrix.com/docs/identitymanager/current/integration-guide/role-assignment/evaluate-policy,docs/identitymanager/current/integration-guide/role-assignment/evaluate-policy.md,7.0,,,,,
Existing Assignments,current,https://docs.netwrix.com/docs/identitymanager/current/integration-guide/role-assignment/existingassignmentsdeduction,docs/identitymanager/current/integration-guide/role-assignment/existingassignmentsdeduction.md,7.0,,,,,
Generate Contexts,current,https://docs.netwrix.com/docs/identitymanager/current/integration-guide/role-assignment/generate-contexts,docs/identitymanager/current/integration-guide/role-assignment/generate-contexts.md,7.0,,,,,
Configure Indirect Permissions,current,https://docs.netwrix.com/docs/identitymanager/current/integration-guide/role-assignment/how-tos/configureindirectpermissions,docs/identitymanager/current/integration-guide/role-assignment/how-tos/configureindirectpermissions.md,7.0,,,,,
Infer Single Roles with a Composite Role,current,https://docs.netwrix.com/docs/identitymanager/current/integration-guide/role-assignment/how-tos/infer-single-roles,docs/identitymanager/current/integration-guide/role-assignment/how-tos/infer-single-roles.md,7.0,,,,,
Restrict the Assignment,current,https://docs.netwrix.com/docs/identitymanager/current/integration-guide/role-assignment/how-tos/restrict-assignment,docs/identitymanager/current/integration-guide/role-assignment/how-tos/restrict-assignment.md,7.0,,,,,
Role Assignment,current,https://docs.netwrix.com/docs/identitymanager/current/integration-guide/role-assignment,docs/identitymanager/current/integration-guide/role-assignment/index.md,7.0,,,,,
Indirect Permissions,current,https://docs.netwrix.com/docs/identitymanager/current/integration-guide/role-assignment/indirectpermissions,docs/identitymanager/current/integration-guide/role-assignment/indirectpermissions.md,7.0,,,,,
Infer Single Roles with a Composite Role,current,https://docs.netwrix.com/docs/identitymanager/current/integration-guide/role-assignment/infer-single-roles,docs/identitymanager/current/integration-guide/role-assignment/infer-single-roles.md,7.0,,,,,
Non-Conforming Assignments,current,https://docs.netwrix.com/docs/identitymanager/current/integration-guide/role-assignment/nonconformingdetection,docs/identitymanager/current/integration-guide/role-assignment/nonconformingdetection.md,7.0,,,,,
Restrict the Assignment,current,https://docs.netwrix.com/docs/identitymanager/current/integration-guide/role-assignment/restrict-assignment,docs/identitymanager/current/integration-guide/role-assignment/restrict-assignment.md,7.0,,,,,
Assignment Policy,current,https://docs.netwrix.com/docs/identitymanager/current/integration-guide/role-assignment/role-model-rules,docs/identitymanager/current/integration-guide/role-assignment/role-model-rules.md,7.0,,,,,
Role Mining,current,https://docs.netwrix.com/docs/identitymanager/current/integration-guide/role-mining,docs/identitymanager/current/integration-guide/role-mining.md,7.0,,,,,
Role Model,current,https://docs.netwrix.com/docs/identitymanager/current/integration-guide/role-model,docs/identitymanager/current/integration-guide/role-model/index.md,7.0,,,,,
Assignment Policy,current,https://docs.netwrix.com/docs/identitymanager/current/integration-guide/role-model/role-model-rules,docs/identitymanager/current/integration-guide/role-model/role-model-rules.md,7.0,,,,,
Simulation,current,https://docs.netwrix.com/docs/identitymanager/current/integration-guide/simulation,docs/identitymanager/current/integration-guide/simulation.md,7.0,,,,,
Synchronization,current,https://docs.netwrix.com/docs/identitymanager/current/integration-guide/synchronization,docs/identitymanager/current/integration-guide/synchronization/index.md,7.0,,,,,
Thresholds,current,https://docs.netwrix.com/docs/identitymanager/current/integration-guide/synchronization/synchro-thresholds,docs/identitymanager/current/integration-guide/synchronization/synchro-thresholds.md,7.0,,,,,
Upward Data Synchronization,current,https://docs.netwrix.com/docs/identitymanager/current/integration-guide/synchronization/upward-data-sync,docs/identitymanager/current/integration-guide/synchronization/upward-data-sync.md,7.0,,,,,
Build Efficient Jobs,current,https://docs.netwrix.com/docs/identitymanager/current/integration-guide/tasks-jobs/build-efficient-jobs,docs/identitymanager/current/integration-guide/tasks-jobs/build-efficient-jobs.md,7.0,,,,,
Configure an Incremental Job,current,https://docs.netwrix.com/docs/identitymanager/current/integration-guide/tasks-jobs/configure-incremental-job,docs/identitymanager/current/integration-guide/tasks-jobs/configure-incremental-job.md,7.0,,,,,
Configure Jobs,current,https://docs.netwrix.com/docs/identitymanager/current/integration-guide/tasks-jobs/configure-jobs,docs/identitymanager/current/integration-guide/tasks-jobs/configure-jobs.md,7.0,,,,,
Configure the Fulfill Task for a Connector,current,https://docs.netwrix.com/docs/identitymanager/current/integration-guide/tasks-jobs/fulfillldap,docs/identitymanager/current/integration-guide/tasks-jobs/fulfillldap.md,7.0,,,,,
Tasks & Jobs,current,https://docs.netwrix.com/docs/identitymanager/current/integration-guide/tasks-jobs,docs/identitymanager/current/integration-guide/tasks-jobs/index.md,7.0,,,,,
Set up Complete Synchronization,current,https://docs.netwrix.com/docs/identitymanager/current/integration-guide/tasks-jobs/jobdaily,docs/identitymanager/current/integration-guide/tasks-jobs/jobdaily.md,7.0,,,,,
Set Up Incremental Synchronization,current,https://docs.netwrix.com/docs/identitymanager/current/integration-guide/tasks-jobs/jobfast,docs/identitymanager/current/integration-guide/tasks-jobs/jobfast.md,7.0,,,,,
Jobs,current,https://docs.netwrix.com/docs/identitymanager/current/integration-guide/tasks-jobs/jobs,docs/identitymanager/current/integration-guide/tasks-jobs/jobs.md,7.0,,,,,
Tasks,current,https://docs.netwrix.com/docs/identitymanager/current/integration-guide/tasks-jobs/tasks,docs/identitymanager/current/integration-guide/tasks-jobs/tasks.md,7.0,,,,,
Troubleshoot Connector Jobs,current,https://docs.netwrix.com/docs/identitymanager/current/integration-guide/tasks-jobs/troubleshoot-connector-jobs,docs/identitymanager/current/integration-guide/tasks-jobs/troubleshoot-connector-jobs.md,7.0,,,,,
Adjust Scaffolded Configuration,current,https://docs.netwrix.com/docs/identitymanager/current/integration-guide/toolkit/adjust-scaffoldings,docs/identitymanager/current/integration-guide/toolkit/adjust-scaffoldings.md,7.0,,,,,
Bindings,current,https://docs.netwrix.com/docs/identitymanager/current/integration-guide/toolkit/bindings,docs/identitymanager/current/integration-guide/toolkit/bindings.md,7.0,,,,,
Deploy the Configuration,current,https://docs.netwrix.com/docs/identitymanager/current/integration-guide/toolkit/deploy-configuration,docs/identitymanager/current/integration-guide/toolkit/deploy-configuration.md,7.0,,,,,
Export the Configuration,current,https://docs.netwrix.com/docs/identitymanager/current/integration-guide/toolkit/export-configuration,docs/identitymanager/current/integration-guide/toolkit/export-configuration.md,7.0,,,,,
C# utility functions,current,https://docs.netwrix.com/docs/identitymanager/current/integration-guide/toolkit/expressions/csharp-utility-functions,docs/identitymanager/current/integration-guide/toolkit/expressions/csharp-utility-functions.md,,,,,,
Expressions,current,https://docs.netwrix.com/docs/identitymanager/current/integration-guide/toolkit/expressions,docs/identitymanager/current/integration-guide/toolkit/expressions/index.md,7.0,,,,,
Predefined functions,current,https://docs.netwrix.com/docs/identitymanager/current/integration-guide/toolkit/expressions/predefined-functions,docs/identitymanager/current/integration-guide/toolkit/expressions/predefined-functions.md,7.0,,,,,
Hierarchy in Configuration Files,current,https://docs.netwrix.com/docs/identitymanager/current/integration-guide/toolkit/file-hierarchy,docs/identitymanager/current/integration-guide/toolkit/file-hierarchy.md,7.0,,,,,
Adjust Scaffolded Configuration,current,https://docs.netwrix.com/docs/identitymanager/current/integration-guide/toolkit/how-tos/adjust-scaffoldings,docs/identitymanager/current/integration-guide/toolkit/how-tos/adjust-scaffoldings.md,7.0,,,,,
Identity Manager Deploy the Configuration,current,https://docs.netwrix.com/docs/identitymanager/current/integration-guide/toolkit/how-tos/deploy-configuration,docs/identitymanager/current/integration-guide/toolkit/how-tos/deploy-configuration.md,7.0,,,,,
Export the Configuration,current,https://docs.netwrix.com/docs/identitymanager/current/integration-guide/toolkit/how-tos/export-configuration,docs/identitymanager/current/integration-guide/toolkit/how-tos/export-configuration.md,7.0,,,,,
Toolkit for XML Configuration,current,https://docs.netwrix.com/docs/identitymanager/current/integration-guide/toolkit,docs/identitymanager/current/integration-guide/toolkit/index.md,7.0,,,,,
Languages,current,https://docs.netwrix.com/docs/identitymanager/current/integration-guide/toolkit/languages,docs/identitymanager/current/integration-guide/toolkit/languages.md,7.0,,,,,
Base32 Parameter Names,current,https://docs.netwrix.com/docs/identitymanager/current/integration-guide/toolkit/parameter-names,docs/identitymanager/current/integration-guide/toolkit/parameter-names.md,7.0,,,,,
Recommendations,current,https://docs.netwrix.com/docs/identitymanager/current/integration-guide/toolkit/recommendations,docs/identitymanager/current/integration-guide/toolkit/recommendations.md,7.0,,,,,
Reserved identifiers,current,https://docs.netwrix.com/docs/identitymanager/current/integration-guide/toolkit/reservedidentifiers,docs/identitymanager/current/integration-guide/toolkit/reservedidentifiers.md,7.0,,,,,
AccessCertificationCampaignPolicy,current,https://docs.netwrix.com/docs/identitymanager/current/integration-guide/toolkit/xml-configuration/access-certification/accesscertificationcampaignpolicy,docs/identitymanager/current/integration-guide/toolkit/xml-configuration/access-certification/accesscertificationcampaignpolicy.md,7.0,,,,,
AccessCertificationDataFilter,current,https://docs.netwrix.com/docs/identitymanager/current/integration-guide/toolkit/xml-configuration/access-certification/accesscertificationdatafilter,docs/identitymanager/current/integration-guide/toolkit/xml-configuration/access-certification/accesscertificationdatafilter.md,7.0,,,,,
AccessCertificationItemReviewer,current,https://docs.netwrix.com/docs/identitymanager/current/integration-guide/toolkit/xml-configuration/access-certification/AccessCertificationItemReviewer,docs/identitymanager/current/integration-guide/toolkit/xml-configuration/access-certification/AccessCertificationItemReviewer.md,,,,,,
AccessCertificationOwnerFilter,current,https://docs.netwrix.com/docs/identitymanager/current/integration-guide/toolkit/xml-configuration/access-certification/accesscertificationownerfilter,docs/identitymanager/current/integration-guide/toolkit/xml-configuration/access-certification/accesscertificationownerfilter.md,7.0,,,,,
Access Certification,current,https://docs.netwrix.com/docs/identitymanager/current/integration-guide/toolkit/xml-configuration/access-certification,docs/identitymanager/current/integration-guide/toolkit/xml-configuration/access-certification/index.md,7.0,,,,,
AccessControlPermission,current,https://docs.netwrix.com/docs/identitymanager/current/integration-guide/toolkit/xml-configuration/access-control/accesscontrolpermission,docs/identitymanager/current/integration-guide/toolkit/xml-configuration/access-control/accesscontrolpermission.md,7.0,,,,,
AccessControlPropertyGroup,current,https://docs.netwrix.com/docs/identitymanager/current/integration-guide/toolkit/xml-configuration/access-control/accesscontrolpropertygroup,docs/identitymanager/current/integration-guide/toolkit/xml-configuration/access-control/accesscontrolpropertygroup.md,7.0,,,,,
AccessControlRule,current,https://docs.netwrix.com/docs/identitymanager/current/integration-guide/toolkit/xml-configuration/access-control/accesscontrolrule,docs/identitymanager/current/integration-guide/toolkit/xml-configuration/access-control/accesscontrolrule.md,7.0,,,,,
AssignedProfile,current,https://docs.netwrix.com/docs/identitymanager/current/integration-guide/toolkit/xml-configuration/access-control/assignedprofile,docs/identitymanager/current/integration-guide/toolkit/xml-configuration/access-control/assignedprofile.md,7.0,,,,,
Access Control,current,https://docs.netwrix.com/docs/identitymanager/current/integration-guide/toolkit/xml-configuration/access-control,docs/identitymanager/current/integration-guide/toolkit/xml-configuration/access-control/index.md,7.0,,,,,
OpenIdClient,current,https://docs.netwrix.com/docs/identitymanager/current/integration-guide/toolkit/xml-configuration/access-control/openidclient,docs/identitymanager/current/integration-guide/toolkit/xml-configuration/access-control/openidclient.md,7.0,,,,,
Profile,current,https://docs.netwrix.com/docs/identitymanager/current/integration-guide/toolkit/xml-configuration/access-control/profile,docs/identitymanager/current/integration-guide/toolkit/xml-configuration/access-control/profile.md,7.0,,,,,
ProfileContext,current,https://docs.netwrix.com/docs/identitymanager/current/integration-guide/toolkit/xml-configuration/access-control/profilecontext,docs/identitymanager/current/integration-guide/toolkit/xml-configuration/access-control/profilecontext.md,7.0,,,,,
ProfileRuleContext,current,https://docs.netwrix.com/docs/identitymanager/current/integration-guide/toolkit/xml-configuration/access-control/profilerulecontext,docs/identitymanager/current/integration-guide/toolkit/xml-configuration/access-control/profilerulecontext.md,,,,,,
Business Intelligence,current,https://docs.netwrix.com/docs/identitymanager/current/integration-guide/toolkit/xml-configuration/business-intelligence,docs/identitymanager/current/integration-guide/toolkit/xml-configuration/business-intelligence/index.md,7.0,,,,,
Universe,current,https://docs.netwrix.com/docs/identitymanager/current/integration-guide/toolkit/xml-configuration/business-intelligence/universe,docs/identitymanager/current/integration-guide/toolkit/xml-configuration/business-intelligence/universe.md,7.0,,,,,
Configuration,current,https://docs.netwrix.com/docs/identitymanager/current/integration-guide/toolkit/xml-configuration/configuration,docs/identitymanager/current/integration-guide/toolkit/xml-configuration/configuration/index.md,7.0,,,,,
AccessReviewAdministrationAccessControlRules,current,https://docs.netwrix.com/docs/identitymanager/current/integration-guide/toolkit/xml-configuration/configuration/scaffoldings/accesscontrolrules/accessreviews/accessreviewadministrationaccesscontrolrules,docs/identitymanager/current/integration-guide/toolkit/xml-configuration/configuration/scaffoldings/accesscontrolrules/accessreviews/accessreviewadministrationaccesscontrolrules.md,7.0,,,,,
Access Reviews,current,https://docs.netwrix.com/docs/identitymanager/current/integration-guide/toolkit/xml-configuration/configuration/scaffoldings/accesscontrolrules/accessreviews,docs/identitymanager/current/integration-guide/toolkit/xml-configuration/configuration/scaffoldings/accesscontrolrules/accessreviews/index.md,7.0,,,,,
ConnectorResourceTypeAccessControl,current,https://docs.netwrix.com/docs/identitymanager/current/integration-guide/toolkit/xml-configuration/configuration/scaffoldings/accesscontrolrules/connectors/connectorresourcetypeaccesscontrol,docs/identitymanager/current/integration-guide/toolkit/xml-configuration/configuration/scaffoldings/accesscontrolrules/connectors/connectorresourcetypeaccesscontrol.md,7.0,,,,,
Connectors,current,https://docs.netwrix.com/docs/identitymanager/current/integration-guide/toolkit/xml-configuration/configuration/scaffoldings/accesscontrolrules/connectors,docs/identitymanager/current/integration-guide/toolkit/xml-configuration/configuration/scaffoldings/accesscontrolrules/connectors/index.md,7.0,,,,,
SettingsAccessControlRules,current,https://docs.netwrix.com/docs/identitymanager/current/integration-guide/toolkit/xml-configuration/configuration/scaffoldings/accesscontrolrules/connectors/settingsaccesscontrolrules,docs/identitymanager/current/integration-guide/toolkit/xml-configuration/configuration/scaffoldings/accesscontrolrules/connectors/settingsaccesscontrolrules.md,7.0,,,,,
Access Control Rules,current,https://docs.netwrix.com/docs/identitymanager/current/integration-guide/toolkit/xml-configuration/configuration/scaffoldings/accesscontrolrules,docs/identitymanager/current/integration-guide/toolkit/xml-configuration/configuration/scaffoldings/accesscontrolrules/index.md,7.0,,,,,
GetJobLogAdministrationAccessControlRules,current,https://docs.netwrix.com/docs/identitymanager/current/integration-guide/toolkit/xml-configuration/configuration/scaffoldings/accesscontrolrules/jobs/getjoblogadministrationaccesscontrolrules,docs/identitymanager/current/integration-guide/toolkit/xml-configuration/configuration/scaffoldings/accesscontrolrules/jobs/getjoblogadministrationaccesscontrolrules.md,7.0,,,,,
Jobs,current,https://docs.netwrix.com/docs/identitymanager/current/integration-guide/toolkit/xml-configuration/configuration/scaffoldings/accesscontrolrules/jobs,docs/identitymanager/current/integration-guide/toolkit/xml-configuration/configuration/scaffoldings/accesscontrolrules/jobs/index.md,7.0,,,,,
JobAdministrationAccessControlRules,current,https://docs.netwrix.com/docs/identitymanager/current/integration-guide/toolkit/xml-configuration/configuration/scaffoldings/accesscontrolrules/jobs/jobadministrationaccesscontrolrules,docs/identitymanager/current/integration-guide/toolkit/xml-configuration/configuration/scaffoldings/accesscontrolrules/jobs/jobadministrationaccesscontrolrules.md,7.0,,,,,
JobTaskAdministrationAccessControlRules,current,https://docs.netwrix.com/docs/identitymanager/current/integration-guide/toolkit/xml-configuration/configuration/scaffoldings/accesscontrolrules/jobs/jobtaskadministrationaccesscontrolrules,docs/identitymanager/current/integration-guide/toolkit/xml-configuration/configuration/scaffoldings/accesscontrolrules/jobs/jobtaskadministrationaccesscontrolrules.md,7.0,,,,,
PendingAssignedResourceTypesAccessControlRules,current,https://docs.netwrix.com/docs/identitymanager/current/integration-guide/toolkit/xml-configuration/configuration/scaffoldings/accesscontrolrules/jobs/pendingassignedresourcetypesaccesscontrolrules,docs/identitymanager/current/integration-guide/toolkit/xml-configuration/configuration/scaffoldings/accesscontrolrules/jobs/pendingassignedresourcetypesaccesscontrolrules.md,7.0,,,,,
ProvisioningAccessControlRules,current,https://docs.netwrix.com/docs/identitymanager/current/integration-guide/toolkit/xml-configuration/configuration/scaffoldings/accesscontrolrules/jobs/provisioningaccesscontrolrules,docs/identitymanager/current/integration-guide/toolkit/xml-configuration/configuration/scaffoldings/accesscontrolrules/jobs/provisioningaccesscontrolrules.md,7.0,,,,,
ResourceChangesViewAccessControlRules,current,https://docs.netwrix.com/docs/identitymanager/current/integration-guide/toolkit/xml-configuration/configuration/scaffoldings/accesscontrolrules/jobs/resourcechangesviewaccesscontrolrules,docs/identitymanager/current/integration-guide/toolkit/xml-configuration/configuration/scaffoldings/accesscontrolrules/jobs/resourcechangesviewaccesscontrolrules.md,7.0,,,,,
ResourceTypeMappingControlRules,current,https://docs.netwrix.com/docs/identitymanager/current/integration-guide/toolkit/xml-configuration/configuration/scaffoldings/accesscontrolrules/jobs/resourcetypemappingcontrolrules,docs/identitymanager/current/integration-guide/toolkit/xml-configuration/configuration/scaffoldings/accesscontrolrules/jobs/resourcetypemappingcontrolrules.md,7.0,,,,,
RunJobAdministrationAccessControlRules,current,https://docs.netwrix.com/docs/identitymanager/current/integration-guide/toolkit/xml-configuration/configuration/scaffoldings/accesscontrolrules/jobs/runjobadministrationaccesscontrolrules,docs/identitymanager/current/integration-guide/toolkit/xml-configuration/configuration/scaffoldings/accesscontrolrules/jobs/runjobadministrationaccesscontrolrules.md,7.0,,,,,
RunJobNotificationAccessControlRules,current,https://docs.netwrix.com/docs/identitymanager/current/integration-guide/toolkit/xml-configuration/configuration/scaffoldings/accesscontrolrules/jobs/runjobnotificationaccesscontrolrules,docs/identitymanager/current/integration-guide/toolkit/xml-configuration/configuration/scaffoldings/accesscontrolrules/jobs/runjobnotificationaccesscontrolrules.md,7.0,,,,,
RunJobRepairAdministrationAccessControlRules,current,https://docs.netwrix.com/docs/identitymanager/current/integration-guide/toolkit/xml-configuration/configuration/scaffoldings/accesscontrolrules/jobs/runjobrepairadministrationaccesscontrolrules,docs/identitymanager/current/integration-guide/toolkit/xml-configuration/configuration/scaffoldings/accesscontrolrules/jobs/runjobrepairadministrationaccesscontrolrules.md,7.0,,,,,
RunJobRepairNotificationAccessControlRules,current,https://docs.netwrix.com/docs/identitymanager/current/integration-guide/toolkit/xml-configuration/configuration/scaffoldings/accesscontrolrules/jobs/runjobrepairnotificationaccesscontrolrules,docs/identitymanager/current/integration-guide/toolkit/xml-configuration/configuration/scaffoldings/accesscontrolrules/jobs/runjobrepairnotificationaccesscontrolrules.md,7.0,,,,,
SynchronizationAccessControlRules,current,https://docs.netwrix.com/docs/identitymanager/current/integration-guide/toolkit/xml-configuration/configuration/scaffoldings/accesscontrolrules/jobs/synchronizationaccesscontrolrules,docs/identitymanager/current/integration-guide/toolkit/xml-configuration/configuration/scaffoldings/accesscontrolrules/jobs/synchronizationaccesscontrolrules.md,7.0,,,,,
TaskAdministrationAccessControlRules,current,https://docs.netwrix.com/docs/identitymanager/current/integration-guide/toolkit/xml-configuration/configuration/scaffoldings/accesscontrolrules/jobs/taskadministrationaccesscontrolrules,docs/identitymanager/current/integration-guide/toolkit/xml-configuration/configuration/scaffoldings/accesscontrolrules/jobs/taskadministrationaccesscontrolrules.md,7.0,,,,,
TaskInstanceAdministrationAccessControlRules,current,https://docs.netwrix.com/docs/identitymanager/current/integration-guide/toolkit/xml-configuration/configuration/scaffoldings/accesscontrolrules/jobs/taskinstanceadministrationaccesscontrolrules,docs/identitymanager/current/integration-guide/toolkit/xml-configuration/configuration/scaffoldings/accesscontrolrules/jobs/taskinstanceadministrationaccesscontrolrules.md,7.0,,,,,
WorkflowFulfillmentControlRules,current,https://docs.netwrix.com/docs/identitymanager/current/integration-guide/toolkit/xml-configuration/configuration/scaffoldings/accesscontrolrules/jobs/workflowfulfillmentcontrolrules,docs/identitymanager/current/integration-guide/toolkit/xml-configuration/configuration/scaffoldings/accesscontrolrules/jobs/workflowfulfillmentcontrolrules.md,7.0,,,,,
Monitoring,current,https://docs.netwrix.com/docs/identitymanager/current/integration-guide/toolkit/xml-configuration/configuration/scaffoldings/accesscontrolrules/monitoring,docs/identitymanager/current/integration-guide/toolkit/xml-configuration/configuration/scaffoldings/accesscontrolrules/monitoring/index.md,7.0,,,,,
MonitoringAdministrationAccessControlRules,current,https://docs.netwrix.com/docs/identitymanager/current/integration-guide/toolkit/xml-configuration/configuration/scaffoldings/accesscontrolrules/monitoring/monitoringadministrationaccesscontrolrules,docs/identitymanager/current/integration-guide/toolkit/xml-configuration/configuration/scaffoldings/accesscontrolrules/monitoring/monitoringadministrationaccesscontrolrules.md,7.0,,,,,
AssignProfileAccessControlRules,current,https://docs.netwrix.com/docs/identitymanager/current/integration-guide/toolkit/xml-configuration/configuration/scaffoldings/accesscontrolrules/profiles/assignprofileaccesscontrolrules,docs/identitymanager/current/integration-guide/toolkit/xml-configuration/configuration/scaffoldings/accesscontrolrules/profiles/assignprofileaccesscontrolrules.md,7.0,,,,,
Profiles,current,https://docs.netwrix.com/docs/identitymanager/current/integration-guide/toolkit/xml-configuration/configuration/scaffoldings/accesscontrolrules/profiles,docs/identitymanager/current/integration-guide/toolkit/xml-configuration/configuration/scaffoldings/accesscontrolrules/profiles/index.md,7.0,,,,,
OpenIdClientAdministrationAccessControlRules,current,https://docs.netwrix.com/docs/identitymanager/current/integration-guide/toolkit/xml-configuration/configuration/scaffoldings/accesscontrolrules/profiles/openidclientadministrationaccesscontrolrules,docs/identitymanager/current/integration-guide/toolkit/xml-configuration/configuration/scaffoldings/accesscontrolrules/profiles/openidclientadministrationaccesscontrolrules.md,7.0,,,,,
ProfileAdministrationAccessControlRules,current,https://docs.netwrix.com/docs/identitymanager/current/integration-guide/toolkit/xml-configuration/configuration/scaffoldings/accesscontrolrules/profiles/profileadministrationaccesscontrolrules,docs/identitymanager/current/integration-guide/toolkit/xml-configuration/configuration/scaffoldings/accesscontrolrules/profiles/profileadministrationaccesscontrolrules.md,7.0,,,,,
Queries,current,https://docs.netwrix.com/docs/identitymanager/current/integration-guide/toolkit/xml-configuration/configuration/scaffoldings/accesscontrolrules/queries,docs/identitymanager/current/integration-guide/toolkit/xml-configuration/configuration/scaffoldings/accesscontrolrules/queries/index.md,7.0,,,,,
ManageSettingAccessControlRule,current,https://docs.netwrix.com/docs/identitymanager/current/integration-guide/toolkit/xml-configuration/configuration/scaffoldings/accesscontrolrules/queries/managesettingaccesscontrolrule,docs/identitymanager/current/integration-guide/toolkit/xml-configuration/configuration/scaffoldings/accesscontrolrules/queries/managesettingaccesscontrolrule.md,7.0,,,,,
ReportAccessControlRules,current,https://docs.netwrix.com/docs/identitymanager/current/integration-guide/toolkit/xml-configuration/configuration/scaffoldings/accesscontrolrules/queries/reportaccesscontrolrules,docs/identitymanager/current/integration-guide/toolkit/xml-configuration/configuration/scaffoldings/accesscontrolrules/queries/reportaccesscontrolrules.md,7.0,,,,,
TargetResourceReportAccessControlRules,current,https://docs.netwrix.com/docs/identitymanager/current/integration-guide/toolkit/xml-configuration/configuration/scaffoldings/accesscontrolrules/queries/targetresourcereportaccesscontrolrules,docs/identitymanager/current/integration-guide/toolkit/xml-configuration/configuration/scaffoldings/accesscontrolrules/queries/targetresourcereportaccesscontrolrules.md,7.0,,,,,
UniverseAccessControlRules,current,https://docs.netwrix.com/docs/identitymanager/current/integration-guide/toolkit/xml-configuration/configuration/scaffoldings/accesscontrolrules/queries/universeaccesscontrolrules,docs/identitymanager/current/integration-guide/toolkit/xml-configuration/configuration/scaffoldings/accesscontrolrules/queries/universeaccesscontrolrules.md,7.0,,,,,
CreateResourceIncrementalAccessControlRules,current,https://docs.netwrix.com/docs/identitymanager/current/integration-guide/toolkit/xml-configuration/configuration/scaffoldings/accesscontrolrules/resources/createresourceincrementalaccesscontrolrules,docs/identitymanager/current/integration-guide/toolkit/xml-configuration/configuration/scaffoldings/accesscontrolrules/resources/createresourceincrementalaccesscontrolrules.md,7.0,,,,,
Resources,current,https://docs.netwrix.com/docs/identitymanager/current/integration-guide/toolkit/xml-configuration/configuration/scaffoldings/accesscontrolrules/resources,docs/identitymanager/current/integration-guide/toolkit/xml-configuration/configuration/scaffoldings/accesscontrolrules/resources/index.md,7.0,,,,,
ResourceApiAdministration,current,https://docs.netwrix.com/docs/identitymanager/current/integration-guide/toolkit/xml-configuration/configuration/scaffoldings/accesscontrolrules/resources/resourceapiadministration,docs/identitymanager/current/integration-guide/toolkit/xml-configuration/configuration/scaffoldings/accesscontrolrules/resources/resourceapiadministration.md,7.0,,,,,
ResourcePickerControlRules,current,https://docs.netwrix.com/docs/identitymanager/current/integration-guide/toolkit/xml-configuration/configuration/scaffoldings/accesscontrolrules/resources/resourcepickercontrolrules,docs/identitymanager/current/integration-guide/toolkit/xml-configuration/configuration/scaffoldings/accesscontrolrules/resources/resourcepickercontrolrules.md,7.0,,,,,
ViewAccessControlRules,current,https://docs.netwrix.com/docs/identitymanager/current/integration-guide/toolkit/xml-configuration/configuration/scaffoldings/accesscontrolrules/resources/viewaccesscontrolrules,docs/identitymanager/current/integration-guide/toolkit/xml-configuration/configuration/scaffoldings/accesscontrolrules/resources/viewaccesscontrolrules.md,7.0,,,,,
ViewHistoryResourceTemplate,current,https://docs.netwrix.com/docs/identitymanager/current/integration-guide/toolkit/xml-configuration/configuration/scaffoldings/accesscontrolrules/resources/viewhistoryresourcetemplate,docs/identitymanager/current/integration-guide/toolkit/xml-configuration/configuration/scaffoldings/accesscontrolrules/resources/viewhistoryresourcetemplate.md,7.0,,,,,
AssignedRolesAccessControlRules,current,https://docs.netwrix.com/docs/identitymanager/current/integration-guide/toolkit/xml-configuration/configuration/scaffoldings/accesscontrolrules/rolemodels/assignedrolesaccesscontrolrules,docs/identitymanager/current/integration-guide/toolkit/xml-configuration/configuration/scaffoldings/accesscontrolrules/rolemodels/assignedrolesaccesscontrolrules.md,7.0,,,,,
BasketRulesControlRules,current,https://docs.netwrix.com/docs/identitymanager/current/integration-guide/toolkit/xml-configuration/configuration/scaffoldings/accesscontrolrules/rolemodels/basketrulescontrolrules,docs/identitymanager/current/integration-guide/toolkit/xml-configuration/configuration/scaffoldings/accesscontrolrules/rolemodels/basketrulescontrolrules.md,7.0,,,,,
BulkPerformManualProvisioningAccessControlRules,current,https://docs.netwrix.com/docs/identitymanager/current/integration-guide/toolkit/xml-configuration/configuration/scaffoldings/accesscontrolrules/rolemodels/bulkperformmanualprovisioningaccesscontrolrules,docs/identitymanager/current/integration-guide/toolkit/xml-configuration/configuration/scaffoldings/accesscontrolrules/rolemodels/bulkperformmanualprovisioningaccesscontrolrules.md,7.0,,,,,
BulkResourceReconciliationAccessControlRules,current,https://docs.netwrix.com/docs/identitymanager/current/integration-guide/toolkit/xml-configuration/configuration/scaffoldings/accesscontrolrules/rolemodels/bulkresourcereconciliationaccesscontrolrules,docs/identitymanager/current/integration-guide/toolkit/xml-configuration/configuration/scaffoldings/accesscontrolrules/rolemodels/bulkresourcereconciliationaccesscontrolrules.md,7.0,,,,,
BulkReviewProvisioningAccessControlRules,current,https://docs.netwrix.com/docs/identitymanager/current/integration-guide/toolkit/xml-configuration/configuration/scaffoldings/accesscontrolrules/rolemodels/bulkreviewprovisioningaccesscontrolrules,docs/identitymanager/current/integration-guide/toolkit/xml-configuration/configuration/scaffoldings/accesscontrolrules/rolemodels/bulkreviewprovisioningaccesscontrolrules.md,7.0,,,,,
BulkRoleReconciliationAccessControlRules,current,https://docs.netwrix.com/docs/identitymanager/current/integration-guide/toolkit/xml-configuration/configuration/scaffoldings/accesscontrolrules/rolemodels/bulkrolereconciliationaccesscontrolrules,docs/identitymanager/current/integration-guide/toolkit/xml-configuration/configuration/scaffoldings/accesscontrolrules/rolemodels/bulkrolereconciliationaccesscontrolrules.md,7.0,,,,,
GovernanceRolesAccessControlRules,current,https://docs.netwrix.com/docs/identitymanager/current/integration-guide/toolkit/xml-configuration/configuration/scaffoldings/accesscontrolrules/rolemodels/governancerolesaccesscontrolrules,docs/identitymanager/current/integration-guide/toolkit/xml-configuration/configuration/scaffoldings/accesscontrolrules/rolemodels/governancerolesaccesscontrolrules.md,7.0,,,,,
Role Models,current,https://docs.netwrix.com/docs/identitymanager/current/integration-guide/toolkit/xml-configuration/configuration/scaffoldings/accesscontrolrules/rolemodels,docs/identitymanager/current/integration-guide/toolkit/xml-configuration/configuration/scaffoldings/accesscontrolrules/rolemodels/index.md,7.0,,,,,
PerformManualProvisioningAccessControlRules,current,https://docs.netwrix.com/docs/identitymanager/current/integration-guide/toolkit/xml-configuration/configuration/scaffoldings/accesscontrolrules/rolemodels/performmanualprovisioningaccesscontrolrules,docs/identitymanager/current/integration-guide/toolkit/xml-configuration/configuration/scaffoldings/accesscontrolrules/rolemodels/performmanualprovisioningaccesscontrolrules.md,7.0,,,,,
ReconciliateResourcesAccessControlRules,current,https://docs.netwrix.com/docs/identitymanager/current/integration-guide/toolkit/xml-configuration/configuration/scaffoldings/accesscontrolrules/rolemodels/reconciliateresourcesaccesscontrolrules,docs/identitymanager/current/integration-guide/toolkit/xml-configuration/configuration/scaffoldings/accesscontrolrules/rolemodels/reconciliateresourcesaccesscontrolrules.md,7.0,,,,,
ReconciliateRolesAccessControlRules,current,https://docs.netwrix.com/docs/identitymanager/current/integration-guide/toolkit/xml-configuration/configuration/scaffoldings/accesscontrolrules/rolemodels/reconciliaterolesaccesscontrolrules,docs/identitymanager/current/integration-guide/toolkit/xml-configuration/configuration/scaffoldings/accesscontrolrules/rolemodels/reconciliaterolesaccesscontrolrules.md,7.0,,,,,
RedundantAssignmentAccessControlRule,current,https://docs.netwrix.com/docs/identitymanager/current/integration-guide/toolkit/xml-configuration/configuration/scaffoldings/accesscontrolrules/rolemodels/redundantassignmentaccesscontrolrule,docs/identitymanager/current/integration-guide/toolkit/xml-configuration/configuration/scaffoldings/accesscontrolrules/rolemodels/redundantassignmentaccesscontrolrule.md,7.0,,,,,
ReviewProvisioningAccessControlRules,current,https://docs.netwrix.com/docs/identitymanager/current/integration-guide/toolkit/xml-configuration/configuration/scaffoldings/accesscontrolrules/rolemodels/reviewprovisioningaccesscontrolrules,docs/identitymanager/current/integration-guide/toolkit/xml-configuration/configuration/scaffoldings/accesscontrolrules/rolemodels/reviewprovisioningaccesscontrolrules.md,7.0,,,,,
ReviewRolesAccessControlRules,current,https://docs.netwrix.com/docs/identitymanager/current/integration-guide/toolkit/xml-configuration/configuration/scaffoldings/accesscontrolrules/rolemodels/reviewrolesaccesscontrolrules,docs/identitymanager/current/integration-guide/toolkit/xml-configuration/configuration/scaffoldings/accesscontrolrules/rolemodels/reviewrolesaccesscontrolrules.md,7.0,,,,,
RisksAdministrationAccessControlRules,current,https://docs.netwrix.com/docs/identitymanager/current/integration-guide/toolkit/xml-configuration/configuration/scaffoldings/accesscontrolrules/rolemodels/risksadministrationaccesscontrolrules,docs/identitymanager/current/integration-guide/toolkit/xml-configuration/configuration/scaffoldings/accesscontrolrules/rolemodels/risksadministrationaccesscontrolrules.md,7.0,,,,,
RoleAdministrationAccessControlRules,current,https://docs.netwrix.com/docs/identitymanager/current/integration-guide/toolkit/xml-configuration/configuration/scaffoldings/accesscontrolrules/rolemodels/roleadministrationaccesscontrolrules,docs/identitymanager/current/integration-guide/toolkit/xml-configuration/configuration/scaffoldings/accesscontrolrules/rolemodels/roleadministrationaccesscontrolrules.md,7.0,,,,,
RoleNamingAccessControlRules,current,https://docs.netwrix.com/docs/identitymanager/current/integration-guide/toolkit/xml-configuration/configuration/scaffoldings/accesscontrolrules/rolemodels/rolenamingaccesscontrolrules,docs/identitymanager/current/integration-guide/toolkit/xml-configuration/configuration/scaffoldings/accesscontrolrules/rolemodels/rolenamingaccesscontrolrules.md,7.0,,,,,
Simulations,current,https://docs.netwrix.com/docs/identitymanager/current/integration-guide/toolkit/xml-configuration/configuration/scaffoldings/accesscontrolrules/simulations,docs/identitymanager/current/integration-guide/toolkit/xml-configuration/configuration/scaffoldings/accesscontrolrules/simulations/index.md,7.0,,,,,
PolicySimulationControlRules,current,https://docs.netwrix.com/docs/identitymanager/current/integration-guide/toolkit/xml-configuration/configuration/scaffoldings/accesscontrolrules/simulations/policysimulationcontrolrules,docs/identitymanager/current/integration-guide/toolkit/xml-configuration/configuration/scaffoldings/accesscontrolrules/simulations/policysimulationcontrolrules.md,7.0,,,,,
RoleAndSimulationControlRules,current,https://docs.netwrix.com/docs/identitymanager/current/integration-guide/toolkit/xml-configuration/configuration/scaffoldings/accesscontrolrules/simulations/roleandsimulationcontrolrules,docs/identitymanager/current/integration-guide/toolkit/xml-configuration/configuration/scaffoldings/accesscontrolrules/simulations/roleandsimulationcontrolrules.md,7.0,,,,,
User Interfaces,current,https://docs.netwrix.com/docs/identitymanager/current/integration-guide/toolkit/xml-configuration/configuration/scaffoldings/accesscontrolrules/userinterfaces,docs/identitymanager/current/integration-guide/toolkit/xml-configuration/configuration/scaffoldings/accesscontrolrules/userinterfaces/index.md,7.0,,,,,
ManageAccounts,current,https://docs.netwrix.com/docs/identitymanager/current/integration-guide/toolkit/xml-configuration/configuration/scaffoldings/accesscontrolrules/userinterfaces/manageaccounts,docs/identitymanager/current/integration-guide/toolkit/xml-configuration/configuration/scaffoldings/accesscontrolrules/userinterfaces/manageaccounts.md,7.0,,,,,
SearchBarPageAccessControl,current,https://docs.netwrix.com/docs/identitymanager/current/integration-guide/toolkit/xml-configuration/configuration/scaffoldings/accesscontrolrules/userinterfaces/searchbarpageaccesscontrol,docs/identitymanager/current/integration-guide/toolkit/xml-configuration/configuration/scaffoldings/accesscontrolrules/userinterfaces/searchbarpageaccesscontrol.md,7.0,,,,,
CreateUpdateDeleteAccessControlRules,current,https://docs.netwrix.com/docs/identitymanager/current/integration-guide/toolkit/xml-configuration/configuration/scaffoldings/accesscontrolrules/workflows/createupdatedeleteaccesscontrolrules,docs/identitymanager/current/integration-guide/toolkit/xml-configuration/configuration/scaffoldings/accesscontrolrules/workflows/createupdatedeleteaccesscontrolrules.md,7.0,,,,,
Workflows,current,https://docs.netwrix.com/docs/identitymanager/current/integration-guide/toolkit/xml-configuration/configuration/scaffoldings/accesscontrolrules/workflows,docs/identitymanager/current/integration-guide/toolkit/xml-configuration/configuration/scaffoldings/accesscontrolrules/workflows/index.md,7.0,,,,,
UpdateResourcesAccessControlRules,current,https://docs.netwrix.com/docs/identitymanager/current/integration-guide/toolkit/xml-configuration/configuration/scaffoldings/accesscontrolrules/workflows/updateresourcesaccesscontrolrules,docs/identitymanager/current/integration-guide/toolkit/xml-configuration/configuration/scaffoldings/accesscontrolrules/workflows/updateresourcesaccesscontrolrules.md,7.0,,,,,
WorkflowAccessControlRules,current,https://docs.netwrix.com/docs/identitymanager/current/integration-guide/toolkit/xml-configuration/configuration/scaffoldings/accesscontrolrules/workflows/workflowaccesscontrolrules,docs/identitymanager/current/integration-guide/toolkit/xml-configuration/configuration/scaffoldings/accesscontrolrules/workflows/workflowaccesscontrolrules.md,7.0,,,,,
WorkflowAspect,current,https://docs.netwrix.com/docs/identitymanager/current/integration-guide/toolkit/xml-configuration/configuration/scaffoldings/accesscontrolrules/workflows/workflowaspect,docs/identitymanager/current/integration-guide/toolkit/xml-configuration/configuration/scaffoldings/accesscontrolrules/workflows/workflowaspect.md,7.0,,,,,
WorkflowConfigurationControlRules,current,https://docs.netwrix.com/docs/identitymanager/current/integration-guide/toolkit/xml-configuration/configuration/scaffoldings/accesscontrolrules/workflows/workflowconfigurationcontrolrules,docs/identitymanager/current/integration-guide/toolkit/xml-configuration/configuration/scaffoldings/accesscontrolrules/workflows/workflowconfigurationcontrolrules.md,7.0,,,,,
WorkflowOverviewControlRules,current,https://docs.netwrix.com/docs/identitymanager/current/integration-guide/toolkit/xml-configuration/configuration/scaffoldings/accesscontrolrules/workflows/workflowoverviewcontrolrules,docs/identitymanager/current/integration-guide/toolkit/xml-configuration/configuration/scaffoldings/accesscontrolrules/workflows/workflowoverviewcontrolrules.md,7.0,,,,,
ConnectorMappings,current,https://docs.netwrix.com/docs/identitymanager/current/integration-guide/toolkit/xml-configuration/configuration/scaffoldings/entitytypes/entitytypes/connectormappings,docs/identitymanager/current/integration-guide/toolkit/xml-configuration/configuration/scaffoldings/entitytypes/entitytypes/connectormappings.md,7.0,,,,,
EntityTypeDisplayName,current,https://docs.netwrix.com/docs/identitymanager/current/integration-guide/toolkit/xml-configuration/configuration/scaffoldings/entitytypes/entitytypes/entitytypedisplayname,docs/identitymanager/current/integration-guide/toolkit/xml-configuration/configuration/scaffoldings/entitytypes/entitytypes/entitytypedisplayname.md,7.0,,,,,
EntityTypeDisplayTable,current,https://docs.netwrix.com/docs/identitymanager/current/integration-guide/toolkit/xml-configuration/configuration/scaffoldings/entitytypes/entitytypes/entitytypedisplaytable,docs/identitymanager/current/integration-guide/toolkit/xml-configuration/configuration/scaffoldings/entitytypes/entitytypes/entitytypedisplaytable.md,7.0,,,,,
EntityTypeDisplayTableAdaptable,current,https://docs.netwrix.com/docs/identitymanager/current/integration-guide/toolkit/xml-configuration/configuration/scaffoldings/entitytypes/entitytypes/entitytypedisplaytableadaptable,docs/identitymanager/current/integration-guide/toolkit/xml-configuration/configuration/scaffoldings/entitytypes/entitytypes/entitytypedisplaytableadaptable.md,7.0,,,,,
EntityTypeDisplayTargetResourceTable,current,https://docs.netwrix.com/docs/identitymanager/current/integration-guide/toolkit/xml-configuration/configuration/scaffoldings/entitytypes/entitytypes/entitytypedisplaytargetresourcetable,docs/identitymanager/current/integration-guide/toolkit/xml-configuration/configuration/scaffoldings/entitytypes/entitytypes/entitytypedisplaytargetresourcetable.md,7.0,,,,,
EntityTypeMenuItem,current,https://docs.netwrix.com/docs/identitymanager/current/integration-guide/toolkit/xml-configuration/configuration/scaffoldings/entitytypes/entitytypes/entitytypemenuitem,docs/identitymanager/current/integration-guide/toolkit/xml-configuration/configuration/scaffoldings/entitytypes/entitytypes/entitytypemenuitem.md,7.0,,,,,
EntityTypeSearchBar,current,https://docs.netwrix.com/docs/identitymanager/current/integration-guide/toolkit/xml-configuration/configuration/scaffoldings/entitytypes/entitytypes/entitytypesearchbar,docs/identitymanager/current/integration-guide/toolkit/xml-configuration/configuration/scaffoldings/entitytypes/entitytypes/entitytypesearchbar.md,7.0,,,,,
Entity Types,current,https://docs.netwrix.com/docs/identitymanager/current/integration-guide/toolkit/xml-configuration/configuration/scaffoldings/entitytypes/entitytypes,docs/identitymanager/current/integration-guide/toolkit/xml-configuration/configuration/scaffoldings/entitytypes/entitytypes/index.md,7.0,,,,,
TargetResourceReportMenus,current,https://docs.netwrix.com/docs/identitymanager/current/integration-guide/toolkit/xml-configuration/configuration/scaffoldings/entitytypes/entitytypes/targetresourcereportmenus,docs/identitymanager/current/integration-guide/toolkit/xml-configuration/configuration/scaffoldings/entitytypes/entitytypes/targetresourcereportmenus.md,7.0,,,,,
Entity Types,current,https://docs.netwrix.com/docs/identitymanager/current/integration-guide/toolkit/xml-configuration/configuration/scaffoldings/entitytypes,docs/identitymanager/current/integration-guide/toolkit/xml-configuration/configuration/scaffoldings/entitytypes/index.md,7.0,,,,,
CreateUpdateDeleteMenus,current,https://docs.netwrix.com/docs/identitymanager/current/integration-guide/toolkit/xml-configuration/configuration/scaffoldings/entitytypes/workflows/createupdatedeletemenus,docs/identitymanager/current/integration-guide/toolkit/xml-configuration/configuration/scaffoldings/entitytypes/workflows/createupdatedeletemenus.md,,,,,,
CreateUpdateDeleteWorkflows,current,https://docs.netwrix.com/docs/identitymanager/current/integration-guide/toolkit/xml-configuration/configuration/scaffoldings/entitytypes/workflows/createupdatedeleteworkflows,docs/identitymanager/current/integration-guide/toolkit/xml-configuration/configuration/scaffoldings/entitytypes/workflows/createupdatedeleteworkflows.md,7.0,,,,,
Workflows,current,https://docs.netwrix.com/docs/identitymanager/current/integration-guide/toolkit/xml-configuration/configuration/scaffoldings/entitytypes/workflows,docs/identitymanager/current/integration-guide/toolkit/xml-configuration/configuration/scaffoldings/entitytypes/workflows/index.md,7.0,,,,,
UpdateResourcesMenus,current,https://docs.netwrix.com/docs/identitymanager/current/integration-guide/toolkit/xml-configuration/configuration/scaffoldings/entitytypes/workflows/updateresourcesmenus,docs/identitymanager/current/integration-guide/toolkit/xml-configuration/configuration/scaffoldings/entitytypes/workflows/updateresourcesmenus.md,,,,,,
UpdateResourcesWorkflows,current,https://docs.netwrix.com/docs/identitymanager/current/integration-guide/toolkit/xml-configuration/configuration/scaffoldings/entitytypes/workflows/updateresourcesworkflows,docs/identitymanager/current/integration-guide/toolkit/xml-configuration/configuration/scaffoldings/entitytypes/workflows/updateresourcesworkflows.md,7.0,,,,,
WorkflowActorsNotification,current,https://docs.netwrix.com/docs/identitymanager/current/integration-guide/toolkit/xml-configuration/configuration/scaffoldings/entitytypes/workflows/workflowactorsnotification,docs/identitymanager/current/integration-guide/toolkit/xml-configuration/configuration/scaffoldings/entitytypes/workflows/workflowactorsnotification.md,7.0,,,,,
WorkflowEntityType,current,https://docs.netwrix.com/docs/identitymanager/current/integration-guide/toolkit/xml-configuration/configuration/scaffoldings/entitytypes/workflows/workflowentitytype,docs/identitymanager/current/integration-guide/toolkit/xml-configuration/configuration/scaffoldings/entitytypes/workflows/workflowentitytype.md,7.0,,,,,
WorkflowEntityTypeDisplayEntityType,current,https://docs.netwrix.com/docs/identitymanager/current/integration-guide/toolkit/xml-configuration/configuration/scaffoldings/entitytypes/workflows/workflowentitytypedisplayentitytype,docs/identitymanager/current/integration-guide/toolkit/xml-configuration/configuration/scaffoldings/entitytypes/workflows/workflowentitytypedisplayentitytype.md,7.0,,,,,
WorkflowEntityTypeDisplayTable,current,https://docs.netwrix.com/docs/identitymanager/current/integration-guide/toolkit/xml-configuration/configuration/scaffoldings/entitytypes/workflows/workflowentitytypedisplaytable,docs/identitymanager/current/integration-guide/toolkit/xml-configuration/configuration/scaffoldings/entitytypes/workflows/workflowentitytypedisplaytable.md,7.0,,,,,
WorkflowEntityTypeSearchBar,current,https://docs.netwrix.com/docs/identitymanager/current/integration-guide/toolkit/xml-configuration/configuration/scaffoldings/entitytypes/workflows/workflowentitytypesearchbar,docs/identitymanager/current/integration-guide/toolkit/xml-configuration/configuration/scaffoldings/entitytypes/workflows/workflowentitytypesearchbar.md,7.0,,,,,
WorkflowPerformerNotification,current,https://docs.netwrix.com/docs/identitymanager/current/integration-guide/toolkit/xml-configuration/configuration/scaffoldings/entitytypes/workflows/workflowperformernotification,docs/identitymanager/current/integration-guide/toolkit/xml-configuration/configuration/scaffoldings/entitytypes/workflows/workflowperformernotification.md,7.0,,,,,
Scaffoldings,current,https://docs.netwrix.com/docs/identitymanager/current/integration-guide/toolkit/xml-configuration/configuration/scaffoldings,docs/identitymanager/current/integration-guide/toolkit/xml-configuration/configuration/scaffoldings/index.md,7.0,,,,,
CleanDatabaseJob,current,https://docs.netwrix.com/docs/identitymanager/current/integration-guide/toolkit/xml-configuration/configuration/scaffoldings/jobs/cleandatabasejob,docs/identitymanager/current/integration-guide/toolkit/xml-configuration/configuration/scaffoldings/jobs/cleandatabasejob.md,7.0,,,,,
CreateAccessCertificationJob,current,https://docs.netwrix.com/docs/identitymanager/current/integration-guide/toolkit/xml-configuration/configuration/scaffoldings/jobs/createaccesscertificationjob,docs/identitymanager/current/integration-guide/toolkit/xml-configuration/configuration/scaffoldings/jobs/createaccesscertificationjob.md,7.0,,,,,
CreateAgentSynchroComplete,current,https://docs.netwrix.com/docs/identitymanager/current/integration-guide/toolkit/xml-configuration/configuration/scaffoldings/jobs/createagentsynchrocomplete,docs/identitymanager/current/integration-guide/toolkit/xml-configuration/configuration/scaffoldings/jobs/createagentsynchrocomplete.md,7.0,,,,,
CreateAgentSynchroIncremental,current,https://docs.netwrix.com/docs/identitymanager/current/integration-guide/toolkit/xml-configuration/configuration/scaffoldings/jobs/createagentsynchroincremental,docs/identitymanager/current/integration-guide/toolkit/xml-configuration/configuration/scaffoldings/jobs/createagentsynchroincremental.md,7.0,,,,,
CreateConnectorsJobs,current,https://docs.netwrix.com/docs/identitymanager/current/integration-guide/toolkit/xml-configuration/configuration/scaffoldings/jobs/createconnectorsjobs,docs/identitymanager/current/integration-guide/toolkit/xml-configuration/configuration/scaffoldings/jobs/createconnectorsjobs.md,7.0,,,,,
CreateConnectorSynchroComplete,current,https://docs.netwrix.com/docs/identitymanager/current/integration-guide/toolkit/xml-configuration/configuration/scaffoldings/jobs/createconnectorsynchrocomplete,docs/identitymanager/current/integration-guide/toolkit/xml-configuration/configuration/scaffoldings/jobs/createconnectorsynchrocomplete.md,7.0,,,,,
CreateConnectorSynchroIncremental,current,https://docs.netwrix.com/docs/identitymanager/current/integration-guide/toolkit/xml-configuration/configuration/scaffoldings/jobs/createconnectorsynchroincremental,docs/identitymanager/current/integration-guide/toolkit/xml-configuration/configuration/scaffoldings/jobs/createconnectorsynchroincremental.md,7.0,,,,,
CreateInitializationJob,current,https://docs.netwrix.com/docs/identitymanager/current/integration-guide/toolkit/xml-configuration/configuration/scaffoldings/jobs/createinitializationjob,docs/identitymanager/current/integration-guide/toolkit/xml-configuration/configuration/scaffoldings/jobs/createinitializationjob.md,7.0,,,,,
Jobs,current,https://docs.netwrix.com/docs/identitymanager/current/integration-guide/toolkit/xml-configuration/configuration/scaffoldings/jobs,docs/identitymanager/current/integration-guide/toolkit/xml-configuration/configuration/scaffoldings/jobs/index.md,7.0,,,,,
Optimizations,current,https://docs.netwrix.com/docs/identitymanager/current/integration-guide/toolkit/xml-configuration/configuration/scaffoldings/optimizations,docs/identitymanager/current/integration-guide/toolkit/xml-configuration/configuration/scaffoldings/optimizations/index.md,7.0,,,,,
OptimizeDisplayTable,current,https://docs.netwrix.com/docs/identitymanager/current/integration-guide/toolkit/xml-configuration/configuration/scaffoldings/optimizations/optimizedisplaytable,docs/identitymanager/current/integration-guide/toolkit/xml-configuration/configuration/scaffoldings/optimizations/optimizedisplaytable.md,,,,,,
Queries,current,https://docs.netwrix.com/docs/identitymanager/current/integration-guide/toolkit/xml-configuration/configuration/scaffoldings/queries,docs/identitymanager/current/integration-guide/toolkit/xml-configuration/configuration/scaffoldings/queries/index.md,7.0,,,,,
TargetResourceReport,current,https://docs.netwrix.com/docs/identitymanager/current/integration-guide/toolkit/xml-configuration/configuration/scaffoldings/queries/targetresourcereport,docs/identitymanager/current/integration-guide/toolkit/xml-configuration/configuration/scaffoldings/queries/targetresourcereport.md,7.0,,,,,
UniverseDataModel,current,https://docs.netwrix.com/docs/identitymanager/current/integration-guide/toolkit/xml-configuration/configuration/scaffoldings/queries/universedatamodel,docs/identitymanager/current/integration-guide/toolkit/xml-configuration/configuration/scaffoldings/queries/universedatamodel.md,7.0,,,,,
ConnectorsAccessControlRules,current,https://docs.netwrix.com/docs/identitymanager/current/integration-guide/toolkit/xml-configuration/configuration/scaffoldings/templates/connectorsaccesscontrolrules,docs/identitymanager/current/integration-guide/toolkit/xml-configuration/configuration/scaffoldings/templates/connectorsaccesscontrolrules.md,7.0,,,,,
CreateAdministratorProfile,current,https://docs.netwrix.com/docs/identitymanager/current/integration-guide/toolkit/xml-configuration/configuration/scaffoldings/templates/createadministratorprofile,docs/identitymanager/current/integration-guide/toolkit/xml-configuration/configuration/scaffoldings/templates/createadministratorprofile.md,7.0,,,,,
CreateUpdateDeleteTemplate,current,https://docs.netwrix.com/docs/identitymanager/current/integration-guide/toolkit/xml-configuration/configuration/scaffoldings/templates/createupdatedeletetemplate,docs/identitymanager/current/integration-guide/toolkit/xml-configuration/configuration/scaffoldings/templates/createupdatedeletetemplate.md,7.0,,,,,
EntityReportDefault,current,https://docs.netwrix.com/docs/identitymanager/current/integration-guide/toolkit/xml-configuration/configuration/scaffoldings/templates/entityreportdefault,docs/identitymanager/current/integration-guide/toolkit/xml-configuration/configuration/scaffoldings/templates/entityreportdefault.md,7.0,,,,,
Templates,current,https://docs.netwrix.com/docs/identitymanager/current/integration-guide/toolkit/xml-configuration/configuration/scaffoldings/templates,docs/identitymanager/current/integration-guide/toolkit/xml-configuration/configuration/scaffoldings/templates/index.md,7.0,,,,,
JobExecutionAccessControlRules,current,https://docs.netwrix.com/docs/identitymanager/current/integration-guide/toolkit/xml-configuration/configuration/scaffoldings/templates/jobexecutionaccesscontrolrules,docs/identitymanager/current/integration-guide/toolkit/xml-configuration/configuration/scaffoldings/templates/jobexecutionaccesscontrolrules.md,7.0,,,,,
JobViewAccessControlRules,current,https://docs.netwrix.com/docs/identitymanager/current/integration-guide/toolkit/xml-configuration/configuration/scaffoldings/templates/jobviewaccesscontrolrules,docs/identitymanager/current/integration-guide/toolkit/xml-configuration/configuration/scaffoldings/templates/jobviewaccesscontrolrules.md,7.0,,,,,
SimulationAccessControlRules,current,https://docs.netwrix.com/docs/identitymanager/current/integration-guide/toolkit/xml-configuration/configuration/scaffoldings/templates/simulationaccesscontrolrules,docs/identitymanager/current/integration-guide/toolkit/xml-configuration/configuration/scaffoldings/templates/simulationaccesscontrolrules.md,7.0,,,,,
UpdateResourcesTemplate,current,https://docs.netwrix.com/docs/identitymanager/current/integration-guide/toolkit/xml-configuration/configuration/scaffoldings/templates/updateresourcestemplate,docs/identitymanager/current/integration-guide/toolkit/xml-configuration/configuration/scaffoldings/templates/updateresourcestemplate.md,7.0,,,,,
ViewSourceResourceTemplate,current,https://docs.netwrix.com/docs/identitymanager/current/integration-guide/toolkit/xml-configuration/configuration/scaffoldings/templates/viewsourceresourcetemplate,docs/identitymanager/current/integration-guide/toolkit/xml-configuration/configuration/scaffoldings/templates/viewsourceresourcetemplate.md,7.0,,,,,
ViewTargetResourceTemplate,current,https://docs.netwrix.com/docs/identitymanager/current/integration-guide/toolkit/xml-configuration/configuration/scaffoldings/templates/viewtargetresourcetemplate,docs/identitymanager/current/integration-guide/toolkit/xml-configuration/configuration/scaffoldings/templates/viewtargetresourcetemplate.md,7.0,,,,,
ViewTemplate,current,https://docs.netwrix.com/docs/identitymanager/current/integration-guide/toolkit/xml-configuration/configuration/scaffoldings/templates/viewtemplate,docs/identitymanager/current/integration-guide/toolkit/xml-configuration/configuration/scaffoldings/templates/viewtemplate.md,7.0,,,,,
ViewTemplateAdaptable,current,https://docs.netwrix.com/docs/identitymanager/current/integration-guide/toolkit/xml-configuration/configuration/scaffoldings/templates/viewtemplateadaptable,docs/identitymanager/current/integration-guide/toolkit/xml-configuration/configuration/scaffoldings/templates/viewtemplateadaptable.md,7.0,,,,,
BootstrapModule,current,https://docs.netwrix.com/docs/identitymanager/current/integration-guide/toolkit/xml-configuration/configuration/scaffoldings/workforce/bootstrapmodule,docs/identitymanager/current/integration-guide/toolkit/xml-configuration/configuration/scaffoldings/workforce/bootstrapmodule.md,7.0,,,,,
Workforce,current,https://docs.netwrix.com/docs/identitymanager/current/integration-guide/toolkit/xml-configuration/configuration/scaffoldings/workforce,docs/identitymanager/current/integration-guide/toolkit/xml-configuration/configuration/scaffoldings/workforce/index.md,7.0,,,,,
ProfileModule,current,https://docs.netwrix.com/docs/identitymanager/current/integration-guide/toolkit/xml-configuration/configuration/scaffoldings/workforce/profilemodule,docs/identitymanager/current/integration-guide/toolkit/xml-configuration/configuration/scaffoldings/workforce/profilemodule.md,7.0,,,,,
WorkforceModule,current,https://docs.netwrix.com/docs/identitymanager/current/integration-guide/toolkit/xml-configuration/configuration/scaffoldings/workforce/workforcemodule,docs/identitymanager/current/integration-guide/toolkit/xml-configuration/configuration/scaffoldings/workforce/workforcemodule.md,,,,,,
Agent,current,https://docs.netwrix.com/docs/identitymanager/current/integration-guide/toolkit/xml-configuration/connectors/agent,docs/identitymanager/current/integration-guide/toolkit/xml-configuration/connectors/agent.md,7.0,,,,,
Connection,current,https://docs.netwrix.com/docs/identitymanager/current/integration-guide/toolkit/xml-configuration/connectors/connection,docs/identitymanager/current/integration-guide/toolkit/xml-configuration/connectors/connection.md,7.0,,,,,
ConnectionTable,current,https://docs.netwrix.com/docs/identitymanager/current/integration-guide/toolkit/xml-configuration/connectors/connectiontable,docs/identitymanager/current/integration-guide/toolkit/xml-configuration/connectors/connectiontable.md,7.0,,,,,
Connector,current,https://docs.netwrix.com/docs/identitymanager/current/integration-guide/toolkit/xml-configuration/connectors/connector,docs/identitymanager/current/integration-guide/toolkit/xml-configuration/connectors/connector.md,7.0,,,,,
EntityAssociationMapping,current,https://docs.netwrix.com/docs/identitymanager/current/integration-guide/toolkit/xml-configuration/connectors/entityassociationmapping,docs/identitymanager/current/integration-guide/toolkit/xml-configuration/connectors/entityassociationmapping.md,7.0,,,,,
EntityTypeMapping,current,https://docs.netwrix.com/docs/identitymanager/current/integration-guide/toolkit/xml-configuration/connectors/entitytypemapping,docs/identitymanager/current/integration-guide/toolkit/xml-configuration/connectors/entitytypemapping.md,7.0,,,,,
Connectors,current,https://docs.netwrix.com/docs/identitymanager/current/integration-guide/toolkit/xml-configuration/connectors,docs/identitymanager/current/integration-guide/toolkit/xml-configuration/connectors/index.md,7.0,,,,,
PasswordResetSettings,current,https://docs.netwrix.com/docs/identitymanager/current/integration-guide/toolkit/xml-configuration/connectors/passwordresetsettings,docs/identitymanager/current/integration-guide/toolkit/xml-configuration/connectors/passwordresetsettings.md,7.0,,,,,
AzureADResourceTypeMapping,current,https://docs.netwrix.com/docs/identitymanager/current/integration-guide/toolkit/xml-configuration/connectors/resourcetypemappings/azureadresourcetypemapping,docs/identitymanager/current/integration-guide/toolkit/xml-configuration/connectors/resourcetypemappings/azureadresourcetypemapping.mdx,7.0,,,,,
EasyVistaResourceTypeMapping,current,https://docs.netwrix.com/docs/identitymanager/current/integration-guide/toolkit/xml-configuration/connectors/resourcetypemappings/easyvistaresourcetypemapping,docs/identitymanager/current/integration-guide/toolkit/xml-configuration/connectors/resourcetypemappings/easyvistaresourcetypemapping.mdx,7.0,,,,,
EasyVistaUserResourceTypeMapping,current,https://docs.netwrix.com/docs/identitymanager/current/integration-guide/toolkit/xml-configuration/connectors/resourcetypemappings/easyvistauserresourcetypemapping,docs/identitymanager/current/integration-guide/toolkit/xml-configuration/connectors/resourcetypemappings/easyvistauserresourcetypemapping.md,7.0,,,,,
Resource Type Mappings,current,https://docs.netwrix.com/docs/identitymanager/current/integration-guide/toolkit/xml-configuration/connectors/resourcetypemappings,docs/identitymanager/current/integration-guide/toolkit/xml-configuration/connectors/resourcetypemappings/index.md,7.0,,,,,
LdapResourceTypeMapping,current,https://docs.netwrix.com/docs/identitymanager/current/integration-guide/toolkit/xml-configuration/connectors/resourcetypemappings/ldapresourcetypemapping,docs/identitymanager/current/integration-guide/toolkit/xml-configuration/connectors/resourcetypemappings/ldapresourcetypemapping.mdx,7.0,,,,,
ManualProvisioningResourceTypeMapping,current,https://docs.netwrix.com/docs/identitymanager/current/integration-guide/toolkit/xml-configuration/connectors/resourcetypemappings/manualprovisioningresourcetypemapping,docs/identitymanager/current/integration-guide/toolkit/xml-configuration/connectors/resourcetypemappings/manualprovisioningresourcetypemapping.mdx,7.0,,,,,
Microsoft EntraID Resource Type Mapping,current,https://docs.netwrix.com/docs/identitymanager/current/integration-guide/toolkit/xml-configuration/connectors/resourcetypemappings/microsoftentraidresourcetypemapping,docs/identitymanager/current/integration-guide/toolkit/xml-configuration/connectors/resourcetypemappings/microsoftentraidresourcetypemapping.md,7.0,,,,,
NimResourceTypeMapping,current,https://docs.netwrix.com/docs/identitymanager/current/integration-guide/toolkit/xml-configuration/connectors/resourcetypemappings/nimresourcetypemapping,docs/identitymanager/current/integration-guide/toolkit/xml-configuration/connectors/resourcetypemappings/nimresourcetypemapping.mdx,7.0,,,,,
OktaResourceTypeMapping,current,https://docs.netwrix.com/docs/identitymanager/current/integration-guide/toolkit/xml-configuration/connectors/resourcetypemappings/oktaresourcetypemapping,docs/identitymanager/current/integration-guide/toolkit/xml-configuration/connectors/resourcetypemappings/oktaresourcetypemapping.md,7.0,,,,,
SapResourceTypeMapping,current,https://docs.netwrix.com/docs/identitymanager/current/integration-guide/toolkit/xml-configuration/connectors/resourcetypemappings/sapresourcetypemapping,docs/identitymanager/current/integration-guide/toolkit/xml-configuration/connectors/resourcetypemappings/sapresourcetypemapping.mdx,7.0,,,,,
ScimResourceTypeMapping,current,https://docs.netwrix.com/docs/identitymanager/current/integration-guide/toolkit/xml-configuration/connectors/resourcetypemappings/scimresourcetypemapping,docs/identitymanager/current/integration-guide/toolkit/xml-configuration/connectors/resourcetypemappings/scimresourcetypemapping.mdx,7.0,,,,,
ServiceNowResourceTypeMapping,current,https://docs.netwrix.com/docs/identitymanager/current/integration-guide/toolkit/xml-configuration/connectors/resourcetypemappings/servicenowresourcetypemapping,docs/identitymanager/current/integration-guide/toolkit/xml-configuration/connectors/resourcetypemappings/servicenowresourcetypemapping.mdx,7.0,,,,,
SharePointResourceTypeMapping,current,https://docs.netwrix.com/docs/identitymanager/current/integration-guide/toolkit/xml-configuration/connectors/resourcetypemappings/sharepointresourcetypemapping,docs/identitymanager/current/integration-guide/toolkit/xml-configuration/connectors/resourcetypemappings/sharepointresourcetypemapping.mdx,7.0,,,,,
Xml Configuration,current,https://docs.netwrix.com/docs/identitymanager/current/integration-guide/toolkit/xml-configuration,docs/identitymanager/current/integration-guide/toolkit/xml-configuration/index.md,7.0,,,,,
Jobs,current,https://docs.netwrix.com/docs/identitymanager/current/integration-guide/toolkit/xml-configuration/jobs,docs/identitymanager/current/integration-guide/toolkit/xml-configuration/jobs/index.md,7.0,,,,,
Job,current,https://docs.netwrix.com/docs/identitymanager/current/integration-guide/toolkit/xml-configuration/jobs/job,docs/identitymanager/current/integration-guide/toolkit/xml-configuration/jobs/job.md,7.0,,,,,
ActivityInstanceActorTask,current,https://docs.netwrix.com/docs/identitymanager/current/integration-guide/toolkit/xml-configuration/jobs/tasks/agent/activityinstanceactortask,docs/identitymanager/current/integration-guide/toolkit/xml-configuration/jobs/tasks/agent/activityinstanceactortask.md,7.0,,,,,
CreateDatabaseViewsTask,current,https://docs.netwrix.com/docs/identitymanager/current/integration-guide/toolkit/xml-configuration/jobs/tasks/agent/createdatabaseviewstask,docs/identitymanager/current/integration-guide/toolkit/xml-configuration/jobs/tasks/agent/createdatabaseviewstask.md,7.0,,,,,
ExportTask,current,https://docs.netwrix.com/docs/identitymanager/current/integration-guide/toolkit/xml-configuration/jobs/tasks/agent/exporttask,docs/identitymanager/current/integration-guide/toolkit/xml-configuration/jobs/tasks/agent/exporttask.md,7.0,,,,,
FulfillTask,current,https://docs.netwrix.com/docs/identitymanager/current/integration-guide/toolkit/xml-configuration/jobs/tasks/agent/fulfilltask,docs/identitymanager/current/integration-guide/toolkit/xml-configuration/jobs/tasks/agent/fulfilltask.md,7.0,,,,,
Agent,current,https://docs.netwrix.com/docs/identitymanager/current/integration-guide/toolkit/xml-configuration/jobs/tasks/agent,docs/identitymanager/current/integration-guide/toolkit/xml-configuration/jobs/tasks/agent/index.md,7.0,,,,,
InvokeApiTask,current,https://docs.netwrix.com/docs/identitymanager/current/integration-guide/toolkit/xml-configuration/jobs/tasks/agent/invokeapitask,docs/identitymanager/current/integration-guide/toolkit/xml-configuration/jobs/tasks/agent/invokeapitask.md,7.0,,,,,
InvokeAspectsTask,current,https://docs.netwrix.com/docs/identitymanager/current/integration-guide/toolkit/xml-configuration/jobs/tasks/agent/invokeaspectstask,docs/identitymanager/current/integration-guide/toolkit/xml-configuration/jobs/tasks/agent/invokeaspectstask.md,7.0,,,,,
InvokeExpressionTask,current,https://docs.netwrix.com/docs/identitymanager/current/integration-guide/toolkit/xml-configuration/jobs/tasks/agent/invokeexpressiontask,docs/identitymanager/current/integration-guide/toolkit/xml-configuration/jobs/tasks/agent/invokeexpressiontask.md,7.0,,,,,
InvokeSqlCommandTask,current,https://docs.netwrix.com/docs/identitymanager/current/integration-guide/toolkit/xml-configuration/jobs/tasks/agent/invokesqlcommandtask,docs/identitymanager/current/integration-guide/toolkit/xml-configuration/jobs/tasks/agent/invokesqlcommandtask.md,7.0,,,,,
PrepareSynchronizationTask,current,https://docs.netwrix.com/docs/identitymanager/current/integration-guide/toolkit/xml-configuration/jobs/tasks/agent/preparesynchronizationtask,docs/identitymanager/current/integration-guide/toolkit/xml-configuration/jobs/tasks/agent/preparesynchronizationtask.md,7.0,,,,,
Tasks,current,https://docs.netwrix.com/docs/identitymanager/current/integration-guide/toolkit/xml-configuration/jobs/tasks,docs/identitymanager/current/integration-guide/toolkit/xml-configuration/jobs/tasks/index.md,7.0,,,,,
BuildRoleModelTask,current,https://docs.netwrix.com/docs/identitymanager/current/integration-guide/toolkit/xml-configuration/jobs/tasks/server/buildrolemodeltask,docs/identitymanager/current/integration-guide/toolkit/xml-configuration/jobs/tasks/server/buildrolemodeltask.md,7.0,,,,,
ComputeCorrelationKeysTask,current,https://docs.netwrix.com/docs/identitymanager/current/integration-guide/toolkit/xml-configuration/jobs/tasks/server/computecorrelationkeystask,docs/identitymanager/current/integration-guide/toolkit/xml-configuration/jobs/tasks/server/computecorrelationkeystask.md,7.0,,,,,
ComputeRiskScoresTask,current,https://docs.netwrix.com/docs/identitymanager/current/integration-guide/toolkit/xml-configuration/jobs/tasks/server/computeriskscorestask,docs/identitymanager/current/integration-guide/toolkit/xml-configuration/jobs/tasks/server/computeriskscorestask.md,7.0,,,,,
ComputeRoleModelTask,current,https://docs.netwrix.com/docs/identitymanager/current/integration-guide/toolkit/xml-configuration/jobs/tasks/server/computerolemodeltask,docs/identitymanager/current/integration-guide/toolkit/xml-configuration/jobs/tasks/server/computerolemodeltask.md,7.0,,,,,
DeployConfigurationTask,current,https://docs.netwrix.com/docs/identitymanager/current/integration-guide/toolkit/xml-configuration/jobs/tasks/server/deployconfigurationtask,docs/identitymanager/current/integration-guide/toolkit/xml-configuration/jobs/tasks/server/deployconfigurationtask.md,7.0,,,,,
FulfillTask,current,https://docs.netwrix.com/docs/identitymanager/current/integration-guide/toolkit/xml-configuration/jobs/tasks/server/fulfilltask,docs/identitymanager/current/integration-guide/toolkit/xml-configuration/jobs/tasks/server/fulfilltask.md,7.0,,,,,
GenerateProvisioningOrdersTask,current,https://docs.netwrix.com/docs/identitymanager/current/integration-guide/toolkit/xml-configuration/jobs/tasks/server/generateprovisioningorderstask,docs/identitymanager/current/integration-guide/toolkit/xml-configuration/jobs/tasks/server/generateprovisioningorderstask.md,7.0,,,,,
GetRoleMiningTask,current,https://docs.netwrix.com/docs/identitymanager/current/integration-guide/toolkit/xml-configuration/jobs/tasks/server/getroleminingtask,docs/identitymanager/current/integration-guide/toolkit/xml-configuration/jobs/tasks/server/getroleminingtask.md,7.0,,,,,
Server,current,https://docs.netwrix.com/docs/identitymanager/current/integration-guide/toolkit/xml-configuration/jobs/tasks/server,docs/identitymanager/current/integration-guide/toolkit/xml-configuration/jobs/tasks/server/index.md,7.0,,,,,
InvokeExpressionTask,current,https://docs.netwrix.com/docs/identitymanager/current/integration-guide/toolkit/xml-configuration/jobs/tasks/server/invokeexpressiontask,docs/identitymanager/current/integration-guide/toolkit/xml-configuration/jobs/tasks/server/invokeexpressiontask.md,7.0,,,,,
InvokeSqlCommandTask,current,https://docs.netwrix.com/docs/identitymanager/current/integration-guide/toolkit/xml-configuration/jobs/tasks/server/invokesqlcommandtask,docs/identitymanager/current/integration-guide/toolkit/xml-configuration/jobs/tasks/server/invokesqlcommandtask.md,7.0,,,,,
MaintainIndexesTask,current,https://docs.netwrix.com/docs/identitymanager/current/integration-guide/toolkit/xml-configuration/jobs/tasks/server/maintainindexestask,docs/identitymanager/current/integration-guide/toolkit/xml-configuration/jobs/tasks/server/maintainindexestask.md,7.0,,,,,
ManageConfigurationIndexesTask,current,https://docs.netwrix.com/docs/identitymanager/current/integration-guide/toolkit/xml-configuration/jobs/tasks/server/manageconfigurationindexestask,docs/identitymanager/current/integration-guide/toolkit/xml-configuration/jobs/tasks/server/manageconfigurationindexestask.md,7.0,,,,,
ProcessAccessCertificationItemsTask,current,https://docs.netwrix.com/docs/identitymanager/current/integration-guide/toolkit/xml-configuration/jobs/tasks/server/processaccesscertificationitemstask,docs/identitymanager/current/integration-guide/toolkit/xml-configuration/jobs/tasks/server/processaccesscertificationitemstask.md,7.0,,,,,
ResetValidFromTask,current,https://docs.netwrix.com/docs/identitymanager/current/integration-guide/toolkit/xml-configuration/jobs/tasks/server/resetvalidfromtask,docs/identitymanager/current/integration-guide/toolkit/xml-configuration/jobs/tasks/server/resetvalidfromtask.md,7.0,,,,,
SavePreExistingAccessRightsTask,current,https://docs.netwrix.com/docs/identitymanager/current/integration-guide/toolkit/xml-configuration/jobs/tasks/server/savepreexistingaccessrightstask,docs/identitymanager/current/integration-guide/toolkit/xml-configuration/jobs/tasks/server/savepreexistingaccessrightstask.md,7.0,,,,,
SendAccessCertificationNotificationTask,current,https://docs.netwrix.com/docs/identitymanager/current/integration-guide/toolkit/xml-configuration/jobs/tasks/server/sendaccesscertificationnotificationtask,docs/identitymanager/current/integration-guide/toolkit/xml-configuration/jobs/tasks/server/sendaccesscertificationnotificationtask.md,7.0,,,,,
SendNotificationsTask,current,https://docs.netwrix.com/docs/identitymanager/current/integration-guide/toolkit/xml-configuration/jobs/tasks/server/sendnotificationstask,docs/identitymanager/current/integration-guide/toolkit/xml-configuration/jobs/tasks/server/sendnotificationstask.md,7.0,,,,,
SendRoleModelNotificationsTask,current,https://docs.netwrix.com/docs/identitymanager/current/integration-guide/toolkit/xml-configuration/jobs/tasks/server/sendrolemodelnotificationstask,docs/identitymanager/current/integration-guide/toolkit/xml-configuration/jobs/tasks/server/sendrolemodelnotificationstask.md,7.0,,,,,
SetAccessCertificationReviewerTask,current,https://docs.netwrix.com/docs/identitymanager/current/integration-guide/toolkit/xml-configuration/jobs/tasks/server/setaccesscertificationreviewertask,docs/identitymanager/current/integration-guide/toolkit/xml-configuration/jobs/tasks/server/setaccesscertificationreviewertask.md,7.0,,,,,
SetInternalUserProfilesTask,current,https://docs.netwrix.com/docs/identitymanager/current/integration-guide/toolkit/xml-configuration/jobs/tasks/server/setinternaluserprofilestask,docs/identitymanager/current/integration-guide/toolkit/xml-configuration/jobs/tasks/server/setinternaluserprofilestask.md,7.0,,,,,
SetRecentlyModifiedFlagTask,current,https://docs.netwrix.com/docs/identitymanager/current/integration-guide/toolkit/xml-configuration/jobs/tasks/server/setrecentlymodifiedflagtask,docs/identitymanager/current/integration-guide/toolkit/xml-configuration/jobs/tasks/server/setrecentlymodifiedflagtask.md,7.0,,,,,
SynchronizeTask,current,https://docs.netwrix.com/docs/identitymanager/current/integration-guide/toolkit/xml-configuration/jobs/tasks/server/synchronizetask,docs/identitymanager/current/integration-guide/toolkit/xml-configuration/jobs/tasks/server/synchronizetask.md,7.0,,,,,
UpdateAccessCertificationCampaignTask,current,https://docs.netwrix.com/docs/identitymanager/current/integration-guide/toolkit/xml-configuration/jobs/tasks/server/updateaccesscertificationcampaigntask,docs/identitymanager/current/integration-guide/toolkit/xml-configuration/jobs/tasks/server/updateaccesscertificationcampaigntask.md,7.0,,,,,
UpdateClassificationTask,current,https://docs.netwrix.com/docs/identitymanager/current/integration-guide/toolkit/xml-configuration/jobs/tasks/server/updateclassificationtask,docs/identitymanager/current/integration-guide/toolkit/xml-configuration/jobs/tasks/server/updateclassificationtask.md,7.0,,,,,
UpdateEntityPropertyExpressionsTask,current,https://docs.netwrix.com/docs/identitymanager/current/integration-guide/toolkit/xml-configuration/jobs/tasks/server/updateentitypropertyexpressionstask,docs/identitymanager/current/integration-guide/toolkit/xml-configuration/jobs/tasks/server/updateentitypropertyexpressionstask.md,7.0,,,,,
AccessControlEntityType,current,https://docs.netwrix.com/docs/identitymanager/current/integration-guide/toolkit/xml-configuration/metadata/accesscontrolentitytype,docs/identitymanager/current/integration-guide/toolkit/xml-configuration/metadata/accesscontrolentitytype.md,7.0,,,,,
Binding,current,https://docs.netwrix.com/docs/identitymanager/current/integration-guide/toolkit/xml-configuration/metadata/binding,docs/identitymanager/current/integration-guide/toolkit/xml-configuration/metadata/binding.md,7.0,,,,,
Dimension,current,https://docs.netwrix.com/docs/identitymanager/current/integration-guide/toolkit/xml-configuration/metadata/dimension,docs/identitymanager/current/integration-guide/toolkit/xml-configuration/metadata/dimension.md,7.0,,,,,
EntityAssociation,current,https://docs.netwrix.com/docs/identitymanager/current/integration-guide/toolkit/xml-configuration/metadata/entityassociation,docs/identitymanager/current/integration-guide/toolkit/xml-configuration/metadata/entityassociation.md,7.0,,,,,
EntityPropertyExpression,current,https://docs.netwrix.com/docs/identitymanager/current/integration-guide/toolkit/xml-configuration/metadata/entitypropertyexpression,docs/identitymanager/current/integration-guide/toolkit/xml-configuration/metadata/entitypropertyexpression.md,7.0,,,,,
EntityType,current,https://docs.netwrix.com/docs/identitymanager/current/integration-guide/toolkit/xml-configuration/metadata/entitytype,docs/identitymanager/current/integration-guide/toolkit/xml-configuration/metadata/entitytype.md,7.0,,,,,
Metadata,current,https://docs.netwrix.com/docs/identitymanager/current/integration-guide/toolkit/xml-configuration/metadata,docs/identitymanager/current/integration-guide/toolkit/xml-configuration/metadata/index.md,7.0,,,,,
Language,current,https://docs.netwrix.com/docs/identitymanager/current/integration-guide/toolkit/xml-configuration/metadata/language,docs/identitymanager/current/integration-guide/toolkit/xml-configuration/metadata/language.md,7.0,,,,,
AppDisplaySetting,current,https://docs.netwrix.com/docs/identitymanager/current/integration-guide/toolkit/xml-configuration/metadata/settings/appdisplaysetting,docs/identitymanager/current/integration-guide/toolkit/xml-configuration/metadata/settings/appdisplaysetting.md,7.0,,,,,
ConfigurationVersionSetting,current,https://docs.netwrix.com/docs/identitymanager/current/integration-guide/toolkit/xml-configuration/metadata/settings/configurationversionsetting,docs/identitymanager/current/integration-guide/toolkit/xml-configuration/metadata/settings/configurationversionsetting.md,7.0,,,,,
CustomLink1Setting,current,https://docs.netwrix.com/docs/identitymanager/current/integration-guide/toolkit/xml-configuration/metadata/settings/customlink1setting,docs/identitymanager/current/integration-guide/toolkit/xml-configuration/metadata/settings/customlink1setting.md,7.0,,,,,
CustomLink2Setting,current,https://docs.netwrix.com/docs/identitymanager/current/integration-guide/toolkit/xml-configuration/metadata/settings/customlink2setting,docs/identitymanager/current/integration-guide/toolkit/xml-configuration/metadata/settings/customlink2setting.md,7.0,,,,,
DashboardItemNumberSetting,current,https://docs.netwrix.com/docs/identitymanager/current/integration-guide/toolkit/xml-configuration/metadata/settings/dashboarditemnumbersetting,docs/identitymanager/current/integration-guide/toolkit/xml-configuration/metadata/settings/dashboarditemnumbersetting.md,7.0,,,,,
Settings,current,https://docs.netwrix.com/docs/identitymanager/current/integration-guide/toolkit/xml-configuration/metadata/settings,docs/identitymanager/current/integration-guide/toolkit/xml-configuration/metadata/settings/index.md,7.0,,,,,
MailSetting,current,https://docs.netwrix.com/docs/identitymanager/current/integration-guide/toolkit/xml-configuration/metadata/settings/mailsetting,docs/identitymanager/current/integration-guide/toolkit/xml-configuration/metadata/settings/mailsetting.md,7.0,,,,,
PasswordGenerationSetting,current,https://docs.netwrix.com/docs/identitymanager/current/integration-guide/toolkit/xml-configuration/metadata/settings/passwordgenerationsetting,docs/identitymanager/current/integration-guide/toolkit/xml-configuration/metadata/settings/passwordgenerationsetting.md,7.0,,,,,
PasswordTestsSetting,current,https://docs.netwrix.com/docs/identitymanager/current/integration-guide/toolkit/xml-configuration/metadata/settings/passwordtestssetting,docs/identitymanager/current/integration-guide/toolkit/xml-configuration/metadata/settings/passwordtestssetting.md,7.0,,,,,
SchedulingCleanDataBaseSetting,current,https://docs.netwrix.com/docs/identitymanager/current/integration-guide/toolkit/xml-configuration/metadata/settings/schedulingcleandatabasesetting,docs/identitymanager/current/integration-guide/toolkit/xml-configuration/metadata/settings/schedulingcleandatabasesetting.md,7.0,,,,,
SelectAllPerformedByAssociationQueryHandlerSetting,current,https://docs.netwrix.com/docs/identitymanager/current/integration-guide/toolkit/xml-configuration/metadata/settings/selectallperformedbyassociationqueryhandlersetting,docs/identitymanager/current/integration-guide/toolkit/xml-configuration/metadata/settings/selectallperformedbyassociationqueryhandlersetting.md,7.0,,,,,
SelectPersonasByFilterQueryHandlerSetting,current,https://docs.netwrix.com/docs/identitymanager/current/integration-guide/toolkit/xml-configuration/metadata/settings/selectpersonasbyfilterqueryhandlersetting,docs/identitymanager/current/integration-guide/toolkit/xml-configuration/metadata/settings/selectpersonasbyfilterqueryhandlersetting.md,7.0,,,,,
SelectUserByIdentityQueryHandlerSetting,current,https://docs.netwrix.com/docs/identitymanager/current/integration-guide/toolkit/xml-configuration/metadata/settings/selectuserbyidentityqueryhandlersetting,docs/identitymanager/current/integration-guide/toolkit/xml-configuration/metadata/settings/selectuserbyidentityqueryhandlersetting.md,7.0,,,,,
Notifications,current,https://docs.netwrix.com/docs/identitymanager/current/integration-guide/toolkit/xml-configuration/notifications,docs/identitymanager/current/integration-guide/toolkit/xml-configuration/notifications/index.md,7.0,,,,,
Notification,current,https://docs.netwrix.com/docs/identitymanager/current/integration-guide/toolkit/xml-configuration/notifications/notification,docs/identitymanager/current/integration-guide/toolkit/xml-configuration/notifications/notification.md,7.0,,,,,
AccessCertificationNotification,current,https://docs.netwrix.com/docs/identitymanager/current/integration-guide/toolkit/xml-configuration/notifications/notifications/accesscertificationnotification,docs/identitymanager/current/integration-guide/toolkit/xml-configuration/notifications/notifications/accesscertificationnotification.md,7.0,,,,,
Notifications,current,https://docs.netwrix.com/docs/identitymanager/current/integration-guide/toolkit/xml-configuration/notifications/notifications,docs/identitymanager/current/integration-guide/toolkit/xml-configuration/notifications/notifications/index.md,7.0,,,,,
ManualProvisioningNotification,current,https://docs.netwrix.com/docs/identitymanager/current/integration-guide/toolkit/xml-configuration/notifications/notifications/manualprovisioningnotification,docs/identitymanager/current/integration-guide/toolkit/xml-configuration/notifications/notifications/manualprovisioningnotification.md,7.0,,,,,
ProvisioningReviewNotification,current,https://docs.netwrix.com/docs/identitymanager/current/integration-guide/toolkit/xml-configuration/notifications/notifications/provisioningreviewnotification,docs/identitymanager/current/integration-guide/toolkit/xml-configuration/notifications/notifications/provisioningreviewnotification.md,7.0,,,,,
RolePolicyNotification,current,https://docs.netwrix.com/docs/identitymanager/current/integration-guide/toolkit/xml-configuration/notifications/notifications/rolepolicynotification,docs/identitymanager/current/integration-guide/toolkit/xml-configuration/notifications/notifications/rolepolicynotification.md,7.0,,,,,
RoleReviewNotification,current,https://docs.netwrix.com/docs/identitymanager/current/integration-guide/toolkit/xml-configuration/notifications/notifications/rolereviewnotification,docs/identitymanager/current/integration-guide/toolkit/xml-configuration/notifications/notifications/rolereviewnotification.md,7.0,,,,,
NotificationTemplate,current,https://docs.netwrix.com/docs/identitymanager/current/integration-guide/toolkit/xml-configuration/notifications/notificationtemplate,docs/identitymanager/current/integration-guide/toolkit/xml-configuration/notifications/notificationtemplate.md,7.0,,,,,
AutomationRule,current,https://docs.netwrix.com/docs/identitymanager/current/integration-guide/toolkit/xml-configuration/provisioning/automationrule,docs/identitymanager/current/integration-guide/toolkit/xml-configuration/provisioning/automationrule.md,7.0,,,,,
Category,current,https://docs.netwrix.com/docs/identitymanager/current/integration-guide/toolkit/xml-configuration/provisioning/category,docs/identitymanager/current/integration-guide/toolkit/xml-configuration/provisioning/category.md,7.0,,,,,
CompositeRole,current,https://docs.netwrix.com/docs/identitymanager/current/integration-guide/toolkit/xml-configuration/provisioning/compositerole,docs/identitymanager/current/integration-guide/toolkit/xml-configuration/provisioning/compositerole.md,7.0,,,,,
CompositeRoleRule,current,https://docs.netwrix.com/docs/identitymanager/current/integration-guide/toolkit/xml-configuration/provisioning/compositerolerule,docs/identitymanager/current/integration-guide/toolkit/xml-configuration/provisioning/compositerolerule.md,7.0,,,,,
Context,current,https://docs.netwrix.com/docs/identitymanager/current/integration-guide/toolkit/xml-configuration/provisioning/context,docs/identitymanager/current/integration-guide/toolkit/xml-configuration/provisioning/context.md,7.0,,,,,
ContextRule,current,https://docs.netwrix.com/docs/identitymanager/current/integration-guide/toolkit/xml-configuration/provisioning/contextrule,docs/identitymanager/current/integration-guide/toolkit/xml-configuration/provisioning/contextrule.md,7.0,,,,,
Provisioning,current,https://docs.netwrix.com/docs/identitymanager/current/integration-guide/toolkit/xml-configuration/provisioning,docs/identitymanager/current/integration-guide/toolkit/xml-configuration/provisioning/index.md,7.0,,,,,
IndirectResourceRule,current,https://docs.netwrix.com/docs/identitymanager/current/integration-guide/toolkit/xml-configuration/provisioning/indirectresourcerule,docs/identitymanager/current/integration-guide/toolkit/xml-configuration/provisioning/indirectresourcerule.md,7.0,,,,,
MiningRule,current,https://docs.netwrix.com/docs/identitymanager/current/integration-guide/toolkit/xml-configuration/provisioning/miningrule,docs/identitymanager/current/integration-guide/toolkit/xml-configuration/provisioning/miningrule.md,,,,,,
Policy,current,https://docs.netwrix.com/docs/identitymanager/current/integration-guide/toolkit/xml-configuration/provisioning/policy,docs/identitymanager/current/integration-guide/toolkit/xml-configuration/provisioning/policy.md,7.0,,,,,
RecordSection,current,https://docs.netwrix.com/docs/identitymanager/current/integration-guide/toolkit/xml-configuration/provisioning/recordsection,docs/identitymanager/current/integration-guide/toolkit/xml-configuration/provisioning/recordsection.md,7.0,,,,,
ResourceClassificationRule,current,https://docs.netwrix.com/docs/identitymanager/current/integration-guide/toolkit/xml-configuration/provisioning/resourceclassificationrule,docs/identitymanager/current/integration-guide/toolkit/xml-configuration/provisioning/resourceclassificationrule.md,7.0,,,,,
ResourceCorrelationRule,current,https://docs.netwrix.com/docs/identitymanager/current/integration-guide/toolkit/xml-configuration/provisioning/resourcecorrelationrule,docs/identitymanager/current/integration-guide/toolkit/xml-configuration/provisioning/resourcecorrelationrule.md,7.0,,,,,
ResourceType,current,https://docs.netwrix.com/docs/identitymanager/current/integration-guide/toolkit/xml-configuration/provisioning/resourcetype,docs/identitymanager/current/integration-guide/toolkit/xml-configuration/provisioning/resourcetype.md,7.0,,,,,
Risk,current,https://docs.netwrix.com/docs/identitymanager/current/integration-guide/toolkit/xml-configuration/provisioning/risk,docs/identitymanager/current/integration-guide/toolkit/xml-configuration/provisioning/risk.md,7.0,,,,,
RoleMapping,current,https://docs.netwrix.com/docs/identitymanager/current/integration-guide/toolkit/xml-configuration/provisioning/rolemapping,docs/identitymanager/current/integration-guide/toolkit/xml-configuration/provisioning/rolemapping.md,7.0,,,,,
SingleRole,current,https://docs.netwrix.com/docs/identitymanager/current/integration-guide/toolkit/xml-configuration/provisioning/singlerole,docs/identitymanager/current/integration-guide/toolkit/xml-configuration/provisioning/singlerole.md,7.0,,,,,
SingleRoleRule,current,https://docs.netwrix.com/docs/identitymanager/current/integration-guide/toolkit/xml-configuration/provisioning/singlerolerule,docs/identitymanager/current/integration-guide/toolkit/xml-configuration/provisioning/singlerolerule.md,7.0,,,,,
Reporting,current,https://docs.netwrix.com/docs/identitymanager/current/integration-guide/toolkit/xml-configuration/reporting,docs/identitymanager/current/integration-guide/toolkit/xml-configuration/reporting/index.md,7.0,,,,,
ReportQuery,current,https://docs.netwrix.com/docs/identitymanager/current/integration-guide/toolkit/xml-configuration/reporting/reportquery,docs/identitymanager/current/integration-guide/toolkit/xml-configuration/reporting/reportquery.md,7.0,,,,,
Resources,current,https://docs.netwrix.com/docs/identitymanager/current/integration-guide/toolkit/xml-configuration/resources,docs/identitymanager/current/integration-guide/toolkit/xml-configuration/resources/index.md,7.0,,,,,
Resource,current,https://docs.netwrix.com/docs/identitymanager/current/integration-guide/toolkit/xml-configuration/resources/resource,docs/identitymanager/current/integration-guide/toolkit/xml-configuration/resources/resource.md,7.0,,,,,
DisplayEntityAssociation,current,https://docs.netwrix.com/docs/identitymanager/current/integration-guide/toolkit/xml-configuration/user-interface/displayentityassociation,docs/identitymanager/current/integration-guide/toolkit/xml-configuration/user-interface/displayentityassociation.md,7.0,,,,,
DisplayEntityType,current,https://docs.netwrix.com/docs/identitymanager/current/integration-guide/toolkit/xml-configuration/user-interface/displayentitytype,docs/identitymanager/current/integration-guide/toolkit/xml-configuration/user-interface/displayentitytype.md,,,,,,
DisplayPropertyGroup,current,https://docs.netwrix.com/docs/identitymanager/current/integration-guide/toolkit/xml-configuration/user-interface/displaypropertygroup,docs/identitymanager/current/integration-guide/toolkit/xml-configuration/user-interface/displaypropertygroup.md,7.0,,,,,
DisplayTable,current,https://docs.netwrix.com/docs/identitymanager/current/integration-guide/toolkit/xml-configuration/user-interface/displaytable,docs/identitymanager/current/integration-guide/toolkit/xml-configuration/user-interface/displaytable.md,7.0,,,,,
Form,current,https://docs.netwrix.com/docs/identitymanager/current/integration-guide/toolkit/xml-configuration/user-interface/form,docs/identitymanager/current/integration-guide/toolkit/xml-configuration/user-interface/form.md,7.0,,,,,
User Interface,current,https://docs.netwrix.com/docs/identitymanager/current/integration-guide/toolkit/xml-configuration/user-interface,docs/identitymanager/current/integration-guide/toolkit/xml-configuration/user-interface/index.md,7.0,,,,,
Indicator,current,https://docs.netwrix.com/docs/identitymanager/current/integration-guide/toolkit/xml-configuration/user-interface/indicator,docs/identitymanager/current/integration-guide/toolkit/xml-configuration/user-interface/indicator.md,7.0,,,,,
MenuItem,current,https://docs.netwrix.com/docs/identitymanager/current/integration-guide/toolkit/xml-configuration/user-interface/menuitem,docs/identitymanager/current/integration-guide/toolkit/xml-configuration/user-interface/menuitem.md,,,,,,
SearchBar,current,https://docs.netwrix.com/docs/identitymanager/current/integration-guide/toolkit/xml-configuration/user-interface/searchbar,docs/identitymanager/current/integration-guide/toolkit/xml-configuration/user-interface/searchbar.md,7.0,,,,,
Tile,current,https://docs.netwrix.com/docs/identitymanager/current/integration-guide/toolkit/xml-configuration/user-interface/tile,docs/identitymanager/current/integration-guide/toolkit/xml-configuration/user-interface/tile.md,7.0,,,,,
AddChangeAspect,current,https://docs.netwrix.com/docs/identitymanager/current/integration-guide/toolkit/xml-configuration/workflows/aspects/addchangeaspect,docs/identitymanager/current/integration-guide/toolkit/xml-configuration/workflows/aspects/addchangeaspect.md,7.0,,,,,
AssertValueAspect,current,https://docs.netwrix.com/docs/identitymanager/current/integration-guide/toolkit/xml-configuration/workflows/aspects/assertvalueaspect,docs/identitymanager/current/integration-guide/toolkit/xml-configuration/workflows/aspects/assertvalueaspect.md,7.0,,,,,
AssertValueRequiredAspect,current,https://docs.netwrix.com/docs/identitymanager/current/integration-guide/toolkit/xml-configuration/workflows/aspects/assertvaluerequiredaspect,docs/identitymanager/current/integration-guide/toolkit/xml-configuration/workflows/aspects/assertvaluerequiredaspect.md,7.0,,,,,
BuildUniqueValueAspect,current,https://docs.netwrix.com/docs/identitymanager/current/integration-guide/toolkit/xml-configuration/workflows/aspects/builduniquevalueaspect,docs/identitymanager/current/integration-guide/toolkit/xml-configuration/workflows/aspects/builduniquevalueaspect.md,7.0,,,,,
Aspects,current,https://docs.netwrix.com/docs/identitymanager/current/integration-guide/toolkit/xml-configuration/workflows/aspects,docs/identitymanager/current/integration-guide/toolkit/xml-configuration/workflows/aspects/index.md,7.0,,,,,
InvokeScriptAspect,current,https://docs.netwrix.com/docs/identitymanager/current/integration-guide/toolkit/xml-configuration/workflows/aspects/invokescriptaspect,docs/identitymanager/current/integration-guide/toolkit/xml-configuration/workflows/aspects/invokescriptaspect.md,7.0,,,,,
InvokeWorkflowAspect,current,https://docs.netwrix.com/docs/identitymanager/current/integration-guide/toolkit/xml-configuration/workflows/aspects/invokeworkflowaspect,docs/identitymanager/current/integration-guide/toolkit/xml-configuration/workflows/aspects/invokeworkflowaspect.md,7.0,,,,,
NotificationAspect,current,https://docs.netwrix.com/docs/identitymanager/current/integration-guide/toolkit/xml-configuration/workflows/aspects/notificationaspect,docs/identitymanager/current/integration-guide/toolkit/xml-configuration/workflows/aspects/notificationaspect.md,7.0,,,,,
Forms,current,https://docs.netwrix.com/docs/identitymanager/current/integration-guide/toolkit/xml-configuration/workflows/forms,docs/identitymanager/current/integration-guide/toolkit/xml-configuration/workflows/forms/index.md,7.0,,,,,
WorkflowAddAndEndRecordEntityForm,current,https://docs.netwrix.com/docs/identitymanager/current/integration-guide/toolkit/xml-configuration/workflows/forms/workflowaddandendrecordentityform,docs/identitymanager/current/integration-guide/toolkit/xml-configuration/workflows/forms/workflowaddandendrecordentityform.md,7.0,,,,,
WorkflowAddRecordEntityForm,current,https://docs.netwrix.com/docs/identitymanager/current/integration-guide/toolkit/xml-configuration/workflows/forms/workflowaddrecordentityform,docs/identitymanager/current/integration-guide/toolkit/xml-configuration/workflows/forms/workflowaddrecordentityform.md,7.0,,,,,
WorkflowCreateEntityForm,current,https://docs.netwrix.com/docs/identitymanager/current/integration-guide/toolkit/xml-configuration/workflows/forms/workflowcreateentityform,docs/identitymanager/current/integration-guide/toolkit/xml-configuration/workflows/forms/workflowcreateentityform.md,7.0,,,,,
WorkflowCreateRecordEntityForm,current,https://docs.netwrix.com/docs/identitymanager/current/integration-guide/toolkit/xml-configuration/workflows/forms/workflowcreaterecordentityform,docs/identitymanager/current/integration-guide/toolkit/xml-configuration/workflows/forms/workflowcreaterecordentityform.md,7.0,,,,,
WorkflowCreateSeveralRecordsEntityForm,current,https://docs.netwrix.com/docs/identitymanager/current/integration-guide/toolkit/xml-configuration/workflows/forms/workflowcreateseveralrecordsentityform,docs/identitymanager/current/integration-guide/toolkit/xml-configuration/workflows/forms/workflowcreateseveralrecordsentityform.md,7.0,,,,,
WorkflowEditEntityForm,current,https://docs.netwrix.com/docs/identitymanager/current/integration-guide/toolkit/xml-configuration/workflows/forms/workfloweditentityform,docs/identitymanager/current/integration-guide/toolkit/xml-configuration/workflows/forms/workfloweditentityform.md,7.0,,,,,
WorkflowUpdateRecordEntitiesForm,current,https://docs.netwrix.com/docs/identitymanager/current/integration-guide/toolkit/xml-configuration/workflows/forms/workflowupdaterecordentitiesform,docs/identitymanager/current/integration-guide/toolkit/xml-configuration/workflows/forms/workflowupdaterecordentitiesform.md,7.0,,,,,
WorkflowUpdateRecordEntityForm,current,https://docs.netwrix.com/docs/identitymanager/current/integration-guide/toolkit/xml-configuration/workflows/forms/workflowupdaterecordentityform,docs/identitymanager/current/integration-guide/toolkit/xml-configuration/workflows/forms/workflowupdaterecordentityform.md,7.0,,,,,
WorkflowUpdateSeveralRecordsEntityForm,current,https://docs.netwrix.com/docs/identitymanager/current/integration-guide/toolkit/xml-configuration/workflows/forms/workflowupdateseveralrecordsentityform,docs/identitymanager/current/integration-guide/toolkit/xml-configuration/workflows/forms/workflowupdateseveralrecordsentityform.md,7.0,,,,,
HomonymEntityLink,current,https://docs.netwrix.com/docs/identitymanager/current/integration-guide/toolkit/xml-configuration/workflows/homonymentitylink,docs/identitymanager/current/integration-guide/toolkit/xml-configuration/workflows/homonymentitylink.md,7.0,,,,,
Workflows,current,https://docs.netwrix.com/docs/identitymanager/current/integration-guide/toolkit/xml-configuration/workflows,docs/identitymanager/current/integration-guide/toolkit/xml-configuration/workflows/index.md,7.0,,,,,
Workflow,current,https://docs.netwrix.com/docs/identitymanager/current/integration-guide/toolkit/xml-configuration/workflows/workflow,docs/identitymanager/current/integration-guide/toolkit/xml-configuration/workflows/workflow.md,7.0,,,,,
Create Menu Items,current,https://docs.netwrix.com/docs/identitymanager/current/integration-guide/ui/create-menu-items,docs/identitymanager/current/integration-guide/ui/create-menu-items.md,7.0,,,,,
Customize Display Tables,current,https://docs.netwrix.com/docs/identitymanager/current/integration-guide/ui/custom-display-table,docs/identitymanager/current/integration-guide/ui/custom-display-table.md,7.0,,,,,
Customize Forms,current,https://docs.netwrix.com/docs/identitymanager/current/integration-guide/ui/custom-forms,docs/identitymanager/current/integration-guide/ui/custom-forms.md,7.0,,,,,
Customize Search Bars,current,https://docs.netwrix.com/docs/identitymanager/current/integration-guide/ui/custom-search-bar,docs/identitymanager/current/integration-guide/ui/custom-search-bar.md,7.0,,,,,
Create Menu Items,current,https://docs.netwrix.com/docs/identitymanager/current/integration-guide/ui/how-tos/create-menu-items,docs/identitymanager/current/integration-guide/ui/how-tos/create-menu-items.md,7.0,,,,,
Customize Display Tables,current,https://docs.netwrix.com/docs/identitymanager/current/integration-guide/ui/how-tos/custom-display-table,docs/identitymanager/current/integration-guide/ui/how-tos/custom-display-table.md,7.0,,,,,
Customize Forms,current,https://docs.netwrix.com/docs/identitymanager/current/integration-guide/ui/how-tos/custom-forms,docs/identitymanager/current/integration-guide/ui/how-tos/custom-forms.md,7.0,,,,,
Customize Search Bars,current,https://docs.netwrix.com/docs/identitymanager/current/integration-guide/ui/how-tos/custom-search-bar,docs/identitymanager/current/integration-guide/ui/how-tos/custom-search-bar.md,7.0,,,,,
Import Product Translations into Identity Manager,current,https://docs.netwrix.com/docs/identitymanager/current/integration-guide/ui/how-tos/producttranslations,docs/identitymanager/current/integration-guide/ui/how-tos/producttranslations.md,7.0,,,,,
User Interface,current,https://docs.netwrix.com/docs/identitymanager/current/integration-guide/ui,docs/identitymanager/current/integration-guide/ui/index.md,7.0,,,,,
Import Product Translations into Identity Manager,current,https://docs.netwrix.com/docs/identitymanager/current/integration-guide/ui/producttranslations,docs/identitymanager/current/integration-guide/ui/producttranslations.md,7.0,,,,,
Activity Templates,current,https://docs.netwrix.com/docs/identitymanager/current/integration-guide/workflows/activity-templates,docs/identitymanager/current/integration-guide/workflows/activity-templates.md,7.0,,,,,
Configure a Homonym Detection,current,https://docs.netwrix.com/docs/identitymanager/current/integration-guide/workflows/create-workflow/configure-homonym-test,docs/identitymanager/current/integration-guide/workflows/create-workflow/configure-homonym-test.md,7.0,,,,,
How To Create a Workflow,current,https://docs.netwrix.com/docs/identitymanager/current/integration-guide/workflows/create-workflow,docs/identitymanager/current/integration-guide/workflows/create-workflow/index.md,7.0,,,,,
For Resource Creation (Mono Record),current,https://docs.netwrix.com/docs/identitymanager/current/integration-guide/workflows/create-workflow/workflow-create-mono,docs/identitymanager/current/integration-guide/workflows/create-workflow/workflow-create-mono.md,7.0,,,,,
For Resource Creation (Multi Records),current,https://docs.netwrix.com/docs/identitymanager/current/integration-guide/workflows/create-workflow/workflow-create-multi,docs/identitymanager/current/integration-guide/workflows/create-workflow/workflow-create-multi.md,7.0,,,,,
For Resource Update (Mono Record),current,https://docs.netwrix.com/docs/identitymanager/current/integration-guide/workflows/create-workflow/workflow-update-mono,docs/identitymanager/current/integration-guide/workflows/create-workflow/workflow-update-mono.md,7.0,,,,,
For Resource Update (Multi Records),current,https://docs.netwrix.com/docs/identitymanager/current/integration-guide/workflows/create-workflow/workflow-update-multi,docs/identitymanager/current/integration-guide/workflows/create-workflow/workflow-update-multi.md,7.0,,,,,
For Resource Update (No Record),current,https://docs.netwrix.com/docs/identitymanager/current/integration-guide/workflows/create-workflow/workflow-update-resource,docs/identitymanager/current/integration-guide/workflows/create-workflow/workflow-update-resource.md,7.0,,,,,
Workflows,current,https://docs.netwrix.com/docs/identitymanager/current/integration-guide/workflows,docs/identitymanager/current/integration-guide/workflows/index.md,7.0,,,,,
Workflow Uses,current,https://docs.netwrix.com/docs/identitymanager/current/integration-guide/workflows/workflow-uses,docs/identitymanager/current/integration-guide/workflows/workflow-uses.md,7.0,,,,,
Workflow Homonym,current,https://docs.netwrix.com/docs/identitymanager/current/integration-guide/workflows/workflowhomonym,docs/identitymanager/current/integration-guide/workflows/workflowhomonym.md,7.0,,,,,
Architecture,current,https://docs.netwrix.com/docs/identitymanager/current/introduction-guide/architecture,docs/identitymanager/current/introduction-guide/architecture.md,7.0,,,,,
Configuration,current,https://docs.netwrix.com/docs/identitymanager/current/introduction-guide/configuration,docs/identitymanager/current/introduction-guide/configuration.md,7.0,,,,,
Introduction Guide,current,https://docs.netwrix.com/docs/identitymanager/current/introduction-guide,docs/identitymanager/current/introduction-guide/index.md,7.0,,,,,
Entitlement Management,current,https://docs.netwrix.com/docs/identitymanager/current/introduction-guide/overview/entitlement-management,docs/identitymanager/current/introduction-guide/overview/entitlement-management.md,7.0,,,,,
Governance,current,https://docs.netwrix.com/docs/identitymanager/current/introduction-guide/overview/governance,docs/identitymanager/current/introduction-guide/overview/governance.md,7.0,,,,,
Identity Management,current,https://docs.netwrix.com/docs/identitymanager/current/introduction-guide/overview/identity-management,docs/identitymanager/current/introduction-guide/overview/identity-management.md,7.0,,,,,
IGA and Netwrix Identity Manager,current,https://docs.netwrix.com/docs/identitymanager/current/introduction-guide/overview,docs/identitymanager/current/introduction-guide/overview/index.md,7.0,,,,,
Use Case Stories,current,https://docs.netwrix.com/docs/identitymanager/current/introduction-guide/overview/use-cases,docs/identitymanager/current/introduction-guide/overview/use-cases.md,7.0,,,,,
Migration Guide,current,https://docs.netwrix.com/docs/identitymanager/current/migration-guide,docs/identitymanager/current/migration-guide/index.md,7.0,,,,,
Execute a Certification Campaign,current,https://docs.netwrix.com/docs/identitymanager/current/user-guide/administrate/access-certification/certification-campaign-execution,docs/identitymanager/current/user-guide/administrate/access-certification/certification-campaign-execution.md,7.0,,,,,
Perform Access Certification,current,https://docs.netwrix.com/docs/identitymanager/current/user-guide/administrate/access-certification,docs/identitymanager/current/user-guide/administrate/access-certification/index.md,7.0,,,,,
Review and Modify Assigned Roles,current,https://docs.netwrix.com/docs/identitymanager/current/user-guide/administrate/assigned-roles,docs/identitymanager/current/user-guide/administrate/assigned-roles.md,7.0,,,,,
Administrate,current,https://docs.netwrix.com/docs/identitymanager/current/user-guide/administrate,docs/identitymanager/current/user-guide/administrate/index.md,7.0,,,,,
Request Entitlement Assignment,current,https://docs.netwrix.com/docs/identitymanager/current/user-guide/administrate/manual-assignment-request,docs/identitymanager/current/user-guide/administrate/manual-assignment-request.md,7.0,,,,,
Review Non-conforming Assignments,current,https://docs.netwrix.com/docs/identitymanager/current/user-guide/administrate/non-conforming-assignment-review,docs/identitymanager/current/user-guide/administrate/non-conforming-assignment-review/index.md,7.0,,,,,
Reconcile a Property,current,https://docs.netwrix.com/docs/identitymanager/current/user-guide/administrate/non-conforming-assignment-review/property-reconciliation,docs/identitymanager/current/user-guide/administrate/non-conforming-assignment-review/property-reconciliation.md,7.0,,,,,
Reconcile a Role,current,https://docs.netwrix.com/docs/identitymanager/current/user-guide/administrate/non-conforming-assignment-review/role-reconciliation,docs/identitymanager/current/user-guide/administrate/non-conforming-assignment-review/role-reconciliation.md,7.0,,,,,
Review an Unauthorized Account,current,https://docs.netwrix.com/docs/identitymanager/current/user-guide/administrate/non-conforming-assignment-review/unauthorized-account-review,docs/identitymanager/current/user-guide/administrate/non-conforming-assignment-review/unauthorized-account-review.md,7.0,,,,,
Review Orphaned and Unused Accounts,current,https://docs.netwrix.com/docs/identitymanager/current/user-guide/administrate/orphan-unused-account-review,docs/identitymanager/current/user-guide/administrate/orphan-unused-account-review.md,7.0,,,,,
Provision Automatically,current,https://docs.netwrix.com/docs/identitymanager/current/user-guide/administrate/provisioning/automatic-provisioning,docs/identitymanager/current/user-guide/administrate/provisioning/automatic-provisioning.md,7.0,,,,,
Provision,current,https://docs.netwrix.com/docs/identitymanager/current/user-guide/administrate/provisioning,docs/identitymanager/current/user-guide/administrate/provisioning/index.md,7.0,,,,,
Provision Manually,current,https://docs.netwrix.com/docs/identitymanager/current/user-guide/administrate/provisioning/manual-provisioning,docs/identitymanager/current/user-guide/administrate/provisioning/manual-provisioning.md,7.0,,,,,
Review Provisioning,current,https://docs.netwrix.com/docs/identitymanager/current/user-guide/administrate/provisioning/provisioning-review,docs/identitymanager/current/user-guide/administrate/provisioning/provisioning-review.md,7.0,,,,,
Generate Reports,current,https://docs.netwrix.com/docs/identitymanager/current/user-guide/administrate/reporting,docs/identitymanager/current/user-guide/administrate/reporting.md,7.0,,,,,
Set Up User Authentication,current,https://docs.netwrix.com/docs/identitymanager/current/user-guide/deploy/authentication,docs/identitymanager/current/user-guide/deploy/authentication.md,7.0,,,,,
Plan Change Management,current,https://docs.netwrix.com/docs/identitymanager/current/user-guide/deploy/change-management,docs/identitymanager/current/user-guide/deploy/change-management.md,7.0,,,,,
Deploy,current,https://docs.netwrix.com/docs/identitymanager/current/user-guide/deploy,docs/identitymanager/current/user-guide/deploy/index.md,7.0,,,,,
Install the Production Agent,current,https://docs.netwrix.com/docs/identitymanager/current/user-guide/deploy/production-agent-installation,docs/identitymanager/current/user-guide/deploy/production-agent-installation.md,7.0,,,,,
Set the Working Directory's Permissions,current,https://docs.netwrix.com/docs/identitymanager/current/user-guide/deploy/production-agent-installation/directory-permissions,docs/identitymanager/current/user-guide/deploy/production-agent-installation/directory-permissions.md,7.0,,,,,
Finalize the Installation,current,https://docs.netwrix.com/docs/identitymanager/current/user-guide/deploy/production-agent-installation/finalization,docs/identitymanager/current/user-guide/deploy/production-agent-installation/finalization.md,7.0,,,,,
Configure the Pool and Site,current,https://docs.netwrix.com/docs/identitymanager/current/user-guide/deploy/production-agent-installation/iis-configuration,docs/identitymanager/current/user-guide/deploy/production-agent-installation/iis-configuration.md,7.0,,,,,
Install IIS via Server Manager,current,https://docs.netwrix.com/docs/identitymanager/current/user-guide/deploy/production-agent-installation/iis-installation,docs/identitymanager/current/user-guide/deploy/production-agent-installation/iis-installation.md,7.0,,,,,
Install the Production Agent,current,https://docs.netwrix.com/docs/identitymanager/current/user-guide/deploy/production-agent-installation,docs/identitymanager/current/user-guide/deploy/production-agent-installation/index.md,7.0,,,,,
Configure the Agent's Settings,current,https://docs.netwrix.com/docs/identitymanager/current/user-guide/deploy/production-agent-installation/settings-files,docs/identitymanager/current/user-guide/deploy/production-agent-installation/settings-files.md,,,,,,
How to Maintain the Workforce Directory,current,https://docs.netwrix.com/docs/identitymanager/current/user-guide/global-process/howto-maintaindirectory,docs/identitymanager/current/user-guide/global-process/howto-maintaindirectory.md,7.0,,,,,
How to Implement a New System,current,https://docs.netwrix.com/docs/identitymanager/current/user-guide/global-process/howto-newsystem,docs/identitymanager/current/user-guide/global-process/howto-newsystem.md,7.0,,,,,
How to Start,current,https://docs.netwrix.com/docs/identitymanager/current/user-guide/global-process/howto-start,docs/identitymanager/current/user-guide/global-process/howto-start.md,7.0,,,,,
Global Process,current,https://docs.netwrix.com/docs/identitymanager/current/user-guide/global-process,docs/identitymanager/current/user-guide/global-process/index.md,7.0,,,,,
User Guide,current,https://docs.netwrix.com/docs/identitymanager/current/user-guide,docs/identitymanager/current/user-guide/index.md,7.0,,,,,
Update Identity Data,current,https://docs.netwrix.com/docs/identitymanager/current/user-guide/maintain/identity-data-modification,docs/identitymanager/current/user-guide/maintain/identity-data-modification/index.md,7.0,,,,,
Update an Individual Identity,current,https://docs.netwrix.com/docs/identitymanager/current/user-guide/maintain/identity-data-modification/individual-update,docs/identitymanager/current/user-guide/maintain/identity-data-modification/individual-update.md,7.0,,,,,
Update Identities in Bulk,current,https://docs.netwrix.com/docs/identitymanager/current/user-guide/maintain/identity-data-modification/mass-update,docs/identitymanager/current/user-guide/maintain/identity-data-modification/mass-update.md,7.0,,,,,
Update Multiple Identities,current,https://docs.netwrix.com/docs/identitymanager/current/user-guide/maintain/identity-data-modification/multiple-update,docs/identitymanager/current/user-guide/maintain/identity-data-modification/multiple-update.md,7.0,,,,,
Maintain,current,https://docs.netwrix.com/docs/identitymanager/current/user-guide/maintain,docs/identitymanager/current/user-guide/maintain/index.md,7.0,,,,,
Troubleshoot,current,https://docs.netwrix.com/docs/identitymanager/current/user-guide/maintain/troubleshooting,docs/identitymanager/current/user-guide/maintain/troubleshooting.md,7.0,,,,,
Automate Role Assignments,current,https://docs.netwrix.com/docs/identitymanager/current/user-guide/optimize/assignment-automation/automate-role-assignment,docs/identitymanager/current/user-guide/optimize/assignment-automation/automate-role-assignment.md,7.0,,,,,
Automate Assignments,current,https://docs.netwrix.com/docs/identitymanager/current/user-guide/optimize/assignment-automation,docs/identitymanager/current/user-guide/optimize/assignment-automation/index.md,7.0,,,,,
Remove Redundant Assignments,current,https://docs.netwrix.com/docs/identitymanager/current/user-guide/optimize/assignment-automation/remove-redundant-assignments,docs/identitymanager/current/user-guide/optimize/assignment-automation/remove-redundant-assignments.md,7.0,,,,,
Perform Role Mining,current,https://docs.netwrix.com/docs/identitymanager/current/user-guide/optimize/assignment-automation/role-mining,docs/identitymanager/current/user-guide/optimize/assignment-automation/role-mining.md,7.0,,,,,
Create a Composite Role,current,https://docs.netwrix.com/docs/identitymanager/current/user-guide/optimize/composite-role-creation,docs/identitymanager/current/user-guide/optimize/composite-role-creation.md,7.0,,,,,
Modify the Identity Data Model,current,https://docs.netwrix.com/docs/identitymanager/current/user-guide/optimize/identity-datamodel-modification,docs/identitymanager/current/user-guide/optimize/identity-datamodel-modification.md,7.0,,,,,
Optimize,current,https://docs.netwrix.com/docs/identitymanager/current/user-guide/optimize,docs/identitymanager/current/user-guide/optimize/index.md,7.0,,,,,
Automate the Review of Non-conforming Assignments,current,https://docs.netwrix.com/docs/identitymanager/current/user-guide/optimize/non-conforming-assignment-review-automation,docs/identitymanager/current/user-guide/optimize/non-conforming-assignment-review-automation.md,7.0,,,,,
Configure a Parametrized Role,current,https://docs.netwrix.com/docs/identitymanager/current/user-guide/optimize/parameterized-role,docs/identitymanager/current/user-guide/optimize/parameterized-role.md,7.0,,,,,
Create a Policy,current,https://docs.netwrix.com/docs/identitymanager/current/user-guide/optimize/policy-creation,docs/identitymanager/current/user-guide/optimize/policy-creation.md,7.0,,,,,
Manage Risks,current,https://docs.netwrix.com/docs/identitymanager/current/user-guide/optimize/risk-management,docs/identitymanager/current/user-guide/optimize/risk-management.md,7.0,,,,,
Perform a Simulation,current,https://docs.netwrix.com/docs/identitymanager/current/user-guide/optimize/simulation,docs/identitymanager/current/user-guide/optimize/simulation.md,7.0,,,,,
Classify Resources,current,https://docs.netwrix.com/docs/identitymanager/current/user-guide/set-up/categorization/classification,docs/identitymanager/current/user-guide/set-up/categorization/classification.md,7.0,,,,,
Correlate Resources,current,https://docs.netwrix.com/docs/identitymanager/current/user-guide/set-up/categorization/correlation,docs/identitymanager/current/user-guide/set-up/categorization/correlation.md,7.0,,,,,
Categorize Resources,current,https://docs.netwrix.com/docs/identitymanager/current/user-guide/set-up/categorization,docs/identitymanager/current/user-guide/set-up/categorization/index.md,7.0,,,,,
Create a Resource Type,current,https://docs.netwrix.com/docs/identitymanager/current/user-guide/set-up/categorization/resource-type-creation,docs/identitymanager/current/user-guide/set-up/categorization/resource-type-creation.md,7.0,,,,,
Configure Global Settings,current,https://docs.netwrix.com/docs/identitymanager/current/user-guide/set-up/configure-global-settings,docs/identitymanager/current/user-guide/set-up/configure-global-settings.md,7.0,,,,,
Configure Onboarding Workflows,current,https://docs.netwrix.com/docs/identitymanager/current/user-guide/set-up/configure-workflows,docs/identitymanager/current/user-guide/set-up/configure-workflows.md,7.0,,,,,
Create a Connection,current,https://docs.netwrix.com/docs/identitymanager/current/user-guide/set-up/connect-system/connection-creation,docs/identitymanager/current/user-guide/set-up/connect-system/connection-creation.md,7.0,,,,,
Create the Connector,current,https://docs.netwrix.com/docs/identitymanager/current/user-guide/set-up/connect-system/connector-declaration,docs/identitymanager/current/user-guide/set-up/connect-system/connector-declaration.md,7.0,,,,,
Model the Data,current,https://docs.netwrix.com/docs/identitymanager/current/user-guide/set-up/connect-system/connector-modeling,docs/identitymanager/current/user-guide/set-up/connect-system/connector-modeling.md,7.0,,,,,
Organize Resources' Datasheets,current,https://docs.netwrix.com/docs/identitymanager/current/user-guide/set-up/connect-system/entity-type-creation/datasheet-organization,docs/identitymanager/current/user-guide/set-up/connect-system/entity-type-creation/datasheet-organization.md,7.0,,,,,
Set Resources' Display Names,current,https://docs.netwrix.com/docs/identitymanager/current/user-guide/set-up/connect-system/entity-type-creation/display-name-setting,docs/identitymanager/current/user-guide/set-up/connect-system/entity-type-creation/display-name-setting.md,7.0,,,,,
Create the Entity Type,current,https://docs.netwrix.com/docs/identitymanager/current/user-guide/set-up/connect-system/entity-type-creation/entity-type-declaration,docs/identitymanager/current/user-guide/set-up/connect-system/entity-type-creation/entity-type-declaration.md,7.0,,,,,
Create an Entity Type,current,https://docs.netwrix.com/docs/identitymanager/current/user-guide/set-up/connect-system/entity-type-creation,docs/identitymanager/current/user-guide/set-up/connect-system/entity-type-creation/index.md,7.0,,,,,
Select Primary Keys,current,https://docs.netwrix.com/docs/identitymanager/current/user-guide/set-up/connect-system/entity-type-creation/key-selection,docs/identitymanager/current/user-guide/set-up/connect-system/entity-type-creation/key-selection.md,7.0,,,,,
Define **navigation properties**,current,https://docs.netwrix.com/docs/identitymanager/current/user-guide/set-up/connect-system/entity-type-creation/navigation-property-definition,docs/identitymanager/current/user-guide/set-up/connect-system/entity-type-creation/navigation-property-definition.md,7.0,,,,,
Define **scalar** Properties,current,https://docs.netwrix.com/docs/identitymanager/current/user-guide/set-up/connect-system/entity-type-creation/scalar-property-definition,docs/identitymanager/current/user-guide/set-up/connect-system/entity-type-creation/scalar-property-definition.md,7.0,,,,,
Connect to a Managed System,current,https://docs.netwrix.com/docs/identitymanager/current/user-guide/set-up/connect-system,docs/identitymanager/current/user-guide/set-up/connect-system/index.md,7.0,,,,,
Install the Development Environment,current,https://docs.netwrix.com/docs/identitymanager/current/user-guide/set-up/development-environment-installation,docs/identitymanager/current/user-guide/set-up/development-environment-installation.md,7.0,,,,,
Set Up,current,https://docs.netwrix.com/docs/identitymanager/current/user-guide/set-up,docs/identitymanager/current/user-guide/set-up/index.md,7.0,,,,,
Adjust the Workforce Data Model,current,https://docs.netwrix.com/docs/identitymanager/current/user-guide/set-up/initial-identities-loading/adjust-datamodel,docs/identitymanager/current/user-guide/set-up/initial-identities-loading/adjust-datamodel.md,7.0,,,,,
Configure Unique Property Generation,current,https://docs.netwrix.com/docs/identitymanager/current/user-guide/set-up/initial-identities-loading/generate-unique-properties,docs/identitymanager/current/user-guide/set-up/initial-identities-loading/generate-unique-properties.md,7.0,,,,,
Create the Workforce Repository,current,https://docs.netwrix.com/docs/identitymanager/current/user-guide/set-up/initial-identities-loading,docs/identitymanager/current/user-guide/set-up/initial-identities-loading/index.md,7.0,,,,,
Load Identities to Identity Manager,current,https://docs.netwrix.com/docs/identitymanager/current/user-guide/set-up/initial-identities-loading/load-identities,docs/identitymanager/current/user-guide/set-up/initial-identities-loading/load-identities.md,7.0,,,,,
Template Description,current,https://docs.netwrix.com/docs/identitymanager/current/user-guide/set-up/initial-identities-loading/template-description,docs/identitymanager/current/user-guide/set-up/initial-identities-loading/template-description.md,7.0,,,,,
Create a Provisioning Rule,current,https://docs.netwrix.com/docs/identitymanager/current/user-guide/set-up/provisioning-rule-creation,docs/identitymanager/current/user-guide/set-up/provisioning-rule-creation/index.md,7.0,,,,,
Compute a **navigation** Property,current,https://docs.netwrix.com/docs/identitymanager/current/user-guide/set-up/provisioning-rule-creation/navigation-property-computation,docs/identitymanager/current/user-guide/set-up/provisioning-rule-creation/navigation-property-computation.md,7.0,,,,,
Create Resources,current,https://docs.netwrix.com/docs/identitymanager/current/user-guide/set-up/provisioning-rule-creation/resource-creation,docs/identitymanager/current/user-guide/set-up/provisioning-rule-creation/resource-creation.md,7.0,,,,,
Compute a **scalar** Property,current,https://docs.netwrix.com/docs/identitymanager/current/user-guide/set-up/provisioning-rule-creation/scalar-property-computation,docs/identitymanager/current/user-guide/set-up/provisioning-rule-creation/scalar-property-computation.md,7.0,,,,,
Create a Category,current,https://docs.netwrix.com/docs/identitymanager/current/user-guide/set-up/single-roles-catalog-creation/category-creation,docs/identitymanager/current/user-guide/set-up/single-roles-catalog-creation/category-creation.md,7.0,,,,,
Create Roles in the Role Catalog,current,https://docs.netwrix.com/docs/identitymanager/current/user-guide/set-up/single-roles-catalog-creation,docs/identitymanager/current/user-guide/set-up/single-roles-catalog-creation/index.md,7.0,,,,,
Create a Role Manually,current,https://docs.netwrix.com/docs/identitymanager/current/user-guide/set-up/single-roles-catalog-creation/role-manual-creation,docs/identitymanager/current/user-guide/set-up/single-roles-catalog-creation/role-manual-creation.md,7.0,,,,,
Create **roles** in Bulk,current,https://docs.netwrix.com/docs/identitymanager/current/user-guide/set-up/single-roles-catalog-creation/role-naming-rule-creation,docs/identitymanager/current/user-guide/set-up/single-roles-catalog-creation/role-naming-rule-creation.md,7.0,,,,,
**synchronize** Data,current,https://docs.netwrix.com/docs/identitymanager/current/user-guide/set-up/synchronization,docs/identitymanager/current/user-guide/set-up/synchronization.md,7.0,,,,,
Assign Users a Profile,current,https://docs.netwrix.com/docs/identitymanager/current/user-guide/set-up/user-profile-assignment,docs/identitymanager/current/user-guide/set-up/user-profile-assignment.md,7.0,,,,,
Configure a User Profile,current,https://docs.netwrix.com/docs/identitymanager/current/user-guide/set-up/user-profile-configuration,docs/identitymanager/current/user-guide/set-up/user-profile-configuration.md,7.0,,,,,
