document_title,version,live_page_url,source_path,also_covers,reviewer,audited,fixed,corrections,notes
Cancel Request Wizard,11.6,https://docs.netwrix.com/docs/accessinformationcenter/11_6/accessrequests/interface/cancel,docs/accessinformationcenter/11.6/accessrequests/interface/cancel.md,,,,,,
Changes Window,11.6,https://docs.netwrix.com/docs/accessinformationcenter/11_6/accessrequests/interface/changes,docs/accessinformationcenter/11.6/accessrequests/interface/changes.md,,,,,,
Access Requests Interface,11.6,https://docs.netwrix.com/docs/accessinformationcenter/11_6/accessrequests/interface,docs/accessinformationcenter/11.6/accessrequests/interface/interface.md,,,,,,
Access Requests Overview,11.6,https://docs.netwrix.com/docs/accessinformationcenter/11_6/accessrequests/overview,docs/accessinformationcenter/11.6/accessrequests/overview.md,,,,,,
Alias Server Host Name,11.6,https://docs.netwrix.com/docs/accessinformationcenter/11_6/admin/additionalconfig/aliasserver,docs/accessinformationcenter/11.6/admin/additionalconfig/aliasserver.md,Covered by 12.0 — see docs/accessinformationcenter/12.0/admin/additionalconfig/aliasserver.md,,,,,
Commit Active Directory Changes,11.6,https://docs.netwrix.com/docs/accessinformationcenter/11_6/admin/additionalconfig/commitchanges,docs/accessinformationcenter/11.6/admin/additionalconfig/commitchanges.md,,,,,,
Email Templates,11.6,https://docs.netwrix.com/docs/accessinformationcenter/11_6/admin/additionalconfig/emailtemplates,docs/accessinformationcenter/11.6/admin/additionalconfig/emailtemplates.md,,,,,,
Microsoft Entra ID Single Sign-On,11.6,https://docs.netwrix.com/docs/accessinformationcenter/11_6/admin/additionalconfig/entraidsso,docs/accessinformationcenter/11.6/admin/additionalconfig/entraidsso.md,,,,,,
Group Managed Service Account (gMSA) Configuration,11.6,https://docs.netwrix.com/docs/accessinformationcenter/11_6/admin/additionalconfig/gmsa,docs/accessinformationcenter/11.6/admin/additionalconfig/gmsa.md,,,,,,
Additional Configuration Options,11.6,https://docs.netwrix.com/docs/accessinformationcenter/11_6/admin/additionalconfig/overview,docs/accessinformationcenter/11.6/admin/additionalconfig/overview.md,Covered by 12.0 — see docs/accessinformationcenter/12.0/admin/additionalconfig/overview.md,,,,,
Activity Days Sample for Recommendations,11.6,https://docs.netwrix.com/docs/accessinformationcenter/11_6/admin/additionalconfig/recommendations,docs/accessinformationcenter/11.6/admin/additionalconfig/recommendations.md,,,,,,
Timeout Parameter,11.6,https://docs.netwrix.com/docs/accessinformationcenter/11_6/admin/additionalconfig/timeoutparameter,docs/accessinformationcenter/11.6/admin/additionalconfig/timeoutparameter.md,,,,,,
Active Directory Page,11.6,https://docs.netwrix.com/docs/accessinformationcenter/11_6/admin/configuration/activedirectory,docs/accessinformationcenter/11.6/admin/configuration/activedirectory.md,,,,,,
Console Access Page,11.6,https://docs.netwrix.com/docs/accessinformationcenter/11_6/admin/configuration/consoleaccess,docs/accessinformationcenter/11.6/admin/configuration/consoleaccess.md,,,,,,
Database Page,11.6,https://docs.netwrix.com/docs/accessinformationcenter/11_6/admin/configuration/database,docs/accessinformationcenter/11.6/admin/configuration/database.md,,,,,,
Diagnostics Page,11.6,https://docs.netwrix.com/docs/accessinformationcenter/11_6/admin/configuration/diagnostics,docs/accessinformationcenter/11.6/admin/configuration/diagnostics.md,Covered by 12.0 — see docs/accessinformationcenter/12.0/admin/configuration/diagnostics.md,,,,,
License Page,11.6,https://docs.netwrix.com/docs/accessinformationcenter/11_6/admin/configuration/license,docs/accessinformationcenter/11.6/admin/configuration/license.md,,,,,,
Notifications Page,11.6,https://docs.netwrix.com/docs/accessinformationcenter/11_6/admin/configuration/notifications,docs/accessinformationcenter/11.6/admin/configuration/notifications.md,,,,,,
Configuration Interface Overview,11.6,https://docs.netwrix.com/docs/accessinformationcenter/11_6/admin/configuration/overview,docs/accessinformationcenter/11.6/admin/configuration/overview.md,,,,,,
First Launch,11.6,https://docs.netwrix.com/docs/accessinformationcenter/11_6/admin/firstlaunch,docs/accessinformationcenter/11.6/admin/firstlaunch.md,,,,,,
Getting Started,11.6,https://docs.netwrix.com/docs/accessinformationcenter/11_6/admin/gettingstarted,docs/accessinformationcenter/11.6/admin/gettingstarted.md,,,,,,
URL & Login,11.6,https://docs.netwrix.com/docs/accessinformationcenter/11_6/admin/login,docs/accessinformationcenter/11.6/admin/login/login.md,,,,,,
User Landing Page,11.6,https://docs.netwrix.com/docs/accessinformationcenter/11_6/admin/login/userlanding,docs/accessinformationcenter/11.6/admin/login/userlanding.md,,,,,,
Data Grid Features,11.6,https://docs.netwrix.com/docs/accessinformationcenter/11_6/admin/navigate/datagrid,docs/accessinformationcenter/11.6/admin/navigate/datagrid.md,Covered by 12.0 — see docs/accessinformationcenter/12.0/admin/navigate/datagrid.md,,,,,
Edit Notes Window,11.6,https://docs.netwrix.com/docs/accessinformationcenter/11_6/admin/navigate/editnotes,docs/accessinformationcenter/11.6/admin/navigate/editnotes.md,Covered by 12.0 — see docs/accessinformationcenter/12.0/admin/navigate/editnotes.md,,,,,
Navigation,11.6,https://docs.netwrix.com/docs/accessinformationcenter/11_6/admin/navigate,docs/accessinformationcenter/11.6/admin/navigate/navigate.md,,,,,,
Administrator Overview,11.6,https://docs.netwrix.com/docs/accessinformationcenter/11_6/admin/overview,docs/accessinformationcenter/11.6/admin/overview.md,,,,,,
Update Credential Passwords,11.6,https://docs.netwrix.com/docs/accessinformationcenter/11_6/admin/troubleshooting/credentialpasswords,docs/accessinformationcenter/11.6/admin/troubleshooting/credentialpasswords.md,Covered by 12.0 — see docs/accessinformationcenter/12.0/admin/troubleshooting/credentialpasswords.md,,,,,
Service Account Delegation,11.6,https://docs.netwrix.com/docs/accessinformationcenter/11_6/admin/troubleshooting/delegation,docs/accessinformationcenter/11.6/admin/troubleshooting/delegation.md,,,,,,
Change Log Level,11.6,https://docs.netwrix.com/docs/accessinformationcenter/11_6/admin/troubleshooting/loglevel,docs/accessinformationcenter/11.6/admin/troubleshooting/loglevel.md,Covered by 12.0 — see docs/accessinformationcenter/12.0/admin/troubleshooting/loglevel.md,,,,,
Troubleshooting,11.6,https://docs.netwrix.com/docs/accessinformationcenter/11_6/admin/troubleshooting/overview,docs/accessinformationcenter/11.6/admin/troubleshooting/overview.md,,,,,,
Enterprise Auditor v11.6 Access Information Center,11.6,https://docs.netwrix.com/docs/accessinformationcenter/11_6,docs/accessinformationcenter/11.6/index.md,,,,,,
Install the Access Information Center,11.6,https://docs.netwrix.com/docs/accessinformationcenter/11_6/installation/install,docs/accessinformationcenter/11.6/installation/install.md,,,,,,
Installation Overview,11.6,https://docs.netwrix.com/docs/accessinformationcenter/11_6/installation/overview,docs/accessinformationcenter/11.6/installation/overview.md,,,,,,
Securing the Access Information Center,11.6,https://docs.netwrix.com/docs/accessinformationcenter/11_6/installation/secure,docs/accessinformationcenter/11.6/installation/secure.md,,,,,,
Upgrade Procedure,11.6,https://docs.netwrix.com/docs/accessinformationcenter/11_6/installation/upgrade,docs/accessinformationcenter/11.6/installation/upgrade.md,,,,,,
Owner Confirmation Request Email,11.6,https://docs.netwrix.com/docs/accessinformationcenter/11_6/owneroverview/confirmationrequest,docs/accessinformationcenter/11.6/owneroverview/confirmationrequest.md,Covered by 12.0 — see docs/accessinformationcenter/12.0/owneroverview/confirmationrequest.md,,,,,
Resource Ownership with the Access Information Center,11.6,https://docs.netwrix.com/docs/accessinformationcenter/11_6/owneroverview,docs/accessinformationcenter/11.6/owneroverview/owneroverview.md,Covered by 12.0 — see docs/accessinformationcenter/12.0/owneroverview/owneroverview.md,,,,,
Actions Panel,11.6,https://docs.netwrix.com/docs/accessinformationcenter/11_6/owneroverview/ownerportal/actionspanel,docs/accessinformationcenter/11.6/owneroverview/ownerportal/actionspanel.md,,,,,,
Assigned Resources,11.6,https://docs.netwrix.com/docs/accessinformationcenter/11_6/owneroverview/ownerportal/assignedresources,docs/accessinformationcenter/11.6/owneroverview/ownerportal/assignedresources/assignedresources.md,,,,,,
Change Resource Access Wizard,11.6,https://docs.netwrix.com/docs/accessinformationcenter/11_6/owneroverview/ownerportal/assignedresources/changeaccess,docs/accessinformationcenter/11.6/owneroverview/ownerportal/assignedresources/changeaccess.md,,,,,,
Owner Portal Overview,11.6,https://docs.netwrix.com/docs/accessinformationcenter/11_6/owneroverview/ownerportal/overview,docs/accessinformationcenter/11.6/owneroverview/ownerportal/overview.md,,,,,,
Owners & Access Requests,11.6,https://docs.netwrix.com/docs/accessinformationcenter/11_6/owneroverview/owners/overview,docs/accessinformationcenter/11.6/owneroverview/owners/overview.md,,,,,,
Decline Access Window,11.6,https://docs.netwrix.com/docs/accessinformationcenter/11_6/owneroverview/owners/pendingrequests/declineaccess,docs/accessinformationcenter/11.6/owneroverview/owners/pendingrequests/declineaccess.md,,,,,,
Pending Access Requests,11.6,https://docs.netwrix.com/docs/accessinformationcenter/11_6/owneroverview/owners/pendingrequests,docs/accessinformationcenter/11.6/owneroverview/owners/pendingrequests/pendingrequests.md,,,,,,
Select Access Window,11.6,https://docs.netwrix.com/docs/accessinformationcenter/11_6/owneroverview/owners/pendingrequests/selectaccess,docs/accessinformationcenter/11.6/owneroverview/owners/pendingrequests/selectaccess.md,,,,,,
Access Request Reminder Email,11.6,https://docs.netwrix.com/docs/accessinformationcenter/11_6/owneroverview/owners/reminder,docs/accessinformationcenter/11.6/owneroverview/owners/reminder.md,,,,,,
User Access Request Email,11.6,https://docs.netwrix.com/docs/accessinformationcenter/11_6/owneroverview/owners/request,docs/accessinformationcenter/11.6/owneroverview/owners/request.md,,,,,,
Access Request History,11.6,https://docs.netwrix.com/docs/accessinformationcenter/11_6/owneroverview/owners/requesthistory,docs/accessinformationcenter/11.6/owneroverview/owners/requesthistory.md,,,,,,
Perform an Access Review,11.6,https://docs.netwrix.com/docs/accessinformationcenter/11_6/owneroverview/pendingreviews/access,docs/accessinformationcenter/11.6/owneroverview/pendingreviews/access.md,,,,,,
Criteria Matches Window,11.6,https://docs.netwrix.com/docs/accessinformationcenter/11_6/owneroverview/pendingreviews/criteriamatches,docs/accessinformationcenter/11.6/owneroverview/pendingreviews/criteriamatches.md,Covered by 12.0 — see docs/accessinformationcenter/12.0/owneroverview/pendingreviews/criteriamatches.md,,,,,
Group Membership Window,11.6,https://docs.netwrix.com/docs/accessinformationcenter/11_6/owneroverview/pendingreviews/groupmembership,docs/accessinformationcenter/11.6/owneroverview/pendingreviews/groupmembership.md,Covered by 12.0 — see docs/accessinformationcenter/12.0/owneroverview/pendingreviews/groupmembership.md,,,,,
Perform a Membership Review,11.6,https://docs.netwrix.com/docs/accessinformationcenter/11_6/owneroverview/pendingreviews/membership,docs/accessinformationcenter/11.6/owneroverview/pendingreviews/membership.md,,,,,,
Owners & Resource Reviews,11.6,https://docs.netwrix.com/docs/accessinformationcenter/11_6/owneroverview/pendingreviews,docs/accessinformationcenter/11.6/owneroverview/pendingreviews/pendingreviews.md,,,,,,
Perform a Permissions Review,11.6,https://docs.netwrix.com/docs/accessinformationcenter/11_6/owneroverview/pendingreviews/permissions,docs/accessinformationcenter/11.6/owneroverview/pendingreviews/permissions.md,,,,,,
Review History Page,11.6,https://docs.netwrix.com/docs/accessinformationcenter/11_6/owneroverview/pendingreviews/reviewhistory,docs/accessinformationcenter/11.6/owneroverview/pendingreviews/reviewhistory.md,,,,,,
Perform a Sensitive Data Review,11.6,https://docs.netwrix.com/docs/accessinformationcenter/11_6/owneroverview/pendingreviews/sensitivedata,docs/accessinformationcenter/11.6/owneroverview/pendingreviews/sensitivedata.md,,,,,,
Exceptions Report,11.6,https://docs.netwrix.com/docs/accessinformationcenter/11_6/resourceaudit/activedirectory/domain/exceptions,docs/accessinformationcenter/11.6/resourceaudit/activedirectory/domain/exceptions.md,Covered by 12.0 — see docs/accessinformationcenter/12.0/resourceaudit/activedirectory/domain/exceptions.md,,,,,
Membership Changes Report,11.6,https://docs.netwrix.com/docs/accessinformationcenter/11_6/resourceaudit/activedirectory/domain/membershipchanges,docs/accessinformationcenter/11.6/resourceaudit/activedirectory/domain/membershipchanges.md,,,,,,
Domain Level Reports,11.6,https://docs.netwrix.com/docs/accessinformationcenter/11_6/resourceaudit/activedirectory/domain/overview,docs/accessinformationcenter/11.6/resourceaudit/activedirectory/domain/overview.md,Covered by 12.0 — see docs/accessinformationcenter/12.0/resourceaudit/activedirectory/domain/overview.md,,,,,
Principal Attribute Changes Report,11.6,https://docs.netwrix.com/docs/accessinformationcenter/11_6/resourceaudit/activedirectory/domain/principalattributechanges,docs/accessinformationcenter/11.6/resourceaudit/activedirectory/domain/principalattributechanges.md,,,,,,
Access Report,11.6,https://docs.netwrix.com/docs/accessinformationcenter/11_6/resourceaudit/activedirectory/domainobject/access,docs/accessinformationcenter/11.6/resourceaudit/activedirectory/domainobject/access.md,,,,,,
Domain Object Level Reports,11.6,https://docs.netwrix.com/docs/accessinformationcenter/11_6/resourceaudit/activedirectory/domainobject/overview,docs/accessinformationcenter/11.6/resourceaudit/activedirectory/domainobject/overview.md,Covered by 12.0 — see docs/accessinformationcenter/12.0/resourceaudit/activedirectory/domainobject/overview.md,,,,,
Permissions Report,11.6,https://docs.netwrix.com/docs/accessinformationcenter/11_6/resourceaudit/activedirectory/domainobject/permissions,docs/accessinformationcenter/11.6/resourceaudit/activedirectory/domainobject/permissions.md,,,,,,
Domain Summary Report,11.6,https://docs.netwrix.com/docs/accessinformationcenter/11_6/resourceaudit/activedirectory/domainsummary,docs/accessinformationcenter/11.6/resourceaudit/activedirectory/domainsummary.md,,,,,,
Exceptions Report,11.6,https://docs.netwrix.com/docs/accessinformationcenter/11_6/resourceaudit/activedirectory/exceptions,docs/accessinformationcenter/11.6/resourceaudit/activedirectory/exceptions.md,Covered by 12.0 — see docs/accessinformationcenter/12.0/resourceaudit/activedirectory/exceptions.md,,,,,
Exceptions Report,11.6,https://docs.netwrix.com/docs/accessinformationcenter/11_6/resourceaudit/activedirectory/exceptions,docs/accessinformationcenter/11.6/resourceaudit/activedirectory/exceptions/exceptions.md,Covered by 12.0 — see docs/accessinformationcenter/12.0/resourceaudit/activedirectory/exceptions/exceptions.md,,,,,
Exceptions by Type Report,11.6,https://docs.netwrix.com/docs/accessinformationcenter/11_6/resourceaudit/activedirectory/exceptions/exceptionsbytype,docs/accessinformationcenter/11.6/resourceaudit/activedirectory/exceptions/exceptionsbytype.md,Covered by 12.0 — see docs/accessinformationcenter/12.0/resourceaudit/activedirectory/exceptions/exceptionsbytype.md,,,,,
Exceptions Node Reports,11.6,https://docs.netwrix.com/docs/accessinformationcenter/11_6/resourceaudit/activedirectory/exceptions/overview,docs/accessinformationcenter/11.6/resourceaudit/activedirectory/exceptions/overview.md,,,,,,
Active Directory Reports,11.6,https://docs.netwrix.com/docs/accessinformationcenter/11_6/resourceaudit/activedirectory/overview,docs/accessinformationcenter/11.6/resourceaudit/activedirectory/overview.md,,,,,,
Active Directory Reports Quick Reference,11.6,https://docs.netwrix.com/docs/accessinformationcenter/11_6/resourceaudit/activedirectory/quickreference,docs/accessinformationcenter/11.6/resourceaudit/activedirectory/quickreference.md,,,,,,
Bucket Level Reports,11.6,https://docs.netwrix.com/docs/accessinformationcenter/11_6/resourceaudit/aws/bucket/overview,docs/accessinformationcenter/11.6/resourceaudit/aws/bucket/overview.md,Covered by 12.0 — see docs/accessinformationcenter/12.0/resourceaudit/aws/bucket/overview.md,,,,,
Permissions Report,11.6,https://docs.netwrix.com/docs/accessinformationcenter/11_6/resourceaudit/aws/bucket/permissions,docs/accessinformationcenter/11.6/resourceaudit/aws/bucket/permissions.md,,,,,,
Sensitive Content Report,11.6,https://docs.netwrix.com/docs/accessinformationcenter/11_6/resourceaudit/aws/bucket/sensitivecontent,docs/accessinformationcenter/11.6/resourceaudit/aws/bucket/sensitivecontent.md,,,,,,
Organization Level Reports,11.6,https://docs.netwrix.com/docs/accessinformationcenter/11_6/resourceaudit/aws/organization/overview,docs/accessinformationcenter/11.6/resourceaudit/aws/organization/overview.md,Covered by 12.0 — see docs/accessinformationcenter/12.0/resourceaudit/aws/organization/overview.md,,,,,
Sensitive Content Details Report,11.6,https://docs.netwrix.com/docs/accessinformationcenter/11_6/resourceaudit/aws/organization/sensitivecontentdetails,docs/accessinformationcenter/11.6/resourceaudit/aws/organization/sensitivecontentdetails.md,,,,,,
Sensitive Content Summary Report,11.6,https://docs.netwrix.com/docs/accessinformationcenter/11_6/resourceaudit/aws/organization/sensitivecontentsummary,docs/accessinformationcenter/11.6/resourceaudit/aws/organization/sensitivecontentsummary.md,Covered by 12.0 — see docs/accessinformationcenter/12.0/resourceaudit/aws/organization/sensitivecontentsummary.md,,,,,
Amazon (AWS) Reports,11.6,https://docs.netwrix.com/docs/accessinformationcenter/11_6/resourceaudit/aws/overview,docs/accessinformationcenter/11.6/resourceaudit/aws/overview.md,,,,,,
Amazon (AWS) Reports Quick Reference Guide,11.6,https://docs.netwrix.com/docs/accessinformationcenter/11_6/resourceaudit/aws/quickreference,docs/accessinformationcenter/11.6/resourceaudit/aws/quickreference.md,,,,,,
Sensitive Content Summary Report,11.6,https://docs.netwrix.com/docs/accessinformationcenter/11_6/resourceaudit/aws/sensitivecontentsummary,docs/accessinformationcenter/11.6/resourceaudit/aws/sensitivecontentsummary.md,Covered by 12.0 — see docs/accessinformationcenter/12.0/resourceaudit/aws/sensitivecontentsummary.md,,,,,
Clear Modeled Changes,11.6,https://docs.netwrix.com/docs/accessinformationcenter/11_6/resourceaudit/changemodeling/clear,docs/accessinformationcenter/11.6/resourceaudit/changemodeling/clear.md,Covered by 12.0 — see docs/accessinformationcenter/12.0/resourceaudit/changemodeling/clear.md,,,,,
Commit Modeled Changes,11.6,https://docs.netwrix.com/docs/accessinformationcenter/11_6/resourceaudit/changemodeling/commit,docs/accessinformationcenter/11.6/resourceaudit/changemodeling/commit.md,,,,,,
Model Changes in the AIC,11.6,https://docs.netwrix.com/docs/accessinformationcenter/11_6/resourceaudit/changemodeling/model,docs/accessinformationcenter/11.6/resourceaudit/changemodeling/model.md,,,,,,
Modeled Access Changes Report,11.6,https://docs.netwrix.com/docs/accessinformationcenter/11_6/resourceaudit/changemodeling/modeledaccesschanges,docs/accessinformationcenter/11.6/resourceaudit/changemodeling/modeledaccesschanges.md,,,,,,
Change Modeling,11.6,https://docs.netwrix.com/docs/accessinformationcenter/11_6/resourceaudit/changemodeling/overview,docs/accessinformationcenter/11.6/resourceaudit/changemodeling/overview.md,,,,,,
Activity Details Report,11.6,https://docs.netwrix.com/docs/accessinformationcenter/11_6/resourceaudit/computer/activitydetails,docs/accessinformationcenter/11.6/resourceaudit/computer/activitydetails.md,,,,,,
Activity Statistics Report,11.6,https://docs.netwrix.com/docs/accessinformationcenter/11_6/resourceaudit/computer/activitystatistics,docs/accessinformationcenter/11.6/resourceaudit/computer/activitystatistics.md,,,,,,
Attribute Changes Report,11.6,https://docs.netwrix.com/docs/accessinformationcenter/11_6/resourceaudit/computer/attributechanges,docs/accessinformationcenter/11.6/resourceaudit/computer/attributechanges.md,,,,,,
Effective Access Report,11.6,https://docs.netwrix.com/docs/accessinformationcenter/11_6/resourceaudit/computer/effectiveaccess,docs/accessinformationcenter/11.6/resourceaudit/computer/effectiveaccess.md,,,,,,
Member Of Report,11.6,https://docs.netwrix.com/docs/accessinformationcenter/11_6/resourceaudit/computer/memberof,docs/accessinformationcenter/11.6/resourceaudit/computer/memberof.md,Covered by 12.0 — see docs/accessinformationcenter/12.0/resourceaudit/computer/memberof.md,,,,,
Object Permissions Report,11.6,https://docs.netwrix.com/docs/accessinformationcenter/11_6/resourceaudit/computer/objectpermissions,docs/accessinformationcenter/11.6/resourceaudit/computer/objectpermissions.md,,,,,,
Computer Reports,11.6,https://docs.netwrix.com/docs/accessinformationcenter/11_6/resourceaudit/computer/overview,docs/accessinformationcenter/11.6/resourceaudit/computer/overview.md,,,,,,
Permissions Report,11.6,https://docs.netwrix.com/docs/accessinformationcenter/11_6/resourceaudit/computer/permissions,docs/accessinformationcenter/11.6/resourceaudit/computer/permissions.md,,,,,,
Computer Reports Quick Reference Guide,11.6,https://docs.netwrix.com/docs/accessinformationcenter/11_6/resourceaudit/computer/quickreference,docs/accessinformationcenter/11.6/resourceaudit/computer/quickreference.md,,,,,,
Dropbox Reports,11.6,https://docs.netwrix.com/docs/accessinformationcenter/11_6/resourceaudit/dropbox/overview,docs/accessinformationcenter/11.6/resourceaudit/dropbox/overview.md,,,,,,
Dropbox Reports Quick Reference Guide,11.6,https://docs.netwrix.com/docs/accessinformationcenter/11_6/resourceaudit/dropbox/quickreference,docs/accessinformationcenter/11.6/resourceaudit/dropbox/quickreference.md,,,,,,
Sensitive Content Summary Report,11.6,https://docs.netwrix.com/docs/accessinformationcenter/11_6/resourceaudit/dropbox/sensitivecontentsummary,docs/accessinformationcenter/11.6/resourceaudit/dropbox/sensitivecontentsummary.md,Covered by 12.0 — see docs/accessinformationcenter/12.0/resourceaudit/dropbox/sensitivecontentsummary.md,,,,,
Team Level Reports,11.6,https://docs.netwrix.com/docs/accessinformationcenter/11_6/resourceaudit/dropbox/team/overview,docs/accessinformationcenter/11.6/resourceaudit/dropbox/team/overview.md,Covered by 12.0 — see docs/accessinformationcenter/12.0/resourceaudit/dropbox/team/overview.md,,,,,
Sensitive Content Details Report,11.6,https://docs.netwrix.com/docs/accessinformationcenter/11_6/resourceaudit/dropbox/team/sensitivecontentdetails,docs/accessinformationcenter/11.6/resourceaudit/dropbox/team/sensitivecontentdetails.md,,,,,,
Sensitive Content Summary Report,11.6,https://docs.netwrix.com/docs/accessinformationcenter/11_6/resourceaudit/dropbox/team/sensitivecontentsummary,docs/accessinformationcenter/11.6/resourceaudit/dropbox/team/sensitivecontentsummary.md,Covered by 12.0 — see docs/accessinformationcenter/12.0/resourceaudit/dropbox/team/sensitivecontentsummary.md,,,,,
"Team Member, Resource & Subfolder Level Reports",11.6,https://docs.netwrix.com/docs/accessinformationcenter/11_6/resourceaudit/dropbox/teammemberresource/overview,docs/accessinformationcenter/11.6/resourceaudit/dropbox/teammemberresource/overview.md,Covered by 12.0 — see docs/accessinformationcenter/12.0/resourceaudit/dropbox/teammemberresource/overview.md,,,,,
Permissions Report,11.6,https://docs.netwrix.com/docs/accessinformationcenter/11_6/resourceaudit/dropbox/teammemberresource/permissions,docs/accessinformationcenter/11.6/resourceaudit/dropbox/teammemberresource/permissions.md,,,,,,
Sensitive Content Report,11.6,https://docs.netwrix.com/docs/accessinformationcenter/11_6/resourceaudit/dropbox/teammemberresource/sensitivecontent,docs/accessinformationcenter/11.6/resourceaudit/dropbox/teammemberresource/sensitivecontent.md,,,,,,
Mailbox & Folder Level Reports,11.6,https://docs.netwrix.com/docs/accessinformationcenter/11_6/resourceaudit/exchange/mailboxfolder/overview,docs/accessinformationcenter/11.6/resourceaudit/exchange/mailboxfolder/overview.md,Covered by 12.0 — see docs/accessinformationcenter/12.0/resourceaudit/exchange/mailboxfolder/overview.md,,,,,
Permissions Report,11.6,https://docs.netwrix.com/docs/accessinformationcenter/11_6/resourceaudit/exchange/mailboxfolder/permissions,docs/accessinformationcenter/11.6/resourceaudit/exchange/mailboxfolder/permissions.md,,,,,,
Sensitive Content Report,11.6,https://docs.netwrix.com/docs/accessinformationcenter/11_6/resourceaudit/exchange/mailboxfolder/sensitivecontent,docs/accessinformationcenter/11.6/resourceaudit/exchange/mailboxfolder/sensitivecontent.md,,,,,,
Exchange Reports,11.6,https://docs.netwrix.com/docs/accessinformationcenter/11_6/resourceaudit/exchange/overview,docs/accessinformationcenter/11.6/resourceaudit/exchange/overview.md,,,,,,
Exchange Reports Quick Reference Guide,11.6,https://docs.netwrix.com/docs/accessinformationcenter/11_6/resourceaudit/exchange/quickreference,docs/accessinformationcenter/11.6/resourceaudit/exchange/quickreference.md,,,,,,
Sensitive Content Summary Report,11.6,https://docs.netwrix.com/docs/accessinformationcenter/11_6/resourceaudit/exchange/sensitivecontentsummary,docs/accessinformationcenter/11.6/resourceaudit/exchange/sensitivecontentsummary.md,Covered by 12.0 — see docs/accessinformationcenter/12.0/resourceaudit/exchange/sensitivecontentsummary.md,,,,,
Server Level Reports,11.6,https://docs.netwrix.com/docs/accessinformationcenter/11_6/resourceaudit/exchange/server/overview,docs/accessinformationcenter/11.6/resourceaudit/exchange/server/overview.md,Covered by 12.0 — see docs/accessinformationcenter/12.0/resourceaudit/exchange/server/overview.md,,,,,
Sensitive Content Details Report,11.6,https://docs.netwrix.com/docs/accessinformationcenter/11_6/resourceaudit/exchange/server/sensitivecontentdetails,docs/accessinformationcenter/11.6/resourceaudit/exchange/server/sensitivecontentdetails.md,,,,,,
Sensitive Content Summary Report,11.6,https://docs.netwrix.com/docs/accessinformationcenter/11_6/resourceaudit/exchange/server/sensitivecontentsummary,docs/accessinformationcenter/11.6/resourceaudit/exchange/server/sensitivecontentsummary.md,Covered by 12.0 — see docs/accessinformationcenter/12.0/resourceaudit/exchange/server/sensitivecontentsummary.md,,,,,
Activity Summary Report,11.6,https://docs.netwrix.com/docs/accessinformationcenter/11_6/resourceaudit/filesystem/activitysummary,docs/accessinformationcenter/11.6/resourceaudit/filesystem/activitysummary.md,,,,,,
Admin Shares Node Report,11.6,https://docs.netwrix.com/docs/accessinformationcenter/11_6/resourceaudit/filesystem/adminshares/overview,docs/accessinformationcenter/11.6/resourceaudit/filesystem/adminshares/overview.md,,,,,,
Scan Summary Report,11.6,https://docs.netwrix.com/docs/accessinformationcenter/11_6/resourceaudit/filesystem/adminshares/scansummary,docs/accessinformationcenter/11.6/resourceaudit/filesystem/adminshares/scansummary.md,Covered by 12.0 — see docs/accessinformationcenter/12.0/resourceaudit/filesystem/adminshares/scansummary.md,,,,,
Exceptions Report,11.6,https://docs.netwrix.com/docs/accessinformationcenter/11_6/resourceaudit/filesystem/exceptions,docs/accessinformationcenter/11.6/resourceaudit/filesystem/exceptions.md,Covered by 12.0 — see docs/accessinformationcenter/12.0/resourceaudit/filesystem/exceptions.md,,,,,
Exceptions Report,11.6,https://docs.netwrix.com/docs/accessinformationcenter/11_6/resourceaudit/filesystem/exceptions,docs/accessinformationcenter/11.6/resourceaudit/filesystem/exceptions/exceptions.md,Covered by 12.0 — see docs/accessinformationcenter/12.0/resourceaudit/filesystem/exceptions/exceptions.md,,,,,
Exceptions Report by Type,11.6,https://docs.netwrix.com/docs/accessinformationcenter/11_6/resourceaudit/filesystem/exceptions/exceptionsbytype,docs/accessinformationcenter/11.6/resourceaudit/filesystem/exceptions/exceptionsbytype.md,Covered by 12.0 — see docs/accessinformationcenter/12.0/resourceaudit/filesystem/exceptions/exceptionsbytype.md,,,,,
Exceptions Node Reports,11.6,https://docs.netwrix.com/docs/accessinformationcenter/11_6/resourceaudit/filesystem/exceptions/overview,docs/accessinformationcenter/11.6/resourceaudit/filesystem/exceptions/overview.md,,,,,,
Effective Policy Report,11.6,https://docs.netwrix.com/docs/accessinformationcenter/11_6/resourceaudit/filesystem/localpolicies/effectivepolicy,docs/accessinformationcenter/11.6/resourceaudit/filesystem/localpolicies/effectivepolicy.md,Covered by 12.0 — see docs/accessinformationcenter/12.0/resourceaudit/filesystem/localpolicies/effectivepolicy.md,,,,,
Local Policies Level Reports,11.6,https://docs.netwrix.com/docs/accessinformationcenter/11_6/resourceaudit/filesystem/localpolicies/overview,docs/accessinformationcenter/11.6/resourceaudit/filesystem/localpolicies/overview.md,Covered by 12.0 — see docs/accessinformationcenter/12.0/resourceaudit/filesystem/localpolicies/overview.md,,,,,
Policy Report,11.6,https://docs.netwrix.com/docs/accessinformationcenter/11_6/resourceaudit/filesystem/localpolicies/policy,docs/accessinformationcenter/11.6/resourceaudit/filesystem/localpolicies/policy.md,Covered by 12.0 — see docs/accessinformationcenter/12.0/resourceaudit/filesystem/localpolicies/policy.md,,,,,
Activity Details Report,11.6,https://docs.netwrix.com/docs/accessinformationcenter/11_6/resourceaudit/filesystem/nfsexports/activitydetails,docs/accessinformationcenter/11.6/resourceaudit/filesystem/nfsexports/activitydetails.md,,,,,,
Activity Statistics Report,11.6,https://docs.netwrix.com/docs/accessinformationcenter/11_6/resourceaudit/filesystem/nfsexports/activitystatistics,docs/accessinformationcenter/11.6/resourceaudit/filesystem/nfsexports/activitystatistics.md,,,,,,
NFS Exports Reports,11.6,https://docs.netwrix.com/docs/accessinformationcenter/11_6/resourceaudit/filesystem/nfsexports/overview,docs/accessinformationcenter/11.6/resourceaudit/filesystem/nfsexports/overview.md,,,,,,
Permissions Report,11.6,https://docs.netwrix.com/docs/accessinformationcenter/11_6/resourceaudit/filesystem/nfsexports/permissions,docs/accessinformationcenter/11.6/resourceaudit/filesystem/nfsexports/permissions.md,Covered by 12.0 — see docs/accessinformationcenter/12.0/resourceaudit/filesystem/nfsexports/permissions.md,,,,,
Scan Summary Report,11.6,https://docs.netwrix.com/docs/accessinformationcenter/11_6/resourceaudit/filesystem/nfsexports/scansummary,docs/accessinformationcenter/11.6/resourceaudit/filesystem/nfsexports/scansummary.md,Covered by 12.0 — see docs/accessinformationcenter/12.0/resourceaudit/filesystem/nfsexports/scansummary.md,,,,,
Sensitive Content Report,11.6,https://docs.netwrix.com/docs/accessinformationcenter/11_6/resourceaudit/filesystem/nfsexports/sensitivecontent,docs/accessinformationcenter/11.6/resourceaudit/filesystem/nfsexports/sensitivecontent.md,,,,,,
File System Reports,11.6,https://docs.netwrix.com/docs/accessinformationcenter/11_6/resourceaudit/filesystem/overview,docs/accessinformationcenter/11.6/resourceaudit/filesystem/overview.md,,,,,,
File System Reports Quick Reference Guide,11.6,https://docs.netwrix.com/docs/accessinformationcenter/11_6/resourceaudit/filesystem/quickreference,docs/accessinformationcenter/11.6/resourceaudit/filesystem/quickreference.md,,,,,,
Sensitive Content Summary Report,11.6,https://docs.netwrix.com/docs/accessinformationcenter/11_6/resourceaudit/filesystem/sensitivecontentsummary,docs/accessinformationcenter/11.6/resourceaudit/filesystem/sensitivecontentsummary.md,Covered by 12.0 — see docs/accessinformationcenter/12.0/resourceaudit/filesystem/sensitivecontentsummary.md,,,,,
Activity Details Report,11.6,https://docs.netwrix.com/docs/accessinformationcenter/11_6/resourceaudit/filesystem/server/activitydetails,docs/accessinformationcenter/11.6/resourceaudit/filesystem/server/activitydetails.md,Covered by 12.0 — see docs/accessinformationcenter/12.0/resourceaudit/filesystem/server/activitydetails.md,,,,,
Activity Statistics Report,11.6,https://docs.netwrix.com/docs/accessinformationcenter/11_6/resourceaudit/filesystem/server/activitystatistics,docs/accessinformationcenter/11.6/resourceaudit/filesystem/server/activitystatistics.md,,,,,,
Exceptions Report,11.6,https://docs.netwrix.com/docs/accessinformationcenter/11_6/resourceaudit/filesystem/server/exceptions,docs/accessinformationcenter/11.6/resourceaudit/filesystem/server/exceptions.md,Covered by 12.0 — see docs/accessinformationcenter/12.0/resourceaudit/filesystem/server/exceptions.md,,,,,
Server Level Reports,11.6,https://docs.netwrix.com/docs/accessinformationcenter/11_6/resourceaudit/filesystem/server/overview,docs/accessinformationcenter/11.6/resourceaudit/filesystem/server/overview.md,Covered by 12.0 — see docs/accessinformationcenter/12.0/resourceaudit/filesystem/server/overview.md,,,,,
Scan Summary Report,11.6,https://docs.netwrix.com/docs/accessinformationcenter/11_6/resourceaudit/filesystem/server/scansummary,docs/accessinformationcenter/11.6/resourceaudit/filesystem/server/scansummary.md,Covered by 12.0 — see docs/accessinformationcenter/12.0/resourceaudit/filesystem/server/scansummary.md,,,,,
Sensitive Content Details Report,11.6,https://docs.netwrix.com/docs/accessinformationcenter/11_6/resourceaudit/filesystem/server/sensitivecontentdetails,docs/accessinformationcenter/11.6/resourceaudit/filesystem/server/sensitivecontentdetails.md,Covered by 12.0 — see docs/accessinformationcenter/12.0/resourceaudit/filesystem/server/sensitivecontentdetails.md,,,,,
Sensitive Content Summary Report,11.6,https://docs.netwrix.com/docs/accessinformationcenter/11_6/resourceaudit/filesystem/server/sensitivecontentsummary,docs/accessinformationcenter/11.6/resourceaudit/filesystem/server/sensitivecontentsummary.md,Covered by 12.0 — see docs/accessinformationcenter/12.0/resourceaudit/filesystem/server/sensitivecontentsummary.md,,,,,
Share Activity Summary Report,11.6,https://docs.netwrix.com/docs/accessinformationcenter/11_6/resourceaudit/filesystem/server/shareactivitysummary,docs/accessinformationcenter/11.6/resourceaudit/filesystem/server/shareactivitysummary.md,Covered by 12.0 — see docs/accessinformationcenter/12.0/resourceaudit/filesystem/server/shareactivitysummary.md,,,,,
Server Summary Report,11.6,https://docs.netwrix.com/docs/accessinformationcenter/11_6/resourceaudit/filesystem/serversummary,docs/accessinformationcenter/11.6/resourceaudit/filesystem/serversummary.md,,,,,,
Shared Folders Node Report,11.6,https://docs.netwrix.com/docs/accessinformationcenter/11_6/resourceaudit/filesystem/sharedfolders/overview,docs/accessinformationcenter/11.6/resourceaudit/filesystem/sharedfolders/overview.md,,,,,,
Scan Summary Report,11.6,https://docs.netwrix.com/docs/accessinformationcenter/11_6/resourceaudit/filesystem/sharedfolders/scansummary,docs/accessinformationcenter/11.6/resourceaudit/filesystem/sharedfolders/scansummary.md,Covered by 12.0 — see docs/accessinformationcenter/12.0/resourceaudit/filesystem/sharedfolders/scansummary.md,,,,,
Activity Details Report,11.6,https://docs.netwrix.com/docs/accessinformationcenter/11_6/resourceaudit/filesystem/sharesubfolder/activitydetails,docs/accessinformationcenter/11.6/resourceaudit/filesystem/sharesubfolder/activitydetails.md,,,,,,
Activity Statistics Report,11.6,https://docs.netwrix.com/docs/accessinformationcenter/11_6/resourceaudit/filesystem/sharesubfolder/activitystatistics,docs/accessinformationcenter/11.6/resourceaudit/filesystem/sharesubfolder/activitystatistics.md,,,,,,
Effective Access Report,11.6,https://docs.netwrix.com/docs/accessinformationcenter/11_6/resourceaudit/filesystem/sharesubfolder/effectiveaccess,docs/accessinformationcenter/11.6/resourceaudit/filesystem/sharesubfolder/effectiveaccess.md,,,,,,
Exceptions Report,11.6,https://docs.netwrix.com/docs/accessinformationcenter/11_6/resourceaudit/filesystem/sharesubfolder/exceptions,docs/accessinformationcenter/11.6/resourceaudit/filesystem/sharesubfolder/exceptions.md,,,,,,
Share & Subfolder Levels Reports,11.6,https://docs.netwrix.com/docs/accessinformationcenter/11_6/resourceaudit/filesystem/sharesubfolder/overview,docs/accessinformationcenter/11.6/resourceaudit/filesystem/sharesubfolder/overview.md,Covered by 12.0 — see docs/accessinformationcenter/12.0/resourceaudit/filesystem/sharesubfolder/overview.md,,,,,
Permissions Report,11.6,https://docs.netwrix.com/docs/accessinformationcenter/11_6/resourceaudit/filesystem/sharesubfolder/permissions,docs/accessinformationcenter/11.6/resourceaudit/filesystem/sharesubfolder/permissions.md,,,,,,
Sensitive Content Report,11.6,https://docs.netwrix.com/docs/accessinformationcenter/11_6/resourceaudit/filesystem/sharesubfolder/sensitivecontent,docs/accessinformationcenter/11.6/resourceaudit/filesystem/sharesubfolder/sensitivecontent.md,,,,,,
Activity Report,11.6,https://docs.netwrix.com/docs/accessinformationcenter/11_6/resourceaudit/flexibleimports/activity,docs/accessinformationcenter/11.6/resourceaudit/flexibleimports/activity.md,,,,,,
Flexible Imports Feature,11.6,https://docs.netwrix.com/docs/accessinformationcenter/11_6/resourceaudit/flexibleimports/overview,docs/accessinformationcenter/11.6/resourceaudit/flexibleimports/overview.md,,,,,,
Permissions Report,11.6,https://docs.netwrix.com/docs/accessinformationcenter/11_6/resourceaudit/flexibleimports/permissions,docs/accessinformationcenter/11.6/resourceaudit/flexibleimports/permissions.md,,,,,,
Flexible Import Reports Quick Reference,11.6,https://docs.netwrix.com/docs/accessinformationcenter/11_6/resourceaudit/flexibleimports/quickreference,docs/accessinformationcenter/11.6/resourceaudit/flexibleimports/quickreference.md,,,,,,
Sensitive Content Report,11.6,https://docs.netwrix.com/docs/accessinformationcenter/11_6/resourceaudit/flexibleimports/sensitivecontent,docs/accessinformationcenter/11.6/resourceaudit/flexibleimports/sensitivecontent.md,,,,,,
Attribute Changes Report,11.6,https://docs.netwrix.com/docs/accessinformationcenter/11_6/resourceaudit/group/attributechanges,docs/accessinformationcenter/11.6/resourceaudit/group/attributechanges.md,,,,,,
Effective Access Report for Entra ID Group,11.6,https://docs.netwrix.com/docs/accessinformationcenter/11_6/resourceaudit/group/effectiveaccess-entra,docs/accessinformationcenter/11.6/resourceaudit/group/effectiveaccess-entra.md,,,,,,
Effective Access Report,11.6,https://docs.netwrix.com/docs/accessinformationcenter/11_6/resourceaudit/group/effectiveaccess,docs/accessinformationcenter/11.6/resourceaudit/group/effectiveaccess.md,,,,,,
Member Changes Report,11.6,https://docs.netwrix.com/docs/accessinformationcenter/11_6/resourceaudit/group/memberchanges,docs/accessinformationcenter/11.6/resourceaudit/group/memberchanges.md,,,,,,
Member Of Report for Entra ID Group,11.6,https://docs.netwrix.com/docs/accessinformationcenter/11_6/resourceaudit/group/memberof-entra,docs/accessinformationcenter/11.6/resourceaudit/group/memberof-entra.md,Covered by 12.0 — see docs/accessinformationcenter/12.0/resourceaudit/group/memberof-entra.md,,,,,
Member Of Report,11.6,https://docs.netwrix.com/docs/accessinformationcenter/11_6/resourceaudit/group/memberof,docs/accessinformationcenter/11.6/resourceaudit/group/memberof.md,Covered by 12.0 — see docs/accessinformationcenter/12.0/resourceaudit/group/memberof.md,,,,,
Members Report for Entra ID Group,11.6,https://docs.netwrix.com/docs/accessinformationcenter/11_6/resourceaudit/group/members-entra,docs/accessinformationcenter/11.6/resourceaudit/group/members-entra.md,Covered by 12.0 — see docs/accessinformationcenter/12.0/resourceaudit/group/members-entra.md,,,,,
Members Report,11.6,https://docs.netwrix.com/docs/accessinformationcenter/11_6/resourceaudit/group/members,docs/accessinformationcenter/11.6/resourceaudit/group/members.md,,,,,,
Members Report for a Built-in Group,11.6,https://docs.netwrix.com/docs/accessinformationcenter/11_6/resourceaudit/group/membersbuiltin,docs/accessinformationcenter/11.6/resourceaudit/group/membersbuiltin.md,Covered by 12.0 — see docs/accessinformationcenter/12.0/resourceaudit/group/membersbuiltin.md,,,,,
Object Permissions Report,11.6,https://docs.netwrix.com/docs/accessinformationcenter/11_6/resourceaudit/group/objectpermissions,docs/accessinformationcenter/11.6/resourceaudit/group/objectpermissions.md,,,,,,
Group Reports,11.6,https://docs.netwrix.com/docs/accessinformationcenter/11_6/resourceaudit/group/overview,docs/accessinformationcenter/11.6/resourceaudit/group/overview.md,,,,,,
Permissions Report for Entra ID Group,11.6,https://docs.netwrix.com/docs/accessinformationcenter/11_6/resourceaudit/group/permissions-entra,docs/accessinformationcenter/11.6/resourceaudit/group/permissions-entra.md,,,,,,
Permissions Report,11.6,https://docs.netwrix.com/docs/accessinformationcenter/11_6/resourceaudit/group/permissions,docs/accessinformationcenter/11.6/resourceaudit/group/permissions.md,,,,,,
Group Reports Quick Reference Guide,11.6,https://docs.netwrix.com/docs/accessinformationcenter/11_6/resourceaudit/group/quickreference,docs/accessinformationcenter/11.6/resourceaudit/group/quickreference.md,,,,,,
Database & Collection Level Reports,11.6,https://docs.netwrix.com/docs/accessinformationcenter/11_6/resourceaudit/mongodb/databasecollection/overview,docs/accessinformationcenter/11.6/resourceaudit/mongodb/databasecollection/overview.md,Covered by 12.0 — see docs/accessinformationcenter/12.0/resourceaudit/mongodb/databasecollection/overview.md,,,,,
Permissions Report,11.6,https://docs.netwrix.com/docs/accessinformationcenter/11_6/resourceaudit/mongodb/databasecollection/permissions,docs/accessinformationcenter/11.6/resourceaudit/mongodb/databasecollection/permissions.md,,,,,,
Sensitive Content Report,11.6,https://docs.netwrix.com/docs/accessinformationcenter/11_6/resourceaudit/mongodb/databasecollection/sensitivecontent,docs/accessinformationcenter/11.6/resourceaudit/mongodb/databasecollection/sensitivecontent.md,,,,,,
Instance Level Reports,11.6,https://docs.netwrix.com/docs/accessinformationcenter/11_6/resourceaudit/mongodb/instance/overview,docs/accessinformationcenter/11.6/resourceaudit/mongodb/instance/overview.md,Covered by 12.0 — see docs/accessinformationcenter/12.0/resourceaudit/mongodb/instance/overview.md,,,,,
Sensitive Content Details Report,11.6,https://docs.netwrix.com/docs/accessinformationcenter/11_6/resourceaudit/mongodb/instance/sensitivecontentdetails,docs/accessinformationcenter/11.6/resourceaudit/mongodb/instance/sensitivecontentdetails.md,,,,,,
Sensitive Content Summary Report,11.6,https://docs.netwrix.com/docs/accessinformationcenter/11_6/resourceaudit/mongodb/instance/sensitivecontentsummary,docs/accessinformationcenter/11.6/resourceaudit/mongodb/instance/sensitivecontentsummary.md,Covered by 12.0 — see docs/accessinformationcenter/12.0/resourceaudit/mongodb/instance/sensitivecontentsummary.md,,,,,
MongoDB Reports,11.6,https://docs.netwrix.com/docs/accessinformationcenter/11_6/resourceaudit/mongodb/overview,docs/accessinformationcenter/11.6/resourceaudit/mongodb/overview.md,,,,,,
MongoDB Reports Quick Reference Guide,11.6,https://docs.netwrix.com/docs/accessinformationcenter/11_6/resourceaudit/mongodb/quickreference,docs/accessinformationcenter/11.6/resourceaudit/mongodb/quickreference.md,,,,,,
Sensitive Content Summary Report,11.6,https://docs.netwrix.com/docs/accessinformationcenter/11_6/resourceaudit/mongodb/sensitivecontentsummary,docs/accessinformationcenter/11.6/resourceaudit/mongodb/sensitivecontentsummary.md,Covered by 12.0 — see docs/accessinformationcenter/12.0/resourceaudit/mongodb/sensitivecontentsummary.md,,,,,
Database & Table Level Reports,11.6,https://docs.netwrix.com/docs/accessinformationcenter/11_6/resourceaudit/mysql/databasetables/overview,docs/accessinformationcenter/11.6/resourceaudit/mysql/databasetables/overview.md,Covered by 12.0 — see docs/accessinformationcenter/12.0/resourceaudit/mysql/databasetables/overview.md,,,,,
Permissions Report,11.6,https://docs.netwrix.com/docs/accessinformationcenter/11_6/resourceaudit/mysql/databasetables/permissions,docs/accessinformationcenter/11.6/resourceaudit/mysql/databasetables/permissions.md,,,,,,
Sensitive Content Report,11.6,https://docs.netwrix.com/docs/accessinformationcenter/11_6/resourceaudit/mysql/databasetables/sensitivecontent,docs/accessinformationcenter/11.6/resourceaudit/mysql/databasetables/sensitivecontent.md,,,,,,
Instance Level Reports,11.6,https://docs.netwrix.com/docs/accessinformationcenter/11_6/resourceaudit/mysql/instance/overview,docs/accessinformationcenter/11.6/resourceaudit/mysql/instance/overview.md,Covered by 12.0 — see docs/accessinformationcenter/12.0/resourceaudit/mysql/instance/overview.md,,,,,
Sensitive Content Details Report,11.6,https://docs.netwrix.com/docs/accessinformationcenter/11_6/resourceaudit/mysql/instance/sensitivecontentdetails,docs/accessinformationcenter/11.6/resourceaudit/mysql/instance/sensitivecontentdetails.md,,,,,,
Sensitive Content Summary Report,11.6,https://docs.netwrix.com/docs/accessinformationcenter/11_6/resourceaudit/mysql/instance/sensitivecontentsummary,docs/accessinformationcenter/11.6/resourceaudit/mysql/instance/sensitivecontentsummary.md,Covered by 12.0 — see docs/accessinformationcenter/12.0/resourceaudit/mysql/instance/sensitivecontentsummary.md,,,,,
MySQL Reports,11.6,https://docs.netwrix.com/docs/accessinformationcenter/11_6/resourceaudit/mysql/overview,docs/accessinformationcenter/11.6/resourceaudit/mysql/overview.md,,,,,,
MySQL Reports Quick Reference Guide,11.6,https://docs.netwrix.com/docs/accessinformationcenter/11_6/resourceaudit/mysql/quickreference,docs/accessinformationcenter/11.6/resourceaudit/mysql/quickreference.md,,,,,,
Sensitive Content Summary Report,11.6,https://docs.netwrix.com/docs/accessinformationcenter/11_6/resourceaudit/mysql/sensitivecontentsummary,docs/accessinformationcenter/11.6/resourceaudit/mysql/sensitivecontentsummary.md,Covered by 12.0 — see docs/accessinformationcenter/12.0/resourceaudit/mysql/sensitivecontentsummary.md,,,,,
Computer Audit Interface,11.6,https://docs.netwrix.com/docs/accessinformationcenter/11_6/resourceaudit/navigate/computer,docs/accessinformationcenter/11.6/resourceaudit/navigate/computer.md,,,,,,
Group Audit Interface,11.6,https://docs.netwrix.com/docs/accessinformationcenter/11_6/resourceaudit/navigate/group,docs/accessinformationcenter/11.6/resourceaudit/navigate/group.md,,,,,,
AIC Icons,11.6,https://docs.netwrix.com/docs/accessinformationcenter/11_6/resourceaudit/navigate/icons,docs/accessinformationcenter/11.6/resourceaudit/navigate/icons.md,,,,,,
Audit Interfaces,11.6,https://docs.netwrix.com/docs/accessinformationcenter/11_6/resourceaudit/navigate/overview,docs/accessinformationcenter/11.6/resourceaudit/navigate/overview.md,,,,,,
Resource Audit Interface,11.6,https://docs.netwrix.com/docs/accessinformationcenter/11_6/resourceaudit/navigate/resource,docs/accessinformationcenter/11.6/resourceaudit/navigate/resource.md,,,,,,
Scope an Effective Access Report,11.6,https://docs.netwrix.com/docs/accessinformationcenter/11_6/resourceaudit/navigate/scopeeffectiveaccess,docs/accessinformationcenter/11.6/resourceaudit/navigate/scopeeffectiveaccess.md,Covered by 12.0 — see docs/accessinformationcenter/12.0/resourceaudit/navigate/scopeeffectiveaccess.md,,,,,
Search Features,11.6,https://docs.netwrix.com/docs/accessinformationcenter/11_6/resourceaudit/navigate/search,docs/accessinformationcenter/11.6/resourceaudit/navigate/search.md,,,,,,
Sensitive Content Audit Interface,11.6,https://docs.netwrix.com/docs/accessinformationcenter/11_6/resourceaudit/navigate/sensitivecontent,docs/accessinformationcenter/11.6/resourceaudit/navigate/sensitivecontent.md,,,,,,
User Audit Interface,11.6,https://docs.netwrix.com/docs/accessinformationcenter/11_6/resourceaudit/navigate/user,docs/accessinformationcenter/11.6/resourceaudit/navigate/user.md,,,,,,
Database & Library Level Reports,11.6,https://docs.netwrix.com/docs/accessinformationcenter/11_6/resourceaudit/oracle/databaselibrary/overview,docs/accessinformationcenter/11.6/resourceaudit/oracle/databaselibrary/overview.md,Covered by 12.0 — see docs/accessinformationcenter/12.0/resourceaudit/oracle/databaselibrary/overview.md,,,,,
Permissions Report,11.6,https://docs.netwrix.com/docs/accessinformationcenter/11_6/resourceaudit/oracle/databaselibrary/permissions,docs/accessinformationcenter/11.6/resourceaudit/oracle/databaselibrary/permissions.md,,,,,,
Sensitive Content Report,11.6,https://docs.netwrix.com/docs/accessinformationcenter/11_6/resourceaudit/oracle/databaselibrary/sensitivecontent,docs/accessinformationcenter/11.6/resourceaudit/oracle/databaselibrary/sensitivecontent.md,,,,,,
Instance Level Reports,11.6,https://docs.netwrix.com/docs/accessinformationcenter/11_6/resourceaudit/oracle/instance/overview,docs/accessinformationcenter/11.6/resourceaudit/oracle/instance/overview.md,Covered by 12.0 — see docs/accessinformationcenter/12.0/resourceaudit/oracle/instance/overview.md,,,,,
Sensitive Content Details Report,11.6,https://docs.netwrix.com/docs/accessinformationcenter/11_6/resourceaudit/oracle/instance/sensitivecontentdetails,docs/accessinformationcenter/11.6/resourceaudit/oracle/instance/sensitivecontentdetails.md,,,,,,
Sensitive Content Summary Report,11.6,https://docs.netwrix.com/docs/accessinformationcenter/11_6/resourceaudit/oracle/instance/sensitivecontentsummary,docs/accessinformationcenter/11.6/resourceaudit/oracle/instance/sensitivecontentsummary.md,Covered by 12.0 — see docs/accessinformationcenter/12.0/resourceaudit/oracle/instance/sensitivecontentsummary.md,,,,,
Oracle Reports,11.6,https://docs.netwrix.com/docs/accessinformationcenter/11_6/resourceaudit/oracle/overview,docs/accessinformationcenter/11.6/resourceaudit/oracle/overview.md,,,,,,
Oracle Reports Quick Reference Guide,11.6,https://docs.netwrix.com/docs/accessinformationcenter/11_6/resourceaudit/oracle/quickreference,docs/accessinformationcenter/11.6/resourceaudit/oracle/quickreference.md,,,,,,
Sensitive Content Summary Report,11.6,https://docs.netwrix.com/docs/accessinformationcenter/11_6/resourceaudit/oracle/sensitivecontentsummary,docs/accessinformationcenter/11.6/resourceaudit/oracle/sensitivecontentsummary.md,Covered by 12.0 — see docs/accessinformationcenter/12.0/resourceaudit/oracle/sensitivecontentsummary.md,,,,,
Resource Audit Overview,11.6,https://docs.netwrix.com/docs/accessinformationcenter/11_6/resourceaudit/overview,docs/accessinformationcenter/11.6/resourceaudit/overview.md,,,,,,
Database & Table Level Reports,11.6,https://docs.netwrix.com/docs/accessinformationcenter/11_6/resourceaudit/postgresql/databasetable/overview,docs/accessinformationcenter/11.6/resourceaudit/postgresql/databasetable/overview.md,Covered by 12.0 — see docs/accessinformationcenter/12.0/resourceaudit/postgresql/databasetable/overview.md,,,,,
Permissions Report,11.6,https://docs.netwrix.com/docs/accessinformationcenter/11_6/resourceaudit/postgresql/databasetable/permissions,docs/accessinformationcenter/11.6/resourceaudit/postgresql/databasetable/permissions.md,,,,,,
Sensitive Content Report,11.6,https://docs.netwrix.com/docs/accessinformationcenter/11_6/resourceaudit/postgresql/databasetable/sensitivecontent,docs/accessinformationcenter/11.6/resourceaudit/postgresql/databasetable/sensitivecontent.md,,,,,,
Instance Level Reports,11.6,https://docs.netwrix.com/docs/accessinformationcenter/11_6/resourceaudit/postgresql/instance/overview,docs/accessinformationcenter/11.6/resourceaudit/postgresql/instance/overview.md,Covered by 12.0 — see docs/accessinformationcenter/12.0/resourceaudit/postgresql/instance/overview.md,,,,,
Sensitive Content Details Report,11.6,https://docs.netwrix.com/docs/accessinformationcenter/11_6/resourceaudit/postgresql/instance/sensitivecontentdetails,docs/accessinformationcenter/11.6/resourceaudit/postgresql/instance/sensitivecontentdetails.md,,,,,,
Sensitive Content Summary Report,11.6,https://docs.netwrix.com/docs/accessinformationcenter/11_6/resourceaudit/postgresql/instance/sensitivecontentsummary,docs/accessinformationcenter/11.6/resourceaudit/postgresql/instance/sensitivecontentsummary.md,Covered by 12.0 — see docs/accessinformationcenter/12.0/resourceaudit/postgresql/instance/sensitivecontentsummary.md,,,,,
PostgreSQL Reports,11.6,https://docs.netwrix.com/docs/accessinformationcenter/11_6/resourceaudit/postgresql/overview,docs/accessinformationcenter/11.6/resourceaudit/postgresql/overview.md,,,,,,
PostgreSQL Reports Quick Reference Guide,11.6,https://docs.netwrix.com/docs/accessinformationcenter/11_6/resourceaudit/postgresql/quickreference,docs/accessinformationcenter/11.6/resourceaudit/postgresql/quickreference.md,,,,,,
Sensitive Content Summary Report,11.6,https://docs.netwrix.com/docs/accessinformationcenter/11_6/resourceaudit/postgresql/sensitivecontentsummary,docs/accessinformationcenter/11.6/resourceaudit/postgresql/sensitivecontentsummary.md,Covered by 12.0 — see docs/accessinformationcenter/12.0/resourceaudit/postgresql/sensitivecontentsummary.md,,,,,
Files Report,11.6,https://docs.netwrix.com/docs/accessinformationcenter/11_6/resourceaudit/sensitivecontent/files,docs/accessinformationcenter/11.6/resourceaudit/sensitivecontent/files.md,,,,,,
Sensitive Content Reports,11.6,https://docs.netwrix.com/docs/accessinformationcenter/11_6/resourceaudit/sensitivecontent/overview,docs/accessinformationcenter/11.6/resourceaudit/sensitivecontent/overview.md,,,,,,
Sensitive Content Reports Quick Reference,11.6,https://docs.netwrix.com/docs/accessinformationcenter/11_6/resourceaudit/sensitivecontent/quickreference,docs/accessinformationcenter/11.6/resourceaudit/sensitivecontent/quickreference.md,,,,,,
Exceptions Report,11.6,https://docs.netwrix.com/docs/accessinformationcenter/11_6/resourceaudit/sharepoint/exceptions,docs/accessinformationcenter/11.6/resourceaudit/sharepoint/exceptions.md,Covered by 12.0 — see docs/accessinformationcenter/12.0/resourceaudit/sharepoint/exceptions.md,,,,,
Exceptions Report,11.6,https://docs.netwrix.com/docs/accessinformationcenter/11_6/resourceaudit/sharepoint/exceptions,docs/accessinformationcenter/11.6/resourceaudit/sharepoint/exceptions/exceptions.md,Covered by 12.0 — see docs/accessinformationcenter/12.0/resourceaudit/sharepoint/exceptions/exceptions.md,,,,,
Exceptions by Type Report,11.6,https://docs.netwrix.com/docs/accessinformationcenter/11_6/resourceaudit/sharepoint/exceptions/exceptionsbytype,docs/accessinformationcenter/11.6/resourceaudit/sharepoint/exceptions/exceptionsbytype.md,Covered by 12.0 — see docs/accessinformationcenter/12.0/resourceaudit/sharepoint/exceptions/exceptionsbytype.md,,,,,
Exceptions Node Report,11.6,https://docs.netwrix.com/docs/accessinformationcenter/11_6/resourceaudit/sharepoint/exceptions/overview,docs/accessinformationcenter/11.6/resourceaudit/sharepoint/exceptions/overview.md,,,,,,
Activity Details Report,11.6,https://docs.netwrix.com/docs/accessinformationcenter/11_6/resourceaudit/sharepoint/farminstance/activitydetails,docs/accessinformationcenter/11.6/resourceaudit/sharepoint/farminstance/activitydetails.md,,,,,,
Anonymous Access Links Report,11.6,https://docs.netwrix.com/docs/accessinformationcenter/11_6/resourceaudit/sharepoint/farminstance/anonymousaccesslinks,docs/accessinformationcenter/11.6/resourceaudit/sharepoint/farminstance/anonymousaccesslinks.md,Covered by 12.0 — see docs/accessinformationcenter/12.0/resourceaudit/sharepoint/farminstance/anonymousaccesslinks.md,,,,,
Exceptions Report,11.6,https://docs.netwrix.com/docs/accessinformationcenter/11_6/resourceaudit/sharepoint/farminstance/exceptions,docs/accessinformationcenter/11.6/resourceaudit/sharepoint/farminstance/exceptions.md,Covered by 12.0 — see docs/accessinformationcenter/12.0/resourceaudit/sharepoint/farminstance/exceptions.md,,,,,
External Sharing Report,11.6,https://docs.netwrix.com/docs/accessinformationcenter/11_6/resourceaudit/sharepoint/farminstance/externalsharing,docs/accessinformationcenter/11.6/resourceaudit/sharepoint/farminstance/externalsharing.md,Covered by 12.0 — see docs/accessinformationcenter/12.0/resourceaudit/sharepoint/farminstance/externalsharing.md,,,,,
On-Premise Farm & Online Instance Levels Reports,11.6,https://docs.netwrix.com/docs/accessinformationcenter/11_6/resourceaudit/sharepoint/farminstance/overview,docs/accessinformationcenter/11.6/resourceaudit/sharepoint/farminstance/overview.md,,,,,,
Scan Summary Report,11.6,https://docs.netwrix.com/docs/accessinformationcenter/11_6/resourceaudit/sharepoint/farminstance/scansummary,docs/accessinformationcenter/11.6/resourceaudit/sharepoint/farminstance/scansummary.md,Covered by 12.0 — see docs/accessinformationcenter/12.0/resourceaudit/sharepoint/farminstance/scansummary.md,,,,,
Sensitive Content Details Report,11.6,https://docs.netwrix.com/docs/accessinformationcenter/11_6/resourceaudit/sharepoint/farminstance/sensitivecontentdetails,docs/accessinformationcenter/11.6/resourceaudit/sharepoint/farminstance/sensitivecontentdetails.md,Covered by 12.0 — see docs/accessinformationcenter/12.0/resourceaudit/sharepoint/farminstance/sensitivecontentdetails.md,,,,,
Sensitive Content Summary Report,11.6,https://docs.netwrix.com/docs/accessinformationcenter/11_6/resourceaudit/sharepoint/farminstance/sensitivecontentsummary,docs/accessinformationcenter/11.6/resourceaudit/sharepoint/farminstance/sensitivecontentsummary.md,Covered by 12.0 — see docs/accessinformationcenter/12.0/resourceaudit/sharepoint/farminstance/sensitivecontentsummary.md,,,,,
Anonymous Access Links Report,11.6,https://docs.netwrix.com/docs/accessinformationcenter/11_6/resourceaudit/sharepoint/onedrive/anonymousaccesslinks,docs/accessinformationcenter/11.6/resourceaudit/sharepoint/onedrive/anonymousaccesslinks.md,Covered by 12.0 — see docs/accessinformationcenter/12.0/resourceaudit/sharepoint/onedrive/anonymousaccesslinks.md,,,,,
OneDrive Scan Summary Report,11.6,https://docs.netwrix.com/docs/accessinformationcenter/11_6/resourceaudit/sharepoint/onedrive/onedrivescansummary,docs/accessinformationcenter/11.6/resourceaudit/sharepoint/onedrive/onedrivescansummary.md,Covered by 12.0 — see docs/accessinformationcenter/12.0/resourceaudit/sharepoint/onedrive/onedrivescansummary.md,,,,,
OneDrive for Business Node Reports for SharePoint Online,11.6,https://docs.netwrix.com/docs/accessinformationcenter/11_6/resourceaudit/sharepoint/onedrive/overview,docs/accessinformationcenter/11.6/resourceaudit/sharepoint/onedrive/overview.md,Covered by 12.0 — see docs/accessinformationcenter/12.0/resourceaudit/sharepoint/onedrive/overview.md,,,,,
SharePoint Reports,11.6,https://docs.netwrix.com/docs/accessinformationcenter/11_6/resourceaudit/sharepoint/overview,docs/accessinformationcenter/11.6/resourceaudit/sharepoint/overview.md,,,,,,
SharePoint Reports Quick Reference Guide,11.6,https://docs.netwrix.com/docs/accessinformationcenter/11_6/resourceaudit/sharepoint/quickreference,docs/accessinformationcenter/11.6/resourceaudit/sharepoint/quickreference.md,,,,,,
Sensitive Content Summary Report,11.6,https://docs.netwrix.com/docs/accessinformationcenter/11_6/resourceaudit/sharepoint/sensitivecontentsummary,docs/accessinformationcenter/11.6/resourceaudit/sharepoint/sensitivecontentsummary.md,Covered by 12.0 — see docs/accessinformationcenter/12.0/resourceaudit/sharepoint/sensitivecontentsummary.md,,,,,
Server Summary Report,11.6,https://docs.netwrix.com/docs/accessinformationcenter/11_6/resourceaudit/sharepoint/serversummary,docs/accessinformationcenter/11.6/resourceaudit/sharepoint/serversummary.md,,,,,,
Activity Details Report,11.6,https://docs.netwrix.com/docs/accessinformationcenter/11_6/resourceaudit/sharepoint/sitecollections/activitydetails,docs/accessinformationcenter/11.6/resourceaudit/sharepoint/sitecollections/activitydetails.md,,,,,,
Effective Access Report,11.6,https://docs.netwrix.com/docs/accessinformationcenter/11_6/resourceaudit/sharepoint/sitecollections/effectiveaccess,docs/accessinformationcenter/11.6/resourceaudit/sharepoint/sitecollections/effectiveaccess.md,,,,,,
Exceptions Report,11.6,https://docs.netwrix.com/docs/accessinformationcenter/11_6/resourceaudit/sharepoint/sitecollections/exceptions,docs/accessinformationcenter/11.6/resourceaudit/sharepoint/sitecollections/exceptions.md,,,,,,
"Site Collection, Site, List, Library, & Folder Level Reports",11.6,https://docs.netwrix.com/docs/accessinformationcenter/11_6/resourceaudit/sharepoint/sitecollections/overview,docs/accessinformationcenter/11.6/resourceaudit/sharepoint/sitecollections/overview.md,,,,,,
Permissions Report,11.6,https://docs.netwrix.com/docs/accessinformationcenter/11_6/resourceaudit/sharepoint/sitecollections/permissions,docs/accessinformationcenter/11.6/resourceaudit/sharepoint/sitecollections/permissions.md,,,,,,
Sensitive Content Report,11.6,https://docs.netwrix.com/docs/accessinformationcenter/11_6/resourceaudit/sharepoint/sitecollections/sensitivecontent,docs/accessinformationcenter/11.6/resourceaudit/sharepoint/sitecollections/sensitivecontent.md,Covered by 12.0 — see docs/accessinformationcenter/12.0/resourceaudit/sharepoint/sitecollections/sensitivecontent.md,,,,,
Site Collection Roles Report,11.6,https://docs.netwrix.com/docs/accessinformationcenter/11_6/resourceaudit/sharepoint/sitecollections/sitecollectionroles,docs/accessinformationcenter/11.6/resourceaudit/sharepoint/sitecollections/sitecollectionroles.md,Covered by 12.0 — see docs/accessinformationcenter/12.0/resourceaudit/sharepoint/sitecollections/sitecollectionroles.md,,,,,
Teams Node Reports for SharePoint Online,11.6,https://docs.netwrix.com/docs/accessinformationcenter/11_6/resourceaudit/sharepoint/teams/overview,docs/accessinformationcenter/11.6/resourceaudit/sharepoint/teams/overview.md,Covered by 12.0 — see docs/accessinformationcenter/12.0/resourceaudit/sharepoint/teams/overview.md,,,,,
Teams Scan Summary,11.6,https://docs.netwrix.com/docs/accessinformationcenter/11_6/resourceaudit/sharepoint/teams/teamsscansummary,docs/accessinformationcenter/11.6/resourceaudit/sharepoint/teams/teamsscansummary.md,Covered by 12.0 — see docs/accessinformationcenter/12.0/resourceaudit/sharepoint/teams/teamsscansummary.md,,,,,
Effective Policy Report,11.6,https://docs.netwrix.com/docs/accessinformationcenter/11_6/resourceaudit/sharepoint/webapplication/effectivepolicy,docs/accessinformationcenter/11.6/resourceaudit/sharepoint/webapplication/effectivepolicy.md,,,,,,
Web Application & Web Application URL Levels Reports,11.6,https://docs.netwrix.com/docs/accessinformationcenter/11_6/resourceaudit/sharepoint/webapplication/overview,docs/accessinformationcenter/11.6/resourceaudit/sharepoint/webapplication/overview.md,Covered by 12.0 — see docs/accessinformationcenter/12.0/resourceaudit/sharepoint/webapplication/overview.md,,,,,
Policy Report,11.6,https://docs.netwrix.com/docs/accessinformationcenter/11_6/resourceaudit/sharepoint/webapplication/policy,docs/accessinformationcenter/11.6/resourceaudit/sharepoint/webapplication/policy.md,,,,,,
Activity Report,11.6,https://docs.netwrix.com/docs/accessinformationcenter/11_6/resourceaudit/sql/databases/activity,docs/accessinformationcenter/11.6/resourceaudit/sql/databases/activity.md,,,,,,
Databases Node Reports,11.6,https://docs.netwrix.com/docs/accessinformationcenter/11_6/resourceaudit/sql/databases/overview,docs/accessinformationcenter/11.6/resourceaudit/sql/databases/overview.md,Covered by 12.0 — see docs/accessinformationcenter/12.0/resourceaudit/sql/databases/overview.md,,,,,
Sensitive Content Report,11.6,https://docs.netwrix.com/docs/accessinformationcenter/11_6/resourceaudit/sql/databases/sensitivecontent,docs/accessinformationcenter/11.6/resourceaudit/sql/databases/sensitivecontent.md,,,,,,
Activity Report,11.6,https://docs.netwrix.com/docs/accessinformationcenter/11_6/resourceaudit/sql/databasetable/activity,docs/accessinformationcenter/11.6/resourceaudit/sql/databasetable/activity.md,,,,,,
Database & Table Levels Reports,11.6,https://docs.netwrix.com/docs/accessinformationcenter/11_6/resourceaudit/sql/databasetable/overview,docs/accessinformationcenter/11.6/resourceaudit/sql/databasetable/overview.md,Covered by 12.0 — see docs/accessinformationcenter/12.0/resourceaudit/sql/databasetable/overview.md,,,,,
Permissions Report,11.6,https://docs.netwrix.com/docs/accessinformationcenter/11_6/resourceaudit/sql/databasetable/permissions,docs/accessinformationcenter/11.6/resourceaudit/sql/databasetable/permissions.md,,,,,,
Sensitive Content Report,11.6,https://docs.netwrix.com/docs/accessinformationcenter/11_6/resourceaudit/sql/databasetable/sensitivecontent,docs/accessinformationcenter/11.6/resourceaudit/sql/databasetable/sensitivecontent.md,,,,,,
Activity Report,11.6,https://docs.netwrix.com/docs/accessinformationcenter/11_6/resourceaudit/sql/instance/activity,docs/accessinformationcenter/11.6/resourceaudit/sql/instance/activity.md,Covered by 12.0 — see docs/accessinformationcenter/12.0/resourceaudit/sql/instance/activity.md,,,,,
Instance Level Reports,11.6,https://docs.netwrix.com/docs/accessinformationcenter/11_6/resourceaudit/sql/instance/overview,docs/accessinformationcenter/11.6/resourceaudit/sql/instance/overview.md,,,,,,
Sensitive Content Details Report,11.6,https://docs.netwrix.com/docs/accessinformationcenter/11_6/resourceaudit/sql/instance/sensitivecontentdetails,docs/accessinformationcenter/11.6/resourceaudit/sql/instance/sensitivecontentdetails.md,,,,,,
Sensitive Content Summary Report,11.6,https://docs.netwrix.com/docs/accessinformationcenter/11_6/resourceaudit/sql/instance/sensitivecontentsummary,docs/accessinformationcenter/11.6/resourceaudit/sql/instance/sensitivecontentsummary.md,Covered by 12.0 — see docs/accessinformationcenter/12.0/resourceaudit/sql/instance/sensitivecontentsummary.md,,,,,
Instance Permissions Node Report,11.6,https://docs.netwrix.com/docs/accessinformationcenter/11_6/resourceaudit/sql/instancepermissions/overview,docs/accessinformationcenter/11.6/resourceaudit/sql/instancepermissions/overview.md,Covered by 12.0 — see docs/accessinformationcenter/12.0/resourceaudit/sql/instancepermissions/overview.md,,,,,
Permissions Report,11.6,https://docs.netwrix.com/docs/accessinformationcenter/11_6/resourceaudit/sql/instancepermissions/permissions,docs/accessinformationcenter/11.6/resourceaudit/sql/instancepermissions/permissions.md,,,,,,
SQL Server Reports,11.6,https://docs.netwrix.com/docs/accessinformationcenter/11_6/resourceaudit/sql/overview,docs/accessinformationcenter/11.6/resourceaudit/sql/overview.md,,,,,,
SQL Server Reports Quick Reference Guide,11.6,https://docs.netwrix.com/docs/accessinformationcenter/11_6/resourceaudit/sql/quickreference,docs/accessinformationcenter/11.6/resourceaudit/sql/quickreference.md,,,,,,
Roles Node Reports,11.6,https://docs.netwrix.com/docs/accessinformationcenter/11_6/resourceaudit/sql/roles/overview,docs/accessinformationcenter/11.6/resourceaudit/sql/roles/overview.md,Covered by 12.0 — see docs/accessinformationcenter/12.0/resourceaudit/sql/roles/overview.md,,,,,
Permissions Report,11.6,https://docs.netwrix.com/docs/accessinformationcenter/11_6/resourceaudit/sql/roles/permissions,docs/accessinformationcenter/11.6/resourceaudit/sql/roles/permissions.md,,,,,,
Sensitive Content Summary Report,11.6,https://docs.netwrix.com/docs/accessinformationcenter/11_6/resourceaudit/sql/sensitivecontentsummary,docs/accessinformationcenter/11.6/resourceaudit/sql/sensitivecontentsummary.md,Covered by 12.0 — see docs/accessinformationcenter/12.0/resourceaudit/sql/sensitivecontentsummary.md,,,,,
Activity Details Report for Entra ID User,11.6,https://docs.netwrix.com/docs/accessinformationcenter/11_6/resourceaudit/user/activitydetails-entra,docs/accessinformationcenter/11.6/resourceaudit/user/activitydetails-entra.md,,,,,,
Activity Details Report,11.6,https://docs.netwrix.com/docs/accessinformationcenter/11_6/resourceaudit/user/activitydetails,docs/accessinformationcenter/11.6/resourceaudit/user/activitydetails.md,,,,,,
Activity Statistics Report,11.6,https://docs.netwrix.com/docs/accessinformationcenter/11_6/resourceaudit/user/activitystatistics,docs/accessinformationcenter/11.6/resourceaudit/user/activitystatistics.md,,,,,,
Attribute Changes Report,11.6,https://docs.netwrix.com/docs/accessinformationcenter/11_6/resourceaudit/user/attributechanges,docs/accessinformationcenter/11.6/resourceaudit/user/attributechanges.md,,,,,,
Effective Access Report for Entra ID User,11.6,https://docs.netwrix.com/docs/accessinformationcenter/11_6/resourceaudit/user/effectiveaccess-entra,docs/accessinformationcenter/11.6/resourceaudit/user/effectiveaccess-entra.md,,,,,,
Effective Access Report,11.6,https://docs.netwrix.com/docs/accessinformationcenter/11_6/resourceaudit/user/effectiveaccess,docs/accessinformationcenter/11.6/resourceaudit/user/effectiveaccess.md,,,,,,
Member Of Report for Entra ID User,11.6,https://docs.netwrix.com/docs/accessinformationcenter/11_6/resourceaudit/user/memberof-entra,docs/accessinformationcenter/11.6/resourceaudit/user/memberof-entra.md,Covered by 12.0 — see docs/accessinformationcenter/12.0/resourceaudit/user/memberof-entra.md,,,,,
Member Of Report,11.6,https://docs.netwrix.com/docs/accessinformationcenter/11_6/resourceaudit/user/memberof,docs/accessinformationcenter/11.6/resourceaudit/user/memberof.md,Covered by 12.0 — see docs/accessinformationcenter/12.0/resourceaudit/user/memberof.md,,,,,
Object Permissions Report,11.6,https://docs.netwrix.com/docs/accessinformationcenter/11_6/resourceaudit/user/objectpermissions,docs/accessinformationcenter/11.6/resourceaudit/user/objectpermissions.md,,,,,,
User Reports,11.6,https://docs.netwrix.com/docs/accessinformationcenter/11_6/resourceaudit/user/overview,docs/accessinformationcenter/11.6/resourceaudit/user/overview.md,,,,,,
Permissions Report for Entra ID User,11.6,https://docs.netwrix.com/docs/accessinformationcenter/11_6/resourceaudit/user/permissions-entra,docs/accessinformationcenter/11.6/resourceaudit/user/permissions-entra.md,,,,,,
Permissions Report,11.6,https://docs.netwrix.com/docs/accessinformationcenter/11_6/resourceaudit/user/permissions,docs/accessinformationcenter/11.6/resourceaudit/user/permissions.md,,,,,,
User Reports Quick Reference,11.6,https://docs.netwrix.com/docs/accessinformationcenter/11_6/resourceaudit/user/quickreference,docs/accessinformationcenter/11.6/resourceaudit/user/quickreference.md,,,,,,
Access Groups,11.6,https://docs.netwrix.com/docs/accessinformationcenter/11_6/resourceowners/accessgroups,docs/accessinformationcenter/11.6/resourceowners/accessgroups.md,,,,,,
Confirm Ownership Wizard,11.6,https://docs.netwrix.com/docs/accessinformationcenter/11_6/resourceowners/confirmation/confirm,docs/accessinformationcenter/11.6/resourceowners/confirmation/confirm.md,,,,,,
Ownership Confirmation,11.6,https://docs.netwrix.com/docs/accessinformationcenter/11_6/resourceowners/confirmation,docs/accessinformationcenter/11.6/resourceowners/confirmation/confirmation.md,,,,,,
Add New Resource Wizard,11.6,https://docs.netwrix.com/docs/accessinformationcenter/11_6/resourceowners/interface/add,docs/accessinformationcenter/11.6/resourceowners/interface/add.md,,,,,,
Add Owner Window,11.6,https://docs.netwrix.com/docs/accessinformationcenter/11_6/resourceowners/interface/addowner,docs/accessinformationcenter/11.6/resourceowners/interface/addowner.md,,,,,,
Confirm Removal Window,11.6,https://docs.netwrix.com/docs/accessinformationcenter/11_6/resourceowners/interface/confirmremoval,docs/accessinformationcenter/11.6/resourceowners/interface/confirmremoval.md,,,,,,
Import Owners Wizard,11.6,https://docs.netwrix.com/docs/accessinformationcenter/11_6/resourceowners/interface/import,docs/accessinformationcenter/11.6/resourceowners/interface/import.md,,,,,,
Resource Owners Interface,11.6,https://docs.netwrix.com/docs/accessinformationcenter/11_6/resourceowners/interface,docs/accessinformationcenter/11.6/resourceowners/interface/interface.md,,,,,,
Select Group Window,11.6,https://docs.netwrix.com/docs/accessinformationcenter/11_6/resourceowners/interface/selectgroup,docs/accessinformationcenter/11.6/resourceowners/interface/selectgroup.md,,,,,,
Update Resource Wizard,11.6,https://docs.netwrix.com/docs/accessinformationcenter/11_6/resourceowners/interface/update,docs/accessinformationcenter/11.6/resourceowners/interface/update.md,,,,,,
Resource Owners Overview,11.6,https://docs.netwrix.com/docs/accessinformationcenter/11_6/resourceowners/overview,docs/accessinformationcenter/11.6/resourceowners/overview.md,,,,,,
Approval Process,11.6,https://docs.netwrix.com/docs/accessinformationcenter/11_6/resourcereviews/approvalprocess,docs/accessinformationcenter/11.6/resourcereviews/approvalprocess/approvalprocess.md,,,,,,
Remove Changes Window,11.6,https://docs.netwrix.com/docs/accessinformationcenter/11_6/resourcereviews/approvalprocess/removechanges,docs/accessinformationcenter/11.6/resourcereviews/approvalprocess/removechanges.md,Covered by 12.0 — see docs/accessinformationcenter/12.0/resourcereviews/approvalprocess/removechanges.md,,,,,
Resource Reviewed Email,11.6,https://docs.netwrix.com/docs/accessinformationcenter/11_6/resourcereviews/approvalprocess/resourcereviewed,docs/accessinformationcenter/11.6/resourcereviews/approvalprocess/resourcereviewed.md,,,,,,
Create Review Wizard,11.6,https://docs.netwrix.com/docs/accessinformationcenter/11_6/resourcereviews/create,docs/accessinformationcenter/11.6/resourcereviews/create/create.md,,,,,,
Missing Items Window,11.6,https://docs.netwrix.com/docs/accessinformationcenter/11_6/resourcereviews/create/missingitems,docs/accessinformationcenter/11.6/resourcereviews/create/missingitems.md,Covered by 12.0 — see docs/accessinformationcenter/12.0/resourcereviews/create/missingitems.md,,,,,
Review Instances,11.6,https://docs.netwrix.com/docs/accessinformationcenter/11_6/resourcereviews/create/reviewinstances,docs/accessinformationcenter/11.6/resourcereviews/create/reviewinstances.md,,,,,,
Edit Review Wizard,11.6,https://docs.netwrix.com/docs/accessinformationcenter/11_6/resourcereviews/edit,docs/accessinformationcenter/11.6/resourcereviews/edit.md,,,,,,
Delete Review Window,11.6,https://docs.netwrix.com/docs/accessinformationcenter/11_6/resourcereviews/interface/deletereview,docs/accessinformationcenter/11.6/resourcereviews/interface/deletereview.md,,,,,,
Resource Reviews Interface,11.6,https://docs.netwrix.com/docs/accessinformationcenter/11_6/resourcereviews/interface,docs/accessinformationcenter/11.6/resourcereviews/interface/interface.md,,,,,,
Rename Review Window,11.6,https://docs.netwrix.com/docs/accessinformationcenter/11_6/resourcereviews/interface/renamereview,docs/accessinformationcenter/11.6/resourcereviews/interface/renamereview.md,,,,,,
Selected Resources Window,11.6,https://docs.netwrix.com/docs/accessinformationcenter/11_6/resourcereviews/interface/selectedresources,docs/accessinformationcenter/11.6/resourcereviews/interface/selectedresources.md,Covered by 12.0 — see docs/accessinformationcenter/12.0/resourcereviews/interface/selectedresources.md,,,,,
Send Reminders Window,11.6,https://docs.netwrix.com/docs/accessinformationcenter/11_6/resourcereviews/interface/sendreminders,docs/accessinformationcenter/11.6/resourcereviews/interface/sendreminders.md,,,,,,
Stop Review Window,11.6,https://docs.netwrix.com/docs/accessinformationcenter/11_6/resourcereviews/interface/stopreview,docs/accessinformationcenter/11.6/resourcereviews/interface/stopreview.md,,,,,,
View Responses Window,11.6,https://docs.netwrix.com/docs/accessinformationcenter/11_6/resourcereviews/interface/viewresponses,docs/accessinformationcenter/11.6/resourcereviews/interface/viewresponses.md,,,,,,
Resource Reviews Overview,11.6,https://docs.netwrix.com/docs/accessinformationcenter/11_6/resourcereviews/overview,docs/accessinformationcenter/11.6/resourcereviews/overview.md,,,,,,
Data Collection & Automation Prerequisites,11.6,https://docs.netwrix.com/docs/accessinformationcenter/11_6/resourcereviews/prerequisites,docs/accessinformationcenter/11.6/resourcereviews/prerequisites.md,,,,,,
Your Access Portal Overview,11.6,https://docs.netwrix.com/docs/accessinformationcenter/11_6/youraccessportal/overview,docs/accessinformationcenter/11.6/youraccessportal/overview.md,,,,,,
Remove Access Window,11.6,https://docs.netwrix.com/docs/accessinformationcenter/11_6/youraccessportal/removeaccess,docs/accessinformationcenter/11.6/youraccessportal/removeaccess.md,Covered by 12.0 — see docs/accessinformationcenter/12.0/youraccessportal/removeaccess.md,,,,,
Request Access Wizard,11.6,https://docs.netwrix.com/docs/accessinformationcenter/11_6/youraccessportal/requestaccess,docs/accessinformationcenter/11.6/youraccessportal/requestaccess/requestaccess.md,,,,,,
Access Request Updated Email,11.6,https://docs.netwrix.com/docs/accessinformationcenter/11_6/youraccessportal/requestaccess/updated,docs/accessinformationcenter/11.6/youraccessportal/requestaccess/updated.md,,,,,,
Cancel Request Window,11.6,https://docs.netwrix.com/docs/accessinformationcenter/11_6/youraccessportal/requesthistory/cancelrequest,docs/accessinformationcenter/11.6/youraccessportal/requesthistory/cancelrequest.md,,,,,,
Access Expiration Email,11.6,https://docs.netwrix.com/docs/accessinformationcenter/11_6/youraccessportal/requesthistory/expiration,docs/accessinformationcenter/11.6/youraccessportal/requesthistory/expiration.md,,,,,,
Request History Page,11.6,https://docs.netwrix.com/docs/accessinformationcenter/11_6/youraccessportal/requesthistory,docs/accessinformationcenter/11.6/youraccessportal/requesthistory/requesthistory.md,,,,,,
Cancel Request Wizard,12.0,https://docs.netwrix.com/docs/accessinformationcenter/12_0/accessrequests/interface/cancel,docs/accessinformationcenter/12.0/accessrequests/interface/cancel.md,,,,,,
Changes Window,12.0,https://docs.netwrix.com/docs/accessinformationcenter/12_0/accessrequests/interface/changes,docs/accessinformationcenter/12.0/accessrequests/interface/changes.md,,,,,,
Access Requests Interface,12.0,https://docs.netwrix.com/docs/accessinformationcenter/12_0/accessrequests/interface,docs/accessinformationcenter/12.0/accessrequests/interface/interface.md,,,,,,
Access Requests Overview,12.0,https://docs.netwrix.com/docs/accessinformationcenter/12_0/accessrequests/overview,docs/accessinformationcenter/12.0/accessrequests/overview.md,,,,,,
Alias Server Host Name,12.0,https://docs.netwrix.com/docs/accessinformationcenter/12_0/admin/additionalconfig/aliasserver,docs/accessinformationcenter/12.0/admin/additionalconfig/aliasserver.md,,,,,,
Commit Active Directory Changes,12.0,https://docs.netwrix.com/docs/accessinformationcenter/12_0/admin/additionalconfig/commitchanges,docs/accessinformationcenter/12.0/admin/additionalconfig/commitchanges.md,,,,,,
Email Templates,12.0,https://docs.netwrix.com/docs/accessinformationcenter/12_0/admin/additionalconfig/emailtemplates,docs/accessinformationcenter/12.0/admin/additionalconfig/emailtemplates.md,,,,,,
Microsoft Entra ID Single Sign-On,12.0,https://docs.netwrix.com/docs/accessinformationcenter/12_0/admin/additionalconfig/entraidsso,docs/accessinformationcenter/12.0/admin/additionalconfig/entraidsso.md,,,,,,
Group Managed Service Account (gMSA) Configuration,12.0,https://docs.netwrix.com/docs/accessinformationcenter/12_0/admin/additionalconfig/gmsa,docs/accessinformationcenter/12.0/admin/additionalconfig/gmsa.md,,,,,,
Additional Configuration Options,12.0,https://docs.netwrix.com/docs/accessinformationcenter/12_0/admin/additionalconfig/overview,docs/accessinformationcenter/12.0/admin/additionalconfig/overview.md,,,,,,
Activity Days Sample for Recommendations,12.0,https://docs.netwrix.com/docs/accessinformationcenter/12_0/admin/additionalconfig/recommendations,docs/accessinformationcenter/12.0/admin/additionalconfig/recommendations.md,,,,,,
Timeout Parameter,12.0,https://docs.netwrix.com/docs/accessinformationcenter/12_0/admin/additionalconfig/timeoutparameter,docs/accessinformationcenter/12.0/admin/additionalconfig/timeoutparameter.md,,,,,,
Active Directory Page,12.0,https://docs.netwrix.com/docs/accessinformationcenter/12_0/admin/configuration/activedirectory,docs/accessinformationcenter/12.0/admin/configuration/activedirectory.md,,,,,,
Console Access Page,12.0,https://docs.netwrix.com/docs/accessinformationcenter/12_0/admin/configuration/consoleaccess,docs/accessinformationcenter/12.0/admin/configuration/consoleaccess.md,,,,,,
Database Page,12.0,https://docs.netwrix.com/docs/accessinformationcenter/12_0/admin/configuration/database,docs/accessinformationcenter/12.0/admin/configuration/database.md,,,,,,
Diagnostics Page,12.0,https://docs.netwrix.com/docs/accessinformationcenter/12_0/admin/configuration/diagnostics,docs/accessinformationcenter/12.0/admin/configuration/diagnostics.md,,,,,,
License Page,12.0,https://docs.netwrix.com/docs/accessinformationcenter/12_0/admin/configuration/license,docs/accessinformationcenter/12.0/admin/configuration/license.md,,,,,,
Notifications Page,12.0,https://docs.netwrix.com/docs/accessinformationcenter/12_0/admin/configuration/notifications,docs/accessinformationcenter/12.0/admin/configuration/notifications.md,,,,,,
Configuration Interface Overview,12.0,https://docs.netwrix.com/docs/accessinformationcenter/12_0/admin/configuration/overview,docs/accessinformationcenter/12.0/admin/configuration/overview.md,,,,,,
First Launch,12.0,https://docs.netwrix.com/docs/accessinformationcenter/12_0/admin/firstlaunch,docs/accessinformationcenter/12.0/admin/firstlaunch.md,,,,,,
Getting Started,12.0,https://docs.netwrix.com/docs/accessinformationcenter/12_0/admin/gettingstarted,docs/accessinformationcenter/12.0/admin/gettingstarted.md,,,,,,
URL & Login,12.0,https://docs.netwrix.com/docs/accessinformationcenter/12_0/admin/login,docs/accessinformationcenter/12.0/admin/login/login.md,,,,,,
User Landing Page,12.0,https://docs.netwrix.com/docs/accessinformationcenter/12_0/admin/login/userlanding,docs/accessinformationcenter/12.0/admin/login/userlanding.md,,,,,,
Data Grid Features,12.0,https://docs.netwrix.com/docs/accessinformationcenter/12_0/admin/navigate/datagrid,docs/accessinformationcenter/12.0/admin/navigate/datagrid.md,,,,,,
Edit Notes Window,12.0,https://docs.netwrix.com/docs/accessinformationcenter/12_0/admin/navigate/editnotes,docs/accessinformationcenter/12.0/admin/navigate/editnotes.md,,,,,,
Navigation,12.0,https://docs.netwrix.com/docs/accessinformationcenter/12_0/admin/navigate,docs/accessinformationcenter/12.0/admin/navigate/navigate.md,,,,,,
Administrator Overview,12.0,https://docs.netwrix.com/docs/accessinformationcenter/12_0/admin/overview,docs/accessinformationcenter/12.0/admin/overview.md,,,,,,
Update Credential Passwords,12.0,https://docs.netwrix.com/docs/accessinformationcenter/12_0/admin/troubleshooting/credentialpasswords,docs/accessinformationcenter/12.0/admin/troubleshooting/credentialpasswords.md,,,,,,
Service Account Delegation,12.0,https://docs.netwrix.com/docs/accessinformationcenter/12_0/admin/troubleshooting/delegation,docs/accessinformationcenter/12.0/admin/troubleshooting/delegation.md,,,,,,
Change Log Level,12.0,https://docs.netwrix.com/docs/accessinformationcenter/12_0/admin/troubleshooting/loglevel,docs/accessinformationcenter/12.0/admin/troubleshooting/loglevel.md,,,,,,
Troubleshooting,12.0,https://docs.netwrix.com/docs/accessinformationcenter/12_0/admin/troubleshooting/overview,docs/accessinformationcenter/12.0/admin/troubleshooting/overview.md,,,,,,
Netwrix Access Analyzer (formerly Enterprise Auditor) v12.0 Access Information Center,12.0,https://docs.netwrix.com/docs/accessinformationcenter/12_0,docs/accessinformationcenter/12.0/index.md,,,,,,
Install the Access Information Center,12.0,https://docs.netwrix.com/docs/accessinformationcenter/12_0/installation/install,docs/accessinformationcenter/12.0/installation/install.md,,,,,,
Installation Overview,12.0,https://docs.netwrix.com/docs/accessinformationcenter/12_0/installation/overview,docs/accessinformationcenter/12.0/installation/overview.md,,,,,,
Securing the Access Information Center,12.0,https://docs.netwrix.com/docs/accessinformationcenter/12_0/installation/secure,docs/accessinformationcenter/12.0/installation/secure.md,,,,,,
Upgrade Procedure,12.0,https://docs.netwrix.com/docs/accessinformationcenter/12_0/installation/upgrade,docs/accessinformationcenter/12.0/installation/upgrade.md,,,,,,
Owner Confirmation Request Email,12.0,https://docs.netwrix.com/docs/accessinformationcenter/12_0/owneroverview/confirmationrequest,docs/accessinformationcenter/12.0/owneroverview/confirmationrequest.md,,,,,,
Resource Ownership with the Access Information Center,12.0,https://docs.netwrix.com/docs/accessinformationcenter/12_0/owneroverview,docs/accessinformationcenter/12.0/owneroverview/owneroverview.md,,,,,,
Actions Panel,12.0,https://docs.netwrix.com/docs/accessinformationcenter/12_0/owneroverview/ownerportal/actionspanel,docs/accessinformationcenter/12.0/owneroverview/ownerportal/actionspanel.md,,,,,,
Assigned Resources,12.0,https://docs.netwrix.com/docs/accessinformationcenter/12_0/owneroverview/ownerportal/assignedresources,docs/accessinformationcenter/12.0/owneroverview/ownerportal/assignedresources/assignedresources.md,,,,,,
Change Resource Access Wizard,12.0,https://docs.netwrix.com/docs/accessinformationcenter/12_0/owneroverview/ownerportal/assignedresources/changeaccess,docs/accessinformationcenter/12.0/owneroverview/ownerportal/assignedresources/changeaccess.md,,,,,,
Owner Portal Overview,12.0,https://docs.netwrix.com/docs/accessinformationcenter/12_0/owneroverview/ownerportal/overview,docs/accessinformationcenter/12.0/owneroverview/ownerportal/overview.md,,,,,,
Owners & Access Requests,12.0,https://docs.netwrix.com/docs/accessinformationcenter/12_0/owneroverview/owners/overview,docs/accessinformationcenter/12.0/owneroverview/owners/overview.md,,,,,,
Decline Access Window,12.0,https://docs.netwrix.com/docs/accessinformationcenter/12_0/owneroverview/owners/pendingrequests/declineaccess,docs/accessinformationcenter/12.0/owneroverview/owners/pendingrequests/declineaccess.md,,,,,,
Pending Access Requests,12.0,https://docs.netwrix.com/docs/accessinformationcenter/12_0/owneroverview/owners/pendingrequests,docs/accessinformationcenter/12.0/owneroverview/owners/pendingrequests/pendingrequests.md,,,,,,
Select Access Window,12.0,https://docs.netwrix.com/docs/accessinformationcenter/12_0/owneroverview/owners/pendingrequests/selectaccess,docs/accessinformationcenter/12.0/owneroverview/owners/pendingrequests/selectaccess.md,,,,,,
Access Request Reminder Email,12.0,https://docs.netwrix.com/docs/accessinformationcenter/12_0/owneroverview/owners/reminder,docs/accessinformationcenter/12.0/owneroverview/owners/reminder.md,,,,,,
User Access Request Email,12.0,https://docs.netwrix.com/docs/accessinformationcenter/12_0/owneroverview/owners/request,docs/accessinformationcenter/12.0/owneroverview/owners/request.md,,,,,,
Access Request History,12.0,https://docs.netwrix.com/docs/accessinformationcenter/12_0/owneroverview/owners/requesthistory,docs/accessinformationcenter/12.0/owneroverview/owners/requesthistory.md,,,,,,
Perform an Access Review,12.0,https://docs.netwrix.com/docs/accessinformationcenter/12_0/owneroverview/pendingreviews/access,docs/accessinformationcenter/12.0/owneroverview/pendingreviews/access.md,,,,,,
Criteria Matches Window,12.0,https://docs.netwrix.com/docs/accessinformationcenter/12_0/owneroverview/pendingreviews/criteriamatches,docs/accessinformationcenter/12.0/owneroverview/pendingreviews/criteriamatches.md,,,,,,
Group Membership Window,12.0,https://docs.netwrix.com/docs/accessinformationcenter/12_0/owneroverview/pendingreviews/groupmembership,docs/accessinformationcenter/12.0/owneroverview/pendingreviews/groupmembership.md,,,,,,
Perform a Membership Review,12.0,https://docs.netwrix.com/docs/accessinformationcenter/12_0/owneroverview/pendingreviews/membership,docs/accessinformationcenter/12.0/owneroverview/pendingreviews/membership.md,,,,,,
Owners & Resource Reviews,12.0,https://docs.netwrix.com/docs/accessinformationcenter/12_0/owneroverview/pendingreviews,docs/accessinformationcenter/12.0/owneroverview/pendingreviews/pendingreviews.md,,,,,,
Perform a Permissions Review,12.0,https://docs.netwrix.com/docs/accessinformationcenter/12_0/owneroverview/pendingreviews/permissions,docs/accessinformationcenter/12.0/owneroverview/pendingreviews/permissions.md,,,,,,
Review History Page,12.0,https://docs.netwrix.com/docs/accessinformationcenter/12_0/owneroverview/pendingreviews/reviewhistory,docs/accessinformationcenter/12.0/owneroverview/pendingreviews/reviewhistory.md,,,,,,
Perform a Sensitive Data Review,12.0,https://docs.netwrix.com/docs/accessinformationcenter/12_0/owneroverview/pendingreviews/sensitivedata,docs/accessinformationcenter/12.0/owneroverview/pendingreviews/sensitivedata.md,,,,,,
Exceptions Report,12.0,https://docs.netwrix.com/docs/accessinformationcenter/12_0/resourceaudit/activedirectory/domain/exceptions,docs/accessinformationcenter/12.0/resourceaudit/activedirectory/domain/exceptions.md,,,,,,
Membership Changes Report,12.0,https://docs.netwrix.com/docs/accessinformationcenter/12_0/resourceaudit/activedirectory/domain/membershipchanges,docs/accessinformationcenter/12.0/resourceaudit/activedirectory/domain/membershipchanges.md,,,,,,
Domain Level Reports,12.0,https://docs.netwrix.com/docs/accessinformationcenter/12_0/resourceaudit/activedirectory/domain/overview,docs/accessinformationcenter/12.0/resourceaudit/activedirectory/domain/overview.md,,,,,,
Principal Attribute Changes Report,12.0,https://docs.netwrix.com/docs/accessinformationcenter/12_0/resourceaudit/activedirectory/domain/principalattributechanges,docs/accessinformationcenter/12.0/resourceaudit/activedirectory/domain/principalattributechanges.md,,,,,,
Access Report,12.0,https://docs.netwrix.com/docs/accessinformationcenter/12_0/resourceaudit/activedirectory/domainobject/access,docs/accessinformationcenter/12.0/resourceaudit/activedirectory/domainobject/access.md,,,,,,
Domain Object Level Reports,12.0,https://docs.netwrix.com/docs/accessinformationcenter/12_0/resourceaudit/activedirectory/domainobject/overview,docs/accessinformationcenter/12.0/resourceaudit/activedirectory/domainobject/overview.md,,,,,,
Permissions Report,12.0,https://docs.netwrix.com/docs/accessinformationcenter/12_0/resourceaudit/activedirectory/domainobject/permissions,docs/accessinformationcenter/12.0/resourceaudit/activedirectory/domainobject/permissions.md,,,,,,
Domain Summary Report,12.0,https://docs.netwrix.com/docs/accessinformationcenter/12_0/resourceaudit/activedirectory/domainsummary,docs/accessinformationcenter/12.0/resourceaudit/activedirectory/domainsummary.md,,,,,,
Exceptions Report,12.0,https://docs.netwrix.com/docs/accessinformationcenter/12_0/resourceaudit/activedirectory/exceptions,docs/accessinformationcenter/12.0/resourceaudit/activedirectory/exceptions.md,,,,,,
Exceptions Report,12.0,https://docs.netwrix.com/docs/accessinformationcenter/12_0/resourceaudit/activedirectory/exceptions,docs/accessinformationcenter/12.0/resourceaudit/activedirectory/exceptions/exceptions.md,,,,,,
Exceptions by Type Report,12.0,https://docs.netwrix.com/docs/accessinformationcenter/12_0/resourceaudit/activedirectory/exceptions/exceptionsbytype,docs/accessinformationcenter/12.0/resourceaudit/activedirectory/exceptions/exceptionsbytype.md,,,,,,
Exceptions Node Reports,12.0,https://docs.netwrix.com/docs/accessinformationcenter/12_0/resourceaudit/activedirectory/exceptions/overview,docs/accessinformationcenter/12.0/resourceaudit/activedirectory/exceptions/overview.md,,,,,,
Active Directory Reports,12.0,https://docs.netwrix.com/docs/accessinformationcenter/12_0/resourceaudit/activedirectory/overview,docs/accessinformationcenter/12.0/resourceaudit/activedirectory/overview.md,,,,,,
Active Directory Reports Quick Reference,12.0,https://docs.netwrix.com/docs/accessinformationcenter/12_0/resourceaudit/activedirectory/quickreference,docs/accessinformationcenter/12.0/resourceaudit/activedirectory/quickreference.md,,,,,,
Bucket Level Reports,12.0,https://docs.netwrix.com/docs/accessinformationcenter/12_0/resourceaudit/aws/bucket/overview,docs/accessinformationcenter/12.0/resourceaudit/aws/bucket/overview.md,,,,,,
Permissions Report,12.0,https://docs.netwrix.com/docs/accessinformationcenter/12_0/resourceaudit/aws/bucket/permissions,docs/accessinformationcenter/12.0/resourceaudit/aws/bucket/permissions.md,,,,,,
Sensitive Content Report,12.0,https://docs.netwrix.com/docs/accessinformationcenter/12_0/resourceaudit/aws/bucket/sensitivecontent,docs/accessinformationcenter/12.0/resourceaudit/aws/bucket/sensitivecontent.md,,,,,,
Organization Level Reports,12.0,https://docs.netwrix.com/docs/accessinformationcenter/12_0/resourceaudit/aws/organization/overview,docs/accessinformationcenter/12.0/resourceaudit/aws/organization/overview.md,,,,,,
Sensitive Content Details Report,12.0,https://docs.netwrix.com/docs/accessinformationcenter/12_0/resourceaudit/aws/organization/sensitivecontentdetails,docs/accessinformationcenter/12.0/resourceaudit/aws/organization/sensitivecontentdetails.md,,,,,,
Sensitive Content Summary Report,12.0,https://docs.netwrix.com/docs/accessinformationcenter/12_0/resourceaudit/aws/organization/sensitivecontentsummary,docs/accessinformationcenter/12.0/resourceaudit/aws/organization/sensitivecontentsummary.md,,,,,,
Amazon (AWS) Reports,12.0,https://docs.netwrix.com/docs/accessinformationcenter/12_0/resourceaudit/aws/overview,docs/accessinformationcenter/12.0/resourceaudit/aws/overview.md,,,,,,
Amazon (AWS) Reports Quick Reference Guide,12.0,https://docs.netwrix.com/docs/accessinformationcenter/12_0/resourceaudit/aws/quickreference,docs/accessinformationcenter/12.0/resourceaudit/aws/quickreference.md,,,,,,
Sensitive Content Summary Report,12.0,https://docs.netwrix.com/docs/accessinformationcenter/12_0/resourceaudit/aws/sensitivecontentsummary,docs/accessinformationcenter/12.0/resourceaudit/aws/sensitivecontentsummary.md,,,,,,
Clear Modeled Changes,12.0,https://docs.netwrix.com/docs/accessinformationcenter/12_0/resourceaudit/changemodeling/clear,docs/accessinformationcenter/12.0/resourceaudit/changemodeling/clear.md,,,,,,
Commit Modeled Changes,12.0,https://docs.netwrix.com/docs/accessinformationcenter/12_0/resourceaudit/changemodeling/commit,docs/accessinformationcenter/12.0/resourceaudit/changemodeling/commit.md,,,,,,
Model Changes in the AIC,12.0,https://docs.netwrix.com/docs/accessinformationcenter/12_0/resourceaudit/changemodeling/model,docs/accessinformationcenter/12.0/resourceaudit/changemodeling/model.md,,,,,,
Modeled Access Changes Report,12.0,https://docs.netwrix.com/docs/accessinformationcenter/12_0/resourceaudit/changemodeling/modeledaccesschanges,docs/accessinformationcenter/12.0/resourceaudit/changemodeling/modeledaccesschanges.md,,,,,,
Change Modeling,12.0,https://docs.netwrix.com/docs/accessinformationcenter/12_0/resourceaudit/changemodeling/overview,docs/accessinformationcenter/12.0/resourceaudit/changemodeling/overview.md,,,,,,
Activity Details Report,12.0,https://docs.netwrix.com/docs/accessinformationcenter/12_0/resourceaudit/computer/activitydetails,docs/accessinformationcenter/12.0/resourceaudit/computer/activitydetails.md,,,,,,
Activity Statistics Report,12.0,https://docs.netwrix.com/docs/accessinformationcenter/12_0/resourceaudit/computer/activitystatistics,docs/accessinformationcenter/12.0/resourceaudit/computer/activitystatistics.md,,,,,,
Attribute Changes Report,12.0,https://docs.netwrix.com/docs/accessinformationcenter/12_0/resourceaudit/computer/attributechanges,docs/accessinformationcenter/12.0/resourceaudit/computer/attributechanges.md,,,,,,
Effective Access Report,12.0,https://docs.netwrix.com/docs/accessinformationcenter/12_0/resourceaudit/computer/effectiveaccess,docs/accessinformationcenter/12.0/resourceaudit/computer/effectiveaccess.md,,,,,,
Member Of Report,12.0,https://docs.netwrix.com/docs/accessinformationcenter/12_0/resourceaudit/computer/memberof,docs/accessinformationcenter/12.0/resourceaudit/computer/memberof.md,,,,,,
Object Permissions Report,12.0,https://docs.netwrix.com/docs/accessinformationcenter/12_0/resourceaudit/computer/objectpermissions,docs/accessinformationcenter/12.0/resourceaudit/computer/objectpermissions.md,,,,,,
Computer Reports,12.0,https://docs.netwrix.com/docs/accessinformationcenter/12_0/resourceaudit/computer/overview,docs/accessinformationcenter/12.0/resourceaudit/computer/overview.md,,,,,,
Permissions Report,12.0,https://docs.netwrix.com/docs/accessinformationcenter/12_0/resourceaudit/computer/permissions,docs/accessinformationcenter/12.0/resourceaudit/computer/permissions.md,,,,,,
Computer Reports Quick Reference Guide,12.0,https://docs.netwrix.com/docs/accessinformationcenter/12_0/resourceaudit/computer/quickreference,docs/accessinformationcenter/12.0/resourceaudit/computer/quickreference.md,,,,,,
Dropbox Reports,12.0,https://docs.netwrix.com/docs/accessinformationcenter/12_0/resourceaudit/dropbox/overview,docs/accessinformationcenter/12.0/resourceaudit/dropbox/overview.md,,,,,,
Dropbox Reports Quick Reference Guide,12.0,https://docs.netwrix.com/docs/accessinformationcenter/12_0/resourceaudit/dropbox/quickreference,docs/accessinformationcenter/12.0/resourceaudit/dropbox/quickreference.md,,,,,,
Sensitive Content Summary Report,12.0,https://docs.netwrix.com/docs/accessinformationcenter/12_0/resourceaudit/dropbox/sensitivecontentsummary,docs/accessinformationcenter/12.0/resourceaudit/dropbox/sensitivecontentsummary.md,,,,,,
Team Level Reports,12.0,https://docs.netwrix.com/docs/accessinformationcenter/12_0/resourceaudit/dropbox/team/overview,docs/accessinformationcenter/12.0/resourceaudit/dropbox/team/overview.md,,,,,,
Sensitive Content Details Report,12.0,https://docs.netwrix.com/docs/accessinformationcenter/12_0/resourceaudit/dropbox/team/sensitivecontentdetails,docs/accessinformationcenter/12.0/resourceaudit/dropbox/team/sensitivecontentdetails.md,,,,,,
Sensitive Content Summary Report,12.0,https://docs.netwrix.com/docs/accessinformationcenter/12_0/resourceaudit/dropbox/team/sensitivecontentsummary,docs/accessinformationcenter/12.0/resourceaudit/dropbox/team/sensitivecontentsummary.md,,,,,,
"Team Member, Resource & Subfolder Level Reports",12.0,https://docs.netwrix.com/docs/accessinformationcenter/12_0/resourceaudit/dropbox/teammemberresource/overview,docs/accessinformationcenter/12.0/resourceaudit/dropbox/teammemberresource/overview.md,,,,,,
Permissions Report,12.0,https://docs.netwrix.com/docs/accessinformationcenter/12_0/resourceaudit/dropbox/teammemberresource/permissions,docs/accessinformationcenter/12.0/resourceaudit/dropbox/teammemberresource/permissions.md,,,,,,
Sensitive Content Report,12.0,https://docs.netwrix.com/docs/accessinformationcenter/12_0/resourceaudit/dropbox/teammemberresource/sensitivecontent,docs/accessinformationcenter/12.0/resourceaudit/dropbox/teammemberresource/sensitivecontent.md,,,,,,
Mailbox & Folder Level Reports,12.0,https://docs.netwrix.com/docs/accessinformationcenter/12_0/resourceaudit/exchange/mailboxfolder/overview,docs/accessinformationcenter/12.0/resourceaudit/exchange/mailboxfolder/overview.md,,,,,,
Permissions Report,12.0,https://docs.netwrix.com/docs/accessinformationcenter/12_0/resourceaudit/exchange/mailboxfolder/permissions,docs/accessinformationcenter/12.0/resourceaudit/exchange/mailboxfolder/permissions.md,,,,,,
Sensitive Content Report,12.0,https://docs.netwrix.com/docs/accessinformationcenter/12_0/resourceaudit/exchange/mailboxfolder/sensitivecontent,docs/accessinformationcenter/12.0/resourceaudit/exchange/mailboxfolder/sensitivecontent.md,,,,,,
Exchange Reports,12.0,https://docs.netwrix.com/docs/accessinformationcenter/12_0/resourceaudit/exchange/overview,docs/accessinformationcenter/12.0/resourceaudit/exchange/overview.md,,,,,,
Exchange Reports Quick Reference Guide,12.0,https://docs.netwrix.com/docs/accessinformationcenter/12_0/resourceaudit/exchange/quickreference,docs/accessinformationcenter/12.0/resourceaudit/exchange/quickreference.md,,,,,,
Sensitive Content Summary Report,12.0,https://docs.netwrix.com/docs/accessinformationcenter/12_0/resourceaudit/exchange/sensitivecontentsummary,docs/accessinformationcenter/12.0/resourceaudit/exchange/sensitivecontentsummary.md,,,,,,
Server Level Reports,12.0,https://docs.netwrix.com/docs/accessinformationcenter/12_0/resourceaudit/exchange/server/overview,docs/accessinformationcenter/12.0/resourceaudit/exchange/server/overview.md,,,,,,
Sensitive Content Details Report,12.0,https://docs.netwrix.com/docs/accessinformationcenter/12_0/resourceaudit/exchange/server/sensitivecontentdetails,docs/accessinformationcenter/12.0/resourceaudit/exchange/server/sensitivecontentdetails.md,,,,,,
Sensitive Content Summary Report,12.0,https://docs.netwrix.com/docs/accessinformationcenter/12_0/resourceaudit/exchange/server/sensitivecontentsummary,docs/accessinformationcenter/12.0/resourceaudit/exchange/server/sensitivecontentsummary.md,,,,,,
Activity Summary Report,12.0,https://docs.netwrix.com/docs/accessinformationcenter/12_0/resourceaudit/filesystem/activitysummary,docs/accessinformationcenter/12.0/resourceaudit/filesystem/activitysummary.md,,,,,,
Admin Shares Node Report,12.0,https://docs.netwrix.com/docs/accessinformationcenter/12_0/resourceaudit/filesystem/adminshares/overview,docs/accessinformationcenter/12.0/resourceaudit/filesystem/adminshares/overview.md,,,,,,
Scan Summary Report,12.0,https://docs.netwrix.com/docs/accessinformationcenter/12_0/resourceaudit/filesystem/adminshares/scansummary,docs/accessinformationcenter/12.0/resourceaudit/filesystem/adminshares/scansummary.md,,,,,,
Exceptions Report,12.0,https://docs.netwrix.com/docs/accessinformationcenter/12_0/resourceaudit/filesystem/exceptions,docs/accessinformationcenter/12.0/resourceaudit/filesystem/exceptions.md,,,,,,
Exceptions Report,12.0,https://docs.netwrix.com/docs/accessinformationcenter/12_0/resourceaudit/filesystem/exceptions,docs/accessinformationcenter/12.0/resourceaudit/filesystem/exceptions/exceptions.md,,,,,,
Exceptions Report by Type,12.0,https://docs.netwrix.com/docs/accessinformationcenter/12_0/resourceaudit/filesystem/exceptions/exceptionsbytype,docs/accessinformationcenter/12.0/resourceaudit/filesystem/exceptions/exceptionsbytype.md,,,,,,
Exceptions Node Reports,12.0,https://docs.netwrix.com/docs/accessinformationcenter/12_0/resourceaudit/filesystem/exceptions/overview,docs/accessinformationcenter/12.0/resourceaudit/filesystem/exceptions/overview.md,,,,,,
Effective Policy Report,12.0,https://docs.netwrix.com/docs/accessinformationcenter/12_0/resourceaudit/filesystem/localpolicies/effectivepolicy,docs/accessinformationcenter/12.0/resourceaudit/filesystem/localpolicies/effectivepolicy.md,,,,,,
Local Policies Level Reports,12.0,https://docs.netwrix.com/docs/accessinformationcenter/12_0/resourceaudit/filesystem/localpolicies/overview,docs/accessinformationcenter/12.0/resourceaudit/filesystem/localpolicies/overview.md,,,,,,
Policy Report,12.0,https://docs.netwrix.com/docs/accessinformationcenter/12_0/resourceaudit/filesystem/localpolicies/policy,docs/accessinformationcenter/12.0/resourceaudit/filesystem/localpolicies/policy.md,,,,,,
Activity Details Report,12.0,https://docs.netwrix.com/docs/accessinformationcenter/12_0/resourceaudit/filesystem/nfsexports/activitydetails,docs/accessinformationcenter/12.0/resourceaudit/filesystem/nfsexports/activitydetails.md,,,,,,
Activity Statistics Report,12.0,https://docs.netwrix.com/docs/accessinformationcenter/12_0/resourceaudit/filesystem/nfsexports/activitystatistics,docs/accessinformationcenter/12.0/resourceaudit/filesystem/nfsexports/activitystatistics.md,,,,,,
NFS Exports Reports,12.0,https://docs.netwrix.com/docs/accessinformationcenter/12_0/resourceaudit/filesystem/nfsexports/overview,docs/accessinformationcenter/12.0/resourceaudit/filesystem/nfsexports/overview.md,,,,,,
Permissions Report,12.0,https://docs.netwrix.com/docs/accessinformationcenter/12_0/resourceaudit/filesystem/nfsexports/permissions,docs/accessinformationcenter/12.0/resourceaudit/filesystem/nfsexports/permissions.md,,,,,,
Scan Summary Report,12.0,https://docs.netwrix.com/docs/accessinformationcenter/12_0/resourceaudit/filesystem/nfsexports/scansummary,docs/accessinformationcenter/12.0/resourceaudit/filesystem/nfsexports/scansummary.md,,,,,,
Sensitive Content Report,12.0,https://docs.netwrix.com/docs/accessinformationcenter/12_0/resourceaudit/filesystem/nfsexports/sensitivecontent,docs/accessinformationcenter/12.0/resourceaudit/filesystem/nfsexports/sensitivecontent.md,,,,,,
File System Reports,12.0,https://docs.netwrix.com/docs/accessinformationcenter/12_0/resourceaudit/filesystem/overview,docs/accessinformationcenter/12.0/resourceaudit/filesystem/overview.md,,,,,,
File System Reports Quick Reference Guide,12.0,https://docs.netwrix.com/docs/accessinformationcenter/12_0/resourceaudit/filesystem/quickreference,docs/accessinformationcenter/12.0/resourceaudit/filesystem/quickreference.md,,,,,,
Sensitive Content Summary Report,12.0,https://docs.netwrix.com/docs/accessinformationcenter/12_0/resourceaudit/filesystem/sensitivecontentsummary,docs/accessinformationcenter/12.0/resourceaudit/filesystem/sensitivecontentsummary.md,,,,,,
Activity Details Report,12.0,https://docs.netwrix.com/docs/accessinformationcenter/12_0/resourceaudit/filesystem/server/activitydetails,docs/accessinformationcenter/12.0/resourceaudit/filesystem/server/activitydetails.md,,,,,,
Activity Statistics Report,12.0,https://docs.netwrix.com/docs/accessinformationcenter/12_0/resourceaudit/filesystem/server/activitystatistics,docs/accessinformationcenter/12.0/resourceaudit/filesystem/server/activitystatistics.md,,,,,,
Exceptions Report,12.0,https://docs.netwrix.com/docs/accessinformationcenter/12_0/resourceaudit/filesystem/server/exceptions,docs/accessinformationcenter/12.0/resourceaudit/filesystem/server/exceptions.md,,,,,,
Server Level Reports,12.0,https://docs.netwrix.com/docs/accessinformationcenter/12_0/resourceaudit/filesystem/server/overview,docs/accessinformationcenter/12.0/resourceaudit/filesystem/server/overview.md,,,,,,
Scan Summary Report,12.0,https://docs.netwrix.com/docs/accessinformationcenter/12_0/resourceaudit/filesystem/server/scansummary,docs/accessinformationcenter/12.0/resourceaudit/filesystem/server/scansummary.md,,,,,,
Sensitive Content Details Report,12.0,https://docs.netwrix.com/docs/accessinformationcenter/12_0/resourceaudit/filesystem/server/sensitivecontentdetails,docs/accessinformationcenter/12.0/resourceaudit/filesystem/server/sensitivecontentdetails.md,,,,,,
Sensitive Content Summary Report,12.0,https://docs.netwrix.com/docs/accessinformationcenter/12_0/resourceaudit/filesystem/server/sensitivecontentsummary,docs/accessinformationcenter/12.0/resourceaudit/filesystem/server/sensitivecontentsummary.md,,,,,,
Share Activity Summary Report,12.0,https://docs.netwrix.com/docs/accessinformationcenter/12_0/resourceaudit/filesystem/server/shareactivitysummary,docs/accessinformationcenter/12.0/resourceaudit/filesystem/server/shareactivitysummary.md,,,,,,
Server Summary Report,12.0,https://docs.netwrix.com/docs/accessinformationcenter/12_0/resourceaudit/filesystem/serversummary,docs/accessinformationcenter/12.0/resourceaudit/filesystem/serversummary.md,,,,,,
Shared Folders Node Report,12.0,https://docs.netwrix.com/docs/accessinformationcenter/12_0/resourceaudit/filesystem/sharedfolders/overview,docs/accessinformationcenter/12.0/resourceaudit/filesystem/sharedfolders/overview.md,,,,,,
Scan Summary Report,12.0,https://docs.netwrix.com/docs/accessinformationcenter/12_0/resourceaudit/filesystem/sharedfolders/scansummary,docs/accessinformationcenter/12.0/resourceaudit/filesystem/sharedfolders/scansummary.md,,,,,,
Activity Details Report,12.0,https://docs.netwrix.com/docs/accessinformationcenter/12_0/resourceaudit/filesystem/sharesubfolder/activitydetails,docs/accessinformationcenter/12.0/resourceaudit/filesystem/sharesubfolder/activitydetails.md,,,,,,
Activity Statistics Report,12.0,https://docs.netwrix.com/docs/accessinformationcenter/12_0/resourceaudit/filesystem/sharesubfolder/activitystatistics,docs/accessinformationcenter/12.0/resourceaudit/filesystem/sharesubfolder/activitystatistics.md,,,,,,
Effective Access Report,12.0,https://docs.netwrix.com/docs/accessinformationcenter/12_0/resourceaudit/filesystem/sharesubfolder/effectiveaccess,docs/accessinformationcenter/12.0/resourceaudit/filesystem/sharesubfolder/effectiveaccess.md,,,,,,
Exceptions Report,12.0,https://docs.netwrix.com/docs/accessinformationcenter/12_0/resourceaudit/filesystem/sharesubfolder/exceptions,docs/accessinformationcenter/12.0/resourceaudit/filesystem/sharesubfolder/exceptions.md,,,,,,
Share & Subfolder Levels Reports,12.0,https://docs.netwrix.com/docs/accessinformationcenter/12_0/resourceaudit/filesystem/sharesubfolder/overview,docs/accessinformationcenter/12.0/resourceaudit/filesystem/sharesubfolder/overview.md,,,,,,
Permissions Report,12.0,https://docs.netwrix.com/docs/accessinformationcenter/12_0/resourceaudit/filesystem/sharesubfolder/permissions,docs/accessinformationcenter/12.0/resourceaudit/filesystem/sharesubfolder/permissions.md,,,,,,
Sensitive Content Report,12.0,https://docs.netwrix.com/docs/accessinformationcenter/12_0/resourceaudit/filesystem/sharesubfolder/sensitivecontent,docs/accessinformationcenter/12.0/resourceaudit/filesystem/sharesubfolder/sensitivecontent.md,,,,,,
Activity Report,12.0,https://docs.netwrix.com/docs/accessinformationcenter/12_0/resourceaudit/flexibleimports/activity,docs/accessinformationcenter/12.0/resourceaudit/flexibleimports/activity.md,,,,,,
Flexible Imports Feature,12.0,https://docs.netwrix.com/docs/accessinformationcenter/12_0/resourceaudit/flexibleimports/overview,docs/accessinformationcenter/12.0/resourceaudit/flexibleimports/overview.md,,,,,,
Permissions Report,12.0,https://docs.netwrix.com/docs/accessinformationcenter/12_0/resourceaudit/flexibleimports/permissions,docs/accessinformationcenter/12.0/resourceaudit/flexibleimports/permissions.md,,,,,,
Flexible Import Reports Quick Reference,12.0,https://docs.netwrix.com/docs/accessinformationcenter/12_0/resourceaudit/flexibleimports/quickreference,docs/accessinformationcenter/12.0/resourceaudit/flexibleimports/quickreference.md,,,,,,
Sensitive Content Report,12.0,https://docs.netwrix.com/docs/accessinformationcenter/12_0/resourceaudit/flexibleimports/sensitivecontent,docs/accessinformationcenter/12.0/resourceaudit/flexibleimports/sensitivecontent.md,,,,,,
Attribute Changes Report,12.0,https://docs.netwrix.com/docs/accessinformationcenter/12_0/resourceaudit/group/attributechanges,docs/accessinformationcenter/12.0/resourceaudit/group/attributechanges.md,,,,,,
Effective Access Report for Entra ID Group,12.0,https://docs.netwrix.com/docs/accessinformationcenter/12_0/resourceaudit/group/effectiveaccess-entra,docs/accessinformationcenter/12.0/resourceaudit/group/effectiveaccess-entra.md,,,,,,
Effective Access Report,12.0,https://docs.netwrix.com/docs/accessinformationcenter/12_0/resourceaudit/group/effectiveaccess,docs/accessinformationcenter/12.0/resourceaudit/group/effectiveaccess.md,,,,,,
Member Changes Report,12.0,https://docs.netwrix.com/docs/accessinformationcenter/12_0/resourceaudit/group/memberchanges,docs/accessinformationcenter/12.0/resourceaudit/group/memberchanges.md,,,,,,
Member Of Report for Entra ID Group,12.0,https://docs.netwrix.com/docs/accessinformationcenter/12_0/resourceaudit/group/memberof-entra,docs/accessinformationcenter/12.0/resourceaudit/group/memberof-entra.md,,,,,,
Member Of Report,12.0,https://docs.netwrix.com/docs/accessinformationcenter/12_0/resourceaudit/group/memberof,docs/accessinformationcenter/12.0/resourceaudit/group/memberof.md,,,,,,
Members Report for Entra ID Group,12.0,https://docs.netwrix.com/docs/accessinformationcenter/12_0/resourceaudit/group/members-entra,docs/accessinformationcenter/12.0/resourceaudit/group/members-entra.md,,,,,,
Members Report,12.0,https://docs.netwrix.com/docs/accessinformationcenter/12_0/resourceaudit/group/members,docs/accessinformationcenter/12.0/resourceaudit/group/members.md,,,,,,
Members Report for a Built-in Group,12.0,https://docs.netwrix.com/docs/accessinformationcenter/12_0/resourceaudit/group/membersbuiltin,docs/accessinformationcenter/12.0/resourceaudit/group/membersbuiltin.md,,,,,,
Object Permissions Report,12.0,https://docs.netwrix.com/docs/accessinformationcenter/12_0/resourceaudit/group/objectpermissions,docs/accessinformationcenter/12.0/resourceaudit/group/objectpermissions.md,,,,,,
Group Reports,12.0,https://docs.netwrix.com/docs/accessinformationcenter/12_0/resourceaudit/group/overview,docs/accessinformationcenter/12.0/resourceaudit/group/overview.md,,,,,,
Permissions Report for Entra ID Group,12.0,https://docs.netwrix.com/docs/accessinformationcenter/12_0/resourceaudit/group/permissions-entra,docs/accessinformationcenter/12.0/resourceaudit/group/permissions-entra.md,,,,,,
Permissions Report,12.0,https://docs.netwrix.com/docs/accessinformationcenter/12_0/resourceaudit/group/permissions,docs/accessinformationcenter/12.0/resourceaudit/group/permissions.md,,,,,,
Group Reports Quick Reference Guide,12.0,https://docs.netwrix.com/docs/accessinformationcenter/12_0/resourceaudit/group/quickreference,docs/accessinformationcenter/12.0/resourceaudit/group/quickreference.md,,,,,,
Database & Collection Level Reports,12.0,https://docs.netwrix.com/docs/accessinformationcenter/12_0/resourceaudit/mongodb/databasecollection/overview,docs/accessinformationcenter/12.0/resourceaudit/mongodb/databasecollection/overview.md,,,,,,
Permissions Report,12.0,https://docs.netwrix.com/docs/accessinformationcenter/12_0/resourceaudit/mongodb/databasecollection/permissions,docs/accessinformationcenter/12.0/resourceaudit/mongodb/databasecollection/permissions.md,,,,,,
Sensitive Content Report,12.0,https://docs.netwrix.com/docs/accessinformationcenter/12_0/resourceaudit/mongodb/databasecollection/sensitivecontent,docs/accessinformationcenter/12.0/resourceaudit/mongodb/databasecollection/sensitivecontent.md,,,,,,
Instance Level Reports,12.0,https://docs.netwrix.com/docs/accessinformationcenter/12_0/resourceaudit/mongodb/instance/overview,docs/accessinformationcenter/12.0/resourceaudit/mongodb/instance/overview.md,,,,,,
Sensitive Content Details Report,12.0,https://docs.netwrix.com/docs/accessinformationcenter/12_0/resourceaudit/mongodb/instance/sensitivecontentdetails,docs/accessinformationcenter/12.0/resourceaudit/mongodb/instance/sensitivecontentdetails.md,,,,,,
Sensitive Content Summary Report,12.0,https://docs.netwrix.com/docs/accessinformationcenter/12_0/resourceaudit/mongodb/instance/sensitivecontentsummary,docs/accessinformationcenter/12.0/resourceaudit/mongodb/instance/sensitivecontentsummary.md,,,,,,
MongoDB Reports,12.0,https://docs.netwrix.com/docs/accessinformationcenter/12_0/resourceaudit/mongodb/overview,docs/accessinformationcenter/12.0/resourceaudit/mongodb/overview.md,,,,,,
MongoDB Reports Quick Reference Guide,12.0,https://docs.netwrix.com/docs/accessinformationcenter/12_0/resourceaudit/mongodb/quickreference,docs/accessinformationcenter/12.0/resourceaudit/mongodb/quickreference.md,,,,,,
Sensitive Content Summary Report,12.0,https://docs.netwrix.com/docs/accessinformationcenter/12_0/resourceaudit/mongodb/sensitivecontentsummary,docs/accessinformationcenter/12.0/resourceaudit/mongodb/sensitivecontentsummary.md,,,,,,
Database & Table Level Reports,12.0,https://docs.netwrix.com/docs/accessinformationcenter/12_0/resourceaudit/mysql/databasetables/overview,docs/accessinformationcenter/12.0/resourceaudit/mysql/databasetables/overview.md,,,,,,
Permissions Report,12.0,https://docs.netwrix.com/docs/accessinformationcenter/12_0/resourceaudit/mysql/databasetables/permissions,docs/accessinformationcenter/12.0/resourceaudit/mysql/databasetables/permissions.md,,,,,,
Sensitive Content Report,12.0,https://docs.netwrix.com/docs/accessinformationcenter/12_0/resourceaudit/mysql/databasetables/sensitivecontent,docs/accessinformationcenter/12.0/resourceaudit/mysql/databasetables/sensitivecontent.md,,,,,,
Instance Level Reports,12.0,https://docs.netwrix.com/docs/accessinformationcenter/12_0/resourceaudit/mysql/instance/overview,docs/accessinformationcenter/12.0/resourceaudit/mysql/instance/overview.md,,,,,,
Sensitive Content Details Report,12.0,https://docs.netwrix.com/docs/accessinformationcenter/12_0/resourceaudit/mysql/instance/sensitivecontentdetails,docs/accessinformationcenter/12.0/resourceaudit/mysql/instance/sensitivecontentdetails.md,,,,,,
Sensitive Content Summary Report,12.0,https://docs.netwrix.com/docs/accessinformationcenter/12_0/resourceaudit/mysql/instance/sensitivecontentsummary,docs/accessinformationcenter/12.0/resourceaudit/mysql/instance/sensitivecontentsummary.md,,,,,,
MySQL Reports,12.0,https://docs.netwrix.com/docs/accessinformationcenter/12_0/resourceaudit/mysql/overview,docs/accessinformationcenter/12.0/resourceaudit/mysql/overview.md,,,,,,
MySQL Reports Quick Reference Guide,12.0,https://docs.netwrix.com/docs/accessinformationcenter/12_0/resourceaudit/mysql/quickreference,docs/accessinformationcenter/12.0/resourceaudit/mysql/quickreference.md,,,,,,
Sensitive Content Summary Report,12.0,https://docs.netwrix.com/docs/accessinformationcenter/12_0/resourceaudit/mysql/sensitivecontentsummary,docs/accessinformationcenter/12.0/resourceaudit/mysql/sensitivecontentsummary.md,,,,,,
Computer Audit Interface,12.0,https://docs.netwrix.com/docs/accessinformationcenter/12_0/resourceaudit/navigate/computer,docs/accessinformationcenter/12.0/resourceaudit/navigate/computer.md,,,,,,
Group Audit Interface,12.0,https://docs.netwrix.com/docs/accessinformationcenter/12_0/resourceaudit/navigate/group,docs/accessinformationcenter/12.0/resourceaudit/navigate/group.md,,,,,,
AIC Icons,12.0,https://docs.netwrix.com/docs/accessinformationcenter/12_0/resourceaudit/navigate/icons,docs/accessinformationcenter/12.0/resourceaudit/navigate/icons.md,,,,,,
Audit Interfaces,12.0,https://docs.netwrix.com/docs/accessinformationcenter/12_0/resourceaudit/navigate/overview,docs/accessinformationcenter/12.0/resourceaudit/navigate/overview.md,,,,,,
Resource Audit Interface,12.0,https://docs.netwrix.com/docs/accessinformationcenter/12_0/resourceaudit/navigate/resource,docs/accessinformationcenter/12.0/resourceaudit/navigate/resource.md,,,,,,
Scope an Effective Access Report,12.0,https://docs.netwrix.com/docs/accessinformationcenter/12_0/resourceaudit/navigate/scopeeffectiveaccess,docs/accessinformationcenter/12.0/resourceaudit/navigate/scopeeffectiveaccess.md,,,,,,
Search Features,12.0,https://docs.netwrix.com/docs/accessinformationcenter/12_0/resourceaudit/navigate/search,docs/accessinformationcenter/12.0/resourceaudit/navigate/search.md,,,,,,
Sensitive Content Audit Interface,12.0,https://docs.netwrix.com/docs/accessinformationcenter/12_0/resourceaudit/navigate/sensitivecontent,docs/accessinformationcenter/12.0/resourceaudit/navigate/sensitivecontent.md,,,,,,
User Audit Interface,12.0,https://docs.netwrix.com/docs/accessinformationcenter/12_0/resourceaudit/navigate/user,docs/accessinformationcenter/12.0/resourceaudit/navigate/user.md,,,,,,
Database & Library Level Reports,12.0,https://docs.netwrix.com/docs/accessinformationcenter/12_0/resourceaudit/oracle/databaselibrary/overview,docs/accessinformationcenter/12.0/resourceaudit/oracle/databaselibrary/overview.md,,,,,,
Permissions Report,12.0,https://docs.netwrix.com/docs/accessinformationcenter/12_0/resourceaudit/oracle/databaselibrary/permissions,docs/accessinformationcenter/12.0/resourceaudit/oracle/databaselibrary/permissions.md,,,,,,
Sensitive Content Report,12.0,https://docs.netwrix.com/docs/accessinformationcenter/12_0/resourceaudit/oracle/databaselibrary/sensitivecontent,docs/accessinformationcenter/12.0/resourceaudit/oracle/databaselibrary/sensitivecontent.md,,,,,,
Instance Level Reports,12.0,https://docs.netwrix.com/docs/accessinformationcenter/12_0/resourceaudit/oracle/instance/overview,docs/accessinformationcenter/12.0/resourceaudit/oracle/instance/overview.md,,,,,,
Sensitive Content Details Report,12.0,https://docs.netwrix.com/docs/accessinformationcenter/12_0/resourceaudit/oracle/instance/sensitivecontentdetails,docs/accessinformationcenter/12.0/resourceaudit/oracle/instance/sensitivecontentdetails.md,,,,,,
Sensitive Content Summary Report,12.0,https://docs.netwrix.com/docs/accessinformationcenter/12_0/resourceaudit/oracle/instance/sensitivecontentsummary,docs/accessinformationcenter/12.0/resourceaudit/oracle/instance/sensitivecontentsummary.md,,,,,,
Oracle Reports,12.0,https://docs.netwrix.com/docs/accessinformationcenter/12_0/resourceaudit/oracle/overview,docs/accessinformationcenter/12.0/resourceaudit/oracle/overview.md,,,,,,
Oracle Reports Quick Reference Guide,12.0,https://docs.netwrix.com/docs/accessinformationcenter/12_0/resourceaudit/oracle/quickreference,docs/accessinformationcenter/12.0/resourceaudit/oracle/quickreference.md,,,,,,
Sensitive Content Summary Report,12.0,https://docs.netwrix.com/docs/accessinformationcenter/12_0/resourceaudit/oracle/sensitivecontentsummary,docs/accessinformationcenter/12.0/resourceaudit/oracle/sensitivecontentsummary.md,,,,,,
Resource Audit Overview,12.0,https://docs.netwrix.com/docs/accessinformationcenter/12_0/resourceaudit/overview,docs/accessinformationcenter/12.0/resourceaudit/overview.md,,,,,,
Database & Table Level Reports,12.0,https://docs.netwrix.com/docs/accessinformationcenter/12_0/resourceaudit/postgresql/databasetable/overview,docs/accessinformationcenter/12.0/resourceaudit/postgresql/databasetable/overview.md,,,,,,
Permissions Report,12.0,https://docs.netwrix.com/docs/accessinformationcenter/12_0/resourceaudit/postgresql/databasetable/permissions,docs/accessinformationcenter/12.0/resourceaudit/postgresql/databasetable/permissions.md,,,,,,
Sensitive Content Report,12.0,https://docs.netwrix.com/docs/accessinformationcenter/12_0/resourceaudit/postgresql/databasetable/sensitivecontent,docs/accessinformationcenter/12.0/resourceaudit/postgresql/databasetable/sensitivecontent.md,,,,,,
Instance Level Reports,12.0,https://docs.netwrix.com/docs/accessinformationcenter/12_0/resourceaudit/postgresql/instance/overview,docs/accessinformationcenter/12.0/resourceaudit/postgresql/instance/overview.md,,,,,,
Sensitive Content Details Report,12.0,https://docs.netwrix.com/docs/accessinformationcenter/12_0/resourceaudit/postgresql/instance/sensitivecontentdetails,docs/accessinformationcenter/12.0/resourceaudit/postgresql/instance/sensitivecontentdetails.md,,,,,,
Sensitive Content Summary Report,12.0,https://docs.netwrix.com/docs/accessinformationcenter/12_0/resourceaudit/postgresql/instance/sensitivecontentsummary,docs/accessinformationcenter/12.0/resourceaudit/postgresql/instance/sensitivecontentsummary.md,,,,,,
PostgreSQL Reports,12.0,https://docs.netwrix.com/docs/accessinformationcenter/12_0/resourceaudit/postgresql/overview,docs/accessinformationcenter/12.0/resourceaudit/postgresql/overview.md,,,,,,
PostgreSQL Reports Quick Reference Guide,12.0,https://docs.netwrix.com/docs/accessinformationcenter/12_0/resourceaudit/postgresql/quickreference,docs/accessinformationcenter/12.0/resourceaudit/postgresql/quickreference.md,,,,,,
Sensitive Content Summary Report,12.0,https://docs.netwrix.com/docs/accessinformationcenter/12_0/resourceaudit/postgresql/sensitivecontentsummary,docs/accessinformationcenter/12.0/resourceaudit/postgresql/sensitivecontentsummary.md,,,,,,
Files Report,12.0,https://docs.netwrix.com/docs/accessinformationcenter/12_0/resourceaudit/sensitivecontent/files,docs/accessinformationcenter/12.0/resourceaudit/sensitivecontent/files.md,,,,,,
Sensitive Content Reports,12.0,https://docs.netwrix.com/docs/accessinformationcenter/12_0/resourceaudit/sensitivecontent/overview,docs/accessinformationcenter/12.0/resourceaudit/sensitivecontent/overview.md,,,,,,
Sensitive Content Reports Quick Reference,12.0,https://docs.netwrix.com/docs/accessinformationcenter/12_0/resourceaudit/sensitivecontent/quickreference,docs/accessinformationcenter/12.0/resourceaudit/sensitivecontent/quickreference.md,,,,,,
Exceptions Report,12.0,https://docs.netwrix.com/docs/accessinformationcenter/12_0/resourceaudit/sharepoint/exceptions,docs/accessinformationcenter/12.0/resourceaudit/sharepoint/exceptions.md,,,,,,
Exceptions Report,12.0,https://docs.netwrix.com/docs/accessinformationcenter/12_0/resourceaudit/sharepoint/exceptions,docs/accessinformationcenter/12.0/resourceaudit/sharepoint/exceptions/exceptions.md,,,,,,
Exceptions by Type Report,12.0,https://docs.netwrix.com/docs/accessinformationcenter/12_0/resourceaudit/sharepoint/exceptions/exceptionsbytype,docs/accessinformationcenter/12.0/resourceaudit/sharepoint/exceptions/exceptionsbytype.md,,,,,,
Exceptions Node Report,12.0,https://docs.netwrix.com/docs/accessinformationcenter/12_0/resourceaudit/sharepoint/exceptions/overview,docs/accessinformationcenter/12.0/resourceaudit/sharepoint/exceptions/overview.md,,,,,,
Activity Details Report,12.0,https://docs.netwrix.com/docs/accessinformationcenter/12_0/resourceaudit/sharepoint/farminstance/activitydetails,docs/accessinformationcenter/12.0/resourceaudit/sharepoint/farminstance/activitydetails.md,,,,,,
Anonymous Access Links Report,12.0,https://docs.netwrix.com/docs/accessinformationcenter/12_0/resourceaudit/sharepoint/farminstance/anonymousaccesslinks,docs/accessinformationcenter/12.0/resourceaudit/sharepoint/farminstance/anonymousaccesslinks.md,,,,,,
Exceptions Report,12.0,https://docs.netwrix.com/docs/accessinformationcenter/12_0/resourceaudit/sharepoint/farminstance/exceptions,docs/accessinformationcenter/12.0/resourceaudit/sharepoint/farminstance/exceptions.md,,,,,,
External Sharing Report,12.0,https://docs.netwrix.com/docs/accessinformationcenter/12_0/resourceaudit/sharepoint/farminstance/externalsharing,docs/accessinformationcenter/12.0/resourceaudit/sharepoint/farminstance/externalsharing.md,,,,,,
On-Premise Farm & Online Instance Levels Reports,12.0,https://docs.netwrix.com/docs/accessinformationcenter/12_0/resourceaudit/sharepoint/farminstance/overview,docs/accessinformationcenter/12.0/resourceaudit/sharepoint/farminstance/overview.md,,,,,,
Scan Summary Report,12.0,https://docs.netwrix.com/docs/accessinformationcenter/12_0/resourceaudit/sharepoint/farminstance/scansummary,docs/accessinformationcenter/12.0/resourceaudit/sharepoint/farminstance/scansummary.md,,,,,,
Sensitive Content Details Report,12.0,https://docs.netwrix.com/docs/accessinformationcenter/12_0/resourceaudit/sharepoint/farminstance/sensitivecontentdetails,docs/accessinformationcenter/12.0/resourceaudit/sharepoint/farminstance/sensitivecontentdetails.md,,,,,,
Sensitive Content Summary Report,12.0,https://docs.netwrix.com/docs/accessinformationcenter/12_0/resourceaudit/sharepoint/farminstance/sensitivecontentsummary,docs/accessinformationcenter/12.0/resourceaudit/sharepoint/farminstance/sensitivecontentsummary.md,,,,,,
Anonymous Access Links Report,12.0,https://docs.netwrix.com/docs/accessinformationcenter/12_0/resourceaudit/sharepoint/onedrive/anonymousaccesslinks,docs/accessinformationcenter/12.0/resourceaudit/sharepoint/onedrive/anonymousaccesslinks.md,,,,,,
OneDrive Scan Summary Report,12.0,https://docs.netwrix.com/docs/accessinformationcenter/12_0/resourceaudit/sharepoint/onedrive/onedrivescansummary,docs/accessinformationcenter/12.0/resourceaudit/sharepoint/onedrive/onedrivescansummary.md,,,,,,
OneDrive for Business Node Reports for SharePoint Online,12.0,https://docs.netwrix.com/docs/accessinformationcenter/12_0/resourceaudit/sharepoint/onedrive/overview,docs/accessinformationcenter/12.0/resourceaudit/sharepoint/onedrive/overview.md,,,,,,
SharePoint Reports,12.0,https://docs.netwrix.com/docs/accessinformationcenter/12_0/resourceaudit/sharepoint/overview,docs/accessinformationcenter/12.0/resourceaudit/sharepoint/overview.md,,,,,,
SharePoint Reports Quick Reference Guide,12.0,https://docs.netwrix.com/docs/accessinformationcenter/12_0/resourceaudit/sharepoint/quickreference,docs/accessinformationcenter/12.0/resourceaudit/sharepoint/quickreference.md,,,,,,
Sensitive Content Summary Report,12.0,https://docs.netwrix.com/docs/accessinformationcenter/12_0/resourceaudit/sharepoint/sensitivecontentsummary,docs/accessinformationcenter/12.0/resourceaudit/sharepoint/sensitivecontentsummary.md,,,,,,
Server Summary Report,12.0,https://docs.netwrix.com/docs/accessinformationcenter/12_0/resourceaudit/sharepoint/serversummary,docs/accessinformationcenter/12.0/resourceaudit/sharepoint/serversummary.md,,,,,,
Activity Details Report,12.0,https://docs.netwrix.com/docs/accessinformationcenter/12_0/resourceaudit/sharepoint/sitecollections/activitydetails,docs/accessinformationcenter/12.0/resourceaudit/sharepoint/sitecollections/activitydetails.md,,,,,,
Effective Access Report,12.0,https://docs.netwrix.com/docs/accessinformationcenter/12_0/resourceaudit/sharepoint/sitecollections/effectiveaccess,docs/accessinformationcenter/12.0/resourceaudit/sharepoint/sitecollections/effectiveaccess.md,,,,,,
Exceptions Report,12.0,https://docs.netwrix.com/docs/accessinformationcenter/12_0/resourceaudit/sharepoint/sitecollections/exceptions,docs/accessinformationcenter/12.0/resourceaudit/sharepoint/sitecollections/exceptions.md,,,,,,
"Site Collection, Site, List, Library, & Folder Level Reports",12.0,https://docs.netwrix.com/docs/accessinformationcenter/12_0/resourceaudit/sharepoint/sitecollections/overview,docs/accessinformationcenter/12.0/resourceaudit/sharepoint/sitecollections/overview.md,,,,,,
Permissions Report,12.0,https://docs.netwrix.com/docs/accessinformationcenter/12_0/resourceaudit/sharepoint/sitecollections/permissions,docs/accessinformationcenter/12.0/resourceaudit/sharepoint/sitecollections/permissions.md,,,,,,
Sensitive Content Report,12.0,https://docs.netwrix.com/docs/accessinformationcenter/12_0/resourceaudit/sharepoint/sitecollections/sensitivecontent,docs/accessinformationcenter/12.0/resourceaudit/sharepoint/sitecollections/sensitivecontent.md,,,,,,
Site Collection Roles Report,12.0,https://docs.netwrix.com/docs/accessinformationcenter/12_0/resourceaudit/sharepoint/sitecollections/sitecollectionroles,docs/accessinformationcenter/12.0/resourceaudit/sharepoint/sitecollections/sitecollectionroles.md,,,,,,
Teams Node Reports for SharePoint Online,12.0,https://docs.netwrix.com/docs/accessinformationcenter/12_0/resourceaudit/sharepoint/teams/overview,docs/accessinformationcenter/12.0/resourceaudit/sharepoint/teams/overview.md,,,,,,
Teams Scan Summary,12.0,https://docs.netwrix.com/docs/accessinformationcenter/12_0/resourceaudit/sharepoint/teams/teamsscansummary,docs/accessinformationcenter/12.0/resourceaudit/sharepoint/teams/teamsscansummary.md,,,,,,
Effective Policy Report,12.0,https://docs.netwrix.com/docs/accessinformationcenter/12_0/resourceaudit/sharepoint/webapplication/effectivepolicy,docs/accessinformationcenter/12.0/resourceaudit/sharepoint/webapplication/effectivepolicy.md,,,,,,
Web Application & Web Application URL Levels Reports,12.0,https://docs.netwrix.com/docs/accessinformationcenter/12_0/resourceaudit/sharepoint/webapplication/overview,docs/accessinformationcenter/12.0/resourceaudit/sharepoint/webapplication/overview.md,,,,,,
Policy Report,12.0,https://docs.netwrix.com/docs/accessinformationcenter/12_0/resourceaudit/sharepoint/webapplication/policy,docs/accessinformationcenter/12.0/resourceaudit/sharepoint/webapplication/policy.md,,,,,,
Activity Report,12.0,https://docs.netwrix.com/docs/accessinformationcenter/12_0/resourceaudit/sql/databases/activity,docs/accessinformationcenter/12.0/resourceaudit/sql/databases/activity.md,,,,,,
Databases Node Reports,12.0,https://docs.netwrix.com/docs/accessinformationcenter/12_0/resourceaudit/sql/databases/overview,docs/accessinformationcenter/12.0/resourceaudit/sql/databases/overview.md,,,,,,
Sensitive Content Report,12.0,https://docs.netwrix.com/docs/accessinformationcenter/12_0/resourceaudit/sql/databases/sensitivecontent,docs/accessinformationcenter/12.0/resourceaudit/sql/databases/sensitivecontent.md,,,,,,
Activity Report,12.0,https://docs.netwrix.com/docs/accessinformationcenter/12_0/resourceaudit/sql/databasetable/activity,docs/accessinformationcenter/12.0/resourceaudit/sql/databasetable/activity.md,,,,,,
Database & Table Levels Reports,12.0,https://docs.netwrix.com/docs/accessinformationcenter/12_0/resourceaudit/sql/databasetable/overview,docs/accessinformationcenter/12.0/resourceaudit/sql/databasetable/overview.md,,,,,,
Permissions Report,12.0,https://docs.netwrix.com/docs/accessinformationcenter/12_0/resourceaudit/sql/databasetable/permissions,docs/accessinformationcenter/12.0/resourceaudit/sql/databasetable/permissions.md,,,,,,
Sensitive Content Report,12.0,https://docs.netwrix.com/docs/accessinformationcenter/12_0/resourceaudit/sql/databasetable/sensitivecontent,docs/accessinformationcenter/12.0/resourceaudit/sql/databasetable/sensitivecontent.md,,,,,,
Activity Report,12.0,https://docs.netwrix.com/docs/accessinformationcenter/12_0/resourceaudit/sql/instance/activity,docs/accessinformationcenter/12.0/resourceaudit/sql/instance/activity.md,,,,,,
Instance Level Reports,12.0,https://docs.netwrix.com/docs/accessinformationcenter/12_0/resourceaudit/sql/instance/overview,docs/accessinformationcenter/12.0/resourceaudit/sql/instance/overview.md,,,,,,
Sensitive Content Details Report,12.0,https://docs.netwrix.com/docs/accessinformationcenter/12_0/resourceaudit/sql/instance/sensitivecontentdetails,docs/accessinformationcenter/12.0/resourceaudit/sql/instance/sensitivecontentdetails.md,,,,,,
Sensitive Content Summary Report,12.0,https://docs.netwrix.com/docs/accessinformationcenter/12_0/resourceaudit/sql/instance/sensitivecontentsummary,docs/accessinformationcenter/12.0/resourceaudit/sql/instance/sensitivecontentsummary.md,,,,,,
Instance Permissions Node Report,12.0,https://docs.netwrix.com/docs/accessinformationcenter/12_0/resourceaudit/sql/instancepermissions/overview,docs/accessinformationcenter/12.0/resourceaudit/sql/instancepermissions/overview.md,,,,,,
Permissions Report,12.0,https://docs.netwrix.com/docs/accessinformationcenter/12_0/resourceaudit/sql/instancepermissions/permissions,docs/accessinformationcenter/12.0/resourceaudit/sql/instancepermissions/permissions.md,,,,,,
SQL Server Reports,12.0,https://docs.netwrix.com/docs/accessinformationcenter/12_0/resourceaudit/sql/overview,docs/accessinformationcenter/12.0/resourceaudit/sql/overview.md,,,,,,
SQL Server Reports Quick Reference Guide,12.0,https://docs.netwrix.com/docs/accessinformationcenter/12_0/resourceaudit/sql/quickreference,docs/accessinformationcenter/12.0/resourceaudit/sql/quickreference.md,,,,,,
Roles Node Reports,12.0,https://docs.netwrix.com/docs/accessinformationcenter/12_0/resourceaudit/sql/roles/overview,docs/accessinformationcenter/12.0/resourceaudit/sql/roles/overview.md,,,,,,
Permissions Report,12.0,https://docs.netwrix.com/docs/accessinformationcenter/12_0/resourceaudit/sql/roles/permissions,docs/accessinformationcenter/12.0/resourceaudit/sql/roles/permissions.md,,,,,,
Sensitive Content Summary Report,12.0,https://docs.netwrix.com/docs/accessinformationcenter/12_0/resourceaudit/sql/sensitivecontentsummary,docs/accessinformationcenter/12.0/resourceaudit/sql/sensitivecontentsummary.md,,,,,,
Activity Details Report for Entra ID User,12.0,https://docs.netwrix.com/docs/accessinformationcenter/12_0/resourceaudit/user/activitydetails-entra,docs/accessinformationcenter/12.0/resourceaudit/user/activitydetails-entra.md,,,,,,
Activity Details Report,12.0,https://docs.netwrix.com/docs/accessinformationcenter/12_0/resourceaudit/user/activitydetails,docs/accessinformationcenter/12.0/resourceaudit/user/activitydetails.md,,,,,,
Activity Statistics Report,12.0,https://docs.netwrix.com/docs/accessinformationcenter/12_0/resourceaudit/user/activitystatistics,docs/accessinformationcenter/12.0/resourceaudit/user/activitystatistics.md,,,,,,
Attribute Changes Report,12.0,https://docs.netwrix.com/docs/accessinformationcenter/12_0/resourceaudit/user/attributechanges,docs/accessinformationcenter/12.0/resourceaudit/user/attributechanges.md,,,,,,
Effective Access Report for Entra ID User,12.0,https://docs.netwrix.com/docs/accessinformationcenter/12_0/resourceaudit/user/effectiveaccess-entra,docs/accessinformationcenter/12.0/resourceaudit/user/effectiveaccess-entra.md,,,,,,
Effective Access Report,12.0,https://docs.netwrix.com/docs/accessinformationcenter/12_0/resourceaudit/user/effectiveaccess,docs/accessinformationcenter/12.0/resourceaudit/user/effectiveaccess.md,,,,,,
Member Of Report for Entra ID User,12.0,https://docs.netwrix.com/docs/accessinformationcenter/12_0/resourceaudit/user/memberof-entra,docs/accessinformationcenter/12.0/resourceaudit/user/memberof-entra.md,,,,,,
Member Of Report,12.0,https://docs.netwrix.com/docs/accessinformationcenter/12_0/resourceaudit/user/memberof,docs/accessinformationcenter/12.0/resourceaudit/user/memberof.md,,,,,,
Object Permissions Report,12.0,https://docs.netwrix.com/docs/accessinformationcenter/12_0/resourceaudit/user/objectpermissions,docs/accessinformationcenter/12.0/resourceaudit/user/objectpermissions.md,,,,,,
User Reports,12.0,https://docs.netwrix.com/docs/accessinformationcenter/12_0/resourceaudit/user/overview,docs/accessinformationcenter/12.0/resourceaudit/user/overview.md,,,,,,
Permissions Report for Entra ID User,12.0,https://docs.netwrix.com/docs/accessinformationcenter/12_0/resourceaudit/user/permissions-entra,docs/accessinformationcenter/12.0/resourceaudit/user/permissions-entra.md,,,,,,
Permissions Report,12.0,https://docs.netwrix.com/docs/accessinformationcenter/12_0/resourceaudit/user/permissions,docs/accessinformationcenter/12.0/resourceaudit/user/permissions.md,,,,,,
User Reports Quick Reference,12.0,https://docs.netwrix.com/docs/accessinformationcenter/12_0/resourceaudit/user/quickreference,docs/accessinformationcenter/12.0/resourceaudit/user/quickreference.md,,,,,,
Access Groups,12.0,https://docs.netwrix.com/docs/accessinformationcenter/12_0/resourceowners/accessgroups,docs/accessinformationcenter/12.0/resourceowners/accessgroups.md,,,,,,
Confirm Ownership Wizard,12.0,https://docs.netwrix.com/docs/accessinformationcenter/12_0/resourceowners/confirmation/confirm,docs/accessinformationcenter/12.0/resourceowners/confirmation/confirm.md,,,,,,
Ownership Confirmation,12.0,https://docs.netwrix.com/docs/accessinformationcenter/12_0/resourceowners/confirmation,docs/accessinformationcenter/12.0/resourceowners/confirmation/confirmation.md,,,,,,
Add New Resource Wizard,12.0,https://docs.netwrix.com/docs/accessinformationcenter/12_0/resourceowners/interface/add,docs/accessinformationcenter/12.0/resourceowners/interface/add.md,,,,,,
Add Owner Window,12.0,https://docs.netwrix.com/docs/accessinformationcenter/12_0/resourceowners/interface/addowner,docs/accessinformationcenter/12.0/resourceowners/interface/addowner.md,,,,,,
Confirm Removal Window,12.0,https://docs.netwrix.com/docs/accessinformationcenter/12_0/resourceowners/interface/confirmremoval,docs/accessinformationcenter/12.0/resourceowners/interface/confirmremoval.md,,,,,,
Import Owners Wizard,12.0,https://docs.netwrix.com/docs/accessinformationcenter/12_0/resourceowners/interface/import,docs/accessinformationcenter/12.0/resourceowners/interface/import.md,,,,,,
Resource Owners Interface,12.0,https://docs.netwrix.com/docs/accessinformationcenter/12_0/resourceowners/interface,docs/accessinformationcenter/12.0/resourceowners/interface/interface.md,,,,,,
Select Group Window,12.0,https://docs.netwrix.com/docs/accessinformationcenter/12_0/resourceowners/interface/selectgroup,docs/accessinformationcenter/12.0/resourceowners/interface/selectgroup.md,,,,,,
Update Resource Wizard,12.0,https://docs.netwrix.com/docs/accessinformationcenter/12_0/resourceowners/interface/update,docs/accessinformationcenter/12.0/resourceowners/interface/update.md,,,,,,
Resource Owners Overview,12.0,https://docs.netwrix.com/docs/accessinformationcenter/12_0/resourceowners/overview,docs/accessinformationcenter/12.0/resourceowners/overview.md,,,,,,
Approval Process,12.0,https://docs.netwrix.com/docs/accessinformationcenter/12_0/resourcereviews/approvalprocess,docs/accessinformationcenter/12.0/resourcereviews/approvalprocess/approvalprocess.md,,,,,,
Remove Changes Window,12.0,https://docs.netwrix.com/docs/accessinformationcenter/12_0/resourcereviews/approvalprocess/removechanges,docs/accessinformationcenter/12.0/resourcereviews/approvalprocess/removechanges.md,,,,,,
Resource Reviewed Email,12.0,https://docs.netwrix.com/docs/accessinformationcenter/12_0/resourcereviews/approvalprocess/resourcereviewed,docs/accessinformationcenter/12.0/resourcereviews/approvalprocess/resourcereviewed.md,,,,,,
Create Review Wizard,12.0,https://docs.netwrix.com/docs/accessinformationcenter/12_0/resourcereviews/create,docs/accessinformationcenter/12.0/resourcereviews/create/create.md,,,,,,
Missing Items Window,12.0,https://docs.netwrix.com/docs/accessinformationcenter/12_0/resourcereviews/create/missingitems,docs/accessinformationcenter/12.0/resourcereviews/create/missingitems.md,,,,,,
Review Instances,12.0,https://docs.netwrix.com/docs/accessinformationcenter/12_0/resourcereviews/create/reviewinstances,docs/accessinformationcenter/12.0/resourcereviews/create/reviewinstances.md,,,,,,
Edit Review Wizard,12.0,https://docs.netwrix.com/docs/accessinformationcenter/12_0/resourcereviews/edit,docs/accessinformationcenter/12.0/resourcereviews/edit.md,,,,,,
Delete Review Window,12.0,https://docs.netwrix.com/docs/accessinformationcenter/12_0/resourcereviews/interface/deletereview,docs/accessinformationcenter/12.0/resourcereviews/interface/deletereview.md,,,,,,
Resource Reviews Interface,12.0,https://docs.netwrix.com/docs/accessinformationcenter/12_0/resourcereviews/interface,docs/accessinformationcenter/12.0/resourcereviews/interface/interface.md,,,,,,
Rename Review Window,12.0,https://docs.netwrix.com/docs/accessinformationcenter/12_0/resourcereviews/interface/renamereview,docs/accessinformationcenter/12.0/resourcereviews/interface/renamereview.md,,,,,,
Selected Resources Window,12.0,https://docs.netwrix.com/docs/accessinformationcenter/12_0/resourcereviews/interface/selectedresources,docs/accessinformationcenter/12.0/resourcereviews/interface/selectedresources.md,,,,,,
Send Reminders Window,12.0,https://docs.netwrix.com/docs/accessinformationcenter/12_0/resourcereviews/interface/sendreminders,docs/accessinformationcenter/12.0/resourcereviews/interface/sendreminders.md,,,,,,
Stop Review Window,12.0,https://docs.netwrix.com/docs/accessinformationcenter/12_0/resourcereviews/interface/stopreview,docs/accessinformationcenter/12.0/resourcereviews/interface/stopreview.md,,,,,,
View Responses Window,12.0,https://docs.netwrix.com/docs/accessinformationcenter/12_0/resourcereviews/interface/viewresponses,docs/accessinformationcenter/12.0/resourcereviews/interface/viewresponses.md,,,,,,
Resource Reviews Overview,12.0,https://docs.netwrix.com/docs/accessinformationcenter/12_0/resourcereviews/overview,docs/accessinformationcenter/12.0/resourcereviews/overview.md,,,,,,
Data Collection & Automation Prerequisites,12.0,https://docs.netwrix.com/docs/accessinformationcenter/12_0/resourcereviews/prerequisites,docs/accessinformationcenter/12.0/resourcereviews/prerequisites.md,,,,,,
Your Access Portal Overview,12.0,https://docs.netwrix.com/docs/accessinformationcenter/12_0/youraccessportal/overview,docs/accessinformationcenter/12.0/youraccessportal/overview.md,,,,,,
Remove Access Window,12.0,https://docs.netwrix.com/docs/accessinformationcenter/12_0/youraccessportal/removeaccess,docs/accessinformationcenter/12.0/youraccessportal/removeaccess.md,,,,,,
Request Access Wizard,12.0,https://docs.netwrix.com/docs/accessinformationcenter/12_0/youraccessportal/requestaccess,docs/accessinformationcenter/12.0/youraccessportal/requestaccess/requestaccess.md,,,,,,
Access Request Updated Email,12.0,https://docs.netwrix.com/docs/accessinformationcenter/12_0/youraccessportal/requestaccess/updated,docs/accessinformationcenter/12.0/youraccessportal/requestaccess/updated.md,,,,,,
Cancel Request Window,12.0,https://docs.netwrix.com/docs/accessinformationcenter/12_0/youraccessportal/requesthistory/cancelrequest,docs/accessinformationcenter/12.0/youraccessportal/requesthistory/cancelrequest.md,,,,,,
Access Expiration Email,12.0,https://docs.netwrix.com/docs/accessinformationcenter/12_0/youraccessportal/requesthistory/expiration,docs/accessinformationcenter/12.0/youraccessportal/requesthistory/expiration.md,,,,,,
Request History Page,12.0,https://docs.netwrix.com/docs/accessinformationcenter/12_0/youraccessportal/requesthistory,docs/accessinformationcenter/12.0/youraccessportal/requesthistory/requesthistory.md,,,,,,
