document_title,version,live_page_url,source_path,also_covers,reviewer,audited,fixed,corrections,notes
Applications,9.2,https://docs.netwrix.com/docs/passwordsecure/9_2/configuration/advancedview/clientmodule/applications,docs/passwordsecure/9.2/configuration/advancedview/clientmodule/applications/applications.md,,,,,,
Configuration of SAML,9.2,https://docs.netwrix.com/docs/passwordsecure/9_2/configuration/advancedview/clientmodule/applications/configuration_of_saml,docs/passwordsecure/9.2/configuration/advancedview/clientmodule/applications/configuration_of_saml.md,,,,,,
Example Applications,9.2,https://docs.netwrix.com/docs/passwordsecure/9_2/configuration/advancedview/clientmodule/applications/exampleapplications/example_applications,docs/passwordsecure/9.2/configuration/advancedview/clientmodule/applications/exampleapplications/example_applications.md,,,,,,
SAML Application for Dropbox,9.2,https://docs.netwrix.com/docs/passwordsecure/9_2/configuration/advancedview/clientmodule/applications/exampleapplications/saml_application_for_dropbox,docs/passwordsecure/9.2/configuration/advancedview/clientmodule/applications/exampleapplications/saml_application_for_dropbox.md,,,,,,
SAML application for Postman,9.2,https://docs.netwrix.com/docs/passwordsecure/9_2/configuration/advancedview/clientmodule/applications/exampleapplications/saml_application_for_postman,docs/passwordsecure/9.2/configuration/advancedview/clientmodule/applications/exampleapplications/saml_application_for_postman.md,,,,,,
SAP GUI logon - SSO Application,9.2,https://docs.netwrix.com/docs/passwordsecure/9_2/configuration/advancedview/clientmodule/applications/exampleapplications/sap_gui_logon_-_sso_application,docs/passwordsecure/9.2/configuration/advancedview/clientmodule/applications/exampleapplications/sap_gui_logon_-_sso_application.md,,,,,,
Learning the applications,9.2,https://docs.netwrix.com/docs/passwordsecure/9_2/configuration/advancedview/clientmodule/applications/learningtheapplications/learning_the_applications,docs/passwordsecure/9.2/configuration/advancedview/clientmodule/applications/learningtheapplications/learning_the_applications.md,,,,,,
Start Parameter,9.2,https://docs.netwrix.com/docs/passwordsecure/9_2/configuration/advancedview/clientmodule/applications/learningtheapplications/start_parameter,docs/passwordsecure/9.2/configuration/advancedview/clientmodule/applications/learningtheapplications/start_parameter.md,,,,,,
RDP and SSH Applications,9.2,https://docs.netwrix.com/docs/passwordsecure/9_2/configuration/advancedview/clientmodule/applications/rdpandsshapplications/rdp_and_ssh_applications,docs/passwordsecure/9.2/configuration/advancedview/clientmodule/applications/rdpandsshapplications/rdp_and_ssh_applications.md,,,,,,
Recording a session,9.2,https://docs.netwrix.com/docs/passwordsecure/9_2/configuration/advancedview/clientmodule/applications/rdpandsshapplications/recording_a_session,docs/passwordsecure/9.2/configuration/advancedview/clientmodule/applications/rdpandsshapplications/recording_a_session.md,,,,,,
Client Module,9.2,https://docs.netwrix.com/docs/passwordsecure/9_2/configuration/advancedview/clientmodule/client_module,docs/passwordsecure/9.2/configuration/advancedview/clientmodule/client_module.md,,,,,,
Configuration,9.2,https://docs.netwrix.com/docs/passwordsecure/9_2/configuration/advancedview/clientmodule/discoveryservice/configuration_1,docs/passwordsecure/9.2/configuration/advancedview/clientmodule/discoveryservice/configuration_1.md,,,,,,
Converting entries,9.2,https://docs.netwrix.com/docs/passwordsecure/9_2/configuration/advancedview/clientmodule/discoveryservice/converting_entries,docs/passwordsecure/9.2/configuration/advancedview/clientmodule/discoveryservice/converting_entries.md,,,,,,
Created passwords,9.2,https://docs.netwrix.com/docs/passwordsecure/9_2/configuration/advancedview/clientmodule/discoveryservice/created_passwords,docs/passwordsecure/9.2/configuration/advancedview/clientmodule/discoveryservice/created_passwords.md,,,,,,
Deleting entries,9.2,https://docs.netwrix.com/docs/passwordsecure/9_2/configuration/advancedview/clientmodule/discoveryservice/deleting_entries,docs/passwordsecure/9.2/configuration/advancedview/clientmodule/discoveryservice/deleting_entries.md,,,,,,
Discovered entries,9.2,https://docs.netwrix.com/docs/passwordsecure/9_2/configuration/advancedview/clientmodule/discoveryservice/discovered_entries,docs/passwordsecure/9.2/configuration/advancedview/clientmodule/discoveryservice/discovered_entries.md,,,,,,
Discovery Service,9.2,https://docs.netwrix.com/docs/passwordsecure/9_2/configuration/advancedview/clientmodule/discoveryservice/discovery_service,docs/passwordsecure/9.2/configuration/advancedview/clientmodule/discoveryservice/discovery_service.md,,,,,,
Logbook,9.2,https://docs.netwrix.com/docs/passwordsecure/9_2/configuration/advancedview/clientmodule/discoveryservice/logbook_1,docs/passwordsecure/9.2/configuration/advancedview/clientmodule/discoveryservice/logbook_1.md,,,,,,
Requirements,9.2,https://docs.netwrix.com/docs/passwordsecure/9_2/configuration/advancedview/clientmodule/discoveryservice/requirements,docs/passwordsecure/9.2/configuration/advancedview/clientmodule/discoveryservice/requirements.md,Covered by 9.3 — see docs/passwordsecure/9.3/configuration/advancedview/clientmodule/discoveryservice/requirements.md,,,,,
Documents,9.2,https://docs.netwrix.com/docs/passwordsecure/9_2/configuration/advancedview/clientmodule/documents,docs/passwordsecure/9.2/configuration/advancedview/clientmodule/documents.md,,,,,,
Change form,9.2,https://docs.netwrix.com/docs/passwordsecure/9_2/configuration/advancedview/clientmodule/forms/change_form,docs/passwordsecure/9.2/configuration/advancedview/clientmodule/forms/change_form.md,,,,,,
Forms,9.2,https://docs.netwrix.com/docs/passwordsecure/9_2/configuration/advancedview/clientmodule/forms,docs/passwordsecure/9.2/configuration/advancedview/clientmodule/forms/forms.md,,,,,,
Logbook,9.2,https://docs.netwrix.com/docs/passwordsecure/9_2/configuration/advancedview/clientmodule/logbook,docs/passwordsecure/9.2/configuration/advancedview/clientmodule/logbook.md,,,,,,
Notifications,9.2,https://docs.netwrix.com/docs/passwordsecure/9_2/configuration/advancedview/clientmodule/notifications,docs/passwordsecure/9.2/configuration/advancedview/clientmodule/notifications.md,,,,,,
Active Directory link,9.2,https://docs.netwrix.com/docs/passwordsecure/9_2/configuration/advancedview/clientmodule/organisationalstructure/directoryservices/activedirectorylink/active_directory_link,docs/passwordsecure/9.2/configuration/advancedview/clientmodule/organisationalstructure/directoryservices/activedirectorylink/active_directory_link.md,,,,,,
End-to-end encryption,9.2,https://docs.netwrix.com/docs/passwordsecure/9_2/configuration/advancedview/clientmodule/organisationalstructure/directoryservices/activedirectorylink/end-to-end_encryption,docs/passwordsecure/9.2/configuration/advancedview/clientmodule/organisationalstructure/directoryservices/activedirectorylink/end-to-end_encryption.md,,,,,,
Masterkey mode,9.2,https://docs.netwrix.com/docs/passwordsecure/9_2/configuration/advancedview/clientmodule/organisationalstructure/directoryservices/activedirectorylink/masterkey_mode,docs/passwordsecure/9.2/configuration/advancedview/clientmodule/organisationalstructure/directoryservices/activedirectorylink/masterkey_mode.md,,,,,,
RADIUS authentication,9.2,https://docs.netwrix.com/docs/passwordsecure/9_2/configuration/advancedview/clientmodule/organisationalstructure/directoryservices/activedirectorylink/radius_authentication,docs/passwordsecure/9.2/configuration/advancedview/clientmodule/organisationalstructure/directoryservices/activedirectorylink/radius_authentication.md,,,,,,
Directory services,9.2,https://docs.netwrix.com/docs/passwordsecure/9_2/configuration/advancedview/clientmodule/organisationalstructure/directoryservices/directory_services,docs/passwordsecure/9.2/configuration/advancedview/clientmodule/organisationalstructure/directoryservices/directory_services.md,Covered by 9.3 — see docs/passwordsecure/9.3/configuration/advancedview/clientmodule/organisationalstructure/directoryservices/directory_services.md,,,,,
Microsoft Entra ID connection,9.2,https://docs.netwrix.com/docs/passwordsecure/9_2/configuration/advancedview/clientmodule/organisationalstructure/directoryservices/entraidconnection/entra_id_connection,docs/passwordsecure/9.2/configuration/advancedview/clientmodule/organisationalstructure/directoryservices/entraidconnection/entra_id_connection.md,,,,,,
Microsoft Entra ID Services FAQ,9.2,https://docs.netwrix.com/docs/passwordsecure/9_2/configuration/advancedview/clientmodule/organisationalstructure/directoryservices/entraidconnection/microsoft_entra_id_faq,docs/passwordsecure/9.2/configuration/advancedview/clientmodule/organisationalstructure/directoryservices/entraidconnection/microsoft_entra_id_faq.md,,,,,,
First factor,9.2,https://docs.netwrix.com/docs/passwordsecure/9_2/configuration/advancedview/clientmodule/organisationalstructure/first_factor,docs/passwordsecure/9.2/configuration/advancedview/clientmodule/organisationalstructure/first_factor.md,,,,,,
Managing users,9.2,https://docs.netwrix.com/docs/passwordsecure/9_2/configuration/advancedview/clientmodule/organisationalstructure/managingusers/managing_users,docs/passwordsecure/9.2/configuration/advancedview/clientmodule/organisationalstructure/managingusers/managing_users.md,,,,,,
User passwords / logging in to client,9.2,https://docs.netwrix.com/docs/passwordsecure/9_2/configuration/advancedview/clientmodule/organisationalstructure/managingusers/user_passwords_logging_in,docs/passwordsecure/9.2/configuration/advancedview/clientmodule/organisationalstructure/managingusers/user_passwords_logging_in.md,,,,,,
Multifactor authentication,9.2,https://docs.netwrix.com/docs/passwordsecure/9_2/configuration/advancedview/clientmodule/organisationalstructure/multifactorauthentication/multifactor_authentication,docs/passwordsecure/9.2/configuration/advancedview/clientmodule/organisationalstructure/multifactorauthentication/multifactor_authentication.md,,,,,,
OTP (One-Time-Password),9.2,https://docs.netwrix.com/docs/passwordsecure/9_2/configuration/advancedview/clientmodule/organisationalstructure/multifactorauthentication/otp_(one-time-password),docs/passwordsecure/9.2/configuration/advancedview/clientmodule/organisationalstructure/multifactorauthentication/otp_(one-time-password).md,Covered by 9.3 — see docs/passwordsecure/9.3/configuration/advancedview/clientmodule/organisationalstructure/multifactorauthentication/otp_(one-time-password).md,,,,,
Yubico / Yubikey,9.2,https://docs.netwrix.com/docs/passwordsecure/9_2/configuration/advancedview/clientmodule/organisationalstructure/multifactorauthentication/yubicoyubikey,docs/passwordsecure/9.2/configuration/advancedview/clientmodule/organisationalstructure/multifactorauthentication/yubicoyubikey.md,,,,,,
Organisational structure,9.2,https://docs.netwrix.com/docs/passwordsecure/9_2/configuration/advancedview/clientmodule/organisationalstructure/organisational_structure,docs/passwordsecure/9.2/configuration/advancedview/clientmodule/organisationalstructure/organisational_structure.md,,,,,,
Inheriting permissions,9.2,https://docs.netwrix.com/docs/passwordsecure/9_2/configuration/advancedview/clientmodule/organisationalstructure/permissionsfororganisational/inheriting_permissions,docs/passwordsecure/9.2/configuration/advancedview/clientmodule/organisationalstructure/permissionsfororganisational/inheriting_permissions.md,,,,,,
Permissions for organisational structures,9.2,https://docs.netwrix.com/docs/passwordsecure/9_2/configuration/advancedview/clientmodule/organisationalstructure/permissionsfororganisational/permissions_for_organisational,docs/passwordsecure/9.2/configuration/advancedview/clientmodule/organisationalstructure/permissionsfororganisational/permissions_for_organisational.md,,,,,,
Configuration,9.2,https://docs.netwrix.com/docs/passwordsecure/9_2/configuration/advancedview/clientmodule/passwordreset/configuration_2,docs/passwordsecure/9.2/configuration/advancedview/clientmodule/passwordreset/configuration_2.md,,,,,,
Heartbeat,9.2,https://docs.netwrix.com/docs/passwordsecure/9_2/configuration/advancedview/clientmodule/passwordreset/heartbeat,docs/passwordsecure/9.2/configuration/advancedview/clientmodule/passwordreset/heartbeat.md,,,,,,
Logbook entries under Password Reset,9.2,https://docs.netwrix.com/docs/passwordsecure/9_2/configuration/advancedview/clientmodule/passwordreset/logbook_entries_under_password,docs/passwordsecure/9.2/configuration/advancedview/clientmodule/passwordreset/logbook_entries_under_password.md,Covered by current — see docs/passwordsecure/current/configuration/advancedview/clientmodule/passwordreset/logbook_entries_under_password.md,,,,,
Password Reset,9.2,https://docs.netwrix.com/docs/passwordsecure/9_2/configuration/advancedview/clientmodule/passwordreset/password_reset,docs/passwordsecure/9.2/configuration/advancedview/clientmodule/passwordreset/password_reset.md,,,,,,
Requirements,9.2,https://docs.netwrix.com/docs/passwordsecure/9_2/configuration/advancedview/clientmodule/passwordreset/requirements_1,docs/passwordsecure/9.2/configuration/advancedview/clientmodule/passwordreset/requirements_1.md,Covered by current — see docs/passwordsecure/current/configuration/advancedview/clientmodule/passwordreset/requirements_1.md,,,,,
Rollback,9.2,https://docs.netwrix.com/docs/passwordsecure/9_2/configuration/advancedview/clientmodule/passwordreset/rollback,docs/passwordsecure/9.2/configuration/advancedview/clientmodule/passwordreset/rollback.md,,,,,,
Scripts,9.2,https://docs.netwrix.com/docs/passwordsecure/9_2/configuration/advancedview/clientmodule/passwordreset/scripts,docs/passwordsecure/9.2/configuration/advancedview/clientmodule/passwordreset/scripts.md,,,,,,
User-defined scripts,9.2,https://docs.netwrix.com/docs/passwordsecure/9_2/configuration/advancedview/clientmodule/passwordreset/user-defined_scripts,docs/passwordsecure/9.2/configuration/advancedview/clientmodule/passwordreset/user-defined_scripts.md,,,,,,
Creating new passwords,9.2,https://docs.netwrix.com/docs/passwordsecure/9_2/configuration/advancedview/clientmodule/passwords/creating_new_passwords,docs/passwordsecure/9.2/configuration/advancedview/clientmodule/passwords/creating_new_passwords.md,,,,,,
Form field permissions,9.2,https://docs.netwrix.com/docs/passwordsecure/9_2/configuration/advancedview/clientmodule/passwords/form_field_permissions,docs/passwordsecure/9.2/configuration/advancedview/clientmodule/passwords/form_field_permissions.md,,,,,,
History,9.2,https://docs.netwrix.com/docs/passwordsecure/9_2/configuration/advancedview/clientmodule/passwords/history,docs/passwordsecure/9.2/configuration/advancedview/clientmodule/passwords/history.md,,,,,,
Moving passwords,9.2,https://docs.netwrix.com/docs/passwordsecure/9_2/configuration/advancedview/clientmodule/passwords/moving_passwords,docs/passwordsecure/9.2/configuration/advancedview/clientmodule/passwords/moving_passwords.md,,,,,,
Password settings,9.2,https://docs.netwrix.com/docs/passwordsecure/9_2/configuration/advancedview/clientmodule/passwords/password_settings,docs/passwordsecure/9.2/configuration/advancedview/clientmodule/passwords/password_settings.md,,,,,,
Passwords,9.2,https://docs.netwrix.com/docs/passwordsecure/9_2/configuration/advancedview/clientmodule/passwords,docs/passwordsecure/9.2/configuration/advancedview/clientmodule/passwords/passwords.md,,,,,,
Recycle Bin,9.2,https://docs.netwrix.com/docs/passwordsecure/9_2/configuration/advancedview/clientmodule/passwords/recycle_bin,docs/passwordsecure/9.2/configuration/advancedview/clientmodule/passwords/recycle_bin.md,,,,,,
Revealing passwords,9.2,https://docs.netwrix.com/docs/passwordsecure/9_2/configuration/advancedview/clientmodule/passwords/revealing_passwords,docs/passwordsecure/9.2/configuration/advancedview/clientmodule/passwords/revealing_passwords.md,,,,,,
Roles,9.2,https://docs.netwrix.com/docs/passwordsecure/9_2/configuration/advancedview/clientmodule/roles,docs/passwordsecure/9.2/configuration/advancedview/clientmodule/roles.md,,,,,,
Account,9.2,https://docs.netwrix.com/docs/passwordsecure/9_2/configuration/advancedview/mainmenufc/account,docs/passwordsecure/9.2/configuration/advancedview/mainmenufc/account.md,,,,,,
Administration,9.2,https://docs.netwrix.com/docs/passwordsecure/9_2/configuration/advancedview/mainmenufc/administration,docs/passwordsecure/9.2/configuration/advancedview/mainmenufc/administration.md,,,,,,
Export wizard,9.2,https://docs.netwrix.com/docs/passwordsecure/9_2/configuration/advancedview/mainmenufc/export/export_wizard,docs/passwordsecure/9.2/configuration/advancedview/mainmenufc/export/export_wizard.md,,,,,,
Export,9.2,https://docs.netwrix.com/docs/passwordsecure/9_2/configuration/advancedview/mainmenufc/export,docs/passwordsecure/9.2/configuration/advancedview/mainmenufc/export/export.md,,,,,,
HTML WebViewer export,9.2,https://docs.netwrix.com/docs/passwordsecure/9_2/configuration/advancedview/mainmenufc/export/html_webviewer_export,docs/passwordsecure/9.2/configuration/advancedview/mainmenufc/export/html_webviewer_export.md,,,,,,
Extras,9.2,https://docs.netwrix.com/docs/passwordsecure/9_2/configuration/advancedview/mainmenufc/extras,docs/passwordsecure/9.2/configuration/advancedview/mainmenufc/extras/extras.md,,,,,,
Image management,9.2,https://docs.netwrix.com/docs/passwordsecure/9_2/configuration/advancedview/mainmenufc/extras/image_manager,docs/passwordsecure/9.2/configuration/advancedview/mainmenufc/extras/image_manager.md,,,,,,
Password generator,9.2,https://docs.netwrix.com/docs/passwordsecure/9_2/configuration/advancedview/mainmenufc/extras/password_generator,docs/passwordsecure/9.2/configuration/advancedview/mainmenufc/extras/password_generator.md,,,,,,
Password rules,9.2,https://docs.netwrix.com/docs/passwordsecure/9_2/configuration/advancedview/mainmenufc/extras/password_rules,docs/passwordsecure/9.2/configuration/advancedview/mainmenufc/extras/password_rules.md,,,,,,
Reports,9.2,https://docs.netwrix.com/docs/passwordsecure/9_2/configuration/advancedview/mainmenufc/extras/reports,docs/passwordsecure/9.2/configuration/advancedview/mainmenufc/extras/reports.md,,,,,,
Seal templates,9.2,https://docs.netwrix.com/docs/passwordsecure/9_2/configuration/advancedview/mainmenufc/extras/seal_templates,docs/passwordsecure/9.2/configuration/advancedview/mainmenufc/extras/seal_templates.md,,,,,,
EmergencyWebViewer,9.2,https://docs.netwrix.com/docs/passwordsecure/9_2/configuration/advancedview/mainmenufc/extras/systemtasks/emergency_webviewer,docs/passwordsecure/9.2/configuration/advancedview/mainmenufc/extras/systemtasks/emergency_webviewer.md,,,,,,
System tasks,9.2,https://docs.netwrix.com/docs/passwordsecure/9_2/configuration/advancedview/mainmenufc/extras/systemtasks/system_tasks,docs/passwordsecure/9.2/configuration/advancedview/mainmenufc/extras/systemtasks/system_tasks.md,,,,,,
Tag manager,9.2,https://docs.netwrix.com/docs/passwordsecure/9_2/configuration/advancedview/mainmenufc/extras/tag_manager,docs/passwordsecure/9.2/configuration/advancedview/mainmenufc/extras/tag_manager.md,,,,,,
Bin,9.2,https://docs.netwrix.com/docs/passwordsecure/9_2/configuration/advancedview/mainmenufc/extras/trash,docs/passwordsecure/9.2/configuration/advancedview/mainmenufc/extras/trash.md,,,,,,
General settings,9.2,https://docs.netwrix.com/docs/passwordsecure/9_2/configuration/advancedview/mainmenufc/general_settings,docs/passwordsecure/9.2/configuration/advancedview/mainmenufc/general_settings.md,,,,,,
Import,9.2,https://docs.netwrix.com/docs/passwordsecure/9_2/configuration/advancedview/mainmenufc/import,docs/passwordsecure/9.2/configuration/advancedview/mainmenufc/import.md,,,,,,
Main menu,9.2,https://docs.netwrix.com/docs/passwordsecure/9_2/configuration/advancedview/mainmenufc/main_menu_fc,docs/passwordsecure/9.2/configuration/advancedview/mainmenufc/main_menu_fc.md,,,,,,
Overview of all user rights,9.2,https://docs.netwrix.com/docs/passwordsecure/9_2/configuration/advancedview/mainmenufc/userrights/overview_of_all_user_rights,docs/passwordsecure/9.2/configuration/advancedview/mainmenufc/userrights/overview_of_all_user_rights.md,,,,,,
User rights,9.2,https://docs.netwrix.com/docs/passwordsecure/9_2/configuration/advancedview/mainmenufc/userrights/user_rights,docs/passwordsecure/9.2/configuration/advancedview/mainmenufc/userrights/user_rights.md,,,,,,
Overview of all settings,9.2,https://docs.netwrix.com/docs/passwordsecure/9_2/configuration/advancedview/mainmenufc/usersettings/overview_of_all_user_settings,docs/passwordsecure/9.2/configuration/advancedview/mainmenufc/usersettings/overview_of_all_user_settings.md,,,,,,
User settings,9.2,https://docs.netwrix.com/docs/passwordsecure/9_2/configuration/advancedview/mainmenufc/usersettings/user_settings,docs/passwordsecure/9.2/configuration/advancedview/mainmenufc/usersettings/user_settings.md,,,,,,
Dashboard and widgets,9.2,https://docs.netwrix.com/docs/passwordsecure/9_2/configuration/advancedview/operationandsetup/dashboardandwidgets/dashboard_and_widgets,docs/passwordsecure/9.2/configuration/advancedview/operationandsetup/dashboardandwidgets/dashboard_and_widgets.md,,,,,,
Keyboard shortcuts,9.2,https://docs.netwrix.com/docs/passwordsecure/9_2/configuration/advancedview/operationandsetup/dashboardandwidgets/keyboard_shortcuts,docs/passwordsecure/9.2/configuration/advancedview/operationandsetup/dashboardandwidgets/keyboard_shortcuts.md,Covered by 9.3 — see docs/passwordsecure/9.3/configuration/advancedview/operationandsetup/dashboardandwidgets/keyboard_shortcuts.md,,,,,
Advanced filter settings,9.2,https://docs.netwrix.com/docs/passwordsecure/9_2/configuration/advancedview/operationandsetup/filter/advanced_filter_settings,docs/passwordsecure/9.2/configuration/advancedview/operationandsetup/filter/advanced_filter_settings.md,,,,,,
Display mode,9.2,https://docs.netwrix.com/docs/passwordsecure/9_2/configuration/advancedview/operationandsetup/filter/display_mode,docs/passwordsecure/9.2/configuration/advancedview/operationandsetup/filter/display_mode.md,,,,,,
Filter,9.2,https://docs.netwrix.com/docs/passwordsecure/9_2/configuration/advancedview/operationandsetup/filter,docs/passwordsecure/9.2/configuration/advancedview/operationandsetup/filter/filter.md,,,,,,
List view,9.2,https://docs.netwrix.com/docs/passwordsecure/9_2/configuration/advancedview/operationandsetup/list_view,docs/passwordsecure/9.2/configuration/advancedview/operationandsetup/list_view.md,,,,,,
Operation and Setup,9.2,https://docs.netwrix.com/docs/passwordsecure/9_2/configuration/advancedview/operationandsetup/operation_and_setup,docs/passwordsecure/9.2/configuration/advancedview/operationandsetup/operation_and_setup.md,,,,,,
Print,9.2,https://docs.netwrix.com/docs/passwordsecure/9_2/configuration/advancedview/operationandsetup/print,docs/passwordsecure/9.2/configuration/advancedview/operationandsetup/print.md,,,,,,
Reading pane,9.2,https://docs.netwrix.com/docs/passwordsecure/9_2/configuration/advancedview/operationandsetup/reading_pane,docs/passwordsecure/9.2/configuration/advancedview/operationandsetup/reading_pane.md,,,,,,
Ribbon,9.2,https://docs.netwrix.com/docs/passwordsecure/9_2/configuration/advancedview/operationandsetup/ribbon,docs/passwordsecure/9.2/configuration/advancedview/operationandsetup/ribbon.md,,,,,,
Search,9.2,https://docs.netwrix.com/docs/passwordsecure/9_2/configuration/advancedview/operationandsetup/search,docs/passwordsecure/9.2/configuration/advancedview/operationandsetup/search.md,,,,,,
Tags,9.2,https://docs.netwrix.com/docs/passwordsecure/9_2/configuration/advancedview/operationandsetup/tags,docs/passwordsecure/9.2/configuration/advancedview/operationandsetup/tags.md,,,,,,
Automated setting of permissions,9.2,https://docs.netwrix.com/docs/passwordsecure/9_2/configuration/advancedview/permissionconceptandprotective/automatedsettingofpermissions/automated_setting_of_permissions,docs/passwordsecure/9.2/configuration/advancedview/permissionconceptandprotective/automatedsettingofpermissions/automated_setting_of_permissions.md,,,,,,
Inheritance from organisational structures,9.2,https://docs.netwrix.com/docs/passwordsecure/9_2/configuration/advancedview/permissionconceptandprotective/automatedsettingofpermissions/inheritance_from_organizational,docs/passwordsecure/9.2/configuration/advancedview/permissionconceptandprotective/automatedsettingofpermissions/inheritance_from_organizational.md,,,,,,
Manual setting of permissions,9.2,https://docs.netwrix.com/docs/passwordsecure/9_2/configuration/advancedview/permissionconceptandprotective/manualsettingofpermissions/manual_setting_of_permissions,docs/passwordsecure/9.2/configuration/advancedview/permissionconceptandprotective/manualsettingofpermissions/manual_setting_of_permissions.md,,,,,,
Multiple editing of permissions,9.2,https://docs.netwrix.com/docs/passwordsecure/9_2/configuration/advancedview/permissionconceptandprotective/manualsettingofpermissions/multiple_editing_of_permissions,docs/passwordsecure/9.2/configuration/advancedview/permissionconceptandprotective/manualsettingofpermissions/multiple_editing_of_permissions.md,,,,,,
Right templates,9.2,https://docs.netwrix.com/docs/passwordsecure/9_2/configuration/advancedview/permissionconceptandprotective/manualsettingofpermissions/right_templates,docs/passwordsecure/9.2/configuration/advancedview/permissionconceptandprotective/manualsettingofpermissions/right_templates.md,Covered by 9.3 — see docs/passwordsecure/9.3/configuration/advancedview/permissionconceptandprotective/manualsettingofpermissions/right_templates.md,,,,,
Permission concept and protective mechanisms,9.2,https://docs.netwrix.com/docs/passwordsecure/9_2/configuration/advancedview/permissionconceptandprotective/permission_concept_and_protective,docs/passwordsecure/9.2/configuration/advancedview/permissionconceptandprotective/permission_concept_and_protective.md,,,,,,
Predefining rights,9.2,https://docs.netwrix.com/docs/passwordsecure/9_2/configuration/advancedview/permissionconceptandprotective/predefiningrights/predefining_rights,docs/passwordsecure/9.2/configuration/advancedview/permissionconceptandprotective/predefiningrights/predefining_rights.md,,,,,,
Relevant user rights,9.2,https://docs.netwrix.com/docs/passwordsecure/9_2/configuration/advancedview/permissionconceptandprotective/predefiningrights/relevant_user_rights,docs/passwordsecure/9.2/configuration/advancedview/permissionconceptandprotective/predefiningrights/relevant_user_rights.md,,,,,,
Scope of validity for predefined rights,9.2,https://docs.netwrix.com/docs/passwordsecure/9_2/configuration/advancedview/permissionconceptandprotective/predefiningrights/scope_of_validity_for_predefined,docs/passwordsecure/9.2/configuration/advancedview/permissionconceptandprotective/predefiningrights/scope_of_validity_for_predefined.md,,,,,,
Working with predefined rights,9.2,https://docs.netwrix.com/docs/passwordsecure/9_2/configuration/advancedview/permissionconceptandprotective/predefiningrights/working_with_predefined_rights,docs/passwordsecure/9.2/configuration/advancedview/permissionconceptandprotective/predefiningrights/working_with_predefined_rights.md,,,,,,
Password masking,9.2,https://docs.netwrix.com/docs/passwordsecure/9_2/configuration/advancedview/permissionconceptandprotective/protectivemechanisms/password_masking,docs/passwordsecure/9.2/configuration/advancedview/permissionconceptandprotective/protectivemechanisms/password_masking.md,,,,,,
Protective mechanisms,9.2,https://docs.netwrix.com/docs/passwordsecure/9_2/configuration/advancedview/permissionconceptandprotective/protectivemechanisms/protective_mechanisms,docs/passwordsecure/9.2/configuration/advancedview/permissionconceptandprotective/protectivemechanisms/protective_mechanisms.md,,,,,,
Release mechanism,9.2,https://docs.netwrix.com/docs/passwordsecure/9_2/configuration/advancedview/permissionconceptandprotective/protectivemechanisms/seals/release_mechanism,docs/passwordsecure/9.2/configuration/advancedview/permissionconceptandprotective/protectivemechanisms/seals/release_mechanism.md,,,,,,
Seal overview,9.2,https://docs.netwrix.com/docs/passwordsecure/9_2/configuration/advancedview/permissionconceptandprotective/protectivemechanisms/seals/seal_overview,docs/passwordsecure/9.2/configuration/advancedview/permissionconceptandprotective/protectivemechanisms/seals/seal_overview.md,,,,,,
Seals,9.2,https://docs.netwrix.com/docs/passwordsecure/9_2/configuration/advancedview/permissionconceptandprotective/protectivemechanisms/seals,docs/passwordsecure/9.2/configuration/advancedview/permissionconceptandprotective/protectivemechanisms/seals/seals.md,,,,,,
Temporary permissions,9.2,https://docs.netwrix.com/docs/passwordsecure/9_2/configuration/advancedview/permissionconceptandprotective/protectivemechanisms/temporary_permissions,docs/passwordsecure/9.2/configuration/advancedview/permissionconceptandprotective/protectivemechanisms/temporary_permissions.md,,,,,,
Visibility,9.2,https://docs.netwrix.com/docs/passwordsecure/9_2/configuration/advancedview/permissionconceptandprotective/protectivemechanisms/visibility,docs/passwordsecure/9.2/configuration/advancedview/permissionconceptandprotective/protectivemechanisms/visibility.md,,,,,,
Autofill Add-on,9.2,https://docs.netwrix.com/docs/passwordsecure/9_2/configuration/autofilladdon/autofill_add-on,docs/passwordsecure/9.2/configuration/autofilladdon/autofill_add-on.md,,,,,,
Configuration,9.2,https://docs.netwrix.com/docs/passwordsecure/9_2/configuration/autofilladdon/configuration_autofill_add-on,docs/passwordsecure/9.2/configuration/autofilladdon/configuration_autofill_add-on.md,,,,,,
The Basic view,9.2,https://docs.netwrix.com/docs/passwordsecure/9_2/configuration/basicview/basic_view,docs/passwordsecure/9.2/configuration/basicview/basic_view.md,,,,,,
Checklist of the Basic view,9.2,https://docs.netwrix.com/docs/passwordsecure/9_2/configuration/basicview/checklist_of_the_basic_view,docs/passwordsecure/9.2/configuration/basicview/checklist_of_the_basic_view.md,,,,,,
Password management,9.2,https://docs.netwrix.com/docs/passwordsecure/9_2/configuration/basicview/password_management,docs/passwordsecure/9.2/configuration/basicview/password_management.md,,,,,,
Start and Login,9.2,https://docs.netwrix.com/docs/passwordsecure/9_2/configuration/basicview/start_and_login_basic_view,docs/passwordsecure/9.2/configuration/basicview/start_and_login_basic_view.md,,,,,,
Tab system,9.2,https://docs.netwrix.com/docs/passwordsecure/9_2/configuration/basicview/tab_system,docs/passwordsecure/9.2/configuration/basicview/tab_system.md,,,,,,
Errorcodes of the Basic view,9.2,https://docs.netwrix.com/docs/passwordsecure/9_2/configuration/basicview/todoforadministration/errorcodes_of_the_lightclient,docs/passwordsecure/9.2/configuration/basicview/todoforadministration/errorcodes_of_the_lightclient.md,,,,,,
To do for Administration,9.2,https://docs.netwrix.com/docs/passwordsecure/9_2/configuration/basicview/todoforadministration/to_do_for_administration,docs/passwordsecure/9.2/configuration/basicview/todoforadministration/to_do_for_administration.md,,,,,,
View,9.2,https://docs.netwrix.com/docs/passwordsecure/9_2/configuration/basicview/view,docs/passwordsecure/9.2/configuration/basicview/view.md,,,,,,
Applications,9.2,https://docs.netwrix.com/docs/passwordsecure/9_2/configuration/browseraddons/applications_add-on,docs/passwordsecure/9.2/configuration/browseraddons/applications_add-on.md,,,,,,
Browser Add-ons,9.2,https://docs.netwrix.com/docs/passwordsecure/9_2/configuration/browseraddons/browser_add-ons,docs/passwordsecure/9.2/configuration/browseraddons/browser_add-ons.md,,,,,,
How to save passwords,9.2,https://docs.netwrix.com/docs/passwordsecure/9_2/configuration/browseraddons/how_to_save_passwords,docs/passwordsecure/9.2/configuration/browseraddons/how_to_save_passwords.md,,,,,,
Configuration,9.2,https://docs.netwrix.com/docs/passwordsecure/9_2/configuration,docs/passwordsecure/9.2/configuration/configuration.md,Covered by current — see docs/passwordsecure/current/configuration/configuration.md,,,,,
Autofill in Android,9.2,https://docs.netwrix.com/docs/passwordsecure/9_2/configuration/mobiledevices/autofill/autofill_in_android,docs/passwordsecure/9.2/configuration/mobiledevices/autofill/autofill_in_android.md,Covered by current — see docs/passwordsecure/current/configuration/mobiledevices/autofill/autofill_in_android.md,,,,,
Autofill in iOS,9.2,https://docs.netwrix.com/docs/passwordsecure/9_2/configuration/mobiledevices/autofill/autofill_in_ios,docs/passwordsecure/9.2/configuration/mobiledevices/autofill/autofill_in_ios.md,,,,,,
Mobile devices,9.2,https://docs.netwrix.com/docs/passwordsecure/9_2/configuration/mobiledevices/mobile_devices,docs/passwordsecure/9.2/configuration/mobiledevices/mobile_devices.md,,,,,,
Password Management,9.2,https://docs.netwrix.com/docs/passwordsecure/9_2/configuration/mobiledevices/passwords_mobileapp,docs/passwordsecure/9.2/configuration/mobiledevices/passwords_mobileapp.md,,,,,,
Security,9.2,https://docs.netwrix.com/docs/passwordsecure/9_2/configuration/mobiledevices/securitymd,docs/passwordsecure/9.2/configuration/mobiledevices/securitymd.md,Covered by current — see docs/passwordsecure/current/configuration/mobiledevices/securitymd.md,,,,,
Settings,9.2,https://docs.netwrix.com/docs/passwordsecure/9_2/configuration/mobiledevices/settings_mobileapp,docs/passwordsecure/9.2/configuration/mobiledevices/settings_mobileapp.md,,,,,,
Biometric login,9.2,https://docs.netwrix.com/docs/passwordsecure/9_2/configuration/mobiledevices/setupmobiledevice/biometric_login,docs/passwordsecure/9.2/configuration/mobiledevices/setupmobiledevice/biometric_login.md,,,,,,
Installation of the App / Requirements,9.2,https://docs.netwrix.com/docs/passwordsecure/9_2/configuration/mobiledevices/setupmobiledevice/installation_of_the_app,docs/passwordsecure/9.2/configuration/mobiledevices/setupmobiledevice/installation_of_the_app.md,,,,,,
Linking the database,9.2,https://docs.netwrix.com/docs/passwordsecure/9_2/configuration/mobiledevices/setupmobiledevice/linking_the_database,docs/passwordsecure/9.2/configuration/mobiledevices/setupmobiledevice/linking_the_database.md,,,,,,
Setting up autofill,9.2,https://docs.netwrix.com/docs/passwordsecure/9_2/configuration/mobiledevices/setupmobiledevice/setting_up_autofill,docs/passwordsecure/9.2/configuration/mobiledevices/setupmobiledevice/setting_up_autofill.md,,,,,,
Setup,9.2,https://docs.netwrix.com/docs/passwordsecure/9_2/configuration/mobiledevices/setupmobiledevice/setup_mobile_device,docs/passwordsecure/9.2/configuration/mobiledevices/setupmobiledevice/setup_mobile_device.md,Covered by 9.3 — see docs/passwordsecure/9.3/configuration/mobiledevices/setupmobiledevice/setup_mobile_device.md,,,,,
Synchronization,9.2,https://docs.netwrix.com/docs/passwordsecure/9_2/configuration/mobiledevices/synchronization,docs/passwordsecure/9.2/configuration/mobiledevices/synchronization.md,Covered by 9.3 — see docs/passwordsecure/9.3/configuration/mobiledevices/synchronization.md,,,,,
Tabs,9.2,https://docs.netwrix.com/docs/passwordsecure/9_2/configuration/mobiledevices/tabs,docs/passwordsecure/9.2/configuration/mobiledevices/tabs.md,,,,,,
Offline Add-on,9.2,https://docs.netwrix.com/docs/passwordsecure/9_2/configuration/offlineclient/offline_client,docs/passwordsecure/9.2/configuration/offlineclient/offline_client.md,,,,,,
Setup and sync,9.2,https://docs.netwrix.com/docs/passwordsecure/9_2/configuration/offlineclient/setup_and_sync,docs/passwordsecure/9.2/configuration/offlineclient/setup_and_sync.md,,,,,,
Migration guide,9.2,https://docs.netwrix.com/docs/passwordsecure/9_2/configuration/sdkapi/migration_guide,docs/passwordsecure/9.2/configuration/sdkapi/migration_guide.md,,,,,,
SDK / API,9.2,https://docs.netwrix.com/docs/passwordsecure/9_2/configuration/sdkapi/sdk__api,docs/passwordsecure/9.2/configuration/sdkapi/sdk__api.md,Covered by 9.3 — see docs/passwordsecure/9.3/configuration/sdkapi/sdk__api.md,,,,,
Basic configuration,9.2,https://docs.netwrix.com/docs/passwordsecure/9_2/configuration/servermanager/basic_configuration,docs/passwordsecure/9.2/configuration/servermanager/basic_configuration.md,,,,,,
Certificates,9.2,https://docs.netwrix.com/docs/passwordsecure/9_2/configuration/servermanager/certificates,docs/passwordsecure/9.2/configuration/servermanager/certificates/certificates.md,,,,,,
Database certificates,9.2,https://docs.netwrix.com/docs/passwordsecure/9_2/configuration/servermanager/certificates/database_certificates,docs/passwordsecure/9.2/configuration/servermanager/certificates/database_certificates.md,,,,,,
Discovery service certificates,9.2,https://docs.netwrix.com/docs/passwordsecure/9_2/configuration/servermanager/certificates/discovery_service_certificates,docs/passwordsecure/9.2/configuration/servermanager/certificates/discovery_service_certificates.md,,,,,,
Master Key certificates,9.2,https://docs.netwrix.com/docs/passwordsecure/9_2/configuration/servermanager/certificates/master_key_certificates,docs/passwordsecure/9.2/configuration/servermanager/certificates/master_key_certificates.md,,,,,,
Netwrix Password Secure Server Encryption Certificate,9.2,https://docs.netwrix.com/docs/passwordsecure/9_2/configuration/servermanager/certificates/nps_server_encryption_certificate,docs/passwordsecure/9.2/configuration/servermanager/certificates/nps_server_encryption_certificate.md,,,,,,
Password Reset certificates,9.2,https://docs.netwrix.com/docs/passwordsecure/9_2/configuration/servermanager/certificates/password_reset_certificates,docs/passwordsecure/9.2/configuration/servermanager/certificates/password_reset_certificates.md,,,,,,
SSL connection certificates,9.2,https://docs.netwrix.com/docs/passwordsecure/9_2/configuration/servermanager/certificates/ssl_connection_certificates,docs/passwordsecure/9.2/configuration/servermanager/certificates/ssl_connection_certificates.md,,,,,,
Creating databases,9.2,https://docs.netwrix.com/docs/passwordsecure/9_2/configuration/servermanager/creating_databases,docs/passwordsecure/9.2/configuration/servermanager/creating_databases.md,,,,,,
Database firewall,9.2,https://docs.netwrix.com/docs/passwordsecure/9_2/configuration/servermanager/databaseproperties/database_firewall,docs/passwordsecure/9.2/configuration/servermanager/databaseproperties/database_firewall.md,,,,,,
Database properties,9.2,https://docs.netwrix.com/docs/passwordsecure/9_2/configuration/servermanager/databaseproperties/database_properties,docs/passwordsecure/9.2/configuration/servermanager/databaseproperties/database_properties.md,,,,,,
General settings,9.2,https://docs.netwrix.com/docs/passwordsecure/9_2/configuration/servermanager/databaseproperties/general_settings_admin_client,docs/passwordsecure/9.2/configuration/servermanager/databaseproperties/general_settings_admin_client.md,,,,,,
Syslog,9.2,https://docs.netwrix.com/docs/passwordsecure/9_2/configuration/servermanager/databaseproperties/syslog,docs/passwordsecure/9.2/configuration/servermanager/databaseproperties/syslog.md,,,,,,
Advanced settings,9.2,https://docs.netwrix.com/docs/passwordsecure/9_2/configuration/servermanager/mainmenu/advanced_settings,docs/passwordsecure/9.2/configuration/servermanager/mainmenu/advanced_settings.md,,,,,,
Automatic backup cleanup,9.2,https://docs.netwrix.com/docs/passwordsecure/9_2/configuration/servermanager/mainmenu/backupsettings/automated_deletion_of_backups,docs/passwordsecure/9.2/configuration/servermanager/mainmenu/backupsettings/automated_deletion_of_backups.md,,,,,,
Backup management,9.2,https://docs.netwrix.com/docs/passwordsecure/9_2/configuration/servermanager/mainmenu/backupsettings/backup_management,docs/passwordsecure/9.2/configuration/servermanager/mainmenu/backupsettings/backup_management.md,,,,,,
Backup settings,9.2,https://docs.netwrix.com/docs/passwordsecure/9_2/configuration/servermanager/mainmenu/backupsettings/backup_settings,docs/passwordsecure/9.2/configuration/servermanager/mainmenu/backupsettings/backup_settings.md,,,,,,
Disaster recovery scenarios,9.2,https://docs.netwrix.com/docs/passwordsecure/9_2/configuration/servermanager/mainmenu/backupsettings/disaster_recovery_scenarios,docs/passwordsecure/9.2/configuration/servermanager/mainmenu/backupsettings/disaster_recovery_scenarios.md,,,,,,
License settings,9.2,https://docs.netwrix.com/docs/passwordsecure/9_2/configuration/servermanager/mainmenu/license_settings,docs/passwordsecure/9.2/configuration/servermanager/mainmenu/license_settings.md,,,,,,
Main menu,9.2,https://docs.netwrix.com/docs/passwordsecure/9_2/configuration/servermanager/mainmenu/main_menu,docs/passwordsecure/9.2/configuration/servermanager/mainmenu/main_menu.md,Covered by 9.3 — see docs/passwordsecure/9.3/configuration/servermanager/mainmenu/main_menu.md,,,,,
Database settings,9.2,https://docs.netwrix.com/docs/passwordsecure/9_2/configuration/servermanager/managingdatabases/databasesettings/database_settings,docs/passwordsecure/9.2/configuration/servermanager/managingdatabases/databasesettings/database_settings.md,Covered by 9.3 — see docs/passwordsecure/9.3/configuration/servermanager/managingdatabases/databasesettings/database_settings.md,,,,,
HSM connection via PKCS # 11,9.2,https://docs.netwrix.com/docs/passwordsecure/9_2/configuration/servermanager/managingdatabases/databasesettings/hsm_connection,docs/passwordsecure/9.2/configuration/servermanager/managingdatabases/databasesettings/hsm_connection.md,,,,,,
Multifactor Authentication,9.2,https://docs.netwrix.com/docs/passwordsecure/9_2/configuration/servermanager/managingdatabases/databasesettings/multifactor_authentication_ac,docs/passwordsecure/9.2/configuration/servermanager/managingdatabases/databasesettings/multifactor_authentication_ac.md,,,,,,
Session timeout,9.2,https://docs.netwrix.com/docs/passwordsecure/9_2/configuration/servermanager/managingdatabases/databasesettings/session_timeout,docs/passwordsecure/9.2/configuration/servermanager/managingdatabases/databasesettings/session_timeout.md,,,,,,
Managing databases,9.2,https://docs.netwrix.com/docs/passwordsecure/9_2/configuration/servermanager/managingdatabases/managing_databases,docs/passwordsecure/9.2/configuration/servermanager/managingdatabases/managing_databases.md,,,,,,
Changes in the Server Manager,9.2,https://docs.netwrix.com/docs/passwordsecure/9_2/configuration/servermanager/msp/changesintheadminclient/changes_in_the_adminclient,docs/passwordsecure/9.2/configuration/servermanager/msp/changesintheadminclient/changes_in_the_adminclient.md,,,,,,
Cost overview module,9.2,https://docs.netwrix.com/docs/passwordsecure/9_2/configuration/servermanager/msp/changesintheadminclient/cost_overview_module,docs/passwordsecure/9.2/configuration/servermanager/msp/changesintheadminclient/cost_overview_module.md,,,,,,
Customers module,9.2,https://docs.netwrix.com/docs/passwordsecure/9_2/configuration/servermanager/msp/changesintheadminclient/customers_module,docs/passwordsecure/9.2/configuration/servermanager/msp/changesintheadminclient/customers_module.md,,,,,,
MSP,9.2,https://docs.netwrix.com/docs/passwordsecure/9_2/configuration/servermanager/msp,docs/passwordsecure/9.2/configuration/servermanager/msp/msp.md,Covered by 9.3 — see docs/passwordsecure/9.3/configuration/servermanager/msp/msp.md,,,,,
Operation and setup,9.2,https://docs.netwrix.com/docs/passwordsecure/9_2/configuration/servermanager/operation_and_setup_admin_client,docs/passwordsecure/9.2/configuration/servermanager/operation_and_setup_admin_client.md,,,,,,
Server Manager,9.2,https://docs.netwrix.com/docs/passwordsecure/9_2/configuration/servermanager/server_manager,docs/passwordsecure/9.2/configuration/servermanager/server_manager.md,,,,,,
Settlement right key,9.2,https://docs.netwrix.com/docs/passwordsecure/9_2/configuration/servermanager/settlement_right_key,docs/passwordsecure/9.2/configuration/servermanager/settlement_right_key.md,,,,,,
Setup wizard,9.2,https://docs.netwrix.com/docs/passwordsecure/9_2/configuration/servermanager/setup_wizard,docs/passwordsecure/9.2/configuration/servermanager/setup_wizard.md,,,,,,
Authorization and protection mechanisms,9.2,https://docs.netwrix.com/docs/passwordsecure/9_2/configuration/webapplication/authorization_and_protection_mechanisms,docs/passwordsecure/9.2/configuration/webapplication/authorization_and_protection_mechanisms.md,,,,,,
Application,9.2,https://docs.netwrix.com/docs/passwordsecure/9_2/configuration/webapplication/functionalscope/application,docs/passwordsecure/9.2/configuration/webapplication/functionalscope/application.md,Covered by current — see docs/passwordsecure/current/configuration/webapplication/functionalscope/application.md,,,,,
Documents,9.2,https://docs.netwrix.com/docs/passwordsecure/9_2/configuration/webapplication/functionalscope/documents_web_application,docs/passwordsecure/9.2/configuration/webapplication/functionalscope/documents_web_application.md,Covered by current — see docs/passwordsecure/current/configuration/webapplication/functionalscope/documents_web_application.md,,,,,
Forms module,9.2,https://docs.netwrix.com/docs/passwordsecure/9_2/configuration/webapplication/functionalscope/forms_module,docs/passwordsecure/9.2/configuration/webapplication/functionalscope/forms_module.md,Covered by current — see docs/passwordsecure/current/configuration/webapplication/functionalscope/forms_module.md,,,,,
Functional scope,9.2,https://docs.netwrix.com/docs/passwordsecure/9_2/configuration/webapplication/functionalscope/functional_scope,docs/passwordsecure/9.2/configuration/webapplication/functionalscope/functional_scope.md,Covered by 9.3 — see docs/passwordsecure/9.3/configuration/webapplication/functionalscope/functional_scope.md,,,,,
Logbook,9.2,https://docs.netwrix.com/docs/passwordsecure/9_2/configuration/webapplication/functionalscope/logbook_web_application,docs/passwordsecure/9.2/configuration/webapplication/functionalscope/logbook_web_application.md,Covered by current — see docs/passwordsecure/current/configuration/webapplication/functionalscope/logbook_web_application.md,,,,,
Notifications,9.2,https://docs.netwrix.com/docs/passwordsecure/9_2/configuration/webapplication/functionalscope/notifications,docs/passwordsecure/9.2/configuration/webapplication/functionalscope/notifications.md,Covered by current — see docs/passwordsecure/current/configuration/webapplication/functionalscope/notifications.md,,,,,
Organisational structure module,9.2,https://docs.netwrix.com/docs/passwordsecure/9_2/configuration/webapplication/functionalscope/organisationalstructure/organisational_structure,docs/passwordsecure/9.2/configuration/webapplication/functionalscope/organisationalstructure/organisational_structure.md,,,,,,
User management,9.2,https://docs.netwrix.com/docs/passwordsecure/9_2/configuration/webapplication/functionalscope/organisationalstructure/user_management,docs/passwordsecure/9.2/configuration/webapplication/functionalscope/organisationalstructure/user_management.md,,,,,,
Password module,9.2,https://docs.netwrix.com/docs/passwordsecure/9_2/configuration/webapplication/functionalscope/password_module,docs/passwordsecure/9.2/configuration/webapplication/functionalscope/password_module.md,Covered by current — see docs/passwordsecure/current/configuration/webapplication/functionalscope/password_module.md,,,,,
Roles module,9.2,https://docs.netwrix.com/docs/passwordsecure/9_2/configuration/webapplication/functionalscope/roles_module,docs/passwordsecure/9.2/configuration/webapplication/functionalscope/roles_module.md,Covered by current — see docs/passwordsecure/current/configuration/webapplication/functionalscope/roles_module.md,,,,,
Tag system,9.2,https://docs.netwrix.com/docs/passwordsecure/9_2/configuration/webapplication/functionalscope/tag_system,docs/passwordsecure/9.2/configuration/webapplication/functionalscope/tag_system.md,Covered by current — see docs/passwordsecure/current/configuration/webapplication/functionalscope/tag_system.md,,,,,
Filter or structure area,9.2,https://docs.netwrix.com/docs/passwordsecure/9_2/configuration/webapplication/operation/filter_or_structure_area,docs/passwordsecure/9.2/configuration/webapplication/operation/filter_or_structure_area.md,,,,,,
Footer,9.2,https://docs.netwrix.com/docs/passwordsecure/9_2/configuration/webapplication/operation/footer,docs/passwordsecure/9.2/configuration/webapplication/operation/footer.md,,,,,,
Header,9.2,https://docs.netwrix.com/docs/passwordsecure/9_2/configuration/webapplication/operation/header,docs/passwordsecure/9.2/configuration/webapplication/operation/header.md,,,,,,
List view,9.2,https://docs.netwrix.com/docs/passwordsecure/9_2/configuration/webapplication/operation/list_view,docs/passwordsecure/9.2/configuration/webapplication/operation/list_view.md,,,,,,
Menu,9.2,https://docs.netwrix.com/docs/passwordsecure/9_2/configuration/webapplication/operation/menu,docs/passwordsecure/9.2/configuration/webapplication/operation/menu.md,,,,,,
Navigation bar,9.2,https://docs.netwrix.com/docs/passwordsecure/9_2/configuration/webapplication/operation/navigationbar/navigation_bar,docs/passwordsecure/9.2/configuration/webapplication/operation/navigationbar/navigation_bar.md,,,,,,
Settings,9.2,https://docs.netwrix.com/docs/passwordsecure/9_2/configuration/webapplication/operation/navigationbar/settings_wc,docs/passwordsecure/9.2/configuration/webapplication/operation/navigationbar/settings_wc.md,,,,,,
User menu,9.2,https://docs.netwrix.com/docs/passwordsecure/9_2/configuration/webapplication/operation/navigationbar/user_menu_wc,docs/passwordsecure/9.2/configuration/webapplication/operation/navigationbar/user_menu_wc.md,,,,,,
Operation,9.2,https://docs.netwrix.com/docs/passwordsecure/9_2/configuration/webapplication/operation,docs/passwordsecure/9.2/configuration/webapplication/operation/operation.md,,,,,,
Reading pane,9.2,https://docs.netwrix.com/docs/passwordsecure/9_2/configuration/webapplication/operation/reading_pane_webclient,docs/passwordsecure/9.2/configuration/webapplication/operation/reading_pane_webclient.md,,,,,,
Problems with the server connection,9.2,https://docs.netwrix.com/docs/passwordsecure/9_2/configuration/webapplication/problems_with_the_server_connection,docs/passwordsecure/9.2/configuration/webapplication/problems_with_the_server_connection.md,Covered by current — see docs/passwordsecure/current/configuration/webapplication/problems_with_the_server_connection.md,,,,,
Web Application,9.2,https://docs.netwrix.com/docs/passwordsecure/9_2/configuration/webapplication/web_application,docs/passwordsecure/9.2/configuration/webapplication/web_application.md,,,,,,
Outlook: Advanced View,9.2,https://docs.netwrix.com/docs/passwordsecure/9_2/enduser/advancedview,docs/passwordsecure/9.2/enduser/advancedview.md,,,,,,
Get the Browser Extension,9.2,https://docs.netwrix.com/docs/passwordsecure/9_2/enduser/browserextension,docs/passwordsecure/9.2/enduser/browserextension.md,,,,,,
Clean up Your Passwords,9.2,https://docs.netwrix.com/docs/passwordsecure/9_2/enduser/cleanuppasswords,docs/passwordsecure/9.2/enduser/cleanuppasswords.md,,,,,,
Create a New Entry ,9.2,https://docs.netwrix.com/docs/passwordsecure/9_2/enduser/createnewentry,docs/passwordsecure/9.2/enduser/createnewentry.md,,,,,,
Organize Your Passwords,9.2,https://docs.netwrix.com/docs/passwordsecure/9_2/enduser/organizepasswords,docs/passwordsecure/9.2/enduser/organizepasswords.md,,,,,,
Getting Started for End Users,9.2,https://docs.netwrix.com/docs/passwordsecure/9_2/enduser/overview,docs/passwordsecure/9.2/enduser/overview.md,,,,,,
Encryption,9.2,https://docs.netwrix.com/docs/passwordsecure/9_2/faq/security/encryption,docs/passwordsecure/9.2/faq/security/encryption.md,,,,,,
High availability,9.2,https://docs.netwrix.com/docs/passwordsecure/9_2/faq/security/high_availability,docs/passwordsecure/9.2/faq/security/high_availability.md,,,,,,
Penetration tests,9.2,https://docs.netwrix.com/docs/passwordsecure/9_2/faq/security/penetration_tests,docs/passwordsecure/9.2/faq/security/penetration_tests.md,,,,,,
Why Netwrix Password Secure?,9.2,https://docs.netwrix.com/docs/passwordsecure/9_2,docs/passwordsecure/9.2/index.md,,,,,,
Installation Server Manager,9.2,https://docs.netwrix.com/docs/passwordsecure/9_2/installation/installation_server_manager,docs/passwordsecure/9.2/installation/installation_server_manager.md,,,,,,
Installation,9.2,https://docs.netwrix.com/docs/passwordsecure/9_2/installation,docs/passwordsecure/9.2/installation/installation.md,,,,,,
Google Chrome,9.2,https://docs.netwrix.com/docs/passwordsecure/9_2/installation/installationbrowseraddon/google_chrome,docs/passwordsecure/9.2/installation/installationbrowseraddon/google_chrome.md,,,,,,
Installation Browser Extension,9.2,https://docs.netwrix.com/docs/passwordsecure/9_2/installation/installationbrowseraddon/installation_browser_add-on,docs/passwordsecure/9.2/installation/installationbrowseraddon/installation_browser_add-on.md,Covered by 9.3 — see docs/passwordsecure/9.3/installation/installationbrowseraddon/installation_browser_add-on.md,,,,,
Microsoft Edge,9.2,https://docs.netwrix.com/docs/passwordsecure/9_2/installation/installationbrowseraddon/microsoft_edge,docs/passwordsecure/9.2/installation/installationbrowseraddon/microsoft_edge.md,,,,,,
Mozilla Firefox,9.2,https://docs.netwrix.com/docs/passwordsecure/9_2/installation/installationbrowseraddon/mozilla_firefox,docs/passwordsecure/9.2/installation/installationbrowseraddon/mozilla_firefox.md,Covered by current — see docs/passwordsecure/current/installation/installationbrowseraddon/mozilla_firefox.md,,,,,
Safari,9.2,https://docs.netwrix.com/docs/passwordsecure/9_2/installation/installationbrowseraddon/safari,docs/passwordsecure/9.2/installation/installationbrowseraddon/safari.md,,,,,,
Installation Client,9.2,https://docs.netwrix.com/docs/passwordsecure/9_2/installation/installationclient/installation_client,docs/passwordsecure/9.2/installation/installationclient/installation_client.md,,,,,,
Installation with parameters,9.2,https://docs.netwrix.com/docs/passwordsecure/9_2/installation/installationclient/installation_with_parameters,docs/passwordsecure/9.2/installation/installationclient/installation_with_parameters.md,,,,,,
Apache,9.2,https://docs.netwrix.com/docs/passwordsecure/9_2/installation/installationwebapplication/apache,docs/passwordsecure/9.2/installation/installationwebapplication/apache.md,,,,,,
Installation Web Application,9.2,https://docs.netwrix.com/docs/passwordsecure/9_2/installation/installationwebapplication/installation_web_application,docs/passwordsecure/9.2/installation/installationwebapplication/installation_web_application.md,,,,,,
Microsoft IIS,9.2,https://docs.netwrix.com/docs/passwordsecure/9_2/installation/installationwebapplication/microsoft_iis,docs/passwordsecure/9.2/installation/installationwebapplication/microsoft_iis.md,,,,,,
nginx,9.2,https://docs.netwrix.com/docs/passwordsecure/9_2/installation/installationwebapplication/nginx,docs/passwordsecure/9.2/installation/installationwebapplication/nginx.md,,,,,,
Application server,9.2,https://docs.netwrix.com/docs/passwordsecure/9_2/installation/requirements/application_server,docs/passwordsecure/9.2/installation/requirements/application_server.md,Covered by current — see docs/passwordsecure/current/installation/requirements/application_server.md,,,,,
Client configuration,9.2,https://docs.netwrix.com/docs/passwordsecure/9_2/installation/requirements/client_configuration,docs/passwordsecure/9.2/installation/requirements/client_configuration.md,Covered by current — see docs/passwordsecure/current/installation/requirements/client_configuration.md,,,,,
Mobile Apps,9.2,https://docs.netwrix.com/docs/passwordsecure/9_2/installation/requirements/mobile_apps,docs/passwordsecure/9.2/installation/requirements/mobile_apps.md,,,,,,
MSSQL Server,9.2,https://docs.netwrix.com/docs/passwordsecure/9_2/installation/requirements/mssql_server,docs/passwordsecure/9.2/installation/requirements/mssql_server.md,,,,,,
Browser,9.2,https://docs.netwrix.com/docs/passwordsecure/9_2/installation/requirements/webserver/browser,docs/passwordsecure/9.2/installation/requirements/webserver/browser.md,Covered by current — see docs/passwordsecure/current/installation/requirements/webserver/browser.md,,,,,
Webserver,9.2,https://docs.netwrix.com/docs/passwordsecure/9_2/installation/requirements/webserver,docs/passwordsecure/9.2/installation/requirements/webserver/webserver.md,Covered by current — see docs/passwordsecure/current/installation/requirements/webserver/webserver.md,,,,,
Introduction,9.2,https://docs.netwrix.com/docs/passwordsecure/9_2/introduction,docs/passwordsecure/9.2/introduction/introduction.md,Covered by current — see docs/passwordsecure/current/introduction/introduction.md,,,,,
Version 9.0.0.30423,9.2,https://docs.netwrix.com/docs/passwordsecure/9_2/introduction/versionhistory/version_9.0.0.30423,docs/passwordsecure/9.2/introduction/versionhistory/version_9.0.0.30423.md,Covered by 9.3 — see docs/passwordsecure/9.3/introduction/versionhistory/version_9.0.0.30423.md,,,,,
Version 9.0.1.30479,9.2,https://docs.netwrix.com/docs/passwordsecure/9_2/introduction/versionhistory/version_9.0.1.30479,docs/passwordsecure/9.2/introduction/versionhistory/version_9.0.1.30479.md,,,,,,
Version 9.0.2.30602,9.2,https://docs.netwrix.com/docs/passwordsecure/9_2/introduction/versionhistory/version_9.0.2.30602,docs/passwordsecure/9.2/introduction/versionhistory/version_9.0.2.30602.md,Covered by 9.3 — see docs/passwordsecure/9.3/introduction/versionhistory/version_9.0.2.30602.md,,,,,
Version 9.0.3.30606,9.2,https://docs.netwrix.com/docs/passwordsecure/9_2/introduction/versionhistory/version_9.0.3.30606,docs/passwordsecure/9.2/introduction/versionhistory/version_9.0.3.30606.md,Covered by 9.3 — see docs/passwordsecure/9.3/introduction/versionhistory/version_9.0.3.30606.md,,,,,
Version 9.1.0.30996,9.2,https://docs.netwrix.com/docs/passwordsecure/9_2/introduction/versionhistory/version_9.1.0.30996,docs/passwordsecure/9.2/introduction/versionhistory/version_9.1.0.30996.md,Covered by 9.3 — see docs/passwordsecure/9.3/introduction/versionhistory/version_9.1.0.30996.md,,,,,
Version 9.1.1.31138,9.2,https://docs.netwrix.com/docs/passwordsecure/9_2/introduction/versionhistory/version_9.1.1.31138,docs/passwordsecure/9.2/introduction/versionhistory/version_9.1.1.31138.md,Covered by 9.3 — see docs/passwordsecure/9.3/introduction/versionhistory/version_9.1.1.31138.md,,,,,
Version 9.1.2.31276,9.2,https://docs.netwrix.com/docs/passwordsecure/9_2/introduction/versionhistory/version_9.1.2.31276,docs/passwordsecure/9.2/introduction/versionhistory/version_9.1.2.31276.md,,,,,,
Version 9.1.3.31365,9.2,https://docs.netwrix.com/docs/passwordsecure/9_2/introduction/versionhistory/version_9.1.3.31365,docs/passwordsecure/9.2/introduction/versionhistory/version_9.1.3.31365.md,Covered by 9.3 — see docs/passwordsecure/9.3/introduction/versionhistory/version_9.1.3.31365.md,,,,,
Version 9.2.0.32454,9.2,https://docs.netwrix.com/docs/passwordsecure/9_2/introduction/versionhistory/version_9.2.0.32454,docs/passwordsecure/9.2/introduction/versionhistory/version_9.2.0.32454.md,,,,,,
Version 9.2.1.32530,9.2,https://docs.netwrix.com/docs/passwordsecure/9_2/introduction/versionhistory/version_9.2.1.32530,docs/passwordsecure/9.2/introduction/versionhistory/version_9.2.1.32530.md,,,,,,
Version 9.2.2.32703,9.2,https://docs.netwrix.com/docs/passwordsecure/9_2/introduction/versionhistory/version_9.2.2.32703,docs/passwordsecure/9.2/introduction/versionhistory/version_9.2.2.32703.md,,,,,,
Version 9.2.3.32988,9.2,https://docs.netwrix.com/docs/passwordsecure/9_2/introduction/versionhistory/version_9.2.3.32988,docs/passwordsecure/9.2/introduction/versionhistory/version_9.2.3.32988.md,,,,,,
Version 9.2.4.33163,9.2,https://docs.netwrix.com/docs/passwordsecure/9_2/introduction/versionhistory/version_9.2.4.33163,docs/passwordsecure/9.2/introduction/versionhistory/version_9.2.4.33163.md,,,,,,
Version 9.2.5.33325,9.2,https://docs.netwrix.com/docs/passwordsecure/9_2/introduction/versionhistory/version_9.2.5.33325,docs/passwordsecure/9.2/introduction/versionhistory/version_9.2.5.33325.md,,,,,,
Version 9.2.6.33415,9.2,https://docs.netwrix.com/docs/passwordsecure/9_2/introduction/versionhistory/version_9.2.6.33415,docs/passwordsecure/9.2/introduction/versionhistory/version_9.2.6.33415.md,,,,,,
Version History,9.2,https://docs.netwrix.com/docs/passwordsecure/9_2/introduction/versionhistory/version_history,docs/passwordsecure/9.2/introduction/versionhistory/version_history.md,,,,,,
Admin Manual,9.2,https://docs.netwrix.com/docs/passwordsecure/9_2/maintenance/eccmigration/ecc_migration_administrator_manual,docs/passwordsecure/9.2/maintenance/eccmigration/ecc_migration_administrator_manual.md,,,,,,
User Manual,9.2,https://docs.netwrix.com/docs/passwordsecure/9_2/maintenance/eccmigration/ecc_migration_user_manual,docs/passwordsecure/9.2/maintenance/eccmigration/ecc_migration_user_manual.md,,,,,,
ECC Migration,9.2,https://docs.netwrix.com/docs/passwordsecure/9_2/maintenance/eccmigration/ecc_migration,docs/passwordsecure/9.2/maintenance/eccmigration/ecc_migration.md,Covered by 9.3 — see docs/passwordsecure/9.3/maintenance/eccmigration/ecc_migration.md,,,,,
Moving the server,9.2,https://docs.netwrix.com/docs/passwordsecure/9_2/maintenance/moving_the_server,docs/passwordsecure/9.2/maintenance/moving_the_server.md,,,,,,
Update,9.2,https://docs.netwrix.com/docs/passwordsecure/9_2/maintenance/update,docs/passwordsecure/9.2/maintenance/update.md,,,,,,
MSP system,9.2,https://docs.netwrix.com/docs/passwordsecure/9_2/msp_system,docs/passwordsecure/9.2/msp_system.md,,,,,,
Applications,9.3,https://docs.netwrix.com/docs/passwordsecure/9_3/configuration/advancedview/clientmodule/applications,docs/passwordsecure/9.3/configuration/advancedview/clientmodule/applications/applications.md,,,,,,
Example Applications,9.3,https://docs.netwrix.com/docs/passwordsecure/9_3/configuration/advancedview/clientmodule/applications/exampleapplications/example_applications,docs/passwordsecure/9.3/configuration/advancedview/clientmodule/applications/exampleapplications/example_applications.md,,,,,,
SAP GUI logon - SSO Application,9.3,https://docs.netwrix.com/docs/passwordsecure/9_3/configuration/advancedview/clientmodule/applications/exampleapplications/sap_gui_logon_-_sso_application,docs/passwordsecure/9.3/configuration/advancedview/clientmodule/applications/exampleapplications/sap_gui_logon_-_sso_application.md,,,,,,
Learning the applications,9.3,https://docs.netwrix.com/docs/passwordsecure/9_3/configuration/advancedview/clientmodule/applications/learningtheapplications/learning_the_applications,docs/passwordsecure/9.3/configuration/advancedview/clientmodule/applications/learningtheapplications/learning_the_applications.md,,,,,,
Start Parameter,9.3,https://docs.netwrix.com/docs/passwordsecure/9_3/configuration/advancedview/clientmodule/applications/learningtheapplications/start_parameter,docs/passwordsecure/9.3/configuration/advancedview/clientmodule/applications/learningtheapplications/start_parameter.md,,,,,,
RDP and SSH Applications,9.3,https://docs.netwrix.com/docs/passwordsecure/9_3/configuration/advancedview/clientmodule/applications/rdpandsshapplications/rdp_and_ssh_applications,docs/passwordsecure/9.3/configuration/advancedview/clientmodule/applications/rdpandsshapplications/rdp_and_ssh_applications.md,,,,,,
Recording a session,9.3,https://docs.netwrix.com/docs/passwordsecure/9_3/configuration/advancedview/clientmodule/applications/rdpandsshapplications/recording_a_session,docs/passwordsecure/9.3/configuration/advancedview/clientmodule/applications/rdpandsshapplications/recording_a_session.md,,,,,,
Client Module,9.3,https://docs.netwrix.com/docs/passwordsecure/9_3/configuration/advancedview/clientmodule/client_module,docs/passwordsecure/9.3/configuration/advancedview/clientmodule/client_module.md,Covered by current — see docs/passwordsecure/current/configuration/advancedview/clientmodule/client_module.md,,,,,
Configuration,9.3,https://docs.netwrix.com/docs/passwordsecure/9_3/configuration/advancedview/clientmodule/discoveryservice/configuration_1,docs/passwordsecure/9.3/configuration/advancedview/clientmodule/discoveryservice/configuration_1.md,,,,,,
Converting entries,9.3,https://docs.netwrix.com/docs/passwordsecure/9_3/configuration/advancedview/clientmodule/discoveryservice/converting_entries,docs/passwordsecure/9.3/configuration/advancedview/clientmodule/discoveryservice/converting_entries.md,,,,,,
Created passwords,9.3,https://docs.netwrix.com/docs/passwordsecure/9_3/configuration/advancedview/clientmodule/discoveryservice/created_passwords,docs/passwordsecure/9.3/configuration/advancedview/clientmodule/discoveryservice/created_passwords.md,,,,,,
Deleting entries,9.3,https://docs.netwrix.com/docs/passwordsecure/9_3/configuration/advancedview/clientmodule/discoveryservice/deleting_entries,docs/passwordsecure/9.3/configuration/advancedview/clientmodule/discoveryservice/deleting_entries.md,,,,,,
Discovered entries,9.3,https://docs.netwrix.com/docs/passwordsecure/9_3/configuration/advancedview/clientmodule/discoveryservice/discovered_entries,docs/passwordsecure/9.3/configuration/advancedview/clientmodule/discoveryservice/discovered_entries.md,,,,,,
Discovery Service,9.3,https://docs.netwrix.com/docs/passwordsecure/9_3/configuration/advancedview/clientmodule/discoveryservice/discovery_service,docs/passwordsecure/9.3/configuration/advancedview/clientmodule/discoveryservice/discovery_service.md,,,,,,
Logbook,9.3,https://docs.netwrix.com/docs/passwordsecure/9_3/configuration/advancedview/clientmodule/discoveryservice/logbook_1,docs/passwordsecure/9.3/configuration/advancedview/clientmodule/discoveryservice/logbook_1.md,,,,,,
Requirements,9.3,https://docs.netwrix.com/docs/passwordsecure/9_3/configuration/advancedview/clientmodule/discoveryservice/requirements,docs/passwordsecure/9.3/configuration/advancedview/clientmodule/discoveryservice/requirements.md,,,,,,
Documents,9.3,https://docs.netwrix.com/docs/passwordsecure/9_3/configuration/advancedview/clientmodule/documents,docs/passwordsecure/9.3/configuration/advancedview/clientmodule/documents.md,,,,,,
Change form,9.3,https://docs.netwrix.com/docs/passwordsecure/9_3/configuration/advancedview/clientmodule/forms/change_form,docs/passwordsecure/9.3/configuration/advancedview/clientmodule/forms/change_form.md,,,,,,
Forms,9.3,https://docs.netwrix.com/docs/passwordsecure/9_3/configuration/advancedview/clientmodule/forms,docs/passwordsecure/9.3/configuration/advancedview/clientmodule/forms/forms.md,,,,,,
Logbook,9.3,https://docs.netwrix.com/docs/passwordsecure/9_3/configuration/advancedview/clientmodule/logbook,docs/passwordsecure/9.3/configuration/advancedview/clientmodule/logbook.md,,,,,,
Notifications,9.3,https://docs.netwrix.com/docs/passwordsecure/9_3/configuration/advancedview/clientmodule/notifications,docs/passwordsecure/9.3/configuration/advancedview/clientmodule/notifications.md,,,,,,
Active Directory link,9.3,https://docs.netwrix.com/docs/passwordsecure/9_3/configuration/advancedview/clientmodule/organisationalstructure/directoryservices/activedirectorylink/active_directory_link,docs/passwordsecure/9.3/configuration/advancedview/clientmodule/organisationalstructure/directoryservices/activedirectorylink/active_directory_link.md,,,,,,
End-to-end encryption,9.3,https://docs.netwrix.com/docs/passwordsecure/9_3/configuration/advancedview/clientmodule/organisationalstructure/directoryservices/activedirectorylink/end-to-end_encryption,docs/passwordsecure/9.3/configuration/advancedview/clientmodule/organisationalstructure/directoryservices/activedirectorylink/end-to-end_encryption.md,,,,,,
Masterkey mode,9.3,https://docs.netwrix.com/docs/passwordsecure/9_3/configuration/advancedview/clientmodule/organisationalstructure/directoryservices/activedirectorylink/masterkey_mode,docs/passwordsecure/9.3/configuration/advancedview/clientmodule/organisationalstructure/directoryservices/activedirectorylink/masterkey_mode.md,,,,,,
RADIUS authentication,9.3,https://docs.netwrix.com/docs/passwordsecure/9_3/configuration/advancedview/clientmodule/organisationalstructure/directoryservices/activedirectorylink/radius_authentication,docs/passwordsecure/9.3/configuration/advancedview/clientmodule/organisationalstructure/directoryservices/activedirectorylink/radius_authentication.md,Covered by current — see docs/passwordsecure/current/configuration/advancedview/clientmodule/organisationalstructure/directoryservices/activedirectorylink/radius_authentication.md,,,,,
Directory services,9.3,https://docs.netwrix.com/docs/passwordsecure/9_3/configuration/advancedview/clientmodule/organisationalstructure/directoryservices/directory_services,docs/passwordsecure/9.3/configuration/advancedview/clientmodule/organisationalstructure/directoryservices/directory_services.md,,,,,,
Microsoft Entra ID connection,9.3,https://docs.netwrix.com/docs/passwordsecure/9_3/configuration/advancedview/clientmodule/organisationalstructure/directoryservices/entraidconnection/entra_id_connection,docs/passwordsecure/9.3/configuration/advancedview/clientmodule/organisationalstructure/directoryservices/entraidconnection/entra_id_connection.md,,,,,,
Microsoft Entra ID Services FAQ,9.3,https://docs.netwrix.com/docs/passwordsecure/9_3/configuration/advancedview/clientmodule/organisationalstructure/directoryservices/entraidconnection/microsoft_entra_id_faq,docs/passwordsecure/9.3/configuration/advancedview/clientmodule/organisationalstructure/directoryservices/entraidconnection/microsoft_entra_id_faq.md,,,,,,
First factor,9.3,https://docs.netwrix.com/docs/passwordsecure/9_3/configuration/advancedview/clientmodule/organisationalstructure/first_factor,docs/passwordsecure/9.3/configuration/advancedview/clientmodule/organisationalstructure/first_factor.md,,,,,,
Managing users,9.3,https://docs.netwrix.com/docs/passwordsecure/9_3/configuration/advancedview/clientmodule/organisationalstructure/managingusers/managing_users,docs/passwordsecure/9.3/configuration/advancedview/clientmodule/organisationalstructure/managingusers/managing_users.md,,,,,,
User passwords / logging in to client,9.3,https://docs.netwrix.com/docs/passwordsecure/9_3/configuration/advancedview/clientmodule/organisationalstructure/managingusers/user_passwords_logging_in,docs/passwordsecure/9.3/configuration/advancedview/clientmodule/organisationalstructure/managingusers/user_passwords_logging_in.md,,,,,,
Multifactor authentication,9.3,https://docs.netwrix.com/docs/passwordsecure/9_3/configuration/advancedview/clientmodule/organisationalstructure/multifactorauthentication/multifactor_authentication,docs/passwordsecure/9.3/configuration/advancedview/clientmodule/organisationalstructure/multifactorauthentication/multifactor_authentication.md,,,,,,
OTP (One-Time-Password),9.3,https://docs.netwrix.com/docs/passwordsecure/9_3/configuration/advancedview/clientmodule/organisationalstructure/multifactorauthentication/otp_(one-time-password),docs/passwordsecure/9.3/configuration/advancedview/clientmodule/organisationalstructure/multifactorauthentication/otp_(one-time-password).md,,,,,,
Yubico / Yubikey,9.3,https://docs.netwrix.com/docs/passwordsecure/9_3/configuration/advancedview/clientmodule/organisationalstructure/multifactorauthentication/yubicoyubikey,docs/passwordsecure/9.3/configuration/advancedview/clientmodule/organisationalstructure/multifactorauthentication/yubicoyubikey.md,,,,,,
Organisational structure,9.3,https://docs.netwrix.com/docs/passwordsecure/9_3/configuration/advancedview/clientmodule/organisationalstructure/organisational_structure,docs/passwordsecure/9.3/configuration/advancedview/clientmodule/organisationalstructure/organisational_structure.md,,,,,,
Inheriting permissions,9.3,https://docs.netwrix.com/docs/passwordsecure/9_3/configuration/advancedview/clientmodule/organisationalstructure/permissionsfororganisational/inheriting_permissions,docs/passwordsecure/9.3/configuration/advancedview/clientmodule/organisationalstructure/permissionsfororganisational/inheriting_permissions.md,,,,,,
Permissions for organisational structures,9.3,https://docs.netwrix.com/docs/passwordsecure/9_3/configuration/advancedview/clientmodule/organisationalstructure/permissionsfororganisational/permissions_for_organisational,docs/passwordsecure/9.3/configuration/advancedview/clientmodule/organisationalstructure/permissionsfororganisational/permissions_for_organisational.md,,,,,,
Configuration,9.3,https://docs.netwrix.com/docs/passwordsecure/9_3/configuration/advancedview/clientmodule/passwordreset/configuration_2,docs/passwordsecure/9.3/configuration/advancedview/clientmodule/passwordreset/configuration_2.md,Covered by current — see docs/passwordsecure/current/configuration/advancedview/clientmodule/passwordreset/configuration_2.md,,,,,
Heartbeat,9.3,https://docs.netwrix.com/docs/passwordsecure/9_3/configuration/advancedview/clientmodule/passwordreset/heartbeat,docs/passwordsecure/9.3/configuration/advancedview/clientmodule/passwordreset/heartbeat.md,,,,,,
Logbook entries under Password Reset,9.3,https://docs.netwrix.com/docs/passwordsecure/9_3/configuration/advancedview/clientmodule/passwordreset/logbook_entries_under_password,docs/passwordsecure/9.3/configuration/advancedview/clientmodule/passwordreset/logbook_entries_under_password.md,Covered by current — see docs/passwordsecure/current/configuration/advancedview/clientmodule/passwordreset/logbook_entries_under_password.md,,,,,
Password Reset,9.3,https://docs.netwrix.com/docs/passwordsecure/9_3/configuration/advancedview/clientmodule/passwordreset/password_reset,docs/passwordsecure/9.3/configuration/advancedview/clientmodule/passwordreset/password_reset.md,,,,,,
Requirements,9.3,https://docs.netwrix.com/docs/passwordsecure/9_3/configuration/advancedview/clientmodule/passwordreset/requirements_1,docs/passwordsecure/9.3/configuration/advancedview/clientmodule/passwordreset/requirements_1.md,Covered by current — see docs/passwordsecure/current/configuration/advancedview/clientmodule/passwordreset/requirements_1.md,,,,,
Rollback,9.3,https://docs.netwrix.com/docs/passwordsecure/9_3/configuration/advancedview/clientmodule/passwordreset/rollback,docs/passwordsecure/9.3/configuration/advancedview/clientmodule/passwordreset/rollback.md,,,,,,
Scripts,9.3,https://docs.netwrix.com/docs/passwordsecure/9_3/configuration/advancedview/clientmodule/passwordreset/scripts,docs/passwordsecure/9.3/configuration/advancedview/clientmodule/passwordreset/scripts.md,,,,,,
User-defined scripts,9.3,https://docs.netwrix.com/docs/passwordsecure/9_3/configuration/advancedview/clientmodule/passwordreset/user-defined_scripts,docs/passwordsecure/9.3/configuration/advancedview/clientmodule/passwordreset/user-defined_scripts.md,,,,,,
Creating new passwords,9.3,https://docs.netwrix.com/docs/passwordsecure/9_3/configuration/advancedview/clientmodule/passwords/creating_new_passwords,docs/passwordsecure/9.3/configuration/advancedview/clientmodule/passwords/creating_new_passwords.md,,,,,,
Form field permissions,9.3,https://docs.netwrix.com/docs/passwordsecure/9_3/configuration/advancedview/clientmodule/passwords/form_field_permissions,docs/passwordsecure/9.3/configuration/advancedview/clientmodule/passwords/form_field_permissions.md,Covered by current — see docs/passwordsecure/current/configuration/advancedview/clientmodule/passwords/form_field_permissions.md,,,,,
History,9.3,https://docs.netwrix.com/docs/passwordsecure/9_3/configuration/advancedview/clientmodule/passwords/history,docs/passwordsecure/9.3/configuration/advancedview/clientmodule/passwords/history.md,,,,,,
Moving passwords,9.3,https://docs.netwrix.com/docs/passwordsecure/9_3/configuration/advancedview/clientmodule/passwords/moving_passwords,docs/passwordsecure/9.3/configuration/advancedview/clientmodule/passwords/moving_passwords.md,,,,,,
Password settings,9.3,https://docs.netwrix.com/docs/passwordsecure/9_3/configuration/advancedview/clientmodule/passwords/password_settings,docs/passwordsecure/9.3/configuration/advancedview/clientmodule/passwords/password_settings.md,,,,,,
Passwords,9.3,https://docs.netwrix.com/docs/passwordsecure/9_3/configuration/advancedview/clientmodule/passwords,docs/passwordsecure/9.3/configuration/advancedview/clientmodule/passwords/passwords.md,,,,,,
Recycle Bin,9.3,https://docs.netwrix.com/docs/passwordsecure/9_3/configuration/advancedview/clientmodule/passwords/recycle_bin,docs/passwordsecure/9.3/configuration/advancedview/clientmodule/passwords/recycle_bin.md,,,,,,
Revealing passwords,9.3,https://docs.netwrix.com/docs/passwordsecure/9_3/configuration/advancedview/clientmodule/passwords/revealing_passwords,docs/passwordsecure/9.3/configuration/advancedview/clientmodule/passwords/revealing_passwords.md,,,,,,
Roles,9.3,https://docs.netwrix.com/docs/passwordsecure/9_3/configuration/advancedview/clientmodule/roles,docs/passwordsecure/9.3/configuration/advancedview/clientmodule/roles.md,,,,,,
Account,9.3,https://docs.netwrix.com/docs/passwordsecure/9_3/configuration/advancedview/mainmenufc/account,docs/passwordsecure/9.3/configuration/advancedview/mainmenufc/account.md,,,,,,
Administration,9.3,https://docs.netwrix.com/docs/passwordsecure/9_3/configuration/advancedview/mainmenufc/administration,docs/passwordsecure/9.3/configuration/advancedview/mainmenufc/administration.md,Covered by current — see docs/passwordsecure/current/configuration/advancedview/mainmenufc/administration.md,,,,,
Export wizard,9.3,https://docs.netwrix.com/docs/passwordsecure/9_3/configuration/advancedview/mainmenufc/export/export_wizard,docs/passwordsecure/9.3/configuration/advancedview/mainmenufc/export/export_wizard.md,,,,,,
Export,9.3,https://docs.netwrix.com/docs/passwordsecure/9_3/configuration/advancedview/mainmenufc/export,docs/passwordsecure/9.3/configuration/advancedview/mainmenufc/export/export.md,,,,,,
HTML WebViewer export,9.3,https://docs.netwrix.com/docs/passwordsecure/9_3/configuration/advancedview/mainmenufc/export/html_webviewer_export,docs/passwordsecure/9.3/configuration/advancedview/mainmenufc/export/html_webviewer_export.md,,,,,,
Extras,9.3,https://docs.netwrix.com/docs/passwordsecure/9_3/configuration/advancedview/mainmenufc/extras,docs/passwordsecure/9.3/configuration/advancedview/mainmenufc/extras/extras.md,,,,,,
Image management,9.3,https://docs.netwrix.com/docs/passwordsecure/9_3/configuration/advancedview/mainmenufc/extras/image_manager,docs/passwordsecure/9.3/configuration/advancedview/mainmenufc/extras/image_manager.md,,,,,,
Password generator,9.3,https://docs.netwrix.com/docs/passwordsecure/9_3/configuration/advancedview/mainmenufc/extras/password_generator,docs/passwordsecure/9.3/configuration/advancedview/mainmenufc/extras/password_generator.md,,,,,,
Password rules,9.3,https://docs.netwrix.com/docs/passwordsecure/9_3/configuration/advancedview/mainmenufc/extras/password_rules,docs/passwordsecure/9.3/configuration/advancedview/mainmenufc/extras/password_rules.md,,,,,,
Reports,9.3,https://docs.netwrix.com/docs/passwordsecure/9_3/configuration/advancedview/mainmenufc/extras/reports,docs/passwordsecure/9.3/configuration/advancedview/mainmenufc/extras/reports.md,,,,,,
Seal templates,9.3,https://docs.netwrix.com/docs/passwordsecure/9_3/configuration/advancedview/mainmenufc/extras/seal_templates,docs/passwordsecure/9.3/configuration/advancedview/mainmenufc/extras/seal_templates.md,,,,,,
EmergencyWebViewer,9.3,https://docs.netwrix.com/docs/passwordsecure/9_3/configuration/advancedview/mainmenufc/extras/systemtasks/emergency_webviewer,docs/passwordsecure/9.3/configuration/advancedview/mainmenufc/extras/systemtasks/emergency_webviewer.md,,,,,,
System tasks,9.3,https://docs.netwrix.com/docs/passwordsecure/9_3/configuration/advancedview/mainmenufc/extras/systemtasks/system_tasks,docs/passwordsecure/9.3/configuration/advancedview/mainmenufc/extras/systemtasks/system_tasks.md,,,,,,
Tag manager,9.3,https://docs.netwrix.com/docs/passwordsecure/9_3/configuration/advancedview/mainmenufc/extras/tag_manager,docs/passwordsecure/9.3/configuration/advancedview/mainmenufc/extras/tag_manager.md,,,,,,
Bin,9.3,https://docs.netwrix.com/docs/passwordsecure/9_3/configuration/advancedview/mainmenufc/extras/trash,docs/passwordsecure/9.3/configuration/advancedview/mainmenufc/extras/trash.md,Covered by current — see docs/passwordsecure/current/configuration/advancedview/mainmenufc/extras/trash.md,,,,,
General settings,9.3,https://docs.netwrix.com/docs/passwordsecure/9_3/configuration/advancedview/mainmenufc/general_settings,docs/passwordsecure/9.3/configuration/advancedview/mainmenufc/general_settings.md,,,,,,
Import,9.3,https://docs.netwrix.com/docs/passwordsecure/9_3/configuration/advancedview/mainmenufc/import,docs/passwordsecure/9.3/configuration/advancedview/mainmenufc/import.md,,,,,,
Main menu,9.3,https://docs.netwrix.com/docs/passwordsecure/9_3/configuration/advancedview/mainmenufc/main_menu_fc,docs/passwordsecure/9.3/configuration/advancedview/mainmenufc/main_menu_fc.md,,,,,,
Overview of all user rights,9.3,https://docs.netwrix.com/docs/passwordsecure/9_3/configuration/advancedview/mainmenufc/userrights/overview_of_all_user_rights,docs/passwordsecure/9.3/configuration/advancedview/mainmenufc/userrights/overview_of_all_user_rights.md,Covered by current — see docs/passwordsecure/current/configuration/advancedview/mainmenufc/userrights/overview_of_all_user_rights.md,,,,,
User rights,9.3,https://docs.netwrix.com/docs/passwordsecure/9_3/configuration/advancedview/mainmenufc/userrights/user_rights,docs/passwordsecure/9.3/configuration/advancedview/mainmenufc/userrights/user_rights.md,,,,,,
Overview of all settings,9.3,https://docs.netwrix.com/docs/passwordsecure/9_3/configuration/advancedview/mainmenufc/usersettings/overview_of_all_user_settings,docs/passwordsecure/9.3/configuration/advancedview/mainmenufc/usersettings/overview_of_all_user_settings.md,Covered by current — see docs/passwordsecure/current/configuration/advancedview/mainmenufc/usersettings/overview_of_all_user_settings.md,,,,,
User settings,9.3,https://docs.netwrix.com/docs/passwordsecure/9_3/configuration/advancedview/mainmenufc/usersettings/user_settings,docs/passwordsecure/9.3/configuration/advancedview/mainmenufc/usersettings/user_settings.md,,,,,,
Dashboard and widgets,9.3,https://docs.netwrix.com/docs/passwordsecure/9_3/configuration/advancedview/operationandsetup/dashboardandwidgets/dashboard_and_widgets,docs/passwordsecure/9.3/configuration/advancedview/operationandsetup/dashboardandwidgets/dashboard_and_widgets.md,,,,,,
Keyboard shortcuts,9.3,https://docs.netwrix.com/docs/passwordsecure/9_3/configuration/advancedview/operationandsetup/dashboardandwidgets/keyboard_shortcuts,docs/passwordsecure/9.3/configuration/advancedview/operationandsetup/dashboardandwidgets/keyboard_shortcuts.md,,,,,,
Advanced filter settings,9.3,https://docs.netwrix.com/docs/passwordsecure/9_3/configuration/advancedview/operationandsetup/filter/advanced_filter_settings,docs/passwordsecure/9.3/configuration/advancedview/operationandsetup/filter/advanced_filter_settings.md,,,,,,
Display mode,9.3,https://docs.netwrix.com/docs/passwordsecure/9_3/configuration/advancedview/operationandsetup/filter/display_mode,docs/passwordsecure/9.3/configuration/advancedview/operationandsetup/filter/display_mode.md,,,,,,
Filter,9.3,https://docs.netwrix.com/docs/passwordsecure/9_3/configuration/advancedview/operationandsetup/filter,docs/passwordsecure/9.3/configuration/advancedview/operationandsetup/filter/filter.md,,,,,,
List view,9.3,https://docs.netwrix.com/docs/passwordsecure/9_3/configuration/advancedview/operationandsetup/list_view,docs/passwordsecure/9.3/configuration/advancedview/operationandsetup/list_view.md,,,,,,
Operation and Setup,9.3,https://docs.netwrix.com/docs/passwordsecure/9_3/configuration/advancedview/operationandsetup/operation_and_setup,docs/passwordsecure/9.3/configuration/advancedview/operationandsetup/operation_and_setup.md,,,,,,
Print,9.3,https://docs.netwrix.com/docs/passwordsecure/9_3/configuration/advancedview/operationandsetup/print,docs/passwordsecure/9.3/configuration/advancedview/operationandsetup/print.md,,,,,,
Reading pane,9.3,https://docs.netwrix.com/docs/passwordsecure/9_3/configuration/advancedview/operationandsetup/reading_pane,docs/passwordsecure/9.3/configuration/advancedview/operationandsetup/reading_pane.md,,,,,,
Ribbon,9.3,https://docs.netwrix.com/docs/passwordsecure/9_3/configuration/advancedview/operationandsetup/ribbon,docs/passwordsecure/9.3/configuration/advancedview/operationandsetup/ribbon.md,,,,,,
Search,9.3,https://docs.netwrix.com/docs/passwordsecure/9_3/configuration/advancedview/operationandsetup/search,docs/passwordsecure/9.3/configuration/advancedview/operationandsetup/search.md,,,,,,
Tags,9.3,https://docs.netwrix.com/docs/passwordsecure/9_3/configuration/advancedview/operationandsetup/tags,docs/passwordsecure/9.3/configuration/advancedview/operationandsetup/tags.md,,,,,,
Automated setting of permissions,9.3,https://docs.netwrix.com/docs/passwordsecure/9_3/configuration/advancedview/permissionconceptandprotective/automatedsettingofpermissions/automated_setting_of_permissions,docs/passwordsecure/9.3/configuration/advancedview/permissionconceptandprotective/automatedsettingofpermissions/automated_setting_of_permissions.md,Covered by current — see docs/passwordsecure/current/configuration/advancedview/permissionconceptandprotective/automatedsettingofpermissions/automated_setting_of_permissions.md,,,,,
Inheritance from organisational structures,9.3,https://docs.netwrix.com/docs/passwordsecure/9_3/configuration/advancedview/permissionconceptandprotective/automatedsettingofpermissions/inheritance_from_organizational,docs/passwordsecure/9.3/configuration/advancedview/permissionconceptandprotective/automatedsettingofpermissions/inheritance_from_organizational.md,,,,,,
Manual setting of permissions,9.3,https://docs.netwrix.com/docs/passwordsecure/9_3/configuration/advancedview/permissionconceptandprotective/manualsettingofpermissions/manual_setting_of_permissions,docs/passwordsecure/9.3/configuration/advancedview/permissionconceptandprotective/manualsettingofpermissions/manual_setting_of_permissions.md,,,,,,
Multiple editing of permissions,9.3,https://docs.netwrix.com/docs/passwordsecure/9_3/configuration/advancedview/permissionconceptandprotective/manualsettingofpermissions/multiple_editing_of_permissions,docs/passwordsecure/9.3/configuration/advancedview/permissionconceptandprotective/manualsettingofpermissions/multiple_editing_of_permissions.md,,,,,,
Right templates,9.3,https://docs.netwrix.com/docs/passwordsecure/9_3/configuration/advancedview/permissionconceptandprotective/manualsettingofpermissions/right_templates,docs/passwordsecure/9.3/configuration/advancedview/permissionconceptandprotective/manualsettingofpermissions/right_templates.md,,,,,,
Permission concept and protective mechanisms,9.3,https://docs.netwrix.com/docs/passwordsecure/9_3/configuration/advancedview/permissionconceptandprotective/permission_concept_and_protective,docs/passwordsecure/9.3/configuration/advancedview/permissionconceptandprotective/permission_concept_and_protective.md,,,,,,
Predefining rights,9.3,https://docs.netwrix.com/docs/passwordsecure/9_3/configuration/advancedview/permissionconceptandprotective/predefiningrights/predefining_rights,docs/passwordsecure/9.3/configuration/advancedview/permissionconceptandprotective/predefiningrights/predefining_rights.md,,,,,,
Relevant user rights,9.3,https://docs.netwrix.com/docs/passwordsecure/9_3/configuration/advancedview/permissionconceptandprotective/predefiningrights/relevant_user_rights,docs/passwordsecure/9.3/configuration/advancedview/permissionconceptandprotective/predefiningrights/relevant_user_rights.md,,,,,,
Scope of validity for predefined rights,9.3,https://docs.netwrix.com/docs/passwordsecure/9_3/configuration/advancedview/permissionconceptandprotective/predefiningrights/scope_of_validity_for_predefined,docs/passwordsecure/9.3/configuration/advancedview/permissionconceptandprotective/predefiningrights/scope_of_validity_for_predefined.md,Covered by current — see docs/passwordsecure/current/configuration/advancedview/permissionconceptandprotective/predefiningrights/scope_of_validity_for_predefined.md,,,,,
Working with predefined rights,9.3,https://docs.netwrix.com/docs/passwordsecure/9_3/configuration/advancedview/permissionconceptandprotective/predefiningrights/working_with_predefined_rights,docs/passwordsecure/9.3/configuration/advancedview/permissionconceptandprotective/predefiningrights/working_with_predefined_rights.md,,,,,,
Password masking,9.3,https://docs.netwrix.com/docs/passwordsecure/9_3/configuration/advancedview/permissionconceptandprotective/protectivemechanisms/password_masking,docs/passwordsecure/9.3/configuration/advancedview/permissionconceptandprotective/protectivemechanisms/password_masking.md,,,,,,
Protective mechanisms,9.3,https://docs.netwrix.com/docs/passwordsecure/9_3/configuration/advancedview/permissionconceptandprotective/protectivemechanisms/protective_mechanisms,docs/passwordsecure/9.3/configuration/advancedview/permissionconceptandprotective/protectivemechanisms/protective_mechanisms.md,,,,,,
Release mechanism,9.3,https://docs.netwrix.com/docs/passwordsecure/9_3/configuration/advancedview/permissionconceptandprotective/protectivemechanisms/seals/release_mechanism,docs/passwordsecure/9.3/configuration/advancedview/permissionconceptandprotective/protectivemechanisms/seals/release_mechanism.md,,,,,,
Seal overview,9.3,https://docs.netwrix.com/docs/passwordsecure/9_3/configuration/advancedview/permissionconceptandprotective/protectivemechanisms/seals/seal_overview,docs/passwordsecure/9.3/configuration/advancedview/permissionconceptandprotective/protectivemechanisms/seals/seal_overview.md,,,,,,
Seals,9.3,https://docs.netwrix.com/docs/passwordsecure/9_3/configuration/advancedview/permissionconceptandprotective/protectivemechanisms/seals,docs/passwordsecure/9.3/configuration/advancedview/permissionconceptandprotective/protectivemechanisms/seals/seals.md,,,,,,
Temporary permissions,9.3,https://docs.netwrix.com/docs/passwordsecure/9_3/configuration/advancedview/permissionconceptandprotective/protectivemechanisms/temporary_permissions,docs/passwordsecure/9.3/configuration/advancedview/permissionconceptandprotective/protectivemechanisms/temporary_permissions.md,,,,,,
Visibility,9.3,https://docs.netwrix.com/docs/passwordsecure/9_3/configuration/advancedview/permissionconceptandprotective/protectivemechanisms/visibility,docs/passwordsecure/9.3/configuration/advancedview/permissionconceptandprotective/protectivemechanisms/visibility.md,,,,,,
Autofill Add-on,9.3,https://docs.netwrix.com/docs/passwordsecure/9_3/configuration/autofilladdon/autofill_add-on,docs/passwordsecure/9.3/configuration/autofilladdon/autofill_add-on.md,,,,,,
Configuration,9.3,https://docs.netwrix.com/docs/passwordsecure/9_3/configuration/autofilladdon/configuration_autofill_add-on,docs/passwordsecure/9.3/configuration/autofilladdon/configuration_autofill_add-on.md,Covered by current — see docs/passwordsecure/current/configuration/autofilladdon/configuration_autofill_add-on.md,,,,,
The Basic view,9.3,https://docs.netwrix.com/docs/passwordsecure/9_3/configuration/basicview/basic_view,docs/passwordsecure/9.3/configuration/basicview/basic_view.md,,,,,,
Checklist of the Basic view,9.3,https://docs.netwrix.com/docs/passwordsecure/9_3/configuration/basicview/checklist_of_the_basic_view,docs/passwordsecure/9.3/configuration/basicview/checklist_of_the_basic_view.md,,,,,,
Password management,9.3,https://docs.netwrix.com/docs/passwordsecure/9_3/configuration/basicview/password_management,docs/passwordsecure/9.3/configuration/basicview/password_management.md,Covered by current — see docs/passwordsecure/current/configuration/basicview/password_management.md,,,,,
Start and Login,9.3,https://docs.netwrix.com/docs/passwordsecure/9_3/configuration/basicview/start_and_login_basic_view,docs/passwordsecure/9.3/configuration/basicview/start_and_login_basic_view.md,,,,,,
Tab system,9.3,https://docs.netwrix.com/docs/passwordsecure/9_3/configuration/basicview/tab_system,docs/passwordsecure/9.3/configuration/basicview/tab_system.md,,,,,,
Errorcodes of the Basic view,9.3,https://docs.netwrix.com/docs/passwordsecure/9_3/configuration/basicview/todoforadministration/errorcodes_of_the_lightclient,docs/passwordsecure/9.3/configuration/basicview/todoforadministration/errorcodes_of_the_lightclient.md,Covered by current — see docs/passwordsecure/current/configuration/basicview/todoforadministration/errorcodes_of_the_lightclient.md,,,,,
To do for Administration,9.3,https://docs.netwrix.com/docs/passwordsecure/9_3/configuration/basicview/todoforadministration/to_do_for_administration,docs/passwordsecure/9.3/configuration/basicview/todoforadministration/to_do_for_administration.md,,,,,,
View,9.3,https://docs.netwrix.com/docs/passwordsecure/9_3/configuration/basicview/view,docs/passwordsecure/9.3/configuration/basicview/view.md,,,,,,
Applications,9.3,https://docs.netwrix.com/docs/passwordsecure/9_3/configuration/browseraddons/applications_add-on,docs/passwordsecure/9.3/configuration/browseraddons/applications_add-on.md,,,,,,
Browser Add-ons,9.3,https://docs.netwrix.com/docs/passwordsecure/9_3/configuration/browseraddons/browser_add-ons,docs/passwordsecure/9.3/configuration/browseraddons/browser_add-ons.md,,,,,,
How to save passwords,9.3,https://docs.netwrix.com/docs/passwordsecure/9_3/configuration/browseraddons/how_to_save_passwords,docs/passwordsecure/9.3/configuration/browseraddons/how_to_save_passwords.md,,,,,,
Configuration,9.3,https://docs.netwrix.com/docs/passwordsecure/9_3/configuration,docs/passwordsecure/9.3/configuration/configuration.md,Covered by current — see docs/passwordsecure/current/configuration/configuration.md,,,,,
Autofill in Android,9.3,https://docs.netwrix.com/docs/passwordsecure/9_3/configuration/mobiledevices/autofill/autofill_in_android,docs/passwordsecure/9.3/configuration/mobiledevices/autofill/autofill_in_android.md,Covered by current — see docs/passwordsecure/current/configuration/mobiledevices/autofill/autofill_in_android.md,,,,,
Autofill in iOS,9.3,https://docs.netwrix.com/docs/passwordsecure/9_3/configuration/mobiledevices/autofill/autofill_in_ios,docs/passwordsecure/9.3/configuration/mobiledevices/autofill/autofill_in_ios.md,,,,,,
Mobile devices,9.3,https://docs.netwrix.com/docs/passwordsecure/9_3/configuration/mobiledevices/mobile_devices,docs/passwordsecure/9.3/configuration/mobiledevices/mobile_devices.md,,,,,,
Password Management,9.3,https://docs.netwrix.com/docs/passwordsecure/9_3/configuration/mobiledevices/passwords_mobileapp,docs/passwordsecure/9.3/configuration/mobiledevices/passwords_mobileapp.md,Covered by current — see docs/passwordsecure/current/configuration/mobiledevices/passwords_mobileapp.md,,,,,
Security,9.3,https://docs.netwrix.com/docs/passwordsecure/9_3/configuration/mobiledevices/securitymd,docs/passwordsecure/9.3/configuration/mobiledevices/securitymd.md,Covered by current — see docs/passwordsecure/current/configuration/mobiledevices/securitymd.md,,,,,
Settings,9.3,https://docs.netwrix.com/docs/passwordsecure/9_3/configuration/mobiledevices/settings_mobileapp,docs/passwordsecure/9.3/configuration/mobiledevices/settings_mobileapp.md,,,,,,
Biometric login,9.3,https://docs.netwrix.com/docs/passwordsecure/9_3/configuration/mobiledevices/setupmobiledevice/biometric_login,docs/passwordsecure/9.3/configuration/mobiledevices/setupmobiledevice/biometric_login.md,Covered by current — see docs/passwordsecure/current/configuration/mobiledevices/setupmobiledevice/biometric_login.md,,,,,
Installation of the App / Requirements,9.3,https://docs.netwrix.com/docs/passwordsecure/9_3/configuration/mobiledevices/setupmobiledevice/installation_of_the_app,docs/passwordsecure/9.3/configuration/mobiledevices/setupmobiledevice/installation_of_the_app.md,,,,,,
Linking the database,9.3,https://docs.netwrix.com/docs/passwordsecure/9_3/configuration/mobiledevices/setupmobiledevice/linking_the_database,docs/passwordsecure/9.3/configuration/mobiledevices/setupmobiledevice/linking_the_database.md,Covered by current — see docs/passwordsecure/current/configuration/mobiledevices/setupmobiledevice/linking_the_database.md,,,,,
Setting up autofill,9.3,https://docs.netwrix.com/docs/passwordsecure/9_3/configuration/mobiledevices/setupmobiledevice/setting_up_autofill,docs/passwordsecure/9.3/configuration/mobiledevices/setupmobiledevice/setting_up_autofill.md,,,,,,
Setup,9.3,https://docs.netwrix.com/docs/passwordsecure/9_3/configuration/mobiledevices/setupmobiledevice/setup_mobile_device,docs/passwordsecure/9.3/configuration/mobiledevices/setupmobiledevice/setup_mobile_device.md,,,,,,
Synchronization,9.3,https://docs.netwrix.com/docs/passwordsecure/9_3/configuration/mobiledevices/synchronization,docs/passwordsecure/9.3/configuration/mobiledevices/synchronization.md,,,,,,
Tabs,9.3,https://docs.netwrix.com/docs/passwordsecure/9_3/configuration/mobiledevices/tabs,docs/passwordsecure/9.3/configuration/mobiledevices/tabs.md,Covered by current — see docs/passwordsecure/current/configuration/mobiledevices/tabs.md,,,,,
Offline Add-on,9.3,https://docs.netwrix.com/docs/passwordsecure/9_3/configuration/offlineclient/offline_client,docs/passwordsecure/9.3/configuration/offlineclient/offline_client.md,,,,,,
Setup and sync,9.3,https://docs.netwrix.com/docs/passwordsecure/9_3/configuration/offlineclient/setup_and_sync,docs/passwordsecure/9.3/configuration/offlineclient/setup_and_sync.md,,,,,,
Migration guide,9.3,https://docs.netwrix.com/docs/passwordsecure/9_3/configuration/sdkapi/migration_guide,docs/passwordsecure/9.3/configuration/sdkapi/migration_guide.md,,,,,,
SDK / API,9.3,https://docs.netwrix.com/docs/passwordsecure/9_3/configuration/sdkapi/sdk__api,docs/passwordsecure/9.3/configuration/sdkapi/sdk__api.md,,,,,,
Basic configuration,9.3,https://docs.netwrix.com/docs/passwordsecure/9_3/configuration/servermanager/basic_configuration,docs/passwordsecure/9.3/configuration/servermanager/basic_configuration.md,,,,,,
Certificates,9.3,https://docs.netwrix.com/docs/passwordsecure/9_3/configuration/servermanager/certificates,docs/passwordsecure/9.3/configuration/servermanager/certificates/certificates.md,,,,,,
Database certificates,9.3,https://docs.netwrix.com/docs/passwordsecure/9_3/configuration/servermanager/certificates/database_certificates,docs/passwordsecure/9.3/configuration/servermanager/certificates/database_certificates.md,,,,,,
Discovery service certificates,9.3,https://docs.netwrix.com/docs/passwordsecure/9_3/configuration/servermanager/certificates/discovery_service_certificates,docs/passwordsecure/9.3/configuration/servermanager/certificates/discovery_service_certificates.md,,,,,,
Master Key certificates,9.3,https://docs.netwrix.com/docs/passwordsecure/9_3/configuration/servermanager/certificates/master_key_certificates,docs/passwordsecure/9.3/configuration/servermanager/certificates/master_key_certificates.md,,,,,,
Netwrix Password Secure Server Encryption Certificate,9.3,https://docs.netwrix.com/docs/passwordsecure/9_3/configuration/servermanager/certificates/nps_server_encryption_certificate,docs/passwordsecure/9.3/configuration/servermanager/certificates/nps_server_encryption_certificate.md,,,,,,
Password Reset certificates,9.3,https://docs.netwrix.com/docs/passwordsecure/9_3/configuration/servermanager/certificates/password_reset_certificates,docs/passwordsecure/9.3/configuration/servermanager/certificates/password_reset_certificates.md,,,,,,
SSL connection certificates,9.3,https://docs.netwrix.com/docs/passwordsecure/9_3/configuration/servermanager/certificates/ssl_connection_certificates,docs/passwordsecure/9.3/configuration/servermanager/certificates/ssl_connection_certificates.md,,,,,,
Creating databases,9.3,https://docs.netwrix.com/docs/passwordsecure/9_3/configuration/servermanager/creating_databases,docs/passwordsecure/9.3/configuration/servermanager/creating_databases.md,,,,,,
Database firewall,9.3,https://docs.netwrix.com/docs/passwordsecure/9_3/configuration/servermanager/databaseproperties/database_firewall,docs/passwordsecure/9.3/configuration/servermanager/databaseproperties/database_firewall.md,,,,,,
Database properties,9.3,https://docs.netwrix.com/docs/passwordsecure/9_3/configuration/servermanager/databaseproperties/database_properties,docs/passwordsecure/9.3/configuration/servermanager/databaseproperties/database_properties.md,,,,,,
General settings,9.3,https://docs.netwrix.com/docs/passwordsecure/9_3/configuration/servermanager/databaseproperties/general_settings_admin_client,docs/passwordsecure/9.3/configuration/servermanager/databaseproperties/general_settings_admin_client.md,Covered by current — see docs/passwordsecure/current/configuration/servermanager/databaseproperties/general_settings_admin_client.md,,,,,
Syslog,9.3,https://docs.netwrix.com/docs/passwordsecure/9_3/configuration/servermanager/databaseproperties/syslog,docs/passwordsecure/9.3/configuration/servermanager/databaseproperties/syslog.md,,,,,,
Advanced settings,9.3,https://docs.netwrix.com/docs/passwordsecure/9_3/configuration/servermanager/mainmenu/advanced_settings,docs/passwordsecure/9.3/configuration/servermanager/mainmenu/advanced_settings.md,Covered by current — see docs/passwordsecure/current/configuration/servermanager/mainmenu/advanced_settings.md,,,,,
Automatic backup cleanup,9.3,https://docs.netwrix.com/docs/passwordsecure/9_3/configuration/servermanager/mainmenu/backupsettings/automated_deletion_of_backups,docs/passwordsecure/9.3/configuration/servermanager/mainmenu/backupsettings/automated_deletion_of_backups.md,Covered by current — see docs/passwordsecure/current/configuration/servermanager/mainmenu/backupsettings/automated_deletion_of_backups.md,,,,,
Backup management,9.3,https://docs.netwrix.com/docs/passwordsecure/9_3/configuration/servermanager/mainmenu/backupsettings/backup_management,docs/passwordsecure/9.3/configuration/servermanager/mainmenu/backupsettings/backup_management.md,,,,,,
Backup settings,9.3,https://docs.netwrix.com/docs/passwordsecure/9_3/configuration/servermanager/mainmenu/backupsettings/backup_settings,docs/passwordsecure/9.3/configuration/servermanager/mainmenu/backupsettings/backup_settings.md,Covered by current — see docs/passwordsecure/current/configuration/servermanager/mainmenu/backupsettings/backup_settings.md,,,,,
Disaster recovery scenarios,9.3,https://docs.netwrix.com/docs/passwordsecure/9_3/configuration/servermanager/mainmenu/backupsettings/disaster_recovery_scenarios,docs/passwordsecure/9.3/configuration/servermanager/mainmenu/backupsettings/disaster_recovery_scenarios.md,,,,,,
License settings,9.3,https://docs.netwrix.com/docs/passwordsecure/9_3/configuration/servermanager/mainmenu/license_settings,docs/passwordsecure/9.3/configuration/servermanager/mainmenu/license_settings.md,,,,,,
Main menu,9.3,https://docs.netwrix.com/docs/passwordsecure/9_3/configuration/servermanager/mainmenu/main_menu,docs/passwordsecure/9.3/configuration/servermanager/mainmenu/main_menu.md,,,,,,
Database settings,9.3,https://docs.netwrix.com/docs/passwordsecure/9_3/configuration/servermanager/managingdatabases/databasesettings/database_settings,docs/passwordsecure/9.3/configuration/servermanager/managingdatabases/databasesettings/database_settings.md,,,,,,
HSM connection via PKCS # 11,9.3,https://docs.netwrix.com/docs/passwordsecure/9_3/configuration/servermanager/managingdatabases/databasesettings/hsm_connection,docs/passwordsecure/9.3/configuration/servermanager/managingdatabases/databasesettings/hsm_connection.md,Covered by current — see docs/passwordsecure/current/configuration/servermanager/managingdatabases/databasesettings/hsm_connection.md,,,,,
Multifactor Authentication,9.3,https://docs.netwrix.com/docs/passwordsecure/9_3/configuration/servermanager/managingdatabases/databasesettings/multifactor_authentication_ac,docs/passwordsecure/9.3/configuration/servermanager/managingdatabases/databasesettings/multifactor_authentication_ac.md,Covered by current — see docs/passwordsecure/current/configuration/servermanager/managingdatabases/databasesettings/multifactor_authentication_ac.md,,,,,
Session timeout,9.3,https://docs.netwrix.com/docs/passwordsecure/9_3/configuration/servermanager/managingdatabases/databasesettings/session_timeout,docs/passwordsecure/9.3/configuration/servermanager/managingdatabases/databasesettings/session_timeout.md,Covered by current — see docs/passwordsecure/current/configuration/servermanager/managingdatabases/databasesettings/session_timeout.md,,,,,
Managing databases,9.3,https://docs.netwrix.com/docs/passwordsecure/9_3/configuration/servermanager/managingdatabases/managing_databases,docs/passwordsecure/9.3/configuration/servermanager/managingdatabases/managing_databases.md,,,,,,
Changes in the Server Manager,9.3,https://docs.netwrix.com/docs/passwordsecure/9_3/configuration/servermanager/msp/changesintheadminclient/changes_in_the_adminclient,docs/passwordsecure/9.3/configuration/servermanager/msp/changesintheadminclient/changes_in_the_adminclient.md,Covered by current — see docs/passwordsecure/current/configuration/servermanager/msp/changesintheadminclient/changes_in_the_adminclient.md,,,,,
Cost overview module,9.3,https://docs.netwrix.com/docs/passwordsecure/9_3/configuration/servermanager/msp/changesintheadminclient/cost_overview_module,docs/passwordsecure/9.3/configuration/servermanager/msp/changesintheadminclient/cost_overview_module.md,Covered by current — see docs/passwordsecure/current/configuration/servermanager/msp/changesintheadminclient/cost_overview_module.md,,,,,
Customers module,9.3,https://docs.netwrix.com/docs/passwordsecure/9_3/configuration/servermanager/msp/changesintheadminclient/customers_module,docs/passwordsecure/9.3/configuration/servermanager/msp/changesintheadminclient/customers_module.md,,,,,,
MSP,9.3,https://docs.netwrix.com/docs/passwordsecure/9_3/configuration/servermanager/msp,docs/passwordsecure/9.3/configuration/servermanager/msp/msp.md,,,,,,
Operation and setup,9.3,https://docs.netwrix.com/docs/passwordsecure/9_3/configuration/servermanager/operation_and_setup_admin_client,docs/passwordsecure/9.3/configuration/servermanager/operation_and_setup_admin_client.md,,,,,,
Server Manager,9.3,https://docs.netwrix.com/docs/passwordsecure/9_3/configuration/servermanager/server_manager,docs/passwordsecure/9.3/configuration/servermanager/server_manager.md,,,,,,
Settlement right key,9.3,https://docs.netwrix.com/docs/passwordsecure/9_3/configuration/servermanager/settlement_right_key,docs/passwordsecure/9.3/configuration/servermanager/settlement_right_key.md,,,,,,
Setup wizard,9.3,https://docs.netwrix.com/docs/passwordsecure/9_3/configuration/servermanager/setup_wizard,docs/passwordsecure/9.3/configuration/servermanager/setup_wizard.md,,,,,,
Authorization and protection mechanisms,9.3,https://docs.netwrix.com/docs/passwordsecure/9_3/configuration/webapplication/authorization_and_protection_mechanisms,docs/passwordsecure/9.3/configuration/webapplication/authorization_and_protection_mechanisms.md,,,,,,
Application,9.3,https://docs.netwrix.com/docs/passwordsecure/9_3/configuration/webapplication/functionalscope/application,docs/passwordsecure/9.3/configuration/webapplication/functionalscope/application.md,Covered by current — see docs/passwordsecure/current/configuration/webapplication/functionalscope/application.md,,,,,
Documents,9.3,https://docs.netwrix.com/docs/passwordsecure/9_3/configuration/webapplication/functionalscope/documents_web_application,docs/passwordsecure/9.3/configuration/webapplication/functionalscope/documents_web_application.md,Covered by current — see docs/passwordsecure/current/configuration/webapplication/functionalscope/documents_web_application.md,,,,,
Forms module,9.3,https://docs.netwrix.com/docs/passwordsecure/9_3/configuration/webapplication/functionalscope/forms_module,docs/passwordsecure/9.3/configuration/webapplication/functionalscope/forms_module.md,Covered by current — see docs/passwordsecure/current/configuration/webapplication/functionalscope/forms_module.md,,,,,
Functional scope,9.3,https://docs.netwrix.com/docs/passwordsecure/9_3/configuration/webapplication/functionalscope/functional_scope,docs/passwordsecure/9.3/configuration/webapplication/functionalscope/functional_scope.md,,,,,,
Logbook,9.3,https://docs.netwrix.com/docs/passwordsecure/9_3/configuration/webapplication/functionalscope/logbook_web_application,docs/passwordsecure/9.3/configuration/webapplication/functionalscope/logbook_web_application.md,Covered by current — see docs/passwordsecure/current/configuration/webapplication/functionalscope/logbook_web_application.md,,,,,
Notifications,9.3,https://docs.netwrix.com/docs/passwordsecure/9_3/configuration/webapplication/functionalscope/notifications,docs/passwordsecure/9.3/configuration/webapplication/functionalscope/notifications.md,Covered by current — see docs/passwordsecure/current/configuration/webapplication/functionalscope/notifications.md,,,,,
Organisational structure module,9.3,https://docs.netwrix.com/docs/passwordsecure/9_3/configuration/webapplication/functionalscope/organisationalstructure/organisational_structure,docs/passwordsecure/9.3/configuration/webapplication/functionalscope/organisationalstructure/organisational_structure.md,,,,,,
User management,9.3,https://docs.netwrix.com/docs/passwordsecure/9_3/configuration/webapplication/functionalscope/organisationalstructure/user_management,docs/passwordsecure/9.3/configuration/webapplication/functionalscope/organisationalstructure/user_management.md,Covered by current — see docs/passwordsecure/current/configuration/webapplication/functionalscope/organisationalstructure/user_management.md,,,,,
Password module,9.3,https://docs.netwrix.com/docs/passwordsecure/9_3/configuration/webapplication/functionalscope/password_module,docs/passwordsecure/9.3/configuration/webapplication/functionalscope/password_module.md,Covered by current — see docs/passwordsecure/current/configuration/webapplication/functionalscope/password_module.md,,,,,
Roles module,9.3,https://docs.netwrix.com/docs/passwordsecure/9_3/configuration/webapplication/functionalscope/roles_module,docs/passwordsecure/9.3/configuration/webapplication/functionalscope/roles_module.md,Covered by current — see docs/passwordsecure/current/configuration/webapplication/functionalscope/roles_module.md,,,,,
Tag system,9.3,https://docs.netwrix.com/docs/passwordsecure/9_3/configuration/webapplication/functionalscope/tag_system,docs/passwordsecure/9.3/configuration/webapplication/functionalscope/tag_system.md,Covered by current — see docs/passwordsecure/current/configuration/webapplication/functionalscope/tag_system.md,,,,,
Filter or structure area,9.3,https://docs.netwrix.com/docs/passwordsecure/9_3/configuration/webapplication/operation/filter_or_structure_area,docs/passwordsecure/9.3/configuration/webapplication/operation/filter_or_structure_area.md,,,,,,
Footer,9.3,https://docs.netwrix.com/docs/passwordsecure/9_3/configuration/webapplication/operation/footer,docs/passwordsecure/9.3/configuration/webapplication/operation/footer.md,,,,,,
Header,9.3,https://docs.netwrix.com/docs/passwordsecure/9_3/configuration/webapplication/operation/header,docs/passwordsecure/9.3/configuration/webapplication/operation/header.md,,,,,,
List view,9.3,https://docs.netwrix.com/docs/passwordsecure/9_3/configuration/webapplication/operation/list_view,docs/passwordsecure/9.3/configuration/webapplication/operation/list_view.md,,,,,,
Menu,9.3,https://docs.netwrix.com/docs/passwordsecure/9_3/configuration/webapplication/operation/menu,docs/passwordsecure/9.3/configuration/webapplication/operation/menu.md,,,,,,
Navigation bar,9.3,https://docs.netwrix.com/docs/passwordsecure/9_3/configuration/webapplication/operation/navigationbar/navigation_bar,docs/passwordsecure/9.3/configuration/webapplication/operation/navigationbar/navigation_bar.md,,,,,,
Settings,9.3,https://docs.netwrix.com/docs/passwordsecure/9_3/configuration/webapplication/operation/navigationbar/settings_wc,docs/passwordsecure/9.3/configuration/webapplication/operation/navigationbar/settings_wc.md,,,,,,
User menu,9.3,https://docs.netwrix.com/docs/passwordsecure/9_3/configuration/webapplication/operation/navigationbar/user_menu_wc,docs/passwordsecure/9.3/configuration/webapplication/operation/navigationbar/user_menu_wc.md,Covered by current — see docs/passwordsecure/current/configuration/webapplication/operation/navigationbar/user_menu_wc.md,,,,,
Operation,9.3,https://docs.netwrix.com/docs/passwordsecure/9_3/configuration/webapplication/operation,docs/passwordsecure/9.3/configuration/webapplication/operation/operation.md,,,,,,
Reading pane,9.3,https://docs.netwrix.com/docs/passwordsecure/9_3/configuration/webapplication/operation/reading_pane_webclient,docs/passwordsecure/9.3/configuration/webapplication/operation/reading_pane_webclient.md,,,,,,
Problems with the server connection,9.3,https://docs.netwrix.com/docs/passwordsecure/9_3/configuration/webapplication/problems_with_the_server_connection,docs/passwordsecure/9.3/configuration/webapplication/problems_with_the_server_connection.md,Covered by current — see docs/passwordsecure/current/configuration/webapplication/problems_with_the_server_connection.md,,,,,
Web Application,9.3,https://docs.netwrix.com/docs/passwordsecure/9_3/configuration/webapplication/web_application,docs/passwordsecure/9.3/configuration/webapplication/web_application.md,,,,,,
Outlook: Advanced View,9.3,https://docs.netwrix.com/docs/passwordsecure/9_3/enduser/advancedview,docs/passwordsecure/9.3/enduser/advancedview.md,,,,,,
Get the Browser Extension,9.3,https://docs.netwrix.com/docs/passwordsecure/9_3/enduser/browserextension,docs/passwordsecure/9.3/enduser/browserextension.md,,,,,,
Clean up Your Passwords,9.3,https://docs.netwrix.com/docs/passwordsecure/9_3/enduser/cleanuppasswords,docs/passwordsecure/9.3/enduser/cleanuppasswords.md,,,,,,
Create a New Entry,9.3,https://docs.netwrix.com/docs/passwordsecure/9_3/enduser/createnewentry,docs/passwordsecure/9.3/enduser/createnewentry.md,,,,,,
Organize Your Passwords,9.3,https://docs.netwrix.com/docs/passwordsecure/9_3/enduser/organizepasswords,docs/passwordsecure/9.3/enduser/organizepasswords.md,,,,,,
Getting Started for End Users,9.3,https://docs.netwrix.com/docs/passwordsecure/9_3/enduser/overview,docs/passwordsecure/9.3/enduser/overview.md,,,,,,
Encryption,9.3,https://docs.netwrix.com/docs/passwordsecure/9_3/faq/security/encryption,docs/passwordsecure/9.3/faq/security/encryption.md,,,,,,
High availability,9.3,https://docs.netwrix.com/docs/passwordsecure/9_3/faq/security/high_availability,docs/passwordsecure/9.3/faq/security/high_availability.md,,,,,,
Penetration tests,9.3,https://docs.netwrix.com/docs/passwordsecure/9_3/faq/security/penetration_tests,docs/passwordsecure/9.3/faq/security/penetration_tests.md,,,,,,
Why Netwrix Password Secure?,9.3,https://docs.netwrix.com/docs/passwordsecure/9_3,docs/passwordsecure/9.3/index.md,Covered by current — see docs/passwordsecure/current/index.md,,,,,
Installation Server Manager,9.3,https://docs.netwrix.com/docs/passwordsecure/9_3/installation/installation_server_manager,docs/passwordsecure/9.3/installation/installation_server_manager.md,,,,,,
Installation,9.3,https://docs.netwrix.com/docs/passwordsecure/9_3/installation,docs/passwordsecure/9.3/installation/installation.md,,,,,,
Google Chrome,9.3,https://docs.netwrix.com/docs/passwordsecure/9_3/installation/installationbrowseraddon/google_chrome,docs/passwordsecure/9.3/installation/installationbrowseraddon/google_chrome.md,Covered by current — see docs/passwordsecure/current/installation/installationbrowseraddon/google_chrome.md,,,,,
Installation Browser Extension,9.3,https://docs.netwrix.com/docs/passwordsecure/9_3/installation/installationbrowseraddon/installation_browser_add-on,docs/passwordsecure/9.3/installation/installationbrowseraddon/installation_browser_add-on.md,,,,,,
Microsoft Edge,9.3,https://docs.netwrix.com/docs/passwordsecure/9_3/installation/installationbrowseraddon/microsoft_edge,docs/passwordsecure/9.3/installation/installationbrowseraddon/microsoft_edge.md,Covered by current — see docs/passwordsecure/current/installation/installationbrowseraddon/microsoft_edge.md,,,,,
Mozilla Firefox,9.3,https://docs.netwrix.com/docs/passwordsecure/9_3/installation/installationbrowseraddon/mozilla_firefox,docs/passwordsecure/9.3/installation/installationbrowseraddon/mozilla_firefox.md,,,,,,
Safari,9.3,https://docs.netwrix.com/docs/passwordsecure/9_3/installation/installationbrowseraddon/safari,docs/passwordsecure/9.3/installation/installationbrowseraddon/safari.md,,,,,,
Installation Client,9.3,https://docs.netwrix.com/docs/passwordsecure/9_3/installation/installationclient/installation_client,docs/passwordsecure/9.3/installation/installationclient/installation_client.md,,,,,,
Installation with parameters,9.3,https://docs.netwrix.com/docs/passwordsecure/9_3/installation/installationclient/installation_with_parameters,docs/passwordsecure/9.3/installation/installationclient/installation_with_parameters.md,Covered by current — see docs/passwordsecure/current/installation/installationclient/installation_with_parameters.md,,,,,
Apache,9.3,https://docs.netwrix.com/docs/passwordsecure/9_3/installation/installationwebapplication/apache,docs/passwordsecure/9.3/installation/installationwebapplication/apache.md,Covered by current — see docs/passwordsecure/current/installation/installationwebapplication/apache.md,,,,,
Installation Web Application,9.3,https://docs.netwrix.com/docs/passwordsecure/9_3/installation/installationwebapplication/installation_web_application,docs/passwordsecure/9.3/installation/installationwebapplication/installation_web_application.md,,,,,,
Microsoft IIS,9.3,https://docs.netwrix.com/docs/passwordsecure/9_3/installation/installationwebapplication/microsoft_iis,docs/passwordsecure/9.3/installation/installationwebapplication/microsoft_iis.md,,,,,,
nginx,9.3,https://docs.netwrix.com/docs/passwordsecure/9_3/installation/installationwebapplication/nginx,docs/passwordsecure/9.3/installation/installationwebapplication/nginx.md,Covered by current — see docs/passwordsecure/current/installation/installationwebapplication/nginx.md,,,,,
Application server,9.3,https://docs.netwrix.com/docs/passwordsecure/9_3/installation/requirements/application_server,docs/passwordsecure/9.3/installation/requirements/application_server.md,Covered by current — see docs/passwordsecure/current/installation/requirements/application_server.md,,,,,
Client configuration,9.3,https://docs.netwrix.com/docs/passwordsecure/9_3/installation/requirements/client_configuration,docs/passwordsecure/9.3/installation/requirements/client_configuration.md,Covered by current — see docs/passwordsecure/current/installation/requirements/client_configuration.md,,,,,
Mobile Apps,9.3,https://docs.netwrix.com/docs/passwordsecure/9_3/installation/requirements/mobile_apps,docs/passwordsecure/9.3/installation/requirements/mobile_apps.md,Covered by current — see docs/passwordsecure/current/installation/requirements/mobile_apps.md,,,,,
MSSQL Server,9.3,https://docs.netwrix.com/docs/passwordsecure/9_3/installation/requirements/mssql_server,docs/passwordsecure/9.3/installation/requirements/mssql_server.md,,,,,,
Browser,9.3,https://docs.netwrix.com/docs/passwordsecure/9_3/installation/requirements/webserver/browser,docs/passwordsecure/9.3/installation/requirements/webserver/browser.md,Covered by current — see docs/passwordsecure/current/installation/requirements/webserver/browser.md,,,,,
Webserver,9.3,https://docs.netwrix.com/docs/passwordsecure/9_3/installation/requirements/webserver,docs/passwordsecure/9.3/installation/requirements/webserver/webserver.md,Covered by current — see docs/passwordsecure/current/installation/requirements/webserver/webserver.md,,,,,
Introduction,9.3,https://docs.netwrix.com/docs/passwordsecure/9_3/introduction,docs/passwordsecure/9.3/introduction/introduction.md,,,,,,
Version 9.0.0.30423,9.3,https://docs.netwrix.com/docs/passwordsecure/9_3/introduction/versionhistory/version_9.0.0.30423,docs/passwordsecure/9.3/introduction/versionhistory/version_9.0.0.30423.md,,,,,,
Version 9.0.1.30479,9.3,https://docs.netwrix.com/docs/passwordsecure/9_3/introduction/versionhistory/version_9.0.1.30479,docs/passwordsecure/9.3/introduction/versionhistory/version_9.0.1.30479.md,,,,,,
Version 9.0.2.30602,9.3,https://docs.netwrix.com/docs/passwordsecure/9_3/introduction/versionhistory/version_9.0.2.30602,docs/passwordsecure/9.3/introduction/versionhistory/version_9.0.2.30602.md,,,,,,
Version 9.0.3.30606,9.3,https://docs.netwrix.com/docs/passwordsecure/9_3/introduction/versionhistory/version_9.0.3.30606,docs/passwordsecure/9.3/introduction/versionhistory/version_9.0.3.30606.md,,,,,,
Version 9.1.0.30996,9.3,https://docs.netwrix.com/docs/passwordsecure/9_3/introduction/versionhistory/version_9.1.0.30996,docs/passwordsecure/9.3/introduction/versionhistory/version_9.1.0.30996.md,,,,,,
Version 9.1.1.31138,9.3,https://docs.netwrix.com/docs/passwordsecure/9_3/introduction/versionhistory/version_9.1.1.31138,docs/passwordsecure/9.3/introduction/versionhistory/version_9.1.1.31138.md,,,,,,
Version 9.1.2.31276,9.3,https://docs.netwrix.com/docs/passwordsecure/9_3/introduction/versionhistory/version_9.1.2.31276,docs/passwordsecure/9.3/introduction/versionhistory/version_9.1.2.31276.md,,,,,,
Version 9.1.3.31365,9.3,https://docs.netwrix.com/docs/passwordsecure/9_3/introduction/versionhistory/version_9.1.3.31365,docs/passwordsecure/9.3/introduction/versionhistory/version_9.1.3.31365.md,,,,,,
Version 9.2.0.32454,9.3,https://docs.netwrix.com/docs/passwordsecure/9_3/introduction/versionhistory/version_9.2.0.32454,docs/passwordsecure/9.3/introduction/versionhistory/version_9.2.0.32454.md,,,,,,
Version 9.2.1.32530,9.3,https://docs.netwrix.com/docs/passwordsecure/9_3/introduction/versionhistory/version_9.2.1.32530,docs/passwordsecure/9.3/introduction/versionhistory/version_9.2.1.32530.md,,,,,,
Version 9.2.2.32703,9.3,https://docs.netwrix.com/docs/passwordsecure/9_3/introduction/versionhistory/version_9.2.2.32703,docs/passwordsecure/9.3/introduction/versionhistory/version_9.2.2.32703.md,,,,,,
Version 9.2.3.32988,9.3,https://docs.netwrix.com/docs/passwordsecure/9_3/introduction/versionhistory/version_9.2.3.32988,docs/passwordsecure/9.3/introduction/versionhistory/version_9.2.3.32988.md,,,,,,
Version 9.2.4.33163,9.3,https://docs.netwrix.com/docs/passwordsecure/9_3/introduction/versionhistory/version_9.2.4.33163,docs/passwordsecure/9.3/introduction/versionhistory/version_9.2.4.33163.md,,,,,,
Version 9.2.5.33325,9.3,https://docs.netwrix.com/docs/passwordsecure/9_3/introduction/versionhistory/version_9.2.5.33325,docs/passwordsecure/9.3/introduction/versionhistory/version_9.2.5.33325.md,,,,,,
Version 9.2.6.33415,9.3,https://docs.netwrix.com/docs/passwordsecure/9_3/introduction/versionhistory/version_9.2.6.33415,docs/passwordsecure/9.3/introduction/versionhistory/version_9.2.6.33415.md,,,,,,
Version 9.3.0.33526,9.3,https://docs.netwrix.com/docs/passwordsecure/9_3/introduction/versionhistory/version_9.3.0.33526,docs/passwordsecure/9.3/introduction/versionhistory/version_9.3.0.33526.md,,,,,,
Version 9.3.1.33994,9.3,https://docs.netwrix.com/docs/passwordsecure/9_3/introduction/versionhistory/version_9.3.1.33994,docs/passwordsecure/9.3/introduction/versionhistory/version_9.3.1.33994.md,,,,,,
Version History,9.3,https://docs.netwrix.com/docs/passwordsecure/9_3/introduction/versionhistory/version_history,docs/passwordsecure/9.3/introduction/versionhistory/version_history.md,,,,,,
Admin Manual,9.3,https://docs.netwrix.com/docs/passwordsecure/9_3/maintenance/eccmigration/ecc_migration_administrator_manual,docs/passwordsecure/9.3/maintenance/eccmigration/ecc_migration_administrator_manual.md,,,,,,
User Manual,9.3,https://docs.netwrix.com/docs/passwordsecure/9_3/maintenance/eccmigration/ecc_migration_user_manual,docs/passwordsecure/9.3/maintenance/eccmigration/ecc_migration_user_manual.md,,,,,,
ECC Migration,9.3,https://docs.netwrix.com/docs/passwordsecure/9_3/maintenance/eccmigration/ecc_migration,docs/passwordsecure/9.3/maintenance/eccmigration/ecc_migration.md,,,,,,
Moving the server,9.3,https://docs.netwrix.com/docs/passwordsecure/9_3/maintenance/moving_the_server,docs/passwordsecure/9.3/maintenance/moving_the_server.md,,,,,,
Update,9.3,https://docs.netwrix.com/docs/passwordsecure/9_3/maintenance/update,docs/passwordsecure/9.3/maintenance/update.md,,,,,,
MSP System,9.3,https://docs.netwrix.com/docs/passwordsecure/9_3/msp_system,docs/passwordsecure/9.3/msp_system.md,,,,,,
Applications,current,https://docs.netwrix.com/docs/passwordsecure/current/configuration/advancedview/clientmodule/applications,docs/passwordsecure/current/configuration/advancedview/clientmodule/applications/applications.md,,,,,,
Example Applications,current,https://docs.netwrix.com/docs/passwordsecure/current/configuration/advancedview/clientmodule/applications/exampleapplications/example_applications,docs/passwordsecure/current/configuration/advancedview/clientmodule/applications/exampleapplications/example_applications.md,,,,,,
SAP GUI logon - SSO Application,current,https://docs.netwrix.com/docs/passwordsecure/current/configuration/advancedview/clientmodule/applications/exampleapplications/sap_gui_logon_-_sso_application,docs/passwordsecure/current/configuration/advancedview/clientmodule/applications/exampleapplications/sap_gui_logon_-_sso_application.md,,,,,,
Learning the applications,current,https://docs.netwrix.com/docs/passwordsecure/current/configuration/advancedview/clientmodule/applications/learningtheapplications/learning_the_applications,docs/passwordsecure/current/configuration/advancedview/clientmodule/applications/learningtheapplications/learning_the_applications.md,,,,,,
Start Parameter,current,https://docs.netwrix.com/docs/passwordsecure/current/configuration/advancedview/clientmodule/applications/learningtheapplications/start_parameter,docs/passwordsecure/current/configuration/advancedview/clientmodule/applications/learningtheapplications/start_parameter.md,,,,,,
RDP and SSH Applications,current,https://docs.netwrix.com/docs/passwordsecure/current/configuration/advancedview/clientmodule/applications/rdpandsshapplications/rdp_and_ssh_applications,docs/passwordsecure/current/configuration/advancedview/clientmodule/applications/rdpandsshapplications/rdp_and_ssh_applications.md,,,,,,
Recording a session,current,https://docs.netwrix.com/docs/passwordsecure/current/configuration/advancedview/clientmodule/applications/rdpandsshapplications/recording_a_session,docs/passwordsecure/current/configuration/advancedview/clientmodule/applications/rdpandsshapplications/recording_a_session.md,,,,,,
Client Module,current,https://docs.netwrix.com/docs/passwordsecure/current/configuration/advancedview/clientmodule/client_module,docs/passwordsecure/current/configuration/advancedview/clientmodule/client_module.md,,,,,,
Configuration,current,https://docs.netwrix.com/docs/passwordsecure/current/configuration/advancedview/clientmodule/discoveryservice/configuration_1,docs/passwordsecure/current/configuration/advancedview/clientmodule/discoveryservice/configuration_1.md,,,,,,
Converting entries,current,https://docs.netwrix.com/docs/passwordsecure/current/configuration/advancedview/clientmodule/discoveryservice/converting_entries,docs/passwordsecure/current/configuration/advancedview/clientmodule/discoveryservice/converting_entries.md,,,,,,
Created passwords,current,https://docs.netwrix.com/docs/passwordsecure/current/configuration/advancedview/clientmodule/discoveryservice/created_passwords,docs/passwordsecure/current/configuration/advancedview/clientmodule/discoveryservice/created_passwords.md,,,,,,
Deleting entries,current,https://docs.netwrix.com/docs/passwordsecure/current/configuration/advancedview/clientmodule/discoveryservice/deleting_entries,docs/passwordsecure/current/configuration/advancedview/clientmodule/discoveryservice/deleting_entries.md,,,,,,
Discovered entries,current,https://docs.netwrix.com/docs/passwordsecure/current/configuration/advancedview/clientmodule/discoveryservice/discovered_entries,docs/passwordsecure/current/configuration/advancedview/clientmodule/discoveryservice/discovered_entries.md,,,,,,
Discovery Service,current,https://docs.netwrix.com/docs/passwordsecure/current/configuration/advancedview/clientmodule/discoveryservice/discovery_service,docs/passwordsecure/current/configuration/advancedview/clientmodule/discoveryservice/discovery_service.md,,,,,,
Logbook,current,https://docs.netwrix.com/docs/passwordsecure/current/configuration/advancedview/clientmodule/discoveryservice/logbook_1,docs/passwordsecure/current/configuration/advancedview/clientmodule/discoveryservice/logbook_1.md,,,,,,
Requirements,current,https://docs.netwrix.com/docs/passwordsecure/current/configuration/advancedview/clientmodule/discoveryservice/requirements,docs/passwordsecure/current/configuration/advancedview/clientmodule/discoveryservice/requirements.md,,,,,,
Documents,current,https://docs.netwrix.com/docs/passwordsecure/current/configuration/advancedview/clientmodule/documents,docs/passwordsecure/current/configuration/advancedview/clientmodule/documents.md,,,,,,
Change form,current,https://docs.netwrix.com/docs/passwordsecure/current/configuration/advancedview/clientmodule/forms/change_form,docs/passwordsecure/current/configuration/advancedview/clientmodule/forms/change_form.md,,,,,,
Forms,current,https://docs.netwrix.com/docs/passwordsecure/current/configuration/advancedview/clientmodule/forms,docs/passwordsecure/current/configuration/advancedview/clientmodule/forms/forms.md,,,,,,
Logbook,current,https://docs.netwrix.com/docs/passwordsecure/current/configuration/advancedview/clientmodule/logbook,docs/passwordsecure/current/configuration/advancedview/clientmodule/logbook.md,,,,,,
Notifications,current,https://docs.netwrix.com/docs/passwordsecure/current/configuration/advancedview/clientmodule/notifications,docs/passwordsecure/current/configuration/advancedview/clientmodule/notifications.md,,,,,,
Active Directory link,current,https://docs.netwrix.com/docs/passwordsecure/current/configuration/advancedview/clientmodule/organisationalstructure/directoryservices/activedirectorylink/active_directory_link,docs/passwordsecure/current/configuration/advancedview/clientmodule/organisationalstructure/directoryservices/activedirectorylink/active_directory_link.md,,,,,,
End-to-end encryption,current,https://docs.netwrix.com/docs/passwordsecure/current/configuration/advancedview/clientmodule/organisationalstructure/directoryservices/activedirectorylink/end-to-end_encryption,docs/passwordsecure/current/configuration/advancedview/clientmodule/organisationalstructure/directoryservices/activedirectorylink/end-to-end_encryption.md,,,,,,
Masterkey mode,current,https://docs.netwrix.com/docs/passwordsecure/current/configuration/advancedview/clientmodule/organisationalstructure/directoryservices/activedirectorylink/masterkey_mode,docs/passwordsecure/current/configuration/advancedview/clientmodule/organisationalstructure/directoryservices/activedirectorylink/masterkey_mode.md,,,,,,
RADIUS authentication,current,https://docs.netwrix.com/docs/passwordsecure/current/configuration/advancedview/clientmodule/organisationalstructure/directoryservices/activedirectorylink/radius_authentication,docs/passwordsecure/current/configuration/advancedview/clientmodule/organisationalstructure/directoryservices/activedirectorylink/radius_authentication.md,,,,,,
Directory services,current,https://docs.netwrix.com/docs/passwordsecure/current/configuration/advancedview/clientmodule/organisationalstructure/directoryservices/directory_services,docs/passwordsecure/current/configuration/advancedview/clientmodule/organisationalstructure/directoryservices/directory_services.md,,,,,,
Microsoft Entra ID connection,current,https://docs.netwrix.com/docs/passwordsecure/current/configuration/advancedview/clientmodule/organisationalstructure/directoryservices/entraidconnection/entra_id_connection,docs/passwordsecure/current/configuration/advancedview/clientmodule/organisationalstructure/directoryservices/entraidconnection/entra_id_connection.md,,,,,,
Microsoft Entra ID Services FAQ,current,https://docs.netwrix.com/docs/passwordsecure/current/configuration/advancedview/clientmodule/organisationalstructure/directoryservices/entraidconnection/microsoft_entra_id_faq,docs/passwordsecure/current/configuration/advancedview/clientmodule/organisationalstructure/directoryservices/entraidconnection/microsoft_entra_id_faq.md,,,,,,
First factor,current,https://docs.netwrix.com/docs/passwordsecure/current/configuration/advancedview/clientmodule/organisationalstructure/first_factor,docs/passwordsecure/current/configuration/advancedview/clientmodule/organisationalstructure/first_factor.md,,,,,,
Managing users,current,https://docs.netwrix.com/docs/passwordsecure/current/configuration/advancedview/clientmodule/organisationalstructure/managingusers/managing_users,docs/passwordsecure/current/configuration/advancedview/clientmodule/organisationalstructure/managingusers/managing_users.md,,,,,,
User passwords / logging in to client,current,https://docs.netwrix.com/docs/passwordsecure/current/configuration/advancedview/clientmodule/organisationalstructure/managingusers/user_passwords_logging_in,docs/passwordsecure/current/configuration/advancedview/clientmodule/organisationalstructure/managingusers/user_passwords_logging_in.md,,,,,,
Multifactor authentication,current,https://docs.netwrix.com/docs/passwordsecure/current/configuration/advancedview/clientmodule/organisationalstructure/multifactorauthentication/multifactor_authentication,docs/passwordsecure/current/configuration/advancedview/clientmodule/organisationalstructure/multifactorauthentication/multifactor_authentication.md,,,,,,
OTP (One-Time-Password),current,https://docs.netwrix.com/docs/passwordsecure/current/configuration/advancedview/clientmodule/organisationalstructure/multifactorauthentication/otp_(one-time-password),docs/passwordsecure/current/configuration/advancedview/clientmodule/organisationalstructure/multifactorauthentication/otp_(one-time-password).md,,,,,,
Yubico / Yubikey,current,https://docs.netwrix.com/docs/passwordsecure/current/configuration/advancedview/clientmodule/organisationalstructure/multifactorauthentication/yubicoyubikey,docs/passwordsecure/current/configuration/advancedview/clientmodule/organisationalstructure/multifactorauthentication/yubicoyubikey.md,,,,,,
Organisational structure,current,https://docs.netwrix.com/docs/passwordsecure/current/configuration/advancedview/clientmodule/organisationalstructure/organisational_structure,docs/passwordsecure/current/configuration/advancedview/clientmodule/organisationalstructure/organisational_structure.md,,,,,,
Inheriting permissions,current,https://docs.netwrix.com/docs/passwordsecure/current/configuration/advancedview/clientmodule/organisationalstructure/permissionsfororganisational/inheriting_permissions,docs/passwordsecure/current/configuration/advancedview/clientmodule/organisationalstructure/permissionsfororganisational/inheriting_permissions.md,,,,,,
Permissions for organisational structures,current,https://docs.netwrix.com/docs/passwordsecure/current/configuration/advancedview/clientmodule/organisationalstructure/permissionsfororganisational/permissions_for_organisational,docs/passwordsecure/current/configuration/advancedview/clientmodule/organisationalstructure/permissionsfororganisational/permissions_for_organisational.md,,,,,,
Configuration,current,https://docs.netwrix.com/docs/passwordsecure/current/configuration/advancedview/clientmodule/passwordreset/configuration_2,docs/passwordsecure/current/configuration/advancedview/clientmodule/passwordreset/configuration_2.md,,,,,,
Heartbeat,current,https://docs.netwrix.com/docs/passwordsecure/current/configuration/advancedview/clientmodule/passwordreset/heartbeat,docs/passwordsecure/current/configuration/advancedview/clientmodule/passwordreset/heartbeat.md,,,,,,
Logbook entries under Password Reset,current,https://docs.netwrix.com/docs/passwordsecure/current/configuration/advancedview/clientmodule/passwordreset/logbook_entries_under_password,docs/passwordsecure/current/configuration/advancedview/clientmodule/passwordreset/logbook_entries_under_password.md,,,,,,
Password Reset,current,https://docs.netwrix.com/docs/passwordsecure/current/configuration/advancedview/clientmodule/passwordreset/password_reset,docs/passwordsecure/current/configuration/advancedview/clientmodule/passwordreset/password_reset.md,,,,,,
Requirements,current,https://docs.netwrix.com/docs/passwordsecure/current/configuration/advancedview/clientmodule/passwordreset/requirements_1,docs/passwordsecure/current/configuration/advancedview/clientmodule/passwordreset/requirements_1.md,,,,,,
Rollback,current,https://docs.netwrix.com/docs/passwordsecure/current/configuration/advancedview/clientmodule/passwordreset/rollback,docs/passwordsecure/current/configuration/advancedview/clientmodule/passwordreset/rollback.md,,,,,,
Scripts,current,https://docs.netwrix.com/docs/passwordsecure/current/configuration/advancedview/clientmodule/passwordreset/scripts,docs/passwordsecure/current/configuration/advancedview/clientmodule/passwordreset/scripts.md,,,,,,
User-defined scripts,current,https://docs.netwrix.com/docs/passwordsecure/current/configuration/advancedview/clientmodule/passwordreset/user-defined_scripts,docs/passwordsecure/current/configuration/advancedview/clientmodule/passwordreset/user-defined_scripts.md,,,,,,
Creating new passwords,current,https://docs.netwrix.com/docs/passwordsecure/current/configuration/advancedview/clientmodule/passwords/creating_new_passwords,docs/passwordsecure/current/configuration/advancedview/clientmodule/passwords/creating_new_passwords.md,,,,,,
Form field permissions,current,https://docs.netwrix.com/docs/passwordsecure/current/configuration/advancedview/clientmodule/passwords/form_field_permissions,docs/passwordsecure/current/configuration/advancedview/clientmodule/passwords/form_field_permissions.md,,,,,,
History,current,https://docs.netwrix.com/docs/passwordsecure/current/configuration/advancedview/clientmodule/passwords/history,docs/passwordsecure/current/configuration/advancedview/clientmodule/passwords/history.md,,,,,,
Moving passwords,current,https://docs.netwrix.com/docs/passwordsecure/current/configuration/advancedview/clientmodule/passwords/moving_passwords,docs/passwordsecure/current/configuration/advancedview/clientmodule/passwords/moving_passwords.md,,,,,,
Password settings,current,https://docs.netwrix.com/docs/passwordsecure/current/configuration/advancedview/clientmodule/passwords/password_settings,docs/passwordsecure/current/configuration/advancedview/clientmodule/passwords/password_settings.md,,,,,,
Passwords,current,https://docs.netwrix.com/docs/passwordsecure/current/configuration/advancedview/clientmodule/passwords,docs/passwordsecure/current/configuration/advancedview/clientmodule/passwords/passwords.md,,,,,,
Recycle Bin,current,https://docs.netwrix.com/docs/passwordsecure/current/configuration/advancedview/clientmodule/passwords/recycle_bin,docs/passwordsecure/current/configuration/advancedview/clientmodule/passwords/recycle_bin.md,,,,,,
Revealing passwords,current,https://docs.netwrix.com/docs/passwordsecure/current/configuration/advancedview/clientmodule/passwords/revealing_passwords,docs/passwordsecure/current/configuration/advancedview/clientmodule/passwords/revealing_passwords.md,,,,,,
Roles,current,https://docs.netwrix.com/docs/passwordsecure/current/configuration/advancedview/clientmodule/roles,docs/passwordsecure/current/configuration/advancedview/clientmodule/roles.md,,,,,,
Account,current,https://docs.netwrix.com/docs/passwordsecure/current/configuration/advancedview/mainmenufc/account,docs/passwordsecure/current/configuration/advancedview/mainmenufc/account.md,,,,,,
Administration,current,https://docs.netwrix.com/docs/passwordsecure/current/configuration/advancedview/mainmenufc/administration,docs/passwordsecure/current/configuration/advancedview/mainmenufc/administration.md,,,,,,
Export wizard,current,https://docs.netwrix.com/docs/passwordsecure/current/configuration/advancedview/mainmenufc/export/export_wizard,docs/passwordsecure/current/configuration/advancedview/mainmenufc/export/export_wizard.md,,,,,,
Export,current,https://docs.netwrix.com/docs/passwordsecure/current/configuration/advancedview/mainmenufc/export,docs/passwordsecure/current/configuration/advancedview/mainmenufc/export/export.md,,,,,,
HTML WebViewer export,current,https://docs.netwrix.com/docs/passwordsecure/current/configuration/advancedview/mainmenufc/export/html_webviewer_export,docs/passwordsecure/current/configuration/advancedview/mainmenufc/export/html_webviewer_export.md,,,,,,
Extras,current,https://docs.netwrix.com/docs/passwordsecure/current/configuration/advancedview/mainmenufc/extras,docs/passwordsecure/current/configuration/advancedview/mainmenufc/extras/extras.md,,,,,,
Image management,current,https://docs.netwrix.com/docs/passwordsecure/current/configuration/advancedview/mainmenufc/extras/image_manager,docs/passwordsecure/current/configuration/advancedview/mainmenufc/extras/image_manager.md,,,,,,
Password generator,current,https://docs.netwrix.com/docs/passwordsecure/current/configuration/advancedview/mainmenufc/extras/password_generator,docs/passwordsecure/current/configuration/advancedview/mainmenufc/extras/password_generator.md,,,,,,
Password rules,current,https://docs.netwrix.com/docs/passwordsecure/current/configuration/advancedview/mainmenufc/extras/password_rules,docs/passwordsecure/current/configuration/advancedview/mainmenufc/extras/password_rules.md,,,,,,
Reports,current,https://docs.netwrix.com/docs/passwordsecure/current/configuration/advancedview/mainmenufc/extras/reports,docs/passwordsecure/current/configuration/advancedview/mainmenufc/extras/reports.md,,,,,,
Seal templates,current,https://docs.netwrix.com/docs/passwordsecure/current/configuration/advancedview/mainmenufc/extras/seal_templates,docs/passwordsecure/current/configuration/advancedview/mainmenufc/extras/seal_templates.md,,,,,,
EmergencyWebViewer,current,https://docs.netwrix.com/docs/passwordsecure/current/configuration/advancedview/mainmenufc/extras/systemtasks/emergency_webviewer,docs/passwordsecure/current/configuration/advancedview/mainmenufc/extras/systemtasks/emergency_webviewer.md,,,,,,
System tasks,current,https://docs.netwrix.com/docs/passwordsecure/current/configuration/advancedview/mainmenufc/extras/systemtasks/system_tasks,docs/passwordsecure/current/configuration/advancedview/mainmenufc/extras/systemtasks/system_tasks.md,,,,,,
Tag manager,current,https://docs.netwrix.com/docs/passwordsecure/current/configuration/advancedview/mainmenufc/extras/tag_manager,docs/passwordsecure/current/configuration/advancedview/mainmenufc/extras/tag_manager.md,,,,,,
Bin,current,https://docs.netwrix.com/docs/passwordsecure/current/configuration/advancedview/mainmenufc/extras/trash,docs/passwordsecure/current/configuration/advancedview/mainmenufc/extras/trash.md,,,,,,
General settings,current,https://docs.netwrix.com/docs/passwordsecure/current/configuration/advancedview/mainmenufc/general_settings,docs/passwordsecure/current/configuration/advancedview/mainmenufc/general_settings.md,,,,,,
Import,current,https://docs.netwrix.com/docs/passwordsecure/current/configuration/advancedview/mainmenufc/import,docs/passwordsecure/current/configuration/advancedview/mainmenufc/import.md,,,,,,
Main menu,current,https://docs.netwrix.com/docs/passwordsecure/current/configuration/advancedview/mainmenufc/main_menu_fc,docs/passwordsecure/current/configuration/advancedview/mainmenufc/main_menu_fc.md,,,,,,
Overview of all user rights,current,https://docs.netwrix.com/docs/passwordsecure/current/configuration/advancedview/mainmenufc/userrights/overview_of_all_user_rights,docs/passwordsecure/current/configuration/advancedview/mainmenufc/userrights/overview_of_all_user_rights.md,,,,,,
User rights,current,https://docs.netwrix.com/docs/passwordsecure/current/configuration/advancedview/mainmenufc/userrights/user_rights,docs/passwordsecure/current/configuration/advancedview/mainmenufc/userrights/user_rights.md,,,,,,
Overview of all settings,current,https://docs.netwrix.com/docs/passwordsecure/current/configuration/advancedview/mainmenufc/usersettings/overview_of_all_user_settings,docs/passwordsecure/current/configuration/advancedview/mainmenufc/usersettings/overview_of_all_user_settings.md,,,,,,
User settings,current,https://docs.netwrix.com/docs/passwordsecure/current/configuration/advancedview/mainmenufc/usersettings/user_settings,docs/passwordsecure/current/configuration/advancedview/mainmenufc/usersettings/user_settings.md,,,,,,
Dashboard and widgets,current,https://docs.netwrix.com/docs/passwordsecure/current/configuration/advancedview/operationandsetup/dashboardandwidgets/dashboard_and_widgets,docs/passwordsecure/current/configuration/advancedview/operationandsetup/dashboardandwidgets/dashboard_and_widgets.md,,,,,,
Keyboard shortcuts,current,https://docs.netwrix.com/docs/passwordsecure/current/configuration/advancedview/operationandsetup/dashboardandwidgets/keyboard_shortcuts,docs/passwordsecure/current/configuration/advancedview/operationandsetup/dashboardandwidgets/keyboard_shortcuts.md,,,,,,
Advanced filter settings,current,https://docs.netwrix.com/docs/passwordsecure/current/configuration/advancedview/operationandsetup/filter/advanced_filter_settings,docs/passwordsecure/current/configuration/advancedview/operationandsetup/filter/advanced_filter_settings.md,,,,,,
Display mode,current,https://docs.netwrix.com/docs/passwordsecure/current/configuration/advancedview/operationandsetup/filter/display_mode,docs/passwordsecure/current/configuration/advancedview/operationandsetup/filter/display_mode.md,,,,,,
Filter,current,https://docs.netwrix.com/docs/passwordsecure/current/configuration/advancedview/operationandsetup/filter,docs/passwordsecure/current/configuration/advancedview/operationandsetup/filter/filter.md,,,,,,
List view,current,https://docs.netwrix.com/docs/passwordsecure/current/configuration/advancedview/operationandsetup/list_view,docs/passwordsecure/current/configuration/advancedview/operationandsetup/list_view.md,,,,,,
Operation and Setup,current,https://docs.netwrix.com/docs/passwordsecure/current/configuration/advancedview/operationandsetup/operation_and_setup,docs/passwordsecure/current/configuration/advancedview/operationandsetup/operation_and_setup.md,,,,,,
Print,current,https://docs.netwrix.com/docs/passwordsecure/current/configuration/advancedview/operationandsetup/print,docs/passwordsecure/current/configuration/advancedview/operationandsetup/print.md,,,,,,
Reading pane,current,https://docs.netwrix.com/docs/passwordsecure/current/configuration/advancedview/operationandsetup/reading_pane,docs/passwordsecure/current/configuration/advancedview/operationandsetup/reading_pane.md,,,,,,
Ribbon,current,https://docs.netwrix.com/docs/passwordsecure/current/configuration/advancedview/operationandsetup/ribbon,docs/passwordsecure/current/configuration/advancedview/operationandsetup/ribbon.md,,,,,,
Search,current,https://docs.netwrix.com/docs/passwordsecure/current/configuration/advancedview/operationandsetup/search,docs/passwordsecure/current/configuration/advancedview/operationandsetup/search.md,,,,,,
Tags,current,https://docs.netwrix.com/docs/passwordsecure/current/configuration/advancedview/operationandsetup/tags,docs/passwordsecure/current/configuration/advancedview/operationandsetup/tags.md,,,,,,
Automated setting of permissions,current,https://docs.netwrix.com/docs/passwordsecure/current/configuration/advancedview/permissionconceptandprotective/automatedsettingofpermissions/automated_setting_of_permissions,docs/passwordsecure/current/configuration/advancedview/permissionconceptandprotective/automatedsettingofpermissions/automated_setting_of_permissions.md,,,,,,
Inheritance from organisational structures,current,https://docs.netwrix.com/docs/passwordsecure/current/configuration/advancedview/permissionconceptandprotective/automatedsettingofpermissions/inheritance_from_organizational,docs/passwordsecure/current/configuration/advancedview/permissionconceptandprotective/automatedsettingofpermissions/inheritance_from_organizational.md,,,,,,
Manual setting of permissions,current,https://docs.netwrix.com/docs/passwordsecure/current/configuration/advancedview/permissionconceptandprotective/manualsettingofpermissions/manual_setting_of_permissions,docs/passwordsecure/current/configuration/advancedview/permissionconceptandprotective/manualsettingofpermissions/manual_setting_of_permissions.md,,,,,,
Multiple editing of permissions,current,https://docs.netwrix.com/docs/passwordsecure/current/configuration/advancedview/permissionconceptandprotective/manualsettingofpermissions/multiple_editing_of_permissions,docs/passwordsecure/current/configuration/advancedview/permissionconceptandprotective/manualsettingofpermissions/multiple_editing_of_permissions.md,,,,,,
Right templates,current,https://docs.netwrix.com/docs/passwordsecure/current/configuration/advancedview/permissionconceptandprotective/manualsettingofpermissions/right_templates,docs/passwordsecure/current/configuration/advancedview/permissionconceptandprotective/manualsettingofpermissions/right_templates.md,,,,,,
Permission concept and protective mechanisms,current,https://docs.netwrix.com/docs/passwordsecure/current/configuration/advancedview/permissionconceptandprotective/permission_concept_and_protective,docs/passwordsecure/current/configuration/advancedview/permissionconceptandprotective/permission_concept_and_protective.md,,,,,,
Predefining rights,current,https://docs.netwrix.com/docs/passwordsecure/current/configuration/advancedview/permissionconceptandprotective/predefiningrights/predefining_rights,docs/passwordsecure/current/configuration/advancedview/permissionconceptandprotective/predefiningrights/predefining_rights.md,,,,,,
Relevant user rights,current,https://docs.netwrix.com/docs/passwordsecure/current/configuration/advancedview/permissionconceptandprotective/predefiningrights/relevant_user_rights,docs/passwordsecure/current/configuration/advancedview/permissionconceptandprotective/predefiningrights/relevant_user_rights.md,,,,,,
Scope of validity for predefined rights,current,https://docs.netwrix.com/docs/passwordsecure/current/configuration/advancedview/permissionconceptandprotective/predefiningrights/scope_of_validity_for_predefined,docs/passwordsecure/current/configuration/advancedview/permissionconceptandprotective/predefiningrights/scope_of_validity_for_predefined.md,,,,,,
Working with predefined rights,current,https://docs.netwrix.com/docs/passwordsecure/current/configuration/advancedview/permissionconceptandprotective/predefiningrights/working_with_predefined_rights,docs/passwordsecure/current/configuration/advancedview/permissionconceptandprotective/predefiningrights/working_with_predefined_rights.md,,,,,,
Password masking,current,https://docs.netwrix.com/docs/passwordsecure/current/configuration/advancedview/permissionconceptandprotective/protectivemechanisms/password_masking,docs/passwordsecure/current/configuration/advancedview/permissionconceptandprotective/protectivemechanisms/password_masking.md,,,,,,
Protective mechanisms,current,https://docs.netwrix.com/docs/passwordsecure/current/configuration/advancedview/permissionconceptandprotective/protectivemechanisms/protective_mechanisms,docs/passwordsecure/current/configuration/advancedview/permissionconceptandprotective/protectivemechanisms/protective_mechanisms.md,,,,,,
Release mechanism,current,https://docs.netwrix.com/docs/passwordsecure/current/configuration/advancedview/permissionconceptandprotective/protectivemechanisms/seals/release_mechanism,docs/passwordsecure/current/configuration/advancedview/permissionconceptandprotective/protectivemechanisms/seals/release_mechanism.md,,,,,,
Seal overview,current,https://docs.netwrix.com/docs/passwordsecure/current/configuration/advancedview/permissionconceptandprotective/protectivemechanisms/seals/seal_overview,docs/passwordsecure/current/configuration/advancedview/permissionconceptandprotective/protectivemechanisms/seals/seal_overview.md,,,,,,
Seals,current,https://docs.netwrix.com/docs/passwordsecure/current/configuration/advancedview/permissionconceptandprotective/protectivemechanisms/seals,docs/passwordsecure/current/configuration/advancedview/permissionconceptandprotective/protectivemechanisms/seals/seals.md,,,,,,
Temporary permissions,current,https://docs.netwrix.com/docs/passwordsecure/current/configuration/advancedview/permissionconceptandprotective/protectivemechanisms/temporary_permissions,docs/passwordsecure/current/configuration/advancedview/permissionconceptandprotective/protectivemechanisms/temporary_permissions.md,,,,,,
Visibility,current,https://docs.netwrix.com/docs/passwordsecure/current/configuration/advancedview/permissionconceptandprotective/protectivemechanisms/visibility,docs/passwordsecure/current/configuration/advancedview/permissionconceptandprotective/protectivemechanisms/visibility.md,,,,,,
Autofill Add-on,current,https://docs.netwrix.com/docs/passwordsecure/current/configuration/autofilladdon/autofill_add-on,docs/passwordsecure/current/configuration/autofilladdon/autofill_add-on.md,,,,,,
Configuration,current,https://docs.netwrix.com/docs/passwordsecure/current/configuration/autofilladdon/configuration_autofill_add-on,docs/passwordsecure/current/configuration/autofilladdon/configuration_autofill_add-on.md,,,,,,
The Basic view,current,https://docs.netwrix.com/docs/passwordsecure/current/configuration/basicview/basic_view,docs/passwordsecure/current/configuration/basicview/basic_view.md,,,,,,
Checklist of the Basic view,current,https://docs.netwrix.com/docs/passwordsecure/current/configuration/basicview/checklist_of_the_basic_view,docs/passwordsecure/current/configuration/basicview/checklist_of_the_basic_view.md,,,,,,
Password management,current,https://docs.netwrix.com/docs/passwordsecure/current/configuration/basicview/password_management,docs/passwordsecure/current/configuration/basicview/password_management.md,,,,,,
Start and Login,current,https://docs.netwrix.com/docs/passwordsecure/current/configuration/basicview/start_and_login_basic_view,docs/passwordsecure/current/configuration/basicview/start_and_login_basic_view.md,,,,,,
Tab system,current,https://docs.netwrix.com/docs/passwordsecure/current/configuration/basicview/tab_system,docs/passwordsecure/current/configuration/basicview/tab_system.md,,,,,,
Errorcodes of the Basic view,current,https://docs.netwrix.com/docs/passwordsecure/current/configuration/basicview/todoforadministration/errorcodes_of_the_lightclient,docs/passwordsecure/current/configuration/basicview/todoforadministration/errorcodes_of_the_lightclient.md,,,,,,
To do for Administration,current,https://docs.netwrix.com/docs/passwordsecure/current/configuration/basicview/todoforadministration/to_do_for_administration,docs/passwordsecure/current/configuration/basicview/todoforadministration/to_do_for_administration.md,,,,,,
View,current,https://docs.netwrix.com/docs/passwordsecure/current/configuration/basicview/view,docs/passwordsecure/current/configuration/basicview/view.md,,,,,,
Applications,current,https://docs.netwrix.com/docs/passwordsecure/current/configuration/browseraddons/applications_add-on,docs/passwordsecure/current/configuration/browseraddons/applications_add-on.md,,,,,,
Browser Add-ons,current,https://docs.netwrix.com/docs/passwordsecure/current/configuration/browseraddons/browser_add-ons,docs/passwordsecure/current/configuration/browseraddons/browser_add-ons.md,,,,,,
How to save passwords,current,https://docs.netwrix.com/docs/passwordsecure/current/configuration/browseraddons/how_to_save_passwords,docs/passwordsecure/current/configuration/browseraddons/how_to_save_passwords.md,,,,,,
Configuration,current,https://docs.netwrix.com/docs/passwordsecure/current/configuration,docs/passwordsecure/current/configuration/configuration.md,,,,,,
Autofill in Android,current,https://docs.netwrix.com/docs/passwordsecure/current/configuration/mobiledevices/autofill/autofill_in_android,docs/passwordsecure/current/configuration/mobiledevices/autofill/autofill_in_android.md,,,,,,
Autofill in iOS,current,https://docs.netwrix.com/docs/passwordsecure/current/configuration/mobiledevices/autofill/autofill_in_ios,docs/passwordsecure/current/configuration/mobiledevices/autofill/autofill_in_ios.md,,,,,,
Mobile devices,current,https://docs.netwrix.com/docs/passwordsecure/current/configuration/mobiledevices/mobile_devices,docs/passwordsecure/current/configuration/mobiledevices/mobile_devices.md,,,,,,
Password Management,current,https://docs.netwrix.com/docs/passwordsecure/current/configuration/mobiledevices/passwords_mobileapp,docs/passwordsecure/current/configuration/mobiledevices/passwords_mobileapp.md,,,,,,
Security,current,https://docs.netwrix.com/docs/passwordsecure/current/configuration/mobiledevices/securitymd,docs/passwordsecure/current/configuration/mobiledevices/securitymd.md,,,,,,
Settings,current,https://docs.netwrix.com/docs/passwordsecure/current/configuration/mobiledevices/settings_mobileapp,docs/passwordsecure/current/configuration/mobiledevices/settings_mobileapp.md,,,,,,
Biometric login,current,https://docs.netwrix.com/docs/passwordsecure/current/configuration/mobiledevices/setupmobiledevice/biometric_login,docs/passwordsecure/current/configuration/mobiledevices/setupmobiledevice/biometric_login.md,,,,,,
Installation of the App / Requirements,current,https://docs.netwrix.com/docs/passwordsecure/current/configuration/mobiledevices/setupmobiledevice/installation_of_the_app,docs/passwordsecure/current/configuration/mobiledevices/setupmobiledevice/installation_of_the_app.md,,,,,,
Linking the database,current,https://docs.netwrix.com/docs/passwordsecure/current/configuration/mobiledevices/setupmobiledevice/linking_the_database,docs/passwordsecure/current/configuration/mobiledevices/setupmobiledevice/linking_the_database.md,,,,,,
Setting up autofill,current,https://docs.netwrix.com/docs/passwordsecure/current/configuration/mobiledevices/setupmobiledevice/setting_up_autofill,docs/passwordsecure/current/configuration/mobiledevices/setupmobiledevice/setting_up_autofill.md,,,,,,
Setup,current,https://docs.netwrix.com/docs/passwordsecure/current/configuration/mobiledevices/setupmobiledevice/setup_mobile_device,docs/passwordsecure/current/configuration/mobiledevices/setupmobiledevice/setup_mobile_device.md,,,,,,
Synchronization,current,https://docs.netwrix.com/docs/passwordsecure/current/configuration/mobiledevices/synchronization,docs/passwordsecure/current/configuration/mobiledevices/synchronization.md,,,,,,
Tabs,current,https://docs.netwrix.com/docs/passwordsecure/current/configuration/mobiledevices/tabs,docs/passwordsecure/current/configuration/mobiledevices/tabs.md,,,,,,
Offline Add-on,current,https://docs.netwrix.com/docs/passwordsecure/current/configuration/offlineclient/offline_client,docs/passwordsecure/current/configuration/offlineclient/offline_client.md,,,,,,
Setup and sync,current,https://docs.netwrix.com/docs/passwordsecure/current/configuration/offlineclient/setup_and_sync,docs/passwordsecure/current/configuration/offlineclient/setup_and_sync.md,,,,,,
Migration guide,current,https://docs.netwrix.com/docs/passwordsecure/current/configuration/sdkapi/migration_guide,docs/passwordsecure/current/configuration/sdkapi/migration_guide.md,,,,,,
SDK / API,current,https://docs.netwrix.com/docs/passwordsecure/current/configuration/sdkapi/sdk__api,docs/passwordsecure/current/configuration/sdkapi/sdk__api.md,,,,,,
Basic configuration,current,https://docs.netwrix.com/docs/passwordsecure/current/configuration/servermanager/basic_configuration,docs/passwordsecure/current/configuration/servermanager/basic_configuration.md,,,,,,
Certificates,current,https://docs.netwrix.com/docs/passwordsecure/current/configuration/servermanager/certificates,docs/passwordsecure/current/configuration/servermanager/certificates/certificates.md,,,,,,
Database certificates,current,https://docs.netwrix.com/docs/passwordsecure/current/configuration/servermanager/certificates/database_certificates,docs/passwordsecure/current/configuration/servermanager/certificates/database_certificates.md,,,,,,
Discovery service certificates,current,https://docs.netwrix.com/docs/passwordsecure/current/configuration/servermanager/certificates/discovery_service_certificates,docs/passwordsecure/current/configuration/servermanager/certificates/discovery_service_certificates.md,,,,,,
Master Key certificates,current,https://docs.netwrix.com/docs/passwordsecure/current/configuration/servermanager/certificates/master_key_certificates,docs/passwordsecure/current/configuration/servermanager/certificates/master_key_certificates.md,,,,,,
Netwrix Password Secure Server Encryption Certificate,current,https://docs.netwrix.com/docs/passwordsecure/current/configuration/servermanager/certificates/nps_server_encryption_certificate,docs/passwordsecure/current/configuration/servermanager/certificates/nps_server_encryption_certificate.md,,,,,,
Password Reset certificates,current,https://docs.netwrix.com/docs/passwordsecure/current/configuration/servermanager/certificates/password_reset_certificates,docs/passwordsecure/current/configuration/servermanager/certificates/password_reset_certificates.md,,,,,,
SSL connection certificates,current,https://docs.netwrix.com/docs/passwordsecure/current/configuration/servermanager/certificates/ssl_connection_certificates,docs/passwordsecure/current/configuration/servermanager/certificates/ssl_connection_certificates.md,,,,,,
Creating databases,current,https://docs.netwrix.com/docs/passwordsecure/current/configuration/servermanager/creating_databases,docs/passwordsecure/current/configuration/servermanager/creating_databases.md,,,,,,
Database firewall,current,https://docs.netwrix.com/docs/passwordsecure/current/configuration/servermanager/databaseproperties/database_firewall,docs/passwordsecure/current/configuration/servermanager/databaseproperties/database_firewall.md,,,,,,
Database properties,current,https://docs.netwrix.com/docs/passwordsecure/current/configuration/servermanager/databaseproperties/database_properties,docs/passwordsecure/current/configuration/servermanager/databaseproperties/database_properties.md,,,,,,
General settings,current,https://docs.netwrix.com/docs/passwordsecure/current/configuration/servermanager/databaseproperties/general_settings_admin_client,docs/passwordsecure/current/configuration/servermanager/databaseproperties/general_settings_admin_client.md,,,,,,
Syslog,current,https://docs.netwrix.com/docs/passwordsecure/current/configuration/servermanager/databaseproperties/syslog,docs/passwordsecure/current/configuration/servermanager/databaseproperties/syslog.md,,,,,,
Advanced settings,current,https://docs.netwrix.com/docs/passwordsecure/current/configuration/servermanager/mainmenu/advanced_settings,docs/passwordsecure/current/configuration/servermanager/mainmenu/advanced_settings.md,,,,,,
Automatic backup cleanup,current,https://docs.netwrix.com/docs/passwordsecure/current/configuration/servermanager/mainmenu/backupsettings/automated_deletion_of_backups,docs/passwordsecure/current/configuration/servermanager/mainmenu/backupsettings/automated_deletion_of_backups.md,,,,,,
Backup management,current,https://docs.netwrix.com/docs/passwordsecure/current/configuration/servermanager/mainmenu/backupsettings/backup_management,docs/passwordsecure/current/configuration/servermanager/mainmenu/backupsettings/backup_management.md,,,,,,
Backup settings,current,https://docs.netwrix.com/docs/passwordsecure/current/configuration/servermanager/mainmenu/backupsettings/backup_settings,docs/passwordsecure/current/configuration/servermanager/mainmenu/backupsettings/backup_settings.md,,,,,,
Disaster recovery scenarios,current,https://docs.netwrix.com/docs/passwordsecure/current/configuration/servermanager/mainmenu/backupsettings/disaster_recovery_scenarios,docs/passwordsecure/current/configuration/servermanager/mainmenu/backupsettings/disaster_recovery_scenarios.md,,,,,,
License settings,current,https://docs.netwrix.com/docs/passwordsecure/current/configuration/servermanager/mainmenu/license_settings,docs/passwordsecure/current/configuration/servermanager/mainmenu/license_settings.md,,,,,,
Main menu,current,https://docs.netwrix.com/docs/passwordsecure/current/configuration/servermanager/mainmenu/main_menu,docs/passwordsecure/current/configuration/servermanager/mainmenu/main_menu.md,,,,,,
Database settings,current,https://docs.netwrix.com/docs/passwordsecure/current/configuration/servermanager/managingdatabases/databasesettings/database_settings,docs/passwordsecure/current/configuration/servermanager/managingdatabases/databasesettings/database_settings.md,,,,,,
HSM connection via PKCS # 11,current,https://docs.netwrix.com/docs/passwordsecure/current/configuration/servermanager/managingdatabases/databasesettings/hsm_connection,docs/passwordsecure/current/configuration/servermanager/managingdatabases/databasesettings/hsm_connection.md,,,,,,
Multifactor Authentication,current,https://docs.netwrix.com/docs/passwordsecure/current/configuration/servermanager/managingdatabases/databasesettings/multifactor_authentication_ac,docs/passwordsecure/current/configuration/servermanager/managingdatabases/databasesettings/multifactor_authentication_ac.md,,,,,,
Session timeout,current,https://docs.netwrix.com/docs/passwordsecure/current/configuration/servermanager/managingdatabases/databasesettings/session_timeout,docs/passwordsecure/current/configuration/servermanager/managingdatabases/databasesettings/session_timeout.md,,,,,,
Managing databases,current,https://docs.netwrix.com/docs/passwordsecure/current/configuration/servermanager/managingdatabases/managing_databases,docs/passwordsecure/current/configuration/servermanager/managingdatabases/managing_databases.md,,,,,,
Changes in the Server Manager,current,https://docs.netwrix.com/docs/passwordsecure/current/configuration/servermanager/msp/changesintheadminclient/changes_in_the_adminclient,docs/passwordsecure/current/configuration/servermanager/msp/changesintheadminclient/changes_in_the_adminclient.md,,,,,,
Cost overview module,current,https://docs.netwrix.com/docs/passwordsecure/current/configuration/servermanager/msp/changesintheadminclient/cost_overview_module,docs/passwordsecure/current/configuration/servermanager/msp/changesintheadminclient/cost_overview_module.md,,,,,,
Customers module,current,https://docs.netwrix.com/docs/passwordsecure/current/configuration/servermanager/msp/changesintheadminclient/customers_module,docs/passwordsecure/current/configuration/servermanager/msp/changesintheadminclient/customers_module.md,,,,,,
MSP,current,https://docs.netwrix.com/docs/passwordsecure/current/configuration/servermanager/msp,docs/passwordsecure/current/configuration/servermanager/msp/msp.md,,,,,,
Operation and setup,current,https://docs.netwrix.com/docs/passwordsecure/current/configuration/servermanager/operation_and_setup_admin_client,docs/passwordsecure/current/configuration/servermanager/operation_and_setup_admin_client.md,,,,,,
Server Manager,current,https://docs.netwrix.com/docs/passwordsecure/current/configuration/servermanager/server_manager,docs/passwordsecure/current/configuration/servermanager/server_manager.md,,,,,,
Settlement right key,current,https://docs.netwrix.com/docs/passwordsecure/current/configuration/servermanager/settlement_right_key,docs/passwordsecure/current/configuration/servermanager/settlement_right_key.md,,,,,,
Setup wizard,current,https://docs.netwrix.com/docs/passwordsecure/current/configuration/servermanager/setup_wizard,docs/passwordsecure/current/configuration/servermanager/setup_wizard.md,,,,,,
Authorization and protection mechanisms,current,https://docs.netwrix.com/docs/passwordsecure/current/configuration/webapplication/authorization_and_protection_mechanisms,docs/passwordsecure/current/configuration/webapplication/authorization_and_protection_mechanisms.md,,,,,,
Application,current,https://docs.netwrix.com/docs/passwordsecure/current/configuration/webapplication/functionalscope/application,docs/passwordsecure/current/configuration/webapplication/functionalscope/application.md,,,,,,
Documents,current,https://docs.netwrix.com/docs/passwordsecure/current/configuration/webapplication/functionalscope/documents_web_application,docs/passwordsecure/current/configuration/webapplication/functionalscope/documents_web_application.md,,,,,,
Forms module,current,https://docs.netwrix.com/docs/passwordsecure/current/configuration/webapplication/functionalscope/forms_module,docs/passwordsecure/current/configuration/webapplication/functionalscope/forms_module.md,,,,,,
Functional scope,current,https://docs.netwrix.com/docs/passwordsecure/current/configuration/webapplication/functionalscope/functional_scope,docs/passwordsecure/current/configuration/webapplication/functionalscope/functional_scope.md,,,,,,
Logbook,current,https://docs.netwrix.com/docs/passwordsecure/current/configuration/webapplication/functionalscope/logbook_web_application,docs/passwordsecure/current/configuration/webapplication/functionalscope/logbook_web_application.md,,,,,,
Notifications,current,https://docs.netwrix.com/docs/passwordsecure/current/configuration/webapplication/functionalscope/notifications,docs/passwordsecure/current/configuration/webapplication/functionalscope/notifications.md,,,,,,
Organisational structure module,current,https://docs.netwrix.com/docs/passwordsecure/current/configuration/webapplication/functionalscope/organisationalstructure/organisational_structure,docs/passwordsecure/current/configuration/webapplication/functionalscope/organisationalstructure/organisational_structure.md,,,,,,
User management,current,https://docs.netwrix.com/docs/passwordsecure/current/configuration/webapplication/functionalscope/organisationalstructure/user_management,docs/passwordsecure/current/configuration/webapplication/functionalscope/organisationalstructure/user_management.md,,,,,,
Password module,current,https://docs.netwrix.com/docs/passwordsecure/current/configuration/webapplication/functionalscope/password_module,docs/passwordsecure/current/configuration/webapplication/functionalscope/password_module.md,,,,,,
Roles module,current,https://docs.netwrix.com/docs/passwordsecure/current/configuration/webapplication/functionalscope/roles_module,docs/passwordsecure/current/configuration/webapplication/functionalscope/roles_module.md,,,,,,
Tag system,current,https://docs.netwrix.com/docs/passwordsecure/current/configuration/webapplication/functionalscope/tag_system,docs/passwordsecure/current/configuration/webapplication/functionalscope/tag_system.md,,,,,,
Filter or structure area,current,https://docs.netwrix.com/docs/passwordsecure/current/configuration/webapplication/operation/filter_or_structure_area,docs/passwordsecure/current/configuration/webapplication/operation/filter_or_structure_area.md,,,,,,
Footer,current,https://docs.netwrix.com/docs/passwordsecure/current/configuration/webapplication/operation/footer,docs/passwordsecure/current/configuration/webapplication/operation/footer.md,,,,,,
Header,current,https://docs.netwrix.com/docs/passwordsecure/current/configuration/webapplication/operation/header,docs/passwordsecure/current/configuration/webapplication/operation/header.md,,,,,,
List view,current,https://docs.netwrix.com/docs/passwordsecure/current/configuration/webapplication/operation/list_view,docs/passwordsecure/current/configuration/webapplication/operation/list_view.md,,,,,,
Menu,current,https://docs.netwrix.com/docs/passwordsecure/current/configuration/webapplication/operation/menu,docs/passwordsecure/current/configuration/webapplication/operation/menu.md,,,,,,
Navigation bar,current,https://docs.netwrix.com/docs/passwordsecure/current/configuration/webapplication/operation/navigationbar/navigation_bar,docs/passwordsecure/current/configuration/webapplication/operation/navigationbar/navigation_bar.md,,,,,,
Settings,current,https://docs.netwrix.com/docs/passwordsecure/current/configuration/webapplication/operation/navigationbar/settings_wc,docs/passwordsecure/current/configuration/webapplication/operation/navigationbar/settings_wc.md,,,,,,
User menu,current,https://docs.netwrix.com/docs/passwordsecure/current/configuration/webapplication/operation/navigationbar/user_menu_wc,docs/passwordsecure/current/configuration/webapplication/operation/navigationbar/user_menu_wc.md,,,,,,
Operation,current,https://docs.netwrix.com/docs/passwordsecure/current/configuration/webapplication/operation,docs/passwordsecure/current/configuration/webapplication/operation/operation.md,,,,,,
Reading pane,current,https://docs.netwrix.com/docs/passwordsecure/current/configuration/webapplication/operation/reading_pane_webclient,docs/passwordsecure/current/configuration/webapplication/operation/reading_pane_webclient.md,,,,,,
Problems with the server connection,current,https://docs.netwrix.com/docs/passwordsecure/current/configuration/webapplication/problems_with_the_server_connection,docs/passwordsecure/current/configuration/webapplication/problems_with_the_server_connection.md,,,,,,
Outlook: Advanced View,current,https://docs.netwrix.com/docs/passwordsecure/current/enduser/advancedview,docs/passwordsecure/current/enduser/advancedview.md,,,,,,
Get the Browser Extension,current,https://docs.netwrix.com/docs/passwordsecure/current/enduser/browserextension,docs/passwordsecure/current/enduser/browserextension.md,,,,,,
Clean up Your Passwords,current,https://docs.netwrix.com/docs/passwordsecure/current/enduser/cleanuppasswords,docs/passwordsecure/current/enduser/cleanuppasswords.md,,,,,,
Create a New Entry from Scratch,current,https://docs.netwrix.com/docs/passwordsecure/current/enduser/createnewentry,docs/passwordsecure/current/enduser/createnewentry.md,,,,,,
Organize Your Passwords,current,https://docs.netwrix.com/docs/passwordsecure/current/enduser/organizepasswords,docs/passwordsecure/current/enduser/organizepasswords.md,,,,,,
Getting Started for End Users,current,https://docs.netwrix.com/docs/passwordsecure/current/enduser/overview,docs/passwordsecure/current/enduser/overview.md,,,,,,
Encryption,current,https://docs.netwrix.com/docs/passwordsecure/current/faq/security/encryption,docs/passwordsecure/current/faq/security/encryption.md,,,,,,
High availability,current,https://docs.netwrix.com/docs/passwordsecure/current/faq/security/high_availability,docs/passwordsecure/current/faq/security/high_availability.md,,,,,,
Penetration tests,current,https://docs.netwrix.com/docs/passwordsecure/current/faq/security/penetration_tests,docs/passwordsecure/current/faq/security/penetration_tests.md,,,,,,
Why Netwrix Password Secure?,current,https://docs.netwrix.com/docs/passwordsecure/current,docs/passwordsecure/current/index.md,,,,,,
Installation Server Manager,current,https://docs.netwrix.com/docs/passwordsecure/current/installation/installation_server_manager,docs/passwordsecure/current/installation/installation_server_manager.md,,,,,,
Installation,current,https://docs.netwrix.com/docs/passwordsecure/current/installation,docs/passwordsecure/current/installation/installation.md,,,,,,
Google Chrome,current,https://docs.netwrix.com/docs/passwordsecure/current/installation/installationbrowseraddon/google_chrome,docs/passwordsecure/current/installation/installationbrowseraddon/google_chrome.md,,,,,,
Installation Browser Extension,current,https://docs.netwrix.com/docs/passwordsecure/current/installation/installationbrowseraddon/installation_browser_add-on,docs/passwordsecure/current/installation/installationbrowseraddon/installation_browser_add-on.md,,,,,,
Microsoft Edge,current,https://docs.netwrix.com/docs/passwordsecure/current/installation/installationbrowseraddon/microsoft_edge,docs/passwordsecure/current/installation/installationbrowseraddon/microsoft_edge.md,,,,,,
Mozilla Firefox,current,https://docs.netwrix.com/docs/passwordsecure/current/installation/installationbrowseraddon/mozilla_firefox,docs/passwordsecure/current/installation/installationbrowseraddon/mozilla_firefox.md,,,,,,
Installation Client,current,https://docs.netwrix.com/docs/passwordsecure/current/installation/installationclient/installation_client,docs/passwordsecure/current/installation/installationclient/installation_client.md,,,,,,
Installation with parameters,current,https://docs.netwrix.com/docs/passwordsecure/current/installation/installationclient/installation_with_parameters,docs/passwordsecure/current/installation/installationclient/installation_with_parameters.md,,,,,,
Apache,current,https://docs.netwrix.com/docs/passwordsecure/current/installation/installationwebapplication/apache,docs/passwordsecure/current/installation/installationwebapplication/apache.md,,,,,,
Installation Web Application,current,https://docs.netwrix.com/docs/passwordsecure/current/installation/installationwebapplication/installation_web_application,docs/passwordsecure/current/installation/installationwebapplication/installation_web_application.md,,,,,,
Microsoft IIS,current,https://docs.netwrix.com/docs/passwordsecure/current/installation/installationwebapplication/microsoft_iis,docs/passwordsecure/current/installation/installationwebapplication/microsoft_iis.md,,,,,,
nginx,current,https://docs.netwrix.com/docs/passwordsecure/current/installation/installationwebapplication/nginx,docs/passwordsecure/current/installation/installationwebapplication/nginx.md,,,,,,
Application server,current,https://docs.netwrix.com/docs/passwordsecure/current/installation/requirements/application_server,docs/passwordsecure/current/installation/requirements/application_server.md,,,,,,
Client configuration,current,https://docs.netwrix.com/docs/passwordsecure/current/installation/requirements/client_configuration,docs/passwordsecure/current/installation/requirements/client_configuration.md,,,,,,
Mobile Apps,current,https://docs.netwrix.com/docs/passwordsecure/current/installation/requirements/mobile_apps,docs/passwordsecure/current/installation/requirements/mobile_apps.md,,,,,,
MSSQL Server,current,https://docs.netwrix.com/docs/passwordsecure/current/installation/requirements/mssql_server,docs/passwordsecure/current/installation/requirements/mssql_server.md,,,,,,
Browser,current,https://docs.netwrix.com/docs/passwordsecure/current/installation/requirements/webserver/browser,docs/passwordsecure/current/installation/requirements/webserver/browser.md,,,,,,
Webserver,current,https://docs.netwrix.com/docs/passwordsecure/current/installation/requirements/webserver,docs/passwordsecure/current/installation/requirements/webserver/webserver.md,,,,,,
Introduction,current,https://docs.netwrix.com/docs/passwordsecure/current/introduction,docs/passwordsecure/current/introduction/introduction.md,,,,,,
Version 26.3.100.34058,current,https://docs.netwrix.com/docs/passwordsecure/current/introduction/versionhistory/version_26.3.100.34058,docs/passwordsecure/current/introduction/versionhistory/version_26.3.100.34058.md,,,,,,
Version 26.3.101.34065,current,https://docs.netwrix.com/docs/passwordsecure/current/introduction/versionhistory/version_26.3.101.34065,docs/passwordsecure/current/introduction/versionhistory/version_26.3.101.34065.md,,,,,,
Version 26.4.10.34111,current,https://docs.netwrix.com/docs/passwordsecure/current/introduction/versionhistory/version_26.4.10.34111,docs/passwordsecure/current/introduction/versionhistory/version_26.4.10.34111.md,,,,,,
Version History,current,https://docs.netwrix.com/docs/passwordsecure/current/introduction/versionhistory/version_history,docs/passwordsecure/current/introduction/versionhistory/version_history.md,,,,,,
Versioning scheme,current,https://docs.netwrix.com/docs/passwordsecure/current/introduction/versioning_scheme,docs/passwordsecure/current/introduction/versioning_scheme.md,,,,,,
Admin Manual,current,https://docs.netwrix.com/docs/passwordsecure/current/maintenance/eccmigration/ecc_migration_administrator_manual,docs/passwordsecure/current/maintenance/eccmigration/ecc_migration_administrator_manual.md,,,,,,
User Manual,current,https://docs.netwrix.com/docs/passwordsecure/current/maintenance/eccmigration/ecc_migration_user_manual,docs/passwordsecure/current/maintenance/eccmigration/ecc_migration_user_manual.md,,,,,,
ECC Migration,current,https://docs.netwrix.com/docs/passwordsecure/current/maintenance/eccmigration/ecc_migration,docs/passwordsecure/current/maintenance/eccmigration/ecc_migration.md,,,,,,
Moving the server,current,https://docs.netwrix.com/docs/passwordsecure/current/maintenance/moving_the_server,docs/passwordsecure/current/maintenance/moving_the_server.md,,,,,,
Update,current,https://docs.netwrix.com/docs/passwordsecure/current/maintenance/update,docs/passwordsecure/current/maintenance/update.md,,,,,,
