document_title,version,live_page_url,source_path,also_covers,reviewer,audited,fixed,corrections,notes
Installation,11.0,https://docs.netwrix.com/docs/directorymanager/11_0/about,docs/directorymanager/11.0/about/about.md,,,,,,
Configuration Tool,11.0,https://docs.netwrix.com/docs/directorymanager/11_0/about/configure,docs/directorymanager/11.0/about/configure/configure.md,,,,,,
Configure a new GroupID server to add it into an existing GroupID 11 cluster with an existing database,11.0,https://docs.netwrix.com/docs/directorymanager/11_0/about/configure/database,docs/directorymanager/11.0/about/configure/database.md,,,,,,
Configure a new GroupID server with a new or an existing database,11.0,https://docs.netwrix.com/docs/directorymanager/11_0/about/configure/gidserver,docs/directorymanager/11.0/about/configure/gidserver.md,,,,,,
Configuration,11.0,https://docs.netwrix.com/docs/directorymanager/11_0/about/configure/overview,docs/directorymanager/11.0/about/configure/overview.md,,,,,,
Authentication Modes,11.0,https://docs.netwrix.com/docs/directorymanager/11_0/about/configure/setupauthentication,docs/directorymanager/11.0/about/configure/setupauthentication.md,,,,,,
Installation Tool,11.0,https://docs.netwrix.com/docs/directorymanager/11_0/about/installer/install,docs/directorymanager/11.0/about/installer/install.md,,,,,,
Installer,11.0,https://docs.netwrix.com/docs/directorymanager/11_0/about/installer,docs/directorymanager/11.0/about/installer/installer.md,,,,,,
Preparation Tool,11.0,https://docs.netwrix.com/docs/directorymanager/11_0/about/installer/preparationtool,docs/directorymanager/11.0/about/installer/preparationtool.md,,,,,,
Uninstall GroupID,11.0,https://docs.netwrix.com/docs/directorymanager/11_0/about/installer/uninstall,docs/directorymanager/11.0/about/installer/uninstall.md,,,,,,
What does the Preparation Tool Install,11.0,https://docs.netwrix.com/docs/directorymanager/11_0/about/installer/whatprepinstall,docs/directorymanager/11.0/about/installer/whatprepinstall.md,,,,,,
Back Up and Restore GroupID Data,11.0,https://docs.netwrix.com/docs/directorymanager/11_0/about/upgrade/backuprestore,docs/directorymanager/11.0/about/upgrade/backuprestore.md,,,,,,
Notes on Upgrade,11.0,https://docs.netwrix.com/docs/directorymanager/11_0/about/upgrade/notes,docs/directorymanager/11.0/about/upgrade/notes.md,,,,,,
Upgrade,11.0,https://docs.netwrix.com/docs/directorymanager/11_0/about/upgrade/overview,docs/directorymanager/11.0/about/upgrade/overview.md,,,,,,
Upgrade to GroupID 11,11.0,https://docs.netwrix.com/docs/directorymanager/11_0/about/upgrade,docs/directorymanager/11.0/about/upgrade/upgrade.md,,,,,,
Common Errors,11.0,https://docs.netwrix.com/docs/directorymanager/11_0/apis/commonerrors,docs/directorymanager/11.0/apis/commonerrors.md,,,,,,
Contact APIs,11.0,https://docs.netwrix.com/docs/directorymanager/11_0/apis/contact/contactapis,docs/directorymanager/11.0/apis/contact/contactapis.md,,,,,,
Create a Contact,11.0,https://docs.netwrix.com/docs/directorymanager/11_0/apis/contact/createcontact,docs/directorymanager/11.0/apis/contact/createcontact.md,,,,,,
Delete a Contact,11.0,https://docs.netwrix.com/docs/directorymanager/11_0/apis/contact/deletecontact,docs/directorymanager/11.0/apis/contact/deletecontact.md,,,,,,
Delete Contacts,11.0,https://docs.netwrix.com/docs/directorymanager/11_0/apis/contact/deletecontacts,docs/directorymanager/11.0/apis/contact/deletecontacts.md,,,,,,
Get a Contact,11.0,https://docs.netwrix.com/docs/directorymanager/11_0/apis/contact/getcontact,docs/directorymanager/11.0/apis/contact/getcontact.md,,,,,,
Get Contacts,11.0,https://docs.netwrix.com/docs/directorymanager/11_0/apis/contact/getcontacts,docs/directorymanager/11.0/apis/contact/getcontacts.md,,,,,,
Update a Contact,11.0,https://docs.netwrix.com/docs/directorymanager/11_0/apis/contact/updatecontact,docs/directorymanager/11.0/apis/contact/updatecontact.md,,,,,,
Create a Data Source,11.0,https://docs.netwrix.com/docs/directorymanager/11_0/apis/datasource/createds,docs/directorymanager/11.0/apis/datasource/createds/createds.md,,,,,,
Create a Data Source for MS Access,11.0,https://docs.netwrix.com/docs/directorymanager/11_0/apis/datasource/createds/dsaccess,docs/directorymanager/11.0/apis/datasource/createds/dsaccess.md,,,,,,
Create a Data Source for MS Excel,11.0,https://docs.netwrix.com/docs/directorymanager/11_0/apis/datasource/createds/dsexcel,docs/directorymanager/11.0/apis/datasource/createds/dsexcel.md,,,,,,
Create a Data Source for ODBC,11.0,https://docs.netwrix.com/docs/directorymanager/11_0/apis/datasource/createds/dsodbc,docs/directorymanager/11.0/apis/datasource/createds/dsodbc.md,,,,,,
Create a Data Source for Oracle,11.0,https://docs.netwrix.com/docs/directorymanager/11_0/apis/datasource/createds/dsoracle,docs/directorymanager/11.0/apis/datasource/createds/dsoracle.md,,,,,,
Create a Data Source for SQL Server,11.0,https://docs.netwrix.com/docs/directorymanager/11_0/apis/datasource/createds/dssql,docs/directorymanager/11.0/apis/datasource/createds/dssql.md,,,,,,
Create a Data Source for a Text/CSV File,11.0,https://docs.netwrix.com/docs/directorymanager/11_0/apis/datasource/createds/dstext,docs/directorymanager/11.0/apis/datasource/createds/dstext.md,,,,,,
Data Source APIs,11.0,https://docs.netwrix.com/docs/directorymanager/11_0/apis/datasource/datasourceapis,docs/directorymanager/11.0/apis/datasource/datasourceapis.md,,,,,,
Delete a Data Source,11.0,https://docs.netwrix.com/docs/directorymanager/11_0/apis/datasource/deleteds,docs/directorymanager/11.0/apis/datasource/deleteds.md,,,,,,
Get File Server Metadata by Type,11.0,https://docs.netwrix.com/docs/directorymanager/11_0/apis/datasource/gefsmdtype,docs/directorymanager/11.0/apis/datasource/gefsmdtype.md,,,,,,
Get All Data Sources,11.0,https://docs.netwrix.com/docs/directorymanager/11_0/apis/datasource/getallds,docs/directorymanager/11.0/apis/datasource/getallds.md,,,,,,
Get All Data Sources by Type,11.0,https://docs.netwrix.com/docs/directorymanager/11_0/apis/datasource/getalldstype,docs/directorymanager/11.0/apis/datasource/getalldstype.md,,,,,,
Get a Data Source,11.0,https://docs.netwrix.com/docs/directorymanager/11_0/apis/datasource/getds,docs/directorymanager/11.0/apis/datasource/getds.md,,,,,,
Get Parameters of a Data Source,11.0,https://docs.netwrix.com/docs/directorymanager/11_0/apis/datasource/getdsparameter,docs/directorymanager/11.0/apis/datasource/getdsparameter.md,,,,,,
Get Provider Options of a Data Source,11.0,https://docs.netwrix.com/docs/directorymanager/11_0/apis/datasource/getdspo,docs/directorymanager/11.0/apis/datasource/getdspo.md,,,,,,
Get a Data Source by Type and with ID,11.0,https://docs.netwrix.com/docs/directorymanager/11_0/apis/datasource/getdstypeid,docs/directorymanager/11.0/apis/datasource/getdstypeid.md,,,,,,
Get a Data Source by Type and Name,11.0,https://docs.netwrix.com/docs/directorymanager/11_0/apis/datasource/getdstypename,docs/directorymanager/11.0/apis/datasource/getdstypename.md,,,,,,
Get Filtered Data Sources by isSource,11.0,https://docs.netwrix.com/docs/directorymanager/11_0/apis/datasource/getfilterds,docs/directorymanager/11.0/apis/datasource/getfilterds.md,,,,,,
Get Filenames by Type,11.0,https://docs.netwrix.com/docs/directorymanager/11_0/apis/datasource/getfntype,docs/directorymanager/11.0/apis/datasource/getfntype.md,,,,,,
Get Metadata of Data Sources,11.0,https://docs.netwrix.com/docs/directorymanager/11_0/apis/datasource/getmd,docs/directorymanager/11.0/apis/datasource/getmd.md,,,,,,
Get Metadata of Data Source by Server Type and ID,11.0,https://docs.netwrix.com/docs/directorymanager/11_0/apis/datasource/getmdtypest,docs/directorymanager/11.0/apis/datasource/getmdtypest.md,,,,,,
Parse a Connection String,11.0,https://docs.netwrix.com/docs/directorymanager/11_0/apis/datasource/parsecs,docs/directorymanager/11.0/apis/datasource/parsecs.md,,,,,,
Update a Data Source,11.0,https://docs.netwrix.com/docs/directorymanager/11_0/apis/datasource/updateds,docs/directorymanager/11.0/apis/datasource/updateds.md,,,,,,
Validate Data Connectivity of a Data Source,11.0,https://docs.netwrix.com/docs/directorymanager/11_0/apis/datasource/validatedc,docs/directorymanager/11.0/apis/datasource/validatedc.md,,,,,,
Get Token,11.0,https://docs.netwrix.com/docs/directorymanager/11_0/apis/gettoken,docs/directorymanager/11.0/apis/gettoken.md,,,,,,
Create a Smart Group,11.0,https://docs.netwrix.com/docs/directorymanager/11_0/apis/group/createsmartgroup,docs/directorymanager/11.0/apis/group/createsmartgroup.md,,,,,,
Create a Static Group,11.0,https://docs.netwrix.com/docs/directorymanager/11_0/apis/group/createstaticgroup,docs/directorymanager/11.0/apis/group/createstaticgroup.md,,,,,,
Delete a Group,11.0,https://docs.netwrix.com/docs/directorymanager/11_0/apis/group/deletegroup,docs/directorymanager/11.0/apis/group/deletegroup.md,,,,,,
Delete Groups,11.0,https://docs.netwrix.com/docs/directorymanager/11_0/apis/group/deletegroups,docs/directorymanager/11.0/apis/group/deletegroups.md,,,,,,
Expire a Group,11.0,https://docs.netwrix.com/docs/directorymanager/11_0/apis/group/expiregroup,docs/directorymanager/11.0/apis/group/expiregroup.md,,,,,,
Expire Groups,11.0,https://docs.netwrix.com/docs/directorymanager/11_0/apis/group/expiregroups,docs/directorymanager/11.0/apis/group/expiregroups.md,,,,,,
Get a Group,11.0,https://docs.netwrix.com/docs/directorymanager/11_0/apis/group/getgroup,docs/directorymanager/11.0/apis/group/getgroup.md,,,,,,
Get Groups,11.0,https://docs.netwrix.com/docs/directorymanager/11_0/apis/group/getgroups,docs/directorymanager/11.0/apis/group/getgroups.md,,,,,,
Group APIs,11.0,https://docs.netwrix.com/docs/directorymanager/11_0/apis/group/groupapis,docs/directorymanager/11.0/apis/group/groupapis.md,,,,,,
Join a Group,11.0,https://docs.netwrix.com/docs/directorymanager/11_0/apis/group/joingroup,docs/directorymanager/11.0/apis/group/joingroup.md,,,,,,
Join a Group on behalf of another user,11.0,https://docs.netwrix.com/docs/directorymanager/11_0/apis/group/joingrouponbehalf,docs/directorymanager/11.0/apis/group/joingrouponbehalf.md,,,,,,
Leave a Group,11.0,https://docs.netwrix.com/docs/directorymanager/11_0/apis/group/leavegroup,docs/directorymanager/11.0/apis/group/leavegroup.md,,,,,,
Leave a Group on behalf of another user,11.0,https://docs.netwrix.com/docs/directorymanager/11_0/apis/group/leavegrouponbehalf,docs/directorymanager/11.0/apis/group/leavegrouponbehalf.md,,,,,,
Get Preview of a Smart Group Membership,11.0,https://docs.netwrix.com/docs/directorymanager/11_0/apis/group/previewmembership,docs/directorymanager/11.0/apis/group/previewmembership.md,,,,,,
Renew a Group,11.0,https://docs.netwrix.com/docs/directorymanager/11_0/apis/group/renewgroup,docs/directorymanager/11.0/apis/group/renewgroup.md,,,,,,
Renew Groups,11.0,https://docs.netwrix.com/docs/directorymanager/11_0/apis/group/renewgroups,docs/directorymanager/11.0/apis/group/renewgroups.md,,,,,,
Update a Group,11.0,https://docs.netwrix.com/docs/directorymanager/11_0/apis/group/updategroup,docs/directorymanager/11.0/apis/group/updategroup.md,,,,,,
Update Groups,11.0,https://docs.netwrix.com/docs/directorymanager/11_0/apis/group/updategroups,docs/directorymanager/11.0/apis/group/updategroups.md,,,,,,
Update a Smart Group,11.0,https://docs.netwrix.com/docs/directorymanager/11_0/apis/group/updatesmartgroup,docs/directorymanager/11.0/apis/group/updatesmartgroup.md,,,,,,
Update Smart Groups,11.0,https://docs.netwrix.com/docs/directorymanager/11_0/apis/group/updatesmartgroups,docs/directorymanager/11.0/apis/group/updatesmartgroups.md,,,,,,
Create a New Job,11.0,https://docs.netwrix.com/docs/directorymanager/11_0/apis/jobs/createjob,docs/directorymanager/11.0/apis/jobs/createjob.md,,,,,,
Create a New Job Collection,11.0,https://docs.netwrix.com/docs/directorymanager/11_0/apis/jobs/createnewjobcollection,docs/directorymanager/11.0/apis/jobs/createnewjobcollection.md,,,,,,
Delete Jobs,11.0,https://docs.netwrix.com/docs/directorymanager/11_0/apis/jobs/deletejob,docs/directorymanager/11.0/apis/jobs/deletejob.md,,,,,,
Delete Job Collections,11.0,https://docs.netwrix.com/docs/directorymanager/11_0/apis/jobs/deletejobcollections,docs/directorymanager/11.0/apis/jobs/deletejobcollections.md,,,,,,
Get Job Collections Details,11.0,https://docs.netwrix.com/docs/directorymanager/11_0/apis/jobs/getcollectionsdetails,docs/directorymanager/11.0/apis/jobs/getcollectionsdetails.md,,,,,,
Get Job Collection Details By Job Collection ID,11.0,https://docs.netwrix.com/docs/directorymanager/11_0/apis/jobs/getjcdetailsbyjcid,docs/directorymanager/11.0/apis/jobs/getjcdetailsbyjcid.md,,,,,,
Get Job Collections,11.0,https://docs.netwrix.com/docs/directorymanager/11_0/apis/jobs/getjobcollections,docs/directorymanager/11.0/apis/jobs/getjobcollections.md,,,,,,
Get Jobs,11.0,https://docs.netwrix.com/docs/directorymanager/11_0/apis/jobs/getjobs,docs/directorymanager/11.0/apis/jobs/getjobs.md,,,,,,
Get a Job Details,11.0,https://docs.netwrix.com/docs/directorymanager/11_0/apis/jobs/getjobsdetails,docs/directorymanager/11.0/apis/jobs/getjobsdetails.md,,,,,,
Get Jobs Names,11.0,https://docs.netwrix.com/docs/directorymanager/11_0/apis/jobs/getjobsname,docs/directorymanager/11.0/apis/jobs/getjobsname.md,,,,,,
Synchronize Jobs APIs,11.0,https://docs.netwrix.com/docs/directorymanager/11_0/apis/jobs/jobsapis,docs/directorymanager/11.0/apis/jobs/jobsapis.md,,,,,,
Update a Job Collection,11.0,https://docs.netwrix.com/docs/directorymanager/11_0/apis/jobs/updatjobcollection,docs/directorymanager/11.0/apis/jobs/updatjobcollection.md,,,,,,
Admin Center Logs,11.0,https://docs.netwrix.com/docs/directorymanager/11_0/apis/logs/admincenter,docs/directorymanager/11.0/apis/logs/admincenter.md,,,,,,
Data Service Logs,11.0,https://docs.netwrix.com/docs/directorymanager/11_0/apis/logs/dataservice,docs/directorymanager/11.0/apis/logs/dataservice.md,,,,,,
Email Service Logs,11.0,https://docs.netwrix.com/docs/directorymanager/11_0/apis/logs/emailservice,docs/directorymanager/11.0/apis/logs/emailservice.md,,,,,,
Logs APIs,11.0,https://docs.netwrix.com/docs/directorymanager/11_0/apis/logs/logsapis,docs/directorymanager/11.0/apis/logs/logsapis.md,,,,,,
Portal Logs,11.0,https://docs.netwrix.com/docs/directorymanager/11_0/apis/logs/portal,docs/directorymanager/11.0/apis/logs/portal.md,,,,,,
Replication Service Logs,11.0,https://docs.netwrix.com/docs/directorymanager/11_0/apis/logs/replicationservice,docs/directorymanager/11.0/apis/logs/replicationservice.md,,,,,,
Scheduler Service Logs,11.0,https://docs.netwrix.com/docs/directorymanager/11_0/apis/logs/schedulerservice,docs/directorymanager/11.0/apis/logs/schedulerservice.md,,,,,,
Security Service Logs,11.0,https://docs.netwrix.com/docs/directorymanager/11_0/apis/logs/securityservice,docs/directorymanager/11.0/apis/logs/securityservice.md,,,,,,
Create a User,11.0,https://docs.netwrix.com/docs/directorymanager/11_0/apis/user/createuser,docs/directorymanager/11.0/apis/user/createuser.md,,,,,,
Delete a User,11.0,https://docs.netwrix.com/docs/directorymanager/11_0/apis/user/deleteuser,docs/directorymanager/11.0/apis/user/deleteuser.md,,,,,,
Delete Users,11.0,https://docs.netwrix.com/docs/directorymanager/11_0/apis/user/deleteusers,docs/directorymanager/11.0/apis/user/deleteusers.md,,,,,,
Get All Groups,11.0,https://docs.netwrix.com/docs/directorymanager/11_0/apis/user/getallgroups,docs/directorymanager/11.0/apis/user/getallgroups.md,,,,,,
Get My Dynasties,11.0,https://docs.netwrix.com/docs/directorymanager/11_0/apis/user/getmydynasties,docs/directorymanager/11.0/apis/user/getmydynasties.md,,,,,,
Get My Expired Groups,11.0,https://docs.netwrix.com/docs/directorymanager/11_0/apis/user/getmyexpiredgroups,docs/directorymanager/11.0/apis/user/getmyexpiredgroups.md,,,,,,
Get My Expiring Groups,11.0,https://docs.netwrix.com/docs/directorymanager/11_0/apis/user/getmyexpiringgroups,docs/directorymanager/11.0/apis/user/getmyexpiringgroups.md,,,,,,
Get My Expiring Groups Count,11.0,https://docs.netwrix.com/docs/directorymanager/11_0/apis/user/getmyexpiringgroupscount,docs/directorymanager/11.0/apis/user/getmyexpiringgroupscount.md,,,,,,
Get My Groups,11.0,https://docs.netwrix.com/docs/directorymanager/11_0/apis/user/getmygroups,docs/directorymanager/11.0/apis/user/getmygroups.md,,,,,,
Get My Groups Count,11.0,https://docs.netwrix.com/docs/directorymanager/11_0/apis/user/getmygroupscount,docs/directorymanager/11.0/apis/user/getmygroupscount.md,,,,,,
Get My Membership,11.0,https://docs.netwrix.com/docs/directorymanager/11_0/apis/user/getmymemberships,docs/directorymanager/11.0/apis/user/getmymemberships.md,,,,,,
Get My Membership Count,11.0,https://docs.netwrix.com/docs/directorymanager/11_0/apis/user/getmymemebershipcount,docs/directorymanager/11.0/apis/user/getmymemebershipcount.md,,,,,,
Get My Smart Groups,11.0,https://docs.netwrix.com/docs/directorymanager/11_0/apis/user/getmysmartgroups,docs/directorymanager/11.0/apis/user/getmysmartgroups.md,,,,,,
Get a User,11.0,https://docs.netwrix.com/docs/directorymanager/11_0/apis/user/getuser,docs/directorymanager/11.0/apis/user/getuser.md,,,,,,
Get Users,11.0,https://docs.netwrix.com/docs/directorymanager/11_0/apis/user/getusers,docs/directorymanager/11.0/apis/user/getusers.md,,,,,,
Update a User,11.0,https://docs.netwrix.com/docs/directorymanager/11_0/apis/user/updateuser,docs/directorymanager/11.0/apis/user/updateuser.md,,,,,,
User APIs,11.0,https://docs.netwrix.com/docs/directorymanager/11_0/apis/user/userapis,docs/directorymanager/11.0/apis/user/userapis.md,,,,,,
GroupID APIs,11.0,https://docs.netwrix.com/docs/directorymanager/11_0/apis/welcome,docs/directorymanager/11.0/apis/welcome.md,,,,,,
All Workflow Routes,11.0,https://docs.netwrix.com/docs/directorymanager/11_0/apis/workflow/allwfroutes,docs/directorymanager/11.0/apis/workflow/allwfroutes.md,,,,,,
Approve a Request,11.0,https://docs.netwrix.com/docs/directorymanager/11_0/apis/workflow/approvereq,docs/directorymanager/11.0/apis/workflow/approvereq.md,,,,,,
Configure Power Automate,11.0,https://docs.netwrix.com/docs/directorymanager/11_0/apis/workflow/configurepowerautomate,docs/directorymanager/11.0/apis/workflow/configurepowerautomate.md,,,,,,
Create a Route,11.0,https://docs.netwrix.com/docs/directorymanager/11_0/apis/workflow/createroute,docs/directorymanager/11.0/apis/workflow/createroute.md,,,,,,
Delete Request Status,11.0,https://docs.netwrix.com/docs/directorymanager/11_0/apis/workflow/deletereqstatus,docs/directorymanager/11.0/apis/workflow/deletereqstatus.md,,,,,,
Delete a Route,11.0,https://docs.netwrix.com/docs/directorymanager/11_0/apis/workflow/deleteroute,docs/directorymanager/11.0/apis/workflow/deleteroute.md,,,,,,
Delete a Workflow Request,11.0,https://docs.netwrix.com/docs/directorymanager/11_0/apis/workflow/deletewfreq,docs/directorymanager/11.0/apis/workflow/deletewfreq.md,,,,,,
Deny a Request,11.0,https://docs.netwrix.com/docs/directorymanager/11_0/apis/workflow/denyreq,docs/directorymanager/11.0/apis/workflow/denyreq.md,,,,,,
Get Approvers,11.0,https://docs.netwrix.com/docs/directorymanager/11_0/apis/workflow/getapprovers,docs/directorymanager/11.0/apis/workflow/getapprovers.md,,,,,,
Get Default Routes,11.0,https://docs.netwrix.com/docs/directorymanager/11_0/apis/workflow/getdefroute,docs/directorymanager/11.0/apis/workflow/getdefroute.md,,,,,,
Get My Requests,11.0,https://docs.netwrix.com/docs/directorymanager/11_0/apis/workflow/getmyreq,docs/directorymanager/11.0/apis/workflow/getmyreq.md,,,,,,
Get Pending Requests,11.0,https://docs.netwrix.com/docs/directorymanager/11_0/apis/workflow/getpendingreq,docs/directorymanager/11.0/apis/workflow/getpendingreq.md,,,,,,
Get Power Automate Settings,11.0,https://docs.netwrix.com/docs/directorymanager/11_0/apis/workflow/getpowerautomatesettings,docs/directorymanager/11.0/apis/workflow/getpowerautomatesettings.md,,,,,,
Get Workflow Requests,11.0,https://docs.netwrix.com/docs/directorymanager/11_0/apis/workflow/getwfreq,docs/directorymanager/11.0/apis/workflow/getwfreq.md,,,,,,
Get a Workflow Route,11.0,https://docs.netwrix.com/docs/directorymanager/11_0/apis/workflow/getwfroute,docs/directorymanager/11.0/apis/workflow/getwfroute.md,,,,,,
Update Power Automate Settings,11.0,https://docs.netwrix.com/docs/directorymanager/11_0/apis/workflow/updatepowerautomatesettings,docs/directorymanager/11.0/apis/workflow/updatepowerautomatesettings.md,,,,,,
Update a Route,11.0,https://docs.netwrix.com/docs/directorymanager/11_0/apis/workflow/updateroute,docs/directorymanager/11.0/apis/workflow/updateroute.md,,,,,,
Workflow APIs,11.0,https://docs.netwrix.com/docs/directorymanager/11_0/apis/workflow/workflowapis,docs/directorymanager/11.0/apis/workflow/workflowapis.md,,,,,,
Specify Default Metadata Values,11.0,https://docs.netwrix.com/docs/directorymanager/11_0/authenticate/asidentityprovider/metadata,docs/directorymanager/11.0/authenticate/asidentityprovider/metadata.md,,,,,,
GroupID as an Identity Provider,11.0,https://docs.netwrix.com/docs/directorymanager/11_0/authenticate/asidentityprovider/overview,docs/directorymanager/11.0/authenticate/asidentityprovider/overview.md,,,,,,
Register an Application (Service Provider) in GroupID,11.0,https://docs.netwrix.com/docs/directorymanager/11_0/authenticate/asidentityprovider/register,docs/directorymanager/11.0/authenticate/asidentityprovider/register.md,,,,,,
Sign In Using GroupID,11.0,https://docs.netwrix.com/docs/directorymanager/11_0/authenticate/asidentityprovider/signin,docs/directorymanager/11.0/authenticate/asidentityprovider/signin.md,,,,,,
Configure the AD FS Provider In GroupID,11.0,https://docs.netwrix.com/docs/directorymanager/11_0/authenticate/asserviceprovider/adfs/configureadfsindirectorymanager,docs/directorymanager/11.0/authenticate/asserviceprovider/adfs/configureadfsindirectorymanager.md,,,,,,
Configure Relaying Party Trust in AD FS,11.0,https://docs.netwrix.com/docs/directorymanager/11_0/authenticate/asserviceprovider/adfs/configurerelayingpartytrust,docs/directorymanager/11.0/authenticate/asserviceprovider/adfs/configurerelayingpartytrust.md,,,,,,
Generate URLs,11.0,https://docs.netwrix.com/docs/directorymanager/11_0/authenticate/asserviceprovider/adfs/generateurls,docs/directorymanager/11.0/authenticate/asserviceprovider/adfs/generateurls.md,,,,,,
SAML Configuration for GroupID using AD FS,11.0,https://docs.netwrix.com/docs/directorymanager/11_0/authenticate/asserviceprovider/adfs/overview,docs/directorymanager/11.0/authenticate/asserviceprovider/adfs/overview.md,,,,,,
Sign In Using AD FS,11.0,https://docs.netwrix.com/docs/directorymanager/11_0/authenticate/asserviceprovider/adfs/signin,docs/directorymanager/11.0/authenticate/asserviceprovider/adfs/signin.md,,,,,,
Configure GroupID in Microsoft Entra ID for SSO,11.0,https://docs.netwrix.com/docs/directorymanager/11_0/authenticate/asserviceprovider/entrasso/configureinentra,docs/directorymanager/11.0/authenticate/asserviceprovider/entrasso/configureinentra.md,,,,,,
Configure the Microsoft Entra SSO Application in GroupID,11.0,https://docs.netwrix.com/docs/directorymanager/11_0/authenticate/asserviceprovider/entrasso/configureproviderindirectorymanager,docs/directorymanager/11.0/authenticate/asserviceprovider/entrasso/configureproviderindirectorymanager.md,,,,,,
Generate URLs,11.0,https://docs.netwrix.com/docs/directorymanager/11_0/authenticate/asserviceprovider/entrasso/generateurls,docs/directorymanager/11.0/authenticate/asserviceprovider/entrasso/generateurls.md,,,,,,
SAML Configuration for GroupID using Microsoft Entra ID SSO,11.0,https://docs.netwrix.com/docs/directorymanager/11_0/authenticate/asserviceprovider/entrasso/overview,docs/directorymanager/11.0/authenticate/asserviceprovider/entrasso/overview.md,,,,,,
Sign In Using Microsoft Entra ID SSO,11.0,https://docs.netwrix.com/docs/directorymanager/11_0/authenticate/asserviceprovider/entrasso/signin,docs/directorymanager/11.0/authenticate/asserviceprovider/entrasso/signin.md,,,,,,
Configure GroupID In Okta,11.0,https://docs.netwrix.com/docs/directorymanager/11_0/authenticate/asserviceprovider/okta/configureinokta,docs/directorymanager/11.0/authenticate/asserviceprovider/okta/configureinokta.md,,,,,,
Configure the Okta Provider In GroupID,11.0,https://docs.netwrix.com/docs/directorymanager/11_0/authenticate/asserviceprovider/okta/configureoktaindirectorymanager,docs/directorymanager/11.0/authenticate/asserviceprovider/okta/configureoktaindirectorymanager.md,,,,,,
Generate URLs,11.0,https://docs.netwrix.com/docs/directorymanager/11_0/authenticate/asserviceprovider/okta/generateurls,docs/directorymanager/11.0/authenticate/asserviceprovider/okta/generateurls.md,,,,,,
SAML Configuration for GroupID using Okta,11.0,https://docs.netwrix.com/docs/directorymanager/11_0/authenticate/asserviceprovider/okta/overview,docs/directorymanager/11.0/authenticate/asserviceprovider/okta/overview.md,,,,,,
Sign In Using Okta,11.0,https://docs.netwrix.com/docs/directorymanager/11_0/authenticate/asserviceprovider/okta/signin,docs/directorymanager/11.0/authenticate/asserviceprovider/okta/signin.md,,,,,,
Configure GroupID In OneLogin,11.0,https://docs.netwrix.com/docs/directorymanager/11_0/authenticate/asserviceprovider/onelogin/configureinonelogin,docs/directorymanager/11.0/authenticate/asserviceprovider/onelogin/configureinonelogin.md,,,,,,
Configure the OneLogin Provider in GroupID,11.0,https://docs.netwrix.com/docs/directorymanager/11_0/authenticate/asserviceprovider/onelogin/configureoneloginindirectorymanager,docs/directorymanager/11.0/authenticate/asserviceprovider/onelogin/configureoneloginindirectorymanager.md,,,,,,
Generate URLs,11.0,https://docs.netwrix.com/docs/directorymanager/11_0/authenticate/asserviceprovider/onelogin/generateurls,docs/directorymanager/11.0/authenticate/asserviceprovider/onelogin/generateurls.md,,,,,,
SAML Configuration for GroupID using OneLogin,11.0,https://docs.netwrix.com/docs/directorymanager/11_0/authenticate/asserviceprovider/onelogin/overview,docs/directorymanager/11.0/authenticate/asserviceprovider/onelogin/overview.md,,,,,,
Sign In Using OneLogin,11.0,https://docs.netwrix.com/docs/directorymanager/11_0/authenticate/asserviceprovider/onelogin/signin,docs/directorymanager/11.0/authenticate/asserviceprovider/onelogin/signin.md,,,,,,
GroupID as a Service Provider,11.0,https://docs.netwrix.com/docs/directorymanager/11_0/authenticate/asserviceprovider/overview,docs/directorymanager/11.0/authenticate/asserviceprovider/overview.md,,,,,,
Configure GroupID In PingOne,11.0,https://docs.netwrix.com/docs/directorymanager/11_0/authenticate/asserviceprovider/pingone/configureinpingone,docs/directorymanager/11.0/authenticate/asserviceprovider/pingone/configureinpingone.md,,,,,,
Configure the PingOne Provider In GroupID,11.0,https://docs.netwrix.com/docs/directorymanager/11_0/authenticate/asserviceprovider/pingone/configurepingoneindirectorymanager,docs/directorymanager/11.0/authenticate/asserviceprovider/pingone/configurepingoneindirectorymanager.md,,,,,,
Generate the Consumer URL and Metadata File,11.0,https://docs.netwrix.com/docs/directorymanager/11_0/authenticate/asserviceprovider/pingone/generatemetadata,docs/directorymanager/11.0/authenticate/asserviceprovider/pingone/generatemetadata.md,,,,,,
SAML Configuration for GroupID using PingOne,11.0,https://docs.netwrix.com/docs/directorymanager/11_0/authenticate/asserviceprovider/pingone/overview,docs/directorymanager/11.0/authenticate/asserviceprovider/pingone/overview.md,,,,,,
Sign In Using PingOne,11.0,https://docs.netwrix.com/docs/directorymanager/11_0/authenticate/asserviceprovider/pingone/signin,docs/directorymanager/11.0/authenticate/asserviceprovider/pingone/signin.md,,,,,,
Authenticate,11.0,https://docs.netwrix.com/docs/directorymanager/11_0/authenticate/overview,docs/directorymanager/11.0/authenticate/overview.md,,,,,,
Microsoft Entra ID User,11.0,https://docs.netwrix.com/docs/directorymanager/11_0/configureentraid/create_1,docs/directorymanager/11.0/configureentraid/create_1.md,,,,,,
Microsoft Entra ID Identity Store,11.0,https://docs.netwrix.com/docs/directorymanager/11_0/configureentraid/create,docs/directorymanager/11.0/configureentraid/create.md,,,,,,
Configure in Microsoft Entra ID,11.0,https://docs.netwrix.com/docs/directorymanager/11_0/configureentraid/overview,docs/directorymanager/11.0/configureentraid/overview.md,,,,,,
Microsoft Entra ID Permissions,11.0,https://docs.netwrix.com/docs/directorymanager/11_0/configureentraid/register/apppermissions,docs/directorymanager/11.0/configureentraid/register/apppermissions.md,,,,,,
Registration and Permissions Assignment,11.0,https://docs.netwrix.com/docs/directorymanager/11_0/configureentraid/register/appregister,docs/directorymanager/11.0/configureentraid/register/appregister.md,,,,,,
Certificate for Modern Authentication,11.0,https://docs.netwrix.com/docs/directorymanager/11_0/configureentraid/register/modauth,docs/directorymanager/11.0/configureentraid/register/modauth.md,,,,,,
Register in Microsoft Entra ID,11.0,https://docs.netwrix.com/docs/directorymanager/11_0/configureentraid/register/overview,docs/directorymanager/11.0/configureentraid/register/overview.md,,,,,,
GroupID Credential Provider,11.0,https://docs.netwrix.com/docs/directorymanager/11_0/credentialprovider,docs/directorymanager/11.0/credentialprovider/credentialprovider.md,,,,,,
Install GroupID Credential Provider,11.0,https://docs.netwrix.com/docs/directorymanager/11_0/credentialprovider/installcp,docs/directorymanager/11.0/credentialprovider/installcp.md,,,,,,
Uninstall GroupID Credential Provider,11.0,https://docs.netwrix.com/docs/directorymanager/11_0/credentialprovider/uninstallcp,docs/directorymanager/11.0/credentialprovider/uninstallcp.md,,,,,,
GroupID 11.0,11.0,https://docs.netwrix.com/docs/directorymanager/11_0,docs/directorymanager/11.0/index.md,,,,,,
Getting Started,11.0,https://docs.netwrix.com/docs/directorymanager/11_0/introduction/gettingstarted,docs/directorymanager/11.0/introduction/gettingstarted.md,,,,,,
Netwrix GroupID v11.0 Documentation,11.0,https://docs.netwrix.com/docs/directorymanager/11_0/introduction,docs/directorymanager/11.0/introduction/introduction.md,,,,,,
What's New,11.0,https://docs.netwrix.com/docs/directorymanager/11_0/introduction/whatsnew,docs/directorymanager/11.0/introduction/whatsnew.md,,,,,,
All Commands,11.0,https://docs.netwrix.com/docs/directorymanager/11_0/managementshell/commands,docs/directorymanager/11.0/managementshell/commands.md,,,,,,
Get-Contact,11.0,https://docs.netwrix.com/docs/directorymanager/11_0/managementshell/contact/getcontact,docs/directorymanager/11.0/managementshell/contact/getcontact.md,,,,,,
New-Contact,11.0,https://docs.netwrix.com/docs/directorymanager/11_0/managementshell/contact/newcontact,docs/directorymanager/11.0/managementshell/contact/newcontact.md,,,,,,
Contact Commands,11.0,https://docs.netwrix.com/docs/directorymanager/11_0/managementshell/contact/overview,docs/directorymanager/11.0/managementshell/contact/overview.md,,,,,,
Remove-Contact,11.0,https://docs.netwrix.com/docs/directorymanager/11_0/managementshell/contact/removecontact,docs/directorymanager/11.0/managementshell/contact/removecontact.md,,,,,,
Set-Contact,11.0,https://docs.netwrix.com/docs/directorymanager/11_0/managementshell/contact/setcontact,docs/directorymanager/11.0/managementshell/contact/setcontact.md,,,,,,
New-Dynasty,11.0,https://docs.netwrix.com/docs/directorymanager/11_0/managementshell/dynasty/newdynasty,docs/directorymanager/11.0/managementshell/dynasty/newdynasty.md,,,,,,
Dynasty Commands,11.0,https://docs.netwrix.com/docs/directorymanager/11_0/managementshell/dynasty/overview,docs/directorymanager/11.0/managementshell/dynasty/overview.md,,,,,,
Set-Dynasty,11.0,https://docs.netwrix.com/docs/directorymanager/11_0/managementshell/dynasty/setdynasty,docs/directorymanager/11.0/managementshell/dynasty/setdynasty.md,,,,,,
Get-Computer,11.0,https://docs.netwrix.com/docs/directorymanager/11_0/managementshell/general/getcomputer,docs/directorymanager/11.0/managementshell/general/getcomputer.md,,,,,,
Get-ConnectedStoreInformation,11.0,https://docs.netwrix.com/docs/directorymanager/11_0/managementshell/general/getconnectedstoreinformation,docs/directorymanager/11.0/managementshell/general/getconnectedstoreinformation.md,,,,,,
Get-ConnectedUser,11.0,https://docs.netwrix.com/docs/directorymanager/11_0/managementshell/general/getconnecteduser,docs/directorymanager/11.0/managementshell/general/getconnecteduser.md,,,,,,
Get-GroupIdInformation,11.0,https://docs.netwrix.com/docs/directorymanager/11_0/managementshell/general/getdirectorymanagerinformation,docs/directorymanager/11.0/managementshell/general/getdirectorymanagerinformation.md,,,,,,
Get-ImanamiCommand,11.0,https://docs.netwrix.com/docs/directorymanager/11_0/managementshell/general/getimanamicommand,docs/directorymanager/11.0/managementshell/general/getimanamicommand.md,,,,,,
Get-ReplicationStatus,11.0,https://docs.netwrix.com/docs/directorymanager/11_0/managementshell/general/getreplicationstatus,docs/directorymanager/11.0/managementshell/general/getreplicationstatus.md,,,,,,
Get-TombStoneObject,11.0,https://docs.netwrix.com/docs/directorymanager/11_0/managementshell/general/gettombstoneobject,docs/directorymanager/11.0/managementshell/general/gettombstoneobject.md,,,,,,
Invoke-Replication,11.0,https://docs.netwrix.com/docs/directorymanager/11_0/managementshell/general/invokereplication,docs/directorymanager/11.0/managementshell/general/invokereplication.md,,,,,,
New-Container,11.0,https://docs.netwrix.com/docs/directorymanager/11_0/managementshell/general/newcontainer,docs/directorymanager/11.0/managementshell/general/newcontainer.md,,,,,,
General Commands,11.0,https://docs.netwrix.com/docs/directorymanager/11_0/managementshell/general/overview,docs/directorymanager/11.0/managementshell/general/overview.md,,,,,,
Remove-Container,11.0,https://docs.netwrix.com/docs/directorymanager/11_0/managementshell/general/removecontainer,docs/directorymanager/11.0/managementshell/general/removecontainer.md,,,,,,
Restore-TombStoneObject,11.0,https://docs.netwrix.com/docs/directorymanager/11_0/managementshell/general/restoretombstoneobject,docs/directorymanager/11.0/managementshell/general/restoretombstoneobject.md,,,,,,
Send-Notification,11.0,https://docs.netwrix.com/docs/directorymanager/11_0/managementshell/general/sendnotification,docs/directorymanager/11.0/managementshell/general/sendnotification.md,,,,,,
Convert-Group,11.0,https://docs.netwrix.com/docs/directorymanager/11_0/managementshell/group/convertgroup,docs/directorymanager/11.0/managementshell/group/convertgroup.md,,,,,,
Expire-Group,11.0,https://docs.netwrix.com/docs/directorymanager/11_0/managementshell/group/expiregroup,docs/directorymanager/11.0/managementshell/group/expiregroup.md,,,,,,
Get-Group,11.0,https://docs.netwrix.com/docs/directorymanager/11_0/managementshell/group/getgroup,docs/directorymanager/11.0/managementshell/group/getgroup.md,,,,,,
Move-Group,11.0,https://docs.netwrix.com/docs/directorymanager/11_0/managementshell/group/movegroup,docs/directorymanager/11.0/managementshell/group/movegroup.md,,,,,,
New-Group,11.0,https://docs.netwrix.com/docs/directorymanager/11_0/managementshell/group/newgroup,docs/directorymanager/11.0/managementshell/group/newgroup.md,,,,,,
Group Commands,11.0,https://docs.netwrix.com/docs/directorymanager/11_0/managementshell/group/overview,docs/directorymanager/11.0/managementshell/group/overview.md,,,,,,
Remove-Group,11.0,https://docs.netwrix.com/docs/directorymanager/11_0/managementshell/group/remove-group,docs/directorymanager/11.0/managementshell/group/remove-group.md,,,,,,
Renew-Group,11.0,https://docs.netwrix.com/docs/directorymanager/11_0/managementshell/group/renewgroup,docs/directorymanager/11.0/managementshell/group/renewgroup.md,,,,,,
Set-Group,11.0,https://docs.netwrix.com/docs/directorymanager/11_0/managementshell/group/setgroup,docs/directorymanager/11.0/managementshell/group/setgroup.md,,,,,,
Clear-MessagingServer,11.0,https://docs.netwrix.com/docs/directorymanager/11_0/managementshell/identitystore/clearmessagingserver,docs/directorymanager/11.0/managementshell/identitystore/clearmessagingserver.md,,,,,,
Clear-Notifications,11.0,https://docs.netwrix.com/docs/directorymanager/11_0/managementshell/identitystore/clearnotifications,docs/directorymanager/11.0/managementshell/identitystore/clearnotifications.md,,,,,,
Clear-SmtpServer,11.0,https://docs.netwrix.com/docs/directorymanager/11_0/managementshell/identitystore/clearsmtpserver,docs/directorymanager/11.0/managementshell/identitystore/clearsmtpserver.md,,,,,,
Get-AvailableMessagingServers,11.0,https://docs.netwrix.com/docs/directorymanager/11_0/managementshell/identitystore/getavailablemessagingservers,docs/directorymanager/11.0/managementshell/identitystore/getavailablemessagingservers.md,,,,,,
Get-Client,11.0,https://docs.netwrix.com/docs/directorymanager/11_0/managementshell/identitystore/getclient,docs/directorymanager/11.0/managementshell/identitystore/getclient.md,,,,,,
Get-IdentityStore,11.0,https://docs.netwrix.com/docs/directorymanager/11_0/managementshell/identitystore/getidentitystore,docs/directorymanager/11.0/managementshell/identitystore/getidentitystore.md,,,,,,
Get-IdentityStoreRoles,11.0,https://docs.netwrix.com/docs/directorymanager/11_0/managementshell/identitystore/getidentitystoreroles,docs/directorymanager/11.0/managementshell/identitystore/getidentitystoreroles.md,,,,,,
Get-LogSettings,11.0,https://docs.netwrix.com/docs/directorymanager/11_0/managementshell/identitystore/getlogsettings,docs/directorymanager/11.0/managementshell/identitystore/getlogsettings.md,,,,,,
Get-RolePermissionNames,11.0,https://docs.netwrix.com/docs/directorymanager/11_0/managementshell/identitystore/getrolepermissionnames,docs/directorymanager/11.0/managementshell/identitystore/getrolepermissionnames.md,,,,,,
Get-SchemaAttributes,11.0,https://docs.netwrix.com/docs/directorymanager/11_0/managementshell/identitystore/getschemaattributes,docs/directorymanager/11.0/managementshell/identitystore/getschemaattributes.md,,,,,,
Get-SmsGateways,11.0,https://docs.netwrix.com/docs/directorymanager/11_0/managementshell/identitystore/getsmsgateways,docs/directorymanager/11.0/managementshell/identitystore/getsmsgateways.md,,,,,,
Get-UserRole,11.0,https://docs.netwrix.com/docs/directorymanager/11_0/managementshell/identitystore/getuserrole,docs/directorymanager/11.0/managementshell/identitystore/getuserrole.md,,,,,,
New-IdentityStore,11.0,https://docs.netwrix.com/docs/directorymanager/11_0/managementshell/identitystore/newidentitystore,docs/directorymanager/11.0/managementshell/identitystore/newidentitystore.md,,,,,,
Identity Store Commands,11.0,https://docs.netwrix.com/docs/directorymanager/11_0/managementshell/identitystore/overview,docs/directorymanager/11.0/managementshell/identitystore/overview.md,,,,,,
Remove-IdentityStore,11.0,https://docs.netwrix.com/docs/directorymanager/11_0/managementshell/identitystore/removeidentitystore,docs/directorymanager/11.0/managementshell/identitystore/removeidentitystore.md,,,,,,
Send-TestNotification,11.0,https://docs.netwrix.com/docs/directorymanager/11_0/managementshell/identitystore/sendtestnotification,docs/directorymanager/11.0/managementshell/identitystore/sendtestnotification.md,,,,,,
Set-IdentityStore,11.0,https://docs.netwrix.com/docs/directorymanager/11_0/managementshell/identitystore/setidentitystore,docs/directorymanager/11.0/managementshell/identitystore/setidentitystore.md,,,,,,
Set-IdentityStoreRole,11.0,https://docs.netwrix.com/docs/directorymanager/11_0/managementshell/identitystore/setidentitystorerole,docs/directorymanager/11.0/managementshell/identitystore/setidentitystorerole.md,,,,,,
Set-MessagingServer,11.0,https://docs.netwrix.com/docs/directorymanager/11_0/managementshell/identitystore/setmessagingserver,docs/directorymanager/11.0/managementshell/identitystore/setmessagingserver.md,,,,,,
Set-Notifications,11.0,https://docs.netwrix.com/docs/directorymanager/11_0/managementshell/identitystore/setnotifications,docs/directorymanager/11.0/managementshell/identitystore/setnotifications.md,,,,,,
Set-SmtpServer,11.0,https://docs.netwrix.com/docs/directorymanager/11_0/managementshell/identitystore/setsmtpserver,docs/directorymanager/11.0/managementshell/identitystore/setsmtpserver.md,,,,,,
Connect-IdentityStore,11.0,https://docs.netwrix.com/docs/directorymanager/11_0/managementshell/identitystoreconnection/connectidentitystore,docs/directorymanager/11.0/managementshell/identitystoreconnection/connectidentitystore.md,,,,,,
Get-Token,11.0,https://docs.netwrix.com/docs/directorymanager/11_0/managementshell/identitystoreconnection/gettoken,docs/directorymanager/11.0/managementshell/identitystoreconnection/gettoken.md,,,,,,
Identity Store Connection Commands,11.0,https://docs.netwrix.com/docs/directorymanager/11_0/managementshell/identitystoreconnection/overview,docs/directorymanager/11.0/managementshell/identitystoreconnection/overview.md,,,,,,
Get-Mailbox,11.0,https://docs.netwrix.com/docs/directorymanager/11_0/managementshell/mailbox/getmailbox,docs/directorymanager/11.0/managementshell/mailbox/getmailbox.md,,,,,,
New-Mailbox,11.0,https://docs.netwrix.com/docs/directorymanager/11_0/managementshell/mailbox/newmailbox,docs/directorymanager/11.0/managementshell/mailbox/newmailbox.md,,,,,,
Mailbox Commands,11.0,https://docs.netwrix.com/docs/directorymanager/11_0/managementshell/mailbox/overview,docs/directorymanager/11.0/managementshell/mailbox/overview.md,,,,,,
Remove-Mailbox,11.0,https://docs.netwrix.com/docs/directorymanager/11_0/managementshell/mailbox/removemailbox,docs/directorymanager/11.0/managementshell/mailbox/removemailbox.md,,,,,,
Set-Mailbox,11.0,https://docs.netwrix.com/docs/directorymanager/11_0/managementshell/mailbox/setmailbox,docs/directorymanager/11.0/managementshell/mailbox/setmailbox.md,,,,,,
Disable-DistributionGroup,11.0,https://docs.netwrix.com/docs/directorymanager/11_0/managementshell/mailenableddisabledgroups/disabledistributiongroup,docs/directorymanager/11.0/managementshell/mailenableddisabledgroups/disabledistributiongroup.md,,,,,,
Enable-DistributionGroup,11.0,https://docs.netwrix.com/docs/directorymanager/11_0/managementshell/mailenableddisabledgroups/enabledistributiongroup,docs/directorymanager/11.0/managementshell/mailenableddisabledgroups/enabledistributiongroup.md,,,,,,
Mail-Enable/Disable Groups Commands,11.0,https://docs.netwrix.com/docs/directorymanager/11_0/managementshell/mailenableddisabledgroups/overview,docs/directorymanager/11.0/managementshell/mailenableddisabledgroups/overview.md,,,,,,
Add-GroupMember,11.0,https://docs.netwrix.com/docs/directorymanager/11_0/managementshell/membership/addgroupmember,docs/directorymanager/11.0/managementshell/membership/addgroupmember.md,,,,,,
Get-GroupMember,11.0,https://docs.netwrix.com/docs/directorymanager/11_0/managementshell/membership/getgroupmember,docs/directorymanager/11.0/managementshell/membership/getgroupmember.md,,,,,,
Get-Object,11.0,https://docs.netwrix.com/docs/directorymanager/11_0/managementshell/membership/getobject,docs/directorymanager/11.0/managementshell/membership/getobject.md,,,,,,
Membership Commands,11.0,https://docs.netwrix.com/docs/directorymanager/11_0/managementshell/membership/overview,docs/directorymanager/11.0/managementshell/membership/overview.md,,,,,,
Remove-GroupMember,11.0,https://docs.netwrix.com/docs/directorymanager/11_0/managementshell/membership/removegroupmember,docs/directorymanager/11.0/managementshell/membership/removegroupmember.md,,,,,,
Set-Object,11.0,https://docs.netwrix.com/docs/directorymanager/11_0/managementshell/membership/setobject,docs/directorymanager/11.0/managementshell/membership/setobject.md,,,,,,
GroupID Management Shell,11.0,https://docs.netwrix.com/docs/directorymanager/11_0/managementshell/overview,docs/directorymanager/11.0/managementshell/overview.md,,,,,,
Parameters,11.0,https://docs.netwrix.com/docs/directorymanager/11_0/managementshell/parameters,docs/directorymanager/11.0/managementshell/parameters.md,,,,,,
Get-Schedule,11.0,https://docs.netwrix.com/docs/directorymanager/11_0/managementshell/scheduling/getschedule,docs/directorymanager/11.0/managementshell/scheduling/getschedule.md,,,,,,
Get-TargetSchedules,11.0,https://docs.netwrix.com/docs/directorymanager/11_0/managementshell/scheduling/gettargetschedule,docs/directorymanager/11.0/managementshell/scheduling/gettargetschedule.md,,,,,,
Invoke-Schedule,11.0,https://docs.netwrix.com/docs/directorymanager/11_0/managementshell/scheduling/invokeschedule,docs/directorymanager/11.0/managementshell/scheduling/invokeschedule.md,,,,,,
New-Schedule,11.0,https://docs.netwrix.com/docs/directorymanager/11_0/managementshell/scheduling/newschedule,docs/directorymanager/11.0/managementshell/scheduling/newschedule.md,,,,,,
Scheduling Commands,11.0,https://docs.netwrix.com/docs/directorymanager/11_0/managementshell/scheduling/overview,docs/directorymanager/11.0/managementshell/scheduling/overview.md,,,,,,
Remove-Schedule,11.0,https://docs.netwrix.com/docs/directorymanager/11_0/managementshell/scheduling/removeschedule,docs/directorymanager/11.0/managementshell/scheduling/removeschedule.md,,,,,,
Set-Schedule,11.0,https://docs.netwrix.com/docs/directorymanager/11_0/managementshell/scheduling/setschedule,docs/directorymanager/11.0/managementshell/scheduling/setschedule.md,,,,,,
Stop-Schedule,11.0,https://docs.netwrix.com/docs/directorymanager/11_0/managementshell/scheduling/stopschedule,docs/directorymanager/11.0/managementshell/scheduling/stopschedule.md,,,,,,
Set the $Credentials Environment Variable,11.0,https://docs.netwrix.com/docs/directorymanager/11_0/managementshell/setthecredential,docs/directorymanager/11.0/managementshell/setthecredential.md,,,,,,
ConvertTo-StaticGroup,11.0,https://docs.netwrix.com/docs/directorymanager/11_0/managementshell/smartgroup/converttostaticgroup,docs/directorymanager/11.0/managementshell/smartgroup/converttostaticgroup.md,,,,,,
Get-SmartGroup,11.0,https://docs.netwrix.com/docs/directorymanager/11_0/managementshell/smartgroup/getsmartgroup,docs/directorymanager/11.0/managementshell/smartgroup/getsmartgroup.md,,,,,,
New-SmartGroup,11.0,https://docs.netwrix.com/docs/directorymanager/11_0/managementshell/smartgroup/newsmartgroup,docs/directorymanager/11.0/managementshell/smartgroup/newsmartgroup.md,,,,,,
Smart Group Commands,11.0,https://docs.netwrix.com/docs/directorymanager/11_0/managementshell/smartgroup/overview,docs/directorymanager/11.0/managementshell/smartgroup/overview.md,,,,,,
Set-SmartGroup,11.0,https://docs.netwrix.com/docs/directorymanager/11_0/managementshell/smartgroup/setsmartgroup,docs/directorymanager/11.0/managementshell/smartgroup/setsmartgroup.md,,,,,,
Update-Group,11.0,https://docs.netwrix.com/docs/directorymanager/11_0/managementshell/smartgroup/updategroup,docs/directorymanager/11.0/managementshell/smartgroup/updategroup.md,,,,,,
Upgrade-Group,11.0,https://docs.netwrix.com/docs/directorymanager/11_0/managementshell/smartgroup/upgradegroup,docs/directorymanager/11.0/managementshell/smartgroup/upgradegroup.md,,,,,,
Get-User,11.0,https://docs.netwrix.com/docs/directorymanager/11_0/managementshell/user/getuser,docs/directorymanager/11.0/managementshell/user/getuser.md,,,,,,
Get-UserEnrollment,11.0,https://docs.netwrix.com/docs/directorymanager/11_0/managementshell/user/getuserenrollment,docs/directorymanager/11.0/managementshell/user/getuserenrollment.md,,,,,,
New-User,11.0,https://docs.netwrix.com/docs/directorymanager/11_0/managementshell/user/newuser,docs/directorymanager/11.0/managementshell/user/newuser.md,,,,,,
User Commands,11.0,https://docs.netwrix.com/docs/directorymanager/11_0/managementshell/user/overview,docs/directorymanager/11.0/managementshell/user/overview.md,,,,,,
Remove-User,11.0,https://docs.netwrix.com/docs/directorymanager/11_0/managementshell/user/removeuser,docs/directorymanager/11.0/managementshell/user/removeuser.md,,,,,,
Set-User,11.0,https://docs.netwrix.com/docs/directorymanager/11_0/managementshell/user/setuser,docs/directorymanager/11.0/managementshell/user/setuser.md,,,,,,
Extend-User,11.0,https://docs.netwrix.com/docs/directorymanager/11_0/managementshell/userlifecycle/extenduser,docs/directorymanager/11.0/managementshell/userlifecycle/extenduser.md,,,,,,
Get-Status,11.0,https://docs.netwrix.com/docs/directorymanager/11_0/managementshell/userlifecycle/getstatus,docs/directorymanager/11.0/managementshell/userlifecycle/getstatus.md,,,,,,
User Lifecycle Commands,11.0,https://docs.netwrix.com/docs/directorymanager/11_0/managementshell/userlifecycle/overview,docs/directorymanager/11.0/managementshell/userlifecycle/overview.md,,,,,,
Reinstate-User,11.0,https://docs.netwrix.com/docs/directorymanager/11_0/managementshell/userlifecycle/reinstateuser,docs/directorymanager/11.0/managementshell/userlifecycle/reinstateuser.md,,,,,,
Terminate-DirectReports,11.0,https://docs.netwrix.com/docs/directorymanager/11_0/managementshell/userlifecycle/terminatedirectreports,docs/directorymanager/11.0/managementshell/userlifecycle/terminatedirectreports.md,,,,,,
Transfer-DirectReports,11.0,https://docs.netwrix.com/docs/directorymanager/11_0/managementshell/userlifecycle/transferdirectreports,docs/directorymanager/11.0/managementshell/userlifecycle/transferdirectreports.md,,,,,,
Database Requirements,11.0,https://docs.netwrix.com/docs/directorymanager/11_0/requirements/database,docs/directorymanager/11.0/requirements/database.md,,,,,,
Supported Microsoft Exchange Servers,11.0,https://docs.netwrix.com/docs/directorymanager/11_0/requirements/exchange_servers,docs/directorymanager/11.0/requirements/exchange_servers.md,,,,,,
Hardware Requirements,11.0,https://docs.netwrix.com/docs/directorymanager/11_0/requirements/hardware,docs/directorymanager/11.0/requirements/hardware.md,,,,,,
Service Account for Active Directory and Exchange,11.0,https://docs.netwrix.com/docs/directorymanager/11_0/requirements/moreinfo/adserviceaccount,docs/directorymanager/11.0/requirements/moreinfo/adserviceaccount.md,,,,,,
gMSA for Active Directory,11.0,https://docs.netwrix.com/docs/directorymanager/11_0/requirements/moreinfo/gmsarequirements,docs/directorymanager/11.0/requirements/moreinfo/gmsarequirements.md,,,,,,
Service Accounts,11.0,https://docs.netwrix.com/docs/directorymanager/11_0/requirements/moreinfo/overview,docs/directorymanager/11.0/requirements/moreinfo/overview.md,,,,,,
Requirements,11.0,https://docs.netwrix.com/docs/directorymanager/11_0/requirements,docs/directorymanager/11.0/requirements/requirements.md,,,,,,
Microsoft Windows Servers Requirements,11.0,https://docs.netwrix.com/docs/directorymanager/11_0/requirements/windowsserver,docs/directorymanager/11.0/requirements/windowsserver.md,,,,,,
Admin Center,11.0,https://docs.netwrix.com/docs/directorymanager/11_0/signin/applications/admincenter,docs/directorymanager/11.0/signin/applications/admincenter.md,,,,,,
GroupID Applications,11.0,https://docs.netwrix.com/docs/directorymanager/11_0/signin/applications,docs/directorymanager/11.0/signin/applications/applications.md,,,,,,
Display Type Categories,11.0,https://docs.netwrix.com/docs/directorymanager/11_0/signin/applications/portal/categories,docs/directorymanager/11.0/signin/applications/portal/categories/categories.md,,,,,,
Define Custom Display Types,11.0,https://docs.netwrix.com/docs/directorymanager/11_0/signin/applications/portal/categories/custom,docs/directorymanager/11.0/signin/applications/portal/categories/custom.md,,,,,,
Drop-down List Display Type,11.0,https://docs.netwrix.com/docs/directorymanager/11_0/signin/applications/portal/categories/dropdownlist,docs/directorymanager/11.0/signin/applications/portal/categories/dropdownlist.md,,,,,,
Grid Display Type,11.0,https://docs.netwrix.com/docs/directorymanager/11_0/signin/applications/portal/categories/grid,docs/directorymanager/11.0/signin/applications/portal/categories/grid.md,,,,,,
Image Display Type,11.0,https://docs.netwrix.com/docs/directorymanager/11_0/signin/applications/portal/categories/image,docs/directorymanager/11.0/signin/applications/portal/categories/image.md,,,,,,
Linked Combo Type - Details,11.0,https://docs.netwrix.com/docs/directorymanager/11_0/signin/applications/portal/categories/linkedcombo/details,docs/directorymanager/11.0/signin/applications/portal/categories/linkedcombo/details.md,,,,,,
Excel Data File Format,11.0,https://docs.netwrix.com/docs/directorymanager/11_0/signin/applications/portal/categories/linkedcombo/fileformat,docs/directorymanager/11.0/signin/applications/portal/categories/linkedcombo/fileformat.md,,,,,,
Linked Combo Display Type,11.0,https://docs.netwrix.com/docs/directorymanager/11_0/signin/applications/portal/categories/linkedcombo/overview,docs/directorymanager/11.0/signin/applications/portal/categories/linkedcombo/overview.md,,,,,,
Linked Combo Type - Schema,11.0,https://docs.netwrix.com/docs/directorymanager/11_0/signin/applications/portal/categories/linkedcombo/schema,docs/directorymanager/11.0/signin/applications/portal/categories/linkedcombo/schema.md,,,,,,
Linked Field Drop-down List Display Type,11.0,https://docs.netwrix.com/docs/directorymanager/11_0/signin/applications/portal/categories/linkeddropdown,docs/directorymanager/11.0/signin/applications/portal/categories/linkeddropdown.md,,,,,,
Multiline Textbox Display Type,11.0,https://docs.netwrix.com/docs/directorymanager/11_0/signin/applications/portal/categories/multilinetextbox,docs/directorymanager/11.0/signin/applications/portal/categories/multilinetextbox.md,,,,,,
Radio Button Display Type,11.0,https://docs.netwrix.com/docs/directorymanager/11_0/signin/applications/portal/categories/radio,docs/directorymanager/11.0/signin/applications/portal/categories/radio.md,,,,,,
Text Box Display Type,11.0,https://docs.netwrix.com/docs/directorymanager/11_0/signin/applications/portal/categories/textbox,docs/directorymanager/11.0/signin/applications/portal/categories/textbox.md,,,,,,
Create a GroupID Portal,11.0,https://docs.netwrix.com/docs/directorymanager/11_0/signin/applications/portal/create,docs/directorymanager/11.0/signin/applications/portal/create.md,,,,,,
Delete a Portal,11.0,https://docs.netwrix.com/docs/directorymanager/11_0/signin/applications/portal/delete,docs/directorymanager/11.0/signin/applications/portal/delete.md,,,,,,
Manage the Bad Words List,11.0,https://docs.netwrix.com/docs/directorymanager/11_0/signin/applications/portal/displaytype/badwords,docs/directorymanager/11.0/signin/applications/portal/displaytype/badwords.md,,,,,,
Customize the Create Object Wizards,11.0,https://docs.netwrix.com/docs/directorymanager/11_0/signin/applications/portal/displaytype/createobject,docs/directorymanager/11.0/signin/applications/portal/displaytype/createobject.md,,,,,,
Specify Attributes for Import/Export of Group Owners and Members,11.0,https://docs.netwrix.com/docs/directorymanager/11_0/signin/applications/portal/displaytype/importexport,docs/directorymanager/11.0/signin/applications/portal/displaytype/importexport.md,,,,,,
Customize the Navigation Bar,11.0,https://docs.netwrix.com/docs/directorymanager/11_0/signin/applications/portal/displaytype/navigationbar,docs/directorymanager/11.0/signin/applications/portal/displaytype/navigationbar.md,,,,,,
Specify Attributes for the Object Card,11.0,https://docs.netwrix.com/docs/directorymanager/11_0/signin/applications/portal/displaytype/objectcard,docs/directorymanager/11.0/signin/applications/portal/displaytype/objectcard.md,,,,,,
Specify Attributes for Object List View,11.0,https://docs.netwrix.com/docs/directorymanager/11_0/signin/applications/portal/displaytype/objectlist,docs/directorymanager/11.0/signin/applications/portal/displaytype/objectlist.md,,,,,,
Customize Properties Pages,11.0,https://docs.netwrix.com/docs/directorymanager/11_0/signin/applications/portal/displaytype/objectproperties,docs/directorymanager/11.0/signin/applications/portal/displaytype/objectproperties.md,,,,,,
Specify Attributes for Organizational Hierarchy,11.0,https://docs.netwrix.com/docs/directorymanager/11_0/signin/applications/portal/displaytype/organizationalhierarchy,docs/directorymanager/11.0/signin/applications/portal/displaytype/organizationalhierarchy.md,,,,,,
Design a Portal with Display Types,11.0,https://docs.netwrix.com/docs/directorymanager/11_0/signin/applications/portal/displaytype/overview,docs/directorymanager/11.0/signin/applications/portal/displaytype/overview.md,,,,,,
Manage Property Validation Attributes,11.0,https://docs.netwrix.com/docs/directorymanager/11_0/signin/applications/portal/displaytype/propertyvalidation,docs/directorymanager/11.0/signin/applications/portal/displaytype/propertyvalidation.md,,,,,,
Specify Smart Group Query Attributes,11.0,https://docs.netwrix.com/docs/directorymanager/11_0/signin/applications/portal/displaytype/queryattributes,docs/directorymanager/11.0/signin/applications/portal/displaytype/queryattributes.md,,,,,,
Customize Quick Search,11.0,https://docs.netwrix.com/docs/directorymanager/11_0/signin/applications/portal/displaytype/quicksearch,docs/directorymanager/11.0/signin/applications/portal/displaytype/quicksearch.md,,,,,,
Customize Search Forms,11.0,https://docs.netwrix.com/docs/directorymanager/11_0/signin/applications/portal/displaytype/searchforms,docs/directorymanager/11.0/signin/applications/portal/displaytype/searchforms.md,,,,,,
Customize Search Results,11.0,https://docs.netwrix.com/docs/directorymanager/11_0/signin/applications/portal/displaytype/searchresults,docs/directorymanager/11.0/signin/applications/portal/displaytype/searchresults.md,,,,,,
The ‘Send on Behalf’ and ‘Send As’ Permissions,11.0,https://docs.netwrix.com/docs/directorymanager/11_0/signin/applications/portal/displaytype/sendasonbehalf,docs/directorymanager/11.0/signin/applications/portal/displaytype/sendasonbehalf.md,,,,,,
Customize the Toolbars,11.0,https://docs.netwrix.com/docs/directorymanager/11_0/signin/applications/portal/displaytype/toolbars,docs/directorymanager/11.0/signin/applications/portal/displaytype/toolbars.md,,,,,,
GroupID Portal,11.0,https://docs.netwrix.com/docs/directorymanager/11_0/signin/applications/portal/overview,docs/directorymanager/11.0/signin/applications/portal/overview.md,,,,,,
Manage Advanced Settings,11.0,https://docs.netwrix.com/docs/directorymanager/11_0/signin/applications/portal/server/advanced,docs/directorymanager/11.0/signin/applications/portal/server/advanced.md,,,,,,
Manage General Server Settings,11.0,https://docs.netwrix.com/docs/directorymanager/11_0/signin/applications/portal/server/general,docs/directorymanager/11.0/signin/applications/portal/server/general.md,,,,,,
Manage Log Settings,11.0,https://docs.netwrix.com/docs/directorymanager/11_0/signin/applications/portal/server/log,docs/directorymanager/11.0/signin/applications/portal/server/log.md,,,,,,
Manage Settings for a Native IIS Deployment,11.0,https://docs.netwrix.com/docs/directorymanager/11_0/signin/applications/portal/server/nativeiis,docs/directorymanager/11.0/signin/applications/portal/server/nativeiis.md,,,,,,
Server Settings,11.0,https://docs.netwrix.com/docs/directorymanager/11_0/signin/applications/portal/server/overview,docs/directorymanager/11.0/signin/applications/portal/server/overview.md,,,,,,
Manage Settings for a Remote IIS Deployment,11.0,https://docs.netwrix.com/docs/directorymanager/11_0/signin/applications/portal/server/remoteiis,docs/directorymanager/11.0/signin/applications/portal/server/remoteiis.md,,,,,,
Add Support for a Portal,11.0,https://docs.netwrix.com/docs/directorymanager/11_0/signin/applications/portal/server/support,docs/directorymanager/11.0/signin/applications/portal/server/support.md,,,,,,
Prerequisites for Deployments in Remote IIS,11.0,https://docs.netwrix.com/docs/directorymanager/11_0/signin/applications/remoteiisprerequisites,docs/directorymanager/11.0/signin/applications/remoteiisprerequisites.md,,,,,,
Authenticate with Authentication Types,11.0,https://docs.netwrix.com/docs/directorymanager/11_0/signin/authpolicy/authenticate,docs/directorymanager/11.0/signin/authpolicy/authenticate.md,,,,,,
Authentication Policy,11.0,https://docs.netwrix.com/docs/directorymanager/11_0/signin/authpolicy,docs/directorymanager/11.0/signin/authpolicy/authpolicy.md,,,,,,
Enroll with Authentication Types,11.0,https://docs.netwrix.com/docs/directorymanager/11_0/signin/authpolicy/enroll,docs/directorymanager/11.0/signin/authpolicy/enroll.md,,,,,,
Configure Multifactor Authentication,11.0,https://docs.netwrix.com/docs/directorymanager/11_0/signin/authpolicy/mfa,docs/directorymanager/11.0/signin/authpolicy/mfa.md,,,,,,
Set up Authentication via Authenticator,11.0,https://docs.netwrix.com/docs/directorymanager/11_0/signin/authpolicy/setupauth/authenticator,docs/directorymanager/11.0/signin/authpolicy/setupauth/authenticator.md,,,,,,
Set up Authentication via Email,11.0,https://docs.netwrix.com/docs/directorymanager/11_0/signin/authpolicy/setupauth/email,docs/directorymanager/11.0/signin/authpolicy/setupauth/email.md,,,,,,
Set up Authentication via Linked Account,11.0,https://docs.netwrix.com/docs/directorymanager/11_0/signin/authpolicy/setupauth/linkedaccount,docs/directorymanager/11.0/signin/authpolicy/setupauth/linkedaccount.md,,,,,,
Set Up Authentication Types,11.0,https://docs.netwrix.com/docs/directorymanager/11_0/signin/authpolicy/setupauth/overview,docs/directorymanager/11.0/signin/authpolicy/setupauth/overview.md,,,,,,
Set up Authentication via Security Questions,11.0,https://docs.netwrix.com/docs/directorymanager/11_0/signin/authpolicy/setupauth/securityquestions,docs/directorymanager/11.0/signin/authpolicy/setupauth/securityquestions.md,,,,,,
Set up Authentication via Windows Hello,11.0,https://docs.netwrix.com/docs/directorymanager/11_0/signin/authpolicy/setupauth/windowshello,docs/directorymanager/11.0/signin/authpolicy/setupauth/windowshello.md,,,,,,
Set up Authentication via YubiKey,11.0,https://docs.netwrix.com/docs/directorymanager/11_0/signin/authpolicy/setupauth/yubikey,docs/directorymanager/11.0/signin/authpolicy/setupauth/yubikey.md,,,,,,
Configure Second Factor Authentication,11.0,https://docs.netwrix.com/docs/directorymanager/11_0/signin/authpolicy/sfa,docs/directorymanager/11.0/signin/authpolicy/sfa.md,,,,,,
Access your Applications,11.0,https://docs.netwrix.com/docs/directorymanager/11_0/signin/concepts/accessapplications,docs/directorymanager/11.0/signin/concepts/accessapplications.md,,,,,,
Change your Password,11.0,https://docs.netwrix.com/docs/directorymanager/11_0/signin/concepts/changepassword,docs/directorymanager/11.0/signin/concepts/changepassword.md,,,,,,
Group Management Concepts,11.0,https://docs.netwrix.com/docs/directorymanager/11_0/signin/concepts,docs/directorymanager/11.0/signin/concepts/concepts.md,,,,,,
Dashboard,11.0,https://docs.netwrix.com/docs/directorymanager/11_0/signin/concepts/dashboard,docs/directorymanager/11.0/signin/concepts/dashboard.md,,,,,,
Manage the Global Question Pool,11.0,https://docs.netwrix.com/docs/directorymanager/11_0/signin/concepts/globalpool,docs/directorymanager/11.0/signin/concepts/globalpool.md,,,,,,
Admin Center History,11.0,https://docs.netwrix.com/docs/directorymanager/11_0/signin/concepts/history_1,docs/directorymanager/11.0/signin/concepts/history_1.md,,,,,,
History in GroupID,11.0,https://docs.netwrix.com/docs/directorymanager/11_0/signin/concepts/history,docs/directorymanager/11.0/signin/concepts/history.md,,,,,,
License GroupID,11.0,https://docs.netwrix.com/docs/directorymanager/11_0/signin/concepts/licensing,docs/directorymanager/11.0/signin/concepts/licensing.md,,,,,,
Get Logs,11.0,https://docs.netwrix.com/docs/directorymanager/11_0/signin/concepts/logs,docs/directorymanager/11.0/signin/concepts/logs.md,,,,,,
Navigation,11.0,https://docs.netwrix.com/docs/directorymanager/11_0/signin/concepts/navigation,docs/directorymanager/11.0/signin/concepts/navigation.md,,,,,,
Switch Accounts,11.0,https://docs.netwrix.com/docs/directorymanager/11_0/signin/concepts/switchaccount,docs/directorymanager/11.0/signin/concepts/switchaccount.md,,,,,,
Create a Data Source,11.0,https://docs.netwrix.com/docs/directorymanager/11_0/signin/datasource/create,docs/directorymanager/11.0/signin/datasource/create.md,,,,,,
Manage a Data Source,11.0,https://docs.netwrix.com/docs/directorymanager/11_0/signin/datasource/manage,docs/directorymanager/11.0/signin/datasource/manage.md,,,,,,
Data Sources,11.0,https://docs.netwrix.com/docs/directorymanager/11_0/signin/datasource/overview,docs/directorymanager/11.0/signin/datasource/overview.md,,,,,,
Manage SharePoint Sites,11.0,https://docs.netwrix.com/docs/directorymanager/11_0/signin/entitlement/manage_1,docs/directorymanager/11.0/signin/entitlement/manage_1.md,,,,,,
Manage File Servers,11.0,https://docs.netwrix.com/docs/directorymanager/11_0/signin/entitlement/manage,docs/directorymanager/11.0/signin/entitlement/manage.md,,,,,,
Entitlement,11.0,https://docs.netwrix.com/docs/directorymanager/11_0/signin/entitlement/overview,docs/directorymanager/11.0/signin/entitlement/overview.md,,,,,,
History in Helpdesk,11.0,https://docs.netwrix.com/docs/directorymanager/11_0/signin/helpdesk/history,docs/directorymanager/11.0/signin/helpdesk/history.md,,,,,,
Notify Users to Enroll,11.0,https://docs.netwrix.com/docs/directorymanager/11_0/signin/helpdesk/operation/asktoenroll,docs/directorymanager/11.0/signin/helpdesk/operation/asktoenroll.md,,,,,,
Export Users' List to a File,11.0,https://docs.netwrix.com/docs/directorymanager/11_0/signin/helpdesk/operation/export,docs/directorymanager/11.0/signin/helpdesk/operation/export.md,,,,,,
Helpdesk Operations,11.0,https://docs.netwrix.com/docs/directorymanager/11_0/signin/helpdesk/operation/overview,docs/directorymanager/11.0/signin/helpdesk/operation/overview.md,,,,,,
Reset Passwords,11.0,https://docs.netwrix.com/docs/directorymanager/11_0/signin/helpdesk/operation/resetpassword,docs/directorymanager/11.0/signin/helpdesk/operation/resetpassword.md,,,,,,
Search Users,11.0,https://docs.netwrix.com/docs/directorymanager/11_0/signin/helpdesk/operation/search,docs/directorymanager/11.0/signin/helpdesk/operation/search.md,,,,,,
Unenroll a User,11.0,https://docs.netwrix.com/docs/directorymanager/11_0/signin/helpdesk/operation/unenroll,docs/directorymanager/11.0/signin/helpdesk/operation/unenroll.md,,,,,,
Unlock Accounts,11.0,https://docs.netwrix.com/docs/directorymanager/11_0/signin/helpdesk/operation/unlockaccount,docs/directorymanager/11.0/signin/helpdesk/operation/unlockaccount.md,,,,,,
Helpdesk,11.0,https://docs.netwrix.com/docs/directorymanager/11_0/signin/helpdesk/overview,docs/directorymanager/11.0/signin/helpdesk/overview.md,,,,,,
Microsoft Entra ID vs. Active Directory Identity Stores,11.0,https://docs.netwrix.com/docs/directorymanager/11_0/signin/identitystore/advsentraid,docs/directorymanager/11.0/signin/identitystore/advsentraid.md,,,,,,
Enable Authentication Types,11.0,https://docs.netwrix.com/docs/directorymanager/11_0/signin/identitystore/configure/authtypes,docs/directorymanager/11.0/signin/identitystore/configure/authtypes.md,,,,,,
Manage Circular Reference,11.0,https://docs.netwrix.com/docs/directorymanager/11_0/signin/identitystore/configure/circularreference,docs/directorymanager/11.0/signin/identitystore/configure/circularreference.md,,,,,,
Configure an Identity Store,11.0,https://docs.netwrix.com/docs/directorymanager/11_0/signin/identitystore/configure,docs/directorymanager/11.0/signin/identitystore/configure/configure.md,,,,,,
Manage Dynasty Settings,11.0,https://docs.netwrix.com/docs/directorymanager/11_0/signin/identitystore/configure/dynastysettings,docs/directorymanager/11.0/signin/identitystore/configure/dynastysettings.md,,,,,,
Group Expiry and Deletion,11.0,https://docs.netwrix.com/docs/directorymanager/11_0/signin/identitystore/configure/groupexpirydeletion,docs/directorymanager/11.0/signin/identitystore/configure/groupexpirydeletion.md,,,,,,
Manage Group Lifecycle Settings,11.0,https://docs.netwrix.com/docs/directorymanager/11_0/signin/identitystore/configure/grouplifecycle,docs/directorymanager/11.0/signin/identitystore/configure/grouplifecycle.md,,,,,,
Configure History Tracking,11.0,https://docs.netwrix.com/docs/directorymanager/11_0/signin/identitystore/configure/historytracking,docs/directorymanager/11.0/signin/identitystore/configure/historytracking.md,,,,,,
Manage Membership Life Cycle Policies,11.0,https://docs.netwrix.com/docs/directorymanager/11_0/signin/identitystore/configure/membershiplifecycle,docs/directorymanager/11.0/signin/identitystore/configure/membershiplifecycle.md,,,,,,
Configure a Messaging Provider,11.0,https://docs.netwrix.com/docs/directorymanager/11_0/signin/identitystore/configure/messagingprovider,docs/directorymanager/11.0/signin/identitystore/configure/messagingprovider.md,,,,,,
Manage Group Membership Settings,11.0,https://docs.netwrix.com/docs/directorymanager/11_0/signin/identitystore/configure/outofbounds,docs/directorymanager/11.0/signin/identitystore/configure/outofbounds.md,,,,,,
Configure Password Options,11.0,https://docs.netwrix.com/docs/directorymanager/11_0/signin/identitystore/configure/passwordoptions,docs/directorymanager/11.0/signin/identitystore/configure/passwordoptions.md,,,,,,
Set Group Name Prefixes,11.0,https://docs.netwrix.com/docs/directorymanager/11_0/signin/identitystore/configure/prefixes,docs/directorymanager/11.0/signin/identitystore/configure/prefixes.md,,,,,,
Configure User Profile Validation,11.0,https://docs.netwrix.com/docs/directorymanager/11_0/signin/identitystore/configure/profilevalidation,docs/directorymanager/11.0/signin/identitystore/configure/profilevalidation.md,,,,,,
Second Way Authentication - SWA,11.0,https://docs.netwrix.com/docs/directorymanager/11_0/signin/identitystore/configure/secondwayauthentication,docs/directorymanager/11.0/signin/identitystore/configure/secondwayauthentication.md,,,,,,
Manage the Local Question Pool,11.0,https://docs.netwrix.com/docs/directorymanager/11_0/signin/identitystore/configure/securityquestions,docs/directorymanager/11.0/signin/identitystore/configure/securityquestions.md,,,,,,
SMS Authentication,11.0,https://docs.netwrix.com/docs/directorymanager/11_0/signin/identitystore/configure/smsauthentication,docs/directorymanager/11.0/signin/identitystore/configure/smsauthentication.md,,,,,,
Configure an SMTP Server,11.0,https://docs.netwrix.com/docs/directorymanager/11_0/signin/identitystore/configure/smtpserver,docs/directorymanager/11.0/signin/identitystore/configure/smtpserver.md,,,,,,
Create an Identity Store,11.0,https://docs.netwrix.com/docs/directorymanager/11_0/signin/identitystore/create,docs/directorymanager/11.0/signin/identitystore/create.md,,,,,,
Manage Identity Store Links,11.0,https://docs.netwrix.com/docs/directorymanager/11_0/signin/identitystore/link/manage,docs/directorymanager/11.0/signin/identitystore/link/manage.md,,,,,,
Link Identity Stores,11.0,https://docs.netwrix.com/docs/directorymanager/11_0/signin/identitystore/link/overview,docs/directorymanager/11.0/signin/identitystore/link/overview.md,,,,,,
Manage an Identity Store,11.0,https://docs.netwrix.com/docs/directorymanager/11_0/signin/identitystore/manage,docs/directorymanager/11.0/signin/identitystore/manage.md,,,,,,
Identity Stores,11.0,https://docs.netwrix.com/docs/directorymanager/11_0/signin/identitystore/overview,docs/directorymanager/11.0/signin/identitystore/overview.md,,,,,,
Manage Local Replication Settings,11.0,https://docs.netwrix.com/docs/directorymanager/11_0/signin/identitystore/replication,docs/directorymanager/11.0/signin/identitystore/replication.md,,,,,,
History Item Details,11.0,https://docs.netwrix.com/docs/directorymanager/11_0/signin/identitystore/view/details,docs/directorymanager/11.0/signin/identitystore/view/details.md,,,,,,
Event Logging,11.0,https://docs.netwrix.com/docs/directorymanager/11_0/signin/identitystore/view/eventlogging,docs/directorymanager/11.0/signin/identitystore/view/eventlogging.md,,,,,,
Identity Store History,11.0,https://docs.netwrix.com/docs/directorymanager/11_0/signin/identitystore/view,docs/directorymanager/11.0/signin/identitystore/view/view.md,,,,,,
Customize Notifications,11.0,https://docs.netwrix.com/docs/directorymanager/11_0/signin/notification/customize,docs/directorymanager/11.0/signin/notification/customize.md,,,,,,
Notifications,11.0,https://docs.netwrix.com/docs/directorymanager/11_0/signin/notification/overview,docs/directorymanager/11.0/signin/notification/overview.md,,,,,,
Manage the Notification Queue,11.0,https://docs.netwrix.com/docs/directorymanager/11_0/signin/notification/queue,docs/directorymanager/11.0/signin/notification/queue.md,,,,,,
Elasticsearch and Replication,11.0,https://docs.netwrix.com/docs/directorymanager/11_0/signin/replication/overview,docs/directorymanager/11.0/signin/replication/overview.md,,,,,,
Manage Global Replication Settings,11.0,https://docs.netwrix.com/docs/directorymanager/11_0/signin/replication/settings,docs/directorymanager/11.0/signin/replication/settings.md,,,,,,
GroupID Entitlement Schedule,11.0,https://docs.netwrix.com/docs/directorymanager/11_0/signin/schedule/entitlement,docs/directorymanager/11.0/signin/schedule/entitlement.md,,,,,,
Entitlement Scope Schedule,11.0,https://docs.netwrix.com/docs/directorymanager/11_0/signin/schedule/entitlementscope,docs/directorymanager/11.0/signin/schedule/entitlementscope.md,,,,,,
Entitlement Temporary Permissions Schedule,11.0,https://docs.netwrix.com/docs/directorymanager/11_0/signin/schedule/entitlementtemporarypermissions,docs/directorymanager/11.0/signin/schedule/entitlementtemporarypermissions.md,,,,,,
Group Life Cycle Schedule,11.0,https://docs.netwrix.com/docs/directorymanager/11_0/signin/schedule/grouplifecycle,docs/directorymanager/11.0/signin/schedule/grouplifecycle.md,,,,,,
Group Usage Service Schedule,11.0,https://docs.netwrix.com/docs/directorymanager/11_0/signin/schedule/groupusageservice,docs/directorymanager/11.0/signin/schedule/groupusageservice.md,,,,,,
History Retention Schedule,11.0,https://docs.netwrix.com/docs/directorymanager/11_0/signin/schedule/historyretention,docs/directorymanager/11.0/signin/schedule/historyretention.md,,,,,,
Manage Schedules,11.0,https://docs.netwrix.com/docs/directorymanager/11_0/signin/schedule/manage,docs/directorymanager/11.0/signin/schedule/manage.md,,,,,,
Managed By Life Cycle Schedule,11.0,https://docs.netwrix.com/docs/directorymanager/11_0/signin/schedule/managedbylifecycle,docs/directorymanager/11.0/signin/schedule/managedbylifecycle.md,,,,,,
Membership Life Cycle Schedule,11.0,https://docs.netwrix.com/docs/directorymanager/11_0/signin/schedule/membershiplifecycle,docs/directorymanager/11.0/signin/schedule/membershiplifecycle.md,,,,,,
Orphan Group Update Schedule,11.0,https://docs.netwrix.com/docs/directorymanager/11_0/signin/schedule/orphangroupupdate,docs/directorymanager/11.0/signin/schedule/orphangroupupdate.md,,,,,,
Schedules,11.0,https://docs.netwrix.com/docs/directorymanager/11_0/signin/schedule/overview,docs/directorymanager/11.0/signin/schedule/overview.md,,,,,,
Reports Schedule,11.0,https://docs.netwrix.com/docs/directorymanager/11_0/signin/schedule/reports,docs/directorymanager/11.0/signin/schedule/reports.md,,,,,,
Schema Replication Schedule,11.0,https://docs.netwrix.com/docs/directorymanager/11_0/signin/schedule/schemareplication,docs/directorymanager/11.0/signin/schedule/schemareplication.md,,,,,,
Smart Group Update Schedule,11.0,https://docs.netwrix.com/docs/directorymanager/11_0/signin/schedule/smartgroupupdate,docs/directorymanager/11.0/signin/schedule/smartgroupupdate.md,,,,,,
Synchronize Schedule,11.0,https://docs.netwrix.com/docs/directorymanager/11_0/signin/schedule/synchronize,docs/directorymanager/11.0/signin/schedule/synchronize.md,,,,,,
User Life Cycle Schedule,11.0,https://docs.netwrix.com/docs/directorymanager/11_0/signin/schedule/userlifecycle,docs/directorymanager/11.0/signin/schedule/userlifecycle.md,,,,,,
Workflow Acceleration Schedule,11.0,https://docs.netwrix.com/docs/directorymanager/11_0/signin/schedule/workflowacceleration,docs/directorymanager/11.0/signin/schedule/workflowacceleration.md,,,,,,
Check the Roles of a User,11.0,https://docs.netwrix.com/docs/directorymanager/11_0/signin/securityrole/checkrole,docs/directorymanager/11.0/signin/securityrole/checkrole.md,,,,,,
Create a Security Role,11.0,https://docs.netwrix.com/docs/directorymanager/11_0/signin/securityrole/create,docs/directorymanager/11.0/signin/securityrole/create.md,,,,,,
Security Role – Criteria,11.0,https://docs.netwrix.com/docs/directorymanager/11_0/signin/securityrole/criteria,docs/directorymanager/11.0/signin/securityrole/criteria.md,,,,,,
Manage Security Roles,11.0,https://docs.netwrix.com/docs/directorymanager/11_0/signin/securityrole/manage,docs/directorymanager/11.0/signin/securityrole/manage.md,,,,,,
Security Roles,11.0,https://docs.netwrix.com/docs/directorymanager/11_0/signin/securityrole/overview,docs/directorymanager/11.0/signin/securityrole/overview.md,,,,,,
Security Role – Permissions,11.0,https://docs.netwrix.com/docs/directorymanager/11_0/signin/securityrole/permissions,docs/directorymanager/11.0/signin/securityrole/permissions.md,,,,,,
Authentication Policy for Security Roles,11.0,https://docs.netwrix.com/docs/directorymanager/11_0/signin/securityrole/policy/authentication,docs/directorymanager/11.0/signin/securityrole/policy/authentication.md,,,,,,
Group Owners Policy,11.0,https://docs.netwrix.com/docs/directorymanager/11_0/signin/securityrole/policy/groupowners,docs/directorymanager/11.0/signin/securityrole/policy/groupowners.md,,,,,,
Helpdesk Policy,11.0,https://docs.netwrix.com/docs/directorymanager/11_0/signin/securityrole/policy/helpdesk,docs/directorymanager/11.0/signin/securityrole/policy/helpdesk.md,,,,,,
New Object Policy,11.0,https://docs.netwrix.com/docs/directorymanager/11_0/signin/securityrole/policy/newobject,docs/directorymanager/11.0/signin/securityrole/policy/newobject.md,,,,,,
Security Role Policies,11.0,https://docs.netwrix.com/docs/directorymanager/11_0/signin/securityrole/policy/overview,docs/directorymanager/11.0/signin/securityrole/policy/overview.md,,,,,,
Set a Password Policy,11.0,https://docs.netwrix.com/docs/directorymanager/11_0/signin/securityrole/policy/password,docs/directorymanager/11.0/signin/securityrole/policy/password.md,,,,,,
Query Designer Policy,11.0,https://docs.netwrix.com/docs/directorymanager/11_0/signin/securityrole/policy/querydesigner,docs/directorymanager/11.0/signin/securityrole/policy/querydesigner.md,,,,,,
Search Policy,11.0,https://docs.netwrix.com/docs/directorymanager/11_0/signin/securityrole/policy/search,docs/directorymanager/11.0/signin/securityrole/policy/search.md,,,,,,
Synchronize Policy,11.0,https://docs.netwrix.com/docs/directorymanager/11_0/signin/securityrole/policy/synchronize,docs/directorymanager/11.0/signin/securityrole/policy/synchronize.md,,,,,,
Create a Data Service,11.0,https://docs.netwrix.com/docs/directorymanager/11_0/signin/service/dataservice/create,docs/directorymanager/11.0/signin/service/dataservice/create.md,,,,,,
Manage Data Service Settings,11.0,https://docs.netwrix.com/docs/directorymanager/11_0/signin/service/dataservice/manage,docs/directorymanager/11.0/signin/service/dataservice/manage.md,,,,,,
Data Service,11.0,https://docs.netwrix.com/docs/directorymanager/11_0/signin/service/dataservice/overview,docs/directorymanager/11.0/signin/service/dataservice/overview.md,,,,,,
Email Service,11.0,https://docs.netwrix.com/docs/directorymanager/11_0/signin/service/emailservice,docs/directorymanager/11.0/signin/service/emailservice.md,,,,,,
Create a Mobile Service,11.0,https://docs.netwrix.com/docs/directorymanager/11_0/signin/service/mobileservice/create,docs/directorymanager/11.0/signin/service/mobileservice/create.md,,,,,,
Delete a Service,11.0,https://docs.netwrix.com/docs/directorymanager/11_0/signin/service/mobileservice/delete,docs/directorymanager/11.0/signin/service/mobileservice/delete.md,,,,,,
Customize Object Properties Pages,11.0,https://docs.netwrix.com/docs/directorymanager/11_0/signin/service/mobileservice/design/objectproperties,docs/directorymanager/11.0/signin/service/mobileservice/design/objectproperties.md,,,,,,
Design Settings,11.0,https://docs.netwrix.com/docs/directorymanager/11_0/signin/service/mobileservice/design/overview,docs/directorymanager/11.0/signin/service/mobileservice/design/overview.md,,,,,,
Grant Permissions to Security Roles,11.0,https://docs.netwrix.com/docs/directorymanager/11_0/signin/service/mobileservice/design/permissions,docs/directorymanager/11.0/signin/service/mobileservice/design/permissions.md,,,,,,
Manage Property Validation,11.0,https://docs.netwrix.com/docs/directorymanager/11_0/signin/service/mobileservice/design/propertyvalidation,docs/directorymanager/11.0/signin/service/mobileservice/design/propertyvalidation.md,,,,,,
Manage Search Attributes,11.0,https://docs.netwrix.com/docs/directorymanager/11_0/signin/service/mobileservice/design/quicksearch,docs/directorymanager/11.0/signin/service/mobileservice/design/quicksearch.md,,,,,,
Customize the Search Results Pages,11.0,https://docs.netwrix.com/docs/directorymanager/11_0/signin/service/mobileservice/design/searchresults,docs/directorymanager/11.0/signin/service/mobileservice/design/searchresults.md,,,,,,
Mobile Service,11.0,https://docs.netwrix.com/docs/directorymanager/11_0/signin/service/mobileservice/overview,docs/directorymanager/11.0/signin/service/mobileservice/overview.md,,,,,,
Install and Configure the GroupID App,11.0,https://docs.netwrix.com/docs/directorymanager/11_0/signin/service/mobileservice/phonesetup,docs/directorymanager/11.0/signin/service/mobileservice/phonesetup.md,,,,,,
Manage Deployment Settings,11.0,https://docs.netwrix.com/docs/directorymanager/11_0/signin/service/mobileservice/server/deployment,docs/directorymanager/11.0/signin/service/mobileservice/server/deployment.md,,,,,,
Manage General Server Settings,11.0,https://docs.netwrix.com/docs/directorymanager/11_0/signin/service/mobileservice/server/general,docs/directorymanager/11.0/signin/service/mobileservice/server/general.md,,,,,,
Server Settings,11.0,https://docs.netwrix.com/docs/directorymanager/11_0/signin/service/mobileservice/server/overview,docs/directorymanager/11.0/signin/service/mobileservice/server/overview.md,,,,,,
Services,11.0,https://docs.netwrix.com/docs/directorymanager/11_0/signin/service/overview,docs/directorymanager/11.0/signin/service/overview.md,,,,,,
Replication Service,11.0,https://docs.netwrix.com/docs/directorymanager/11_0/signin/service/replicationservice,docs/directorymanager/11.0/signin/service/replicationservice.md,,,,,,
Scheduler Service,11.0,https://docs.netwrix.com/docs/directorymanager/11_0/signin/service/schedulerservice,docs/directorymanager/11.0/signin/service/schedulerservice.md,,,,,,
Create a Security Service,11.0,https://docs.netwrix.com/docs/directorymanager/11_0/signin/service/securityservice/create,docs/directorymanager/11.0/signin/service/securityservice/create.md,,,,,,
Manage Security Service Settings,11.0,https://docs.netwrix.com/docs/directorymanager/11_0/signin/service/securityservice/manage,docs/directorymanager/11.0/signin/service/securityservice/manage.md,,,,,,
Security Service,11.0,https://docs.netwrix.com/docs/directorymanager/11_0/signin/service/securityservice/overview,docs/directorymanager/11.0/signin/service/securityservice/overview.md,,,,,,
Access Admin Center,11.0,https://docs.netwrix.com/docs/directorymanager/11_0/signin,docs/directorymanager/11.0/signin/signin.md,,,,,,
ISmsGateway.AccountId,11.0,https://docs.netwrix.com/docs/directorymanager/11_0/signin/smsgateway/custom/accountid,docs/directorymanager/11.0/signin/smsgateway/custom/accountid.md,,,,,,
ShortMessage.AccessCode,11.0,https://docs.netwrix.com/docs/directorymanager/11_0/signin/smsgateway/custom/class/accesscode,docs/directorymanager/11.0/signin/smsgateway/custom/class/accesscode.md,,,,,,
SendSmsMessageResult class,11.0,https://docs.netwrix.com/docs/directorymanager/11_0/signin/smsgateway/custom/class/class_1,docs/directorymanager/11.0/signin/smsgateway/custom/class/class_1.md,,,,,,
ShortMessage class,11.0,https://docs.netwrix.com/docs/directorymanager/11_0/signin/smsgateway/custom/class,docs/directorymanager/11.0/signin/smsgateway/custom/class/class.md,,,,,,
SendSmsMessageResult.ExceptionMessage,11.0,https://docs.netwrix.com/docs/directorymanager/11_0/signin/smsgateway/custom/class/exceptionmessage,docs/directorymanager/11.0/signin/smsgateway/custom/class/exceptionmessage.md,,,,,,
ShortMessage.MaxLength,11.0,https://docs.netwrix.com/docs/directorymanager/11_0/signin/smsgateway/custom/class/maxlength,docs/directorymanager/11.0/signin/smsgateway/custom/class/maxlength.md,,,,,,
SendSmsMessageResult.Message,11.0,https://docs.netwrix.com/docs/directorymanager/11_0/signin/smsgateway/custom/class/message_1,docs/directorymanager/11.0/signin/smsgateway/custom/class/message_1.md,,,,,,
ShortMessage.Message,11.0,https://docs.netwrix.com/docs/directorymanager/11_0/signin/smsgateway/custom/class/message,docs/directorymanager/11.0/signin/smsgateway/custom/class/message.md,,,,,,
ShortMessage.PhoneNumbers,11.0,https://docs.netwrix.com/docs/directorymanager/11_0/signin/smsgateway/custom/class/phonenumbers,docs/directorymanager/11.0/signin/smsgateway/custom/class/phonenumbers.md,,,,,,
ShortMessage.ReferenceId,11.0,https://docs.netwrix.com/docs/directorymanager/11_0/signin/smsgateway/custom/class/referenceid,docs/directorymanager/11.0/signin/smsgateway/custom/class/referenceid.md,,,,,,
SendSmsMessageResult.Success,11.0,https://docs.netwrix.com/docs/directorymanager/11_0/signin/smsgateway/custom/class/success,docs/directorymanager/11.0/signin/smsgateway/custom/class/success.md,,,,,,
ShortMessage.Validate,11.0,https://docs.netwrix.com/docs/directorymanager/11_0/signin/smsgateway/custom/class/validate,docs/directorymanager/11.0/signin/smsgateway/custom/class/validate.md,,,,,,
ISmsGateway.Clone,11.0,https://docs.netwrix.com/docs/directorymanager/11_0/signin/smsgateway/custom/clone,docs/directorymanager/11.0/signin/smsgateway/custom/clone.md,,,,,,
ISMSGateway Members,11.0,https://docs.netwrix.com/docs/directorymanager/11_0/signin/smsgateway/custom/overview,docs/directorymanager/11.0/signin/smsgateway/custom/overview.md,,,,,,
ISmsGateway.Password,11.0,https://docs.netwrix.com/docs/directorymanager/11_0/signin/smsgateway/custom/password,docs/directorymanager/11.0/signin/smsgateway/custom/password.md,,,,,,
ISmsGateway.ProxyDomain,11.0,https://docs.netwrix.com/docs/directorymanager/11_0/signin/smsgateway/custom/proxydomain,docs/directorymanager/11.0/signin/smsgateway/custom/proxydomain.md,,,,,,
ISmsGateway.ProxyHostName,11.0,https://docs.netwrix.com/docs/directorymanager/11_0/signin/smsgateway/custom/proxyhostname,docs/directorymanager/11.0/signin/smsgateway/custom/proxyhostname.md,,,,,,
ISmsGateway.ProxyPassword,11.0,https://docs.netwrix.com/docs/directorymanager/11_0/signin/smsgateway/custom/proxypassword,docs/directorymanager/11.0/signin/smsgateway/custom/proxypassword.md,,,,,,
ISmsGateway.ProxyPort,11.0,https://docs.netwrix.com/docs/directorymanager/11_0/signin/smsgateway/custom/proxyport,docs/directorymanager/11.0/signin/smsgateway/custom/proxyport.md,,,,,,
ISmsGateway.ProxyUsername,11.0,https://docs.netwrix.com/docs/directorymanager/11_0/signin/smsgateway/custom/proxyusername,docs/directorymanager/11.0/signin/smsgateway/custom/proxyusername.md,,,,,,
ISmsGateway.SendShortMessage,11.0,https://docs.netwrix.com/docs/directorymanager/11_0/signin/smsgateway/custom/sendshortmessage,docs/directorymanager/11.0/signin/smsgateway/custom/sendshortmessage.md,,,,,,
ISmsGateway.TestConnection,11.0,https://docs.netwrix.com/docs/directorymanager/11_0/signin/smsgateway/custom/testconnection,docs/directorymanager/11.0/signin/smsgateway/custom/testconnection.md,,,,,,
ISmsGateway.TestCredentials,11.0,https://docs.netwrix.com/docs/directorymanager/11_0/signin/smsgateway/custom/testcredentials,docs/directorymanager/11.0/signin/smsgateway/custom/testcredentials.md,,,,,,
ISmsGateway.TestProxy,11.0,https://docs.netwrix.com/docs/directorymanager/11_0/signin/smsgateway/custom/testproxy,docs/directorymanager/11.0/signin/smsgateway/custom/testproxy.md,,,,,,
ISmsGateway.Url,11.0,https://docs.netwrix.com/docs/directorymanager/11_0/signin/smsgateway/custom/url,docs/directorymanager/11.0/signin/smsgateway/custom/url.md,,,,,,
ISmsGateway.UserId,11.0,https://docs.netwrix.com/docs/directorymanager/11_0/signin/smsgateway/custom/userid,docs/directorymanager/11.0/signin/smsgateway/custom/userid.md,,,,,,
Implement and Deploy a Custom SMS Gateway,11.0,https://docs.netwrix.com/docs/directorymanager/11_0/signin/smsgateway/implementcustom,docs/directorymanager/11.0/signin/smsgateway/implementcustom.md,,,,,,
Manage SMS Gateway Accounts,11.0,https://docs.netwrix.com/docs/directorymanager/11_0/signin/smsgateway/manage,docs/directorymanager/11.0/signin/smsgateway/manage.md,,,,,,
SMS Gateway,11.0,https://docs.netwrix.com/docs/directorymanager/11_0/signin/smsgateway/overview,docs/directorymanager/11.0/signin/smsgateway/overview.md,,,,,,
Manage Advanced Workflow Settings,11.0,https://docs.netwrix.com/docs/directorymanager/11_0/signin/workflow/advancedsettings,docs/directorymanager/11.0/signin/workflow/advancedsettings.md,,,,,,
Workflow Approver Acceleration,11.0,https://docs.netwrix.com/docs/directorymanager/11_0/signin/workflow/approveracceleration,docs/directorymanager/11.0/signin/workflow/approveracceleration.md,,,,,,
Implement Workflows,11.0,https://docs.netwrix.com/docs/directorymanager/11_0/signin/workflow/implement,docs/directorymanager/11.0/signin/workflow/implement.md,,,,,,
Integrate with Power Automate,11.0,https://docs.netwrix.com/docs/directorymanager/11_0/signin/workflow/integrate,docs/directorymanager/11.0/signin/workflow/integrate.md,,,,,,
Workflows,11.0,https://docs.netwrix.com/docs/directorymanager/11_0/signin/workflow/overview,docs/directorymanager/11.0/signin/workflow/overview.md,,,,,,
Dashboard,11.0,https://docs.netwrix.com/docs/directorymanager/11_0/welcome/dashboard,docs/directorymanager/11.0/welcome/dashboard.md,,,,,,
Computer Reports,11.0,https://docs.netwrix.com/docs/directorymanager/11_0/welcome/dashboard/computer,docs/directorymanager/11.0/welcome/dashboard/computer.md,,,,,,
Contact Reports,11.0,https://docs.netwrix.com/docs/directorymanager/11_0/welcome/dashboard/contact,docs/directorymanager/11.0/welcome/dashboard/contact.md,,,,,,
Reports,11.0,https://docs.netwrix.com/docs/directorymanager/11_0/welcome/dashboard,docs/directorymanager/11.0/welcome/dashboard/dashboard.md,,,,,,
Generate Reports,11.0,https://docs.netwrix.com/docs/directorymanager/11_0/welcome/dashboard/generate,docs/directorymanager/11.0/welcome/dashboard/generate.md,,,,,,
Group Reports,11.0,https://docs.netwrix.com/docs/directorymanager/11_0/welcome/dashboard/group,docs/directorymanager/11.0/welcome/dashboard/group.md,,,,,,
Manage Reports,11.0,https://docs.netwrix.com/docs/directorymanager/11_0/welcome/dashboard/manage,docs/directorymanager/11.0/welcome/dashboard/manage.md,,,,,,
User Reports,11.0,https://docs.netwrix.com/docs/directorymanager/11_0/welcome/dashboard/user,docs/directorymanager/11.0/welcome/dashboard/user.md,,,,,,
File Servers,11.0,https://docs.netwrix.com/docs/directorymanager/11_0/welcome/entitlement/fileservers,docs/directorymanager/11.0/welcome/entitlement/fileservers.md,,,,,,
Entitlement,11.0,https://docs.netwrix.com/docs/directorymanager/11_0/welcome/entitlement/overview,docs/directorymanager/11.0/welcome/entitlement/overview.md,,,,,,
Explore SharePoint Sites,11.0,https://docs.netwrix.com/docs/directorymanager/11_0/welcome/entitlement/sharepointsites,docs/directorymanager/11.0/welcome/entitlement/sharepointsites.md,,,,,,
Find Dialog Box,11.0,https://docs.netwrix.com/docs/directorymanager/11_0/welcome/generalfeatures/find,docs/directorymanager/11.0/welcome/generalfeatures/find.md,,,,,,
General Portal Features,11.0,https://docs.netwrix.com/docs/directorymanager/11_0/welcome/generalfeatures,docs/directorymanager/11.0/welcome/generalfeatures/generalfeatures.md,,,,,,
Portal Settings,11.0,https://docs.netwrix.com/docs/directorymanager/11_0/welcome/generalfeatures/portal,docs/directorymanager/11.0/welcome/generalfeatures/portal.md,,,,,,
Query Based Advanced Search,11.0,https://docs.netwrix.com/docs/directorymanager/11_0/welcome/generalfeatures/querysearch,docs/directorymanager/11.0/welcome/generalfeatures/querysearch.md,,,,,,
Directory Search,11.0,https://docs.netwrix.com/docs/directorymanager/11_0/welcome/generalfeatures/search,docs/directorymanager/11.0/welcome/generalfeatures/search.md,,,,,,
Toolbar,11.0,https://docs.netwrix.com/docs/directorymanager/11_0/welcome/generalfeatures/toolbar,docs/directorymanager/11.0/welcome/generalfeatures/toolbar.md,,,,,,
User Account Settings,11.0,https://docs.netwrix.com/docs/directorymanager/11_0/welcome/generalfeatures/user,docs/directorymanager/11.0/welcome/generalfeatures/user.md,,,,,,
Dynasties,11.0,https://docs.netwrix.com/docs/directorymanager/11_0/welcome/group/allgroups/alldynasties,docs/directorymanager/11.0/welcome/group/allgroups/alldynasties.md,,,,,,
Expired Groups,11.0,https://docs.netwrix.com/docs/directorymanager/11_0/welcome/group/allgroups/allexpiredgroups,docs/directorymanager/11.0/welcome/group/allgroups/allexpiredgroups.md,,,,,,
Expiring Groups,11.0,https://docs.netwrix.com/docs/directorymanager/11_0/welcome/group/allgroups/allexpiringgroups,docs/directorymanager/11.0/welcome/group/allgroups/allexpiringgroups.md,,,,,,
All Groups,11.0,https://docs.netwrix.com/docs/directorymanager/11_0/welcome/group/allgroups,docs/directorymanager/11.0/welcome/group/allgroups/allgroups.md,,,,,,
Smart Groups,11.0,https://docs.netwrix.com/docs/directorymanager/11_0/welcome/group/allgroups/allsmartgroups,docs/directorymanager/11.0/welcome/group/allgroups/allsmartgroups.md,,,,,,
Password Expiry Groups,11.0,https://docs.netwrix.com/docs/directorymanager/11_0/welcome/group/allgroups/passwordexpirygroups,docs/directorymanager/11.0/welcome/group/allgroups/passwordexpirygroups.md,,,,,,
Private Groups,11.0,https://docs.netwrix.com/docs/directorymanager/11_0/welcome/group/allgroups/privategroups,docs/directorymanager/11.0/welcome/group/allgroups/privategroups.md,,,,,,
Public Groups,11.0,https://docs.netwrix.com/docs/directorymanager/11_0/welcome/group/allgroups/publicgroups,docs/directorymanager/11.0/welcome/group/allgroups/publicgroups.md,,,,,,
Semi Private Groups,11.0,https://docs.netwrix.com/docs/directorymanager/11_0/welcome/group/allgroups/semiprivategroups,docs/directorymanager/11.0/welcome/group/allgroups/semiprivategroups.md,,,,,,
Teams,11.0,https://docs.netwrix.com/docs/directorymanager/11_0/welcome/group/allgroups/teams,docs/directorymanager/11.0/welcome/group/allgroups/teams.md,,,,,,
Create Teams,11.0,https://docs.netwrix.com/docs/directorymanager/11_0/welcome/group/create,docs/directorymanager/11.0/welcome/group/create/create.md,,,,,,
General page,11.0,https://docs.netwrix.com/docs/directorymanager/11_0/welcome/group/create/group/general_1,docs/directorymanager/11.0/welcome/group/create/group/general_1.md,,,,,,
General page,11.0,https://docs.netwrix.com/docs/directorymanager/11_0/welcome/group/create/group/general,docs/directorymanager/11.0/welcome/group/create/group/general.md,,,,,,
Create Microsoft Entra ID Groups,11.0,https://docs.netwrix.com/docs/directorymanager/11_0/welcome/group/create/group/group_1,docs/directorymanager/11.0/welcome/group/create/group/group_1.md,,,,,,
Create Active Directory Groups,11.0,https://docs.netwrix.com/docs/directorymanager/11_0/welcome/group/create/group,docs/directorymanager/11.0/welcome/group/create/group/group.md,,,,,,
Members page,11.0,https://docs.netwrix.com/docs/directorymanager/11_0/welcome/group/create/group/members,docs/directorymanager/11.0/welcome/group/create/group/members.md,,,,,,
Owners page,11.0,https://docs.netwrix.com/docs/directorymanager/11_0/welcome/group/create/group/owners,docs/directorymanager/11.0/welcome/group/create/group/owners.md,,,,,,
Smart Group page,11.0,https://docs.netwrix.com/docs/directorymanager/11_0/welcome/group/create/group/smartgroup,docs/directorymanager/11.0/welcome/group/create/group/smartgroup.md,,,,,,
Group Type page,11.0,https://docs.netwrix.com/docs/directorymanager/11_0/welcome/group/create/grouptype,docs/directorymanager/11.0/welcome/group/create/grouptype.md,,,,,,
Groups,11.0,https://docs.netwrix.com/docs/directorymanager/11_0/welcome/group/create/overview,docs/directorymanager/11.0/welcome/group/create/overview.md,,,,,,
Create a Microsoft Entra ID Dynasty,11.0,https://docs.netwrix.com/docs/directorymanager/11_0/welcome/group/dynasty/createdynasty/createdynasty_1,docs/directorymanager/11.0/welcome/group/dynasty/createdynasty/createdynasty_1.md,,,,,,
Create an Active Directory Dynasty,11.0,https://docs.netwrix.com/docs/directorymanager/11_0/welcome/group/dynasty/createdynasty,docs/directorymanager/11.0/welcome/group/dynasty/createdynasty/createdynasty.md,,,,,,
Dynasty Options page (Managerial Dynasty),11.0,https://docs.netwrix.com/docs/directorymanager/11_0/welcome/group/dynasty/createdynasty/dynastyoptionsmanagerial,docs/directorymanager/11.0/welcome/group/dynasty/createdynasty/dynastyoptionsmanagerial.md,,,,,,
Dynasty Options page,11.0,https://docs.netwrix.com/docs/directorymanager/11_0/welcome/group/dynasty/createdynasty/dynastyoptionsorggeocus,docs/directorymanager/11.0/welcome/group/dynasty/createdynasty/dynastyoptionsorggeocus.md,,,,,,
General - Microsoft Entra ID,11.0,https://docs.netwrix.com/docs/directorymanager/11_0/welcome/group/dynasty/createdynasty/general,docs/directorymanager/11.0/welcome/group/dynasty/createdynasty/general.md,,,,,,
Dynasty,11.0,https://docs.netwrix.com/docs/directorymanager/11_0/welcome/group/dynasty/overview,docs/directorymanager/11.0/welcome/group/dynasty/overview.md,,,,,,
My Deleted Groups,11.0,https://docs.netwrix.com/docs/directorymanager/11_0/welcome/group/mygroups/mydeletedgroups,docs/directorymanager/11.0/welcome/group/mygroups/mydeletedgroups.md,,,,,,
My Dynasties,11.0,https://docs.netwrix.com/docs/directorymanager/11_0/welcome/group/mygroups/mydynasties,docs/directorymanager/11.0/welcome/group/mygroups/mydynasties.md,,,,,,
My Expired Groups,11.0,https://docs.netwrix.com/docs/directorymanager/11_0/welcome/group/mygroups/myexpiredgroups,docs/directorymanager/11.0/welcome/group/mygroups/myexpiredgroups.md,,,,,,
My Expiring Groups,11.0,https://docs.netwrix.com/docs/directorymanager/11_0/welcome/group/mygroups/myexpiringgroups,docs/directorymanager/11.0/welcome/group/mygroups/myexpiringgroups.md,,,,,,
My Groups,11.0,https://docs.netwrix.com/docs/directorymanager/11_0/welcome/group/mygroups,docs/directorymanager/11.0/welcome/group/mygroups/mygroups.md,,,,,,
My Memberships,11.0,https://docs.netwrix.com/docs/directorymanager/11_0/welcome/group/mygroups/mymemberships,docs/directorymanager/11.0/welcome/group/mygroups/mymemberships.md,,,,,,
My Smart Groups,11.0,https://docs.netwrix.com/docs/directorymanager/11_0/welcome/group/mygroups/mysmartgroups,docs/directorymanager/11.0/welcome/group/mygroups/mysmartgroups.md,,,,,,
My Teams,11.0,https://docs.netwrix.com/docs/directorymanager/11_0/welcome/group/mygroups/myteams,docs/directorymanager/11.0/welcome/group/mygroups/myteams.md,,,,,,
Group Management,11.0,https://docs.netwrix.com/docs/directorymanager/11_0/welcome/group/overview,docs/directorymanager/11.0/welcome/group/overview.md,,,,,,
Group properties - Advanced tab,11.0,https://docs.netwrix.com/docs/directorymanager/11_0/welcome/group/properties/advanced,docs/directorymanager/11.0/welcome/group/properties/advanced.md,,,,,,
Object properties - Attributes tab,11.0,https://docs.netwrix.com/docs/directorymanager/11_0/welcome/group/properties/attributes,docs/directorymanager/11.0/welcome/group/properties/attributes.md,,,,,,
Teams Properties - Channels,11.0,https://docs.netwrix.com/docs/directorymanager/11_0/welcome/group/properties/channels,docs/directorymanager/11.0/welcome/group/properties/channels.md,,,,,,
Group properties - Delivery Restrictions tab,11.0,https://docs.netwrix.com/docs/directorymanager/11_0/welcome/group/properties/deliveryrestrictions,docs/directorymanager/11.0/welcome/group/properties/deliveryrestrictions.md,,,,,,
Group properties - Dynasty Options tab,11.0,https://docs.netwrix.com/docs/directorymanager/11_0/welcome/group/properties/dynastyoptions,docs/directorymanager/11.0/welcome/group/properties/dynastyoptions.md,,,,,,
Group properties - Email tab,11.0,https://docs.netwrix.com/docs/directorymanager/11_0/welcome/group/properties/email,docs/directorymanager/11.0/welcome/group/properties/email.md,,,,,,
Group Properties - Entitlement tab,11.0,https://docs.netwrix.com/docs/directorymanager/11_0/welcome/group/properties/entitlements,docs/directorymanager/11.0/welcome/group/properties/entitlements.md,,,,,,
Group properties - General tab,11.0,https://docs.netwrix.com/docs/directorymanager/11_0/welcome/group/properties/general,docs/directorymanager/11.0/welcome/group/properties/general.md,,,,,,
Object properties - History tab,11.0,https://docs.netwrix.com/docs/directorymanager/11_0/welcome/group/properties/history,docs/directorymanager/11.0/welcome/group/properties/history.md,,,,,,
Import Additional Owners,11.0,https://docs.netwrix.com/docs/directorymanager/11_0/welcome/group/properties/importadditionalowners,docs/directorymanager/11.0/welcome/group/properties/importadditionalowners.md,,,,,,
Import Group Members,11.0,https://docs.netwrix.com/docs/directorymanager/11_0/welcome/group/properties/importmembers,docs/directorymanager/11.0/welcome/group/properties/importmembers.md,,,,,,
Group properties - Member Of tab,11.0,https://docs.netwrix.com/docs/directorymanager/11_0/welcome/group/properties/memberof,docs/directorymanager/11.0/welcome/group/properties/memberof.md,,,,,,
Group properties - Members tab,11.0,https://docs.netwrix.com/docs/directorymanager/11_0/welcome/group/properties/members,docs/directorymanager/11.0/welcome/group/properties/members.md,,,,,,
Group Properties,11.0,https://docs.netwrix.com/docs/directorymanager/11_0/welcome/group/properties/overview,docs/directorymanager/11.0/welcome/group/properties/overview.md,,,,,,
Group properties - Owner tab,11.0,https://docs.netwrix.com/docs/directorymanager/11_0/welcome/group/properties/owner,docs/directorymanager/11.0/welcome/group/properties/owner.md,,,,,,
Group properties - Similar Groups tab,11.0,https://docs.netwrix.com/docs/directorymanager/11_0/welcome/group/properties/similargroups,docs/directorymanager/11.0/welcome/group/properties/similargroups.md,,,,,,
Group properties - Smart Group/Query Designer tab,11.0,https://docs.netwrix.com/docs/directorymanager/11_0/welcome/group/properties/smartgroup,docs/directorymanager/11.0/welcome/group/properties/smartgroup.md,,,,,,
Group properties - Tree View,11.0,https://docs.netwrix.com/docs/directorymanager/11_0/welcome/group/properties/treeview,docs/directorymanager/11.0/welcome/group/properties/treeview.md,,,,,,
Query Designer - Database tab,11.0,https://docs.netwrix.com/docs/directorymanager/11_0/welcome/group/querydesigner/database,docs/directorymanager/11.0/welcome/group/querydesigner/database.md,,,,,,
Query Designer - Filter Criteria tab,11.0,https://docs.netwrix.com/docs/directorymanager/11_0/welcome/group/querydesigner/filtercriteria,docs/directorymanager/11.0/welcome/group/querydesigner/filtercriteria.md,,,,,,
Query Designer - General tab,11.0,https://docs.netwrix.com/docs/directorymanager/11_0/welcome/group/querydesigner/general,docs/directorymanager/11.0/welcome/group/querydesigner/general.md,,,,,,
Query Designer - Include/Exclude tab,11.0,https://docs.netwrix.com/docs/directorymanager/11_0/welcome/group/querydesigner/includeexclude,docs/directorymanager/11.0/welcome/group/querydesigner/includeexclude.md,,,,,,
Query Designer,11.0,https://docs.netwrix.com/docs/directorymanager/11_0/welcome/group/querydesigner/overview,docs/directorymanager/11.0/welcome/group/querydesigner/overview.md,,,,,,
Query Designer - Password Expiry Options tab,11.0,https://docs.netwrix.com/docs/directorymanager/11_0/welcome/group/querydesigner/passwordexpiryoptions,docs/directorymanager/11.0/welcome/group/querydesigner/passwordexpiryoptions.md,,,,,,
Query Designer - Script tab,11.0,https://docs.netwrix.com/docs/directorymanager/11_0/welcome/group/querydesigner/script,docs/directorymanager/11.0/welcome/group/querydesigner/script.md,,,,,,
Query Designer - Storage tab,11.0,https://docs.netwrix.com/docs/directorymanager/11_0/welcome/group/querydesigner/storage,docs/directorymanager/11.0/welcome/group/querydesigner/storage.md,,,,,,
General tab,11.0,https://docs.netwrix.com/docs/directorymanager/11_0/welcome/group/recyclebin/general,docs/directorymanager/11.0/welcome/group/recyclebin/general.md,,,,,,
Deleted Groups,11.0,https://docs.netwrix.com/docs/directorymanager/11_0/welcome/group/recyclebin/overview,docs/directorymanager/11.0/welcome/group/recyclebin/overview.md,,,,,,
Transfer Ownership,11.0,https://docs.netwrix.com/docs/directorymanager/11_0/welcome/group/transferownership,docs/directorymanager/11.0/welcome/group/transferownership.md,,,,,,
Attest an Expiring Group,11.0,https://docs.netwrix.com/docs/directorymanager/11_0/welcome/group/workingwithgroups/attestation,docs/directorymanager/11.0/welcome/group/workingwithgroups/attestation.md,,,,,,
Dynasties Functions,11.0,https://docs.netwrix.com/docs/directorymanager/11_0/welcome/group/workingwithgroups/dynastyfunction,docs/directorymanager/11.0/welcome/group/workingwithgroups/dynastyfunction.md,,,,,,
General Group functions,11.0,https://docs.netwrix.com/docs/directorymanager/11_0/welcome/group/workingwithgroups/generalfunction,docs/directorymanager/11.0/welcome/group/workingwithgroups/generalfunction.md,,,,,,
Manage Group Access,11.0,https://docs.netwrix.com/docs/directorymanager/11_0/welcome/group/workingwithgroups/groupaccess,docs/directorymanager/11.0/welcome/group/workingwithgroups/groupaccess.md,,,,,,
Group Deletion,11.0,https://docs.netwrix.com/docs/directorymanager/11_0/welcome/group/workingwithgroups/groupdeletion,docs/directorymanager/11.0/welcome/group/workingwithgroups/groupdeletion.md,,,,,,
Group Expiry,11.0,https://docs.netwrix.com/docs/directorymanager/11_0/welcome/group/workingwithgroups/groupexpiry,docs/directorymanager/11.0/welcome/group/workingwithgroups/groupexpiry.md,,,,,,
Group Expiry Functions,11.0,https://docs.netwrix.com/docs/directorymanager/11_0/welcome/group/workingwithgroups/groupexpiryfunction,docs/directorymanager/11.0/welcome/group/workingwithgroups/groupexpiryfunction.md,,,,,,
Join/Leave a Group,11.0,https://docs.netwrix.com/docs/directorymanager/11_0/welcome/group/workingwithgroups/groupjoinleave,docs/directorymanager/11.0/welcome/group/workingwithgroups/groupjoinleave.md,,,,,,
Group Membership functions,11.0,https://docs.netwrix.com/docs/directorymanager/11_0/welcome/group/workingwithgroups/groupmembershipfunction,docs/directorymanager/11.0/welcome/group/workingwithgroups/groupmembershipfunction.md,,,,,,
Group Ownership Functions,11.0,https://docs.netwrix.com/docs/directorymanager/11_0/welcome/group/workingwithgroups/groupownershipfunction,docs/directorymanager/11.0/welcome/group/workingwithgroups/groupownershipfunction.md,,,,,,
Scheduled Updates Functions,11.0,https://docs.netwrix.com/docs/directorymanager/11_0/welcome/group/workingwithgroups/scheduleupdate,docs/directorymanager/11.0/welcome/group/workingwithgroups/scheduleupdate.md,,,,,,
The Send As and Send on Behalf features,11.0,https://docs.netwrix.com/docs/directorymanager/11_0/welcome/group/workingwithgroups/sendassendonbehalf,docs/directorymanager/11.0/welcome/group/workingwithgroups/sendassendonbehalf.md,,,,,,
Working with Groups,11.0,https://docs.netwrix.com/docs/directorymanager/11_0/welcome/group/workingwithgroups,docs/directorymanager/11.0/welcome/group/workingwithgroups/workingwithgroups.md,,,,,,
My Groups' History,11.0,https://docs.netwrix.com/docs/directorymanager/11_0/welcome/history/mydirectorygroup,docs/directorymanager/11.0/welcome/history/mydirectorygroup.md,,,,,,
My Direct Reports' History,11.0,https://docs.netwrix.com/docs/directorymanager/11_0/welcome/history/mydirectreport,docs/directorymanager/11.0/welcome/history/mydirectreport.md,,,,,,
My History,11.0,https://docs.netwrix.com/docs/directorymanager/11_0/welcome/history/myhistory,docs/directorymanager/11.0/welcome/history/myhistory.md,,,,,,
History,11.0,https://docs.netwrix.com/docs/directorymanager/11_0/welcome/history/overview,docs/directorymanager/11.0/welcome/history/overview.md,,,,,,
Access Portal,11.0,https://docs.netwrix.com/docs/directorymanager/11_0/welcome/login,docs/directorymanager/11.0/welcome/login.md,,,,,,
Password Management,11.0,https://docs.netwrix.com/docs/directorymanager/11_0/welcome/passwordmanagement,docs/directorymanager/11.0/welcome/passwordmanagement.md,,,,,,
All Requests,11.0,https://docs.netwrix.com/docs/directorymanager/11_0/welcome/request/allrequest,docs/directorymanager/11.0/welcome/request/allrequest.md,,,,,,
My Requests,11.0,https://docs.netwrix.com/docs/directorymanager/11_0/welcome/request/myrequest,docs/directorymanager/11.0/welcome/request/myrequest.md,,,,,,
Requests,11.0,https://docs.netwrix.com/docs/directorymanager/11_0/welcome/request/overview,docs/directorymanager/11.0/welcome/request/overview.md,,,,,,
Request Inbox,11.0,https://docs.netwrix.com/docs/directorymanager/11_0/welcome/request/pending,docs/directorymanager/11.0/welcome/request/pending.md,,,,,,
Authenticate Your Identity Store Account,11.0,https://docs.netwrix.com/docs/directorymanager/11_0/welcome/secondfactorauthentication/authenticateaccount,docs/directorymanager/11.0/welcome/secondfactorauthentication/authenticateaccount.md,,,,,,
Enroll Your Identity Store Account,11.0,https://docs.netwrix.com/docs/directorymanager/11_0/welcome/secondfactorauthentication/enrollaccount,docs/directorymanager/11.0/welcome/secondfactorauthentication/enrollaccount.md,,,,,,
Reset Passwords,11.0,https://docs.netwrix.com/docs/directorymanager/11_0/welcome/secondfactorauthentication/passwordreset,docs/directorymanager/11.0/welcome/secondfactorauthentication/passwordreset.md,,,,,,
Second Factor Authentication,11.0,https://docs.netwrix.com/docs/directorymanager/11_0/welcome/secondfactorauthentication,docs/directorymanager/11.0/welcome/secondfactorauthentication/secondfactorauthentication.md,,,,,,
Choose your Job Template,11.0,https://docs.netwrix.com/docs/directorymanager/11_0/welcome/synchronize/create/chooseyourjobcollectiontemplate,docs/directorymanager/11.0/welcome/synchronize/create/chooseyourjobcollectiontemplate.md,,,,,,
Choose Your Job Template,11.0,https://docs.netwrix.com/docs/directorymanager/11_0/welcome/synchronize/create/chooseyourjobtemplate,docs/directorymanager/11.0/welcome/synchronize/create/chooseyourjobtemplate.md,,,,,,
Create a Job Collection,11.0,https://docs.netwrix.com/docs/directorymanager/11_0/welcome/synchronize/create/create_1,docs/directorymanager/11.0/welcome/synchronize/create/create_1.md,,,,,,
Create a Job,11.0,https://docs.netwrix.com/docs/directorymanager/11_0/welcome/synchronize/create,docs/directorymanager/11.0/welcome/synchronize/create/create.md,,,,,,
Map Fields,11.0,https://docs.netwrix.com/docs/directorymanager/11_0/welcome/synchronize/create/mappingfield,docs/directorymanager/11.0/welcome/synchronize/create/mappingfield.md,,,,,,
Exchange Subscription,11.0,https://docs.netwrix.com/docs/directorymanager/11_0/welcome/synchronize/create/messagingsystemoverview/exchange,docs/directorymanager/11.0/welcome/synchronize/create/messagingsystemoverview/exchange.md,,,,,,
Google Workspace Subscription,11.0,https://docs.netwrix.com/docs/directorymanager/11_0/welcome/synchronize/create/messagingsystemoverview/googleapp,docs/directorymanager/11.0/welcome/synchronize/create/messagingsystemoverview/googleapp.md,,,,,,
Messaging System,11.0,https://docs.netwrix.com/docs/directorymanager/11_0/welcome/synchronize/create/messagingsystemoverview,docs/directorymanager/11.0/welcome/synchronize/create/messagingsystemoverview/messagingsystemoverview.md,,,,,,
Office 365 Subscription,11.0,https://docs.netwrix.com/docs/directorymanager/11_0/welcome/synchronize/create/messagingsystemoverview/office365,docs/directorymanager/11.0/welcome/synchronize/create/messagingsystemoverview/office365.md,,,,,,
"Objects, Fields and Mapping",11.0,https://docs.netwrix.com/docs/directorymanager/11_0/welcome/synchronize/create/objectfieldsandmapping,docs/directorymanager/11.0/welcome/synchronize/create/objectfieldsandmapping.md,,,,,,
Schedule Job and Notifications,11.0,https://docs.netwrix.com/docs/directorymanager/11_0/welcome/synchronize/create/scheduleandnotification,docs/directorymanager/11.0/welcome/synchronize/create/scheduleandnotification.md,,,,,,
Scheduling and Notifications,11.0,https://docs.netwrix.com/docs/directorymanager/11_0/welcome/synchronize/create/schedulingandnotification,docs/directorymanager/11.0/welcome/synchronize/create/schedulingandnotification.md,,,,,,
Selected Fields for object types,11.0,https://docs.netwrix.com/docs/directorymanager/11_0/welcome/synchronize/create/selectedfield,docs/directorymanager/11.0/welcome/synchronize/create/selectedfield.md,,,,,,
Select Your Source and Destination,11.0,https://docs.netwrix.com/docs/directorymanager/11_0/welcome/synchronize/create/sourceanddestination,docs/directorymanager/11.0/welcome/synchronize/create/sourceanddestination.md,,,,,,
Synchronized Job Collection,11.0,https://docs.netwrix.com/docs/directorymanager/11_0/welcome/synchronize/create/synchronizedjobcollection,docs/directorymanager/11.0/welcome/synchronize/create/synchronizedjobcollection.md,,,,,,
Dashboard,11.0,https://docs.netwrix.com/docs/directorymanager/11_0/welcome/synchronize/dashboard,docs/directorymanager/11.0/welcome/synchronize/dashboard.md,,,,,,
Script,11.0,https://docs.netwrix.com/docs/directorymanager/11_0/welcome/synchronize/dtmscript,docs/directorymanager/11.0/welcome/synchronize/dtmscript/dtmscript.md,,,,,,
Sample Container Scripts,11.0,https://docs.netwrix.com/docs/directorymanager/11_0/welcome/synchronize/dtmscript/samplecontainerscript,docs/directorymanager/11.0/welcome/synchronize/dtmscript/samplecontainerscript.md,,,,,,
Sample Transform Scripts,11.0,https://docs.netwrix.com/docs/directorymanager/11_0/welcome/synchronize/dtmscript/sampletransformscript,docs/directorymanager/11.0/welcome/synchronize/dtmscript/sampletransformscript.md,,,,,,
Visual Basic .NET for GroupID,11.0,https://docs.netwrix.com/docs/directorymanager/11_0/welcome/synchronize/dtmscript/visualbasicnetbasic,docs/directorymanager/11.0/welcome/synchronize/dtmscript/visualbasicnetbasic.md,,,,,,
Manage a Job,11.0,https://docs.netwrix.com/docs/directorymanager/11_0/welcome/synchronize/manage/job,docs/directorymanager/11.0/welcome/synchronize/manage/job.md,,,,,,
Manage a Job Collection,11.0,https://docs.netwrix.com/docs/directorymanager/11_0/welcome/synchronize/manage/jobcollection,docs/directorymanager/11.0/welcome/synchronize/manage/jobcollection.md,,,,,,
Job Collection Template,11.0,https://docs.netwrix.com/docs/directorymanager/11_0/welcome/synchronize/manage/jobcollectiontemplate,docs/directorymanager/11.0/welcome/synchronize/manage/jobcollectiontemplate.md,,,,,,
Job Templates,11.0,https://docs.netwrix.com/docs/directorymanager/11_0/welcome/synchronize/manage/jobtemplate,docs/directorymanager/11.0/welcome/synchronize/manage/jobtemplate.md,,,,,,
Manage Jobs,11.0,https://docs.netwrix.com/docs/directorymanager/11_0/welcome/synchronize/manage/overview,docs/directorymanager/11.0/welcome/synchronize/manage/overview.md,,,,,,
Schedule a Job / Job Collection,11.0,https://docs.netwrix.com/docs/directorymanager/11_0/welcome/synchronize/manage/schedule,docs/directorymanager/11.0/welcome/synchronize/manage/schedule.md,,,,,,
Synchronize,11.0,https://docs.netwrix.com/docs/directorymanager/11_0/welcome/synchronize/overview,docs/directorymanager/11.0/welcome/synchronize/overview.md,,,,,,
Synchronize Providers,11.0,https://docs.netwrix.com/docs/directorymanager/11_0/welcome/synchronize/provider,docs/directorymanager/11.0/welcome/synchronize/provider.md,,,,,,
"Auto-Generate Unique, Complex Passwords",11.0,https://docs.netwrix.com/docs/directorymanager/11_0/welcome/synchronize/transformation/autogenerateuniquepassword,docs/directorymanager/11.0/welcome/synchronize/transformation/autogenerateuniquepassword.md,,,,,,
Transform,11.0,https://docs.netwrix.com/docs/directorymanager/11_0/welcome/synchronize/transformation/overview,docs/directorymanager/11.0/welcome/synchronize/transformation/overview.md,,,,,,
Account page,11.0,https://docs.netwrix.com/docs/directorymanager/11_0/welcome/user/create/activedirectory/account,docs/directorymanager/11.0/welcome/user/create/activedirectory/account.md,,,,,,
Create an AD Contact,11.0,https://docs.netwrix.com/docs/directorymanager/11_0/welcome/user/create/activedirectory/contact,docs/directorymanager/11.0/welcome/user/create/activedirectory/contact.md,,,,,,
Exchange page,11.0,https://docs.netwrix.com/docs/directorymanager/11_0/welcome/user/create/activedirectory/exchange,docs/directorymanager/11.0/welcome/user/create/activedirectory/exchange.md,,,,,,
Create an AD Mailbox,11.0,https://docs.netwrix.com/docs/directorymanager/11_0/welcome/user/create/activedirectory/mailbox,docs/directorymanager/11.0/welcome/user/create/activedirectory/mailbox.md,,,,,,
Exchange page,11.0,https://docs.netwrix.com/docs/directorymanager/11_0/welcome/user/create/activedirectory/messaging,docs/directorymanager/11.0/welcome/user/create/activedirectory/messaging.md,,,,,,
Create Active Directory User Objects,11.0,https://docs.netwrix.com/docs/directorymanager/11_0/welcome/user/create/activedirectory/overview,docs/directorymanager/11.0/welcome/user/create/activedirectory/overview.md,,,,,,
Password page,11.0,https://docs.netwrix.com/docs/directorymanager/11_0/welcome/user/create/activedirectory/password,docs/directorymanager/11.0/welcome/user/create/activedirectory/password.md,,,,,,
Summary Page,11.0,https://docs.netwrix.com/docs/directorymanager/11_0/welcome/user/create/activedirectory/summary,docs/directorymanager/11.0/welcome/user/create/activedirectory/summary.md,,,,,,
Create an AD User,11.0,https://docs.netwrix.com/docs/directorymanager/11_0/welcome/user/create/activedirectory/user,docs/directorymanager/11.0/welcome/user/create/activedirectory/user.md,,,,,,
Account page,11.0,https://docs.netwrix.com/docs/directorymanager/11_0/welcome/user/create/azure/account,docs/directorymanager/11.0/welcome/user/create/azure/account.md,,,,,,
Directory Roles page,11.0,https://docs.netwrix.com/docs/directorymanager/11_0/welcome/user/create/azure/directoryrole,docs/directorymanager/11.0/welcome/user/create/azure/directoryrole.md,,,,,,
Exchange page (Create Mailbox wizard),11.0,https://docs.netwrix.com/docs/directorymanager/11_0/welcome/user/create/azure/exchange,docs/directorymanager/11.0/welcome/user/create/azure/exchange.md,,,,,,
Create a Microsoft Entra ID Mailbox,11.0,https://docs.netwrix.com/docs/directorymanager/11_0/welcome/user/create/azure/mailbox,docs/directorymanager/11.0/welcome/user/create/azure/mailbox.md,,,,,,
Create Microsoft Entra ID User Objects,11.0,https://docs.netwrix.com/docs/directorymanager/11_0/welcome/user/create/azure/overview,docs/directorymanager/11.0/welcome/user/create/azure/overview.md,,,,,,
Password page,11.0,https://docs.netwrix.com/docs/directorymanager/11_0/welcome/user/create/azure/password,docs/directorymanager/11.0/welcome/user/create/azure/password.md,,,,,,
Create a Microsoft Entra ID User,11.0,https://docs.netwrix.com/docs/directorymanager/11_0/welcome/user/create/azure/user,docs/directorymanager/11.0/welcome/user/create/azure/user.md,,,,,,
Create User Objects,11.0,https://docs.netwrix.com/docs/directorymanager/11_0/welcome/user/create/overview,docs/directorymanager/11.0/welcome/user/create/overview.md,,,,,,
Linked Accounts,11.0,https://docs.netwrix.com/docs/directorymanager/11_0/welcome/user/linkedaccounts,docs/directorymanager/11.0/welcome/user/linkedaccounts.md,,,,,,
Change your password,11.0,https://docs.netwrix.com/docs/directorymanager/11_0/welcome/user/manage/changepassword,docs/directorymanager/11.0/welcome/user/manage/changepassword.md,,,,,,
Update your Direct Reports,11.0,https://docs.netwrix.com/docs/directorymanager/11_0/welcome/user/manage/directreport,docs/directorymanager/11.0/welcome/user/manage/directreport.md,,,,,,
Disabled Users,11.0,https://docs.netwrix.com/docs/directorymanager/11_0/welcome/user/manage/disableduser,docs/directorymanager/11.0/welcome/user/manage/disableduser.md,,,,,,
Organizational Hierarchy,11.0,https://docs.netwrix.com/docs/directorymanager/11_0/welcome/user/manage/organizationalheirarchy,docs/directorymanager/11.0/welcome/user/manage/organizationalheirarchy.md,,,,,,
Manage Users,11.0,https://docs.netwrix.com/docs/directorymanager/11_0/welcome/user/manage/overview,docs/directorymanager/11.0/welcome/user/manage/overview.md,,,,,,
Reset your password,11.0,https://docs.netwrix.com/docs/directorymanager/11_0/welcome/user/manage/resetpassword,docs/directorymanager/11.0/welcome/user/manage/resetpassword.md,,,,,,
Unlock your accounts,11.0,https://docs.netwrix.com/docs/directorymanager/11_0/welcome/user/manage/unlockaccount,docs/directorymanager/11.0/welcome/user/manage/unlockaccount.md,,,,,,
Validate your profile,11.0,https://docs.netwrix.com/docs/directorymanager/11_0/welcome/user/manage/validateprofile,docs/directorymanager/11.0/welcome/user/manage/validateprofile.md,,,,,,
Manage your profile,11.0,https://docs.netwrix.com/docs/directorymanager/11_0/welcome/user/manage/viewprofile,docs/directorymanager/11.0/welcome/user/manage/viewprofile.md,,,,,,
User Management,11.0,https://docs.netwrix.com/docs/directorymanager/11_0/welcome/user/overview,docs/directorymanager/11.0/welcome/user/overview.md,,,,,,
Contact properties - Advanced tab,11.0,https://docs.netwrix.com/docs/directorymanager/11_0/welcome/user/properties/activedirectory/contact/advanced,docs/directorymanager/11.0/welcome/user/properties/activedirectory/contact/advanced.md,,,,,,
Contact properties - Member Of tab,11.0,https://docs.netwrix.com/docs/directorymanager/11_0/welcome/user/properties/activedirectory/contact/memberof,docs/directorymanager/11.0/welcome/user/properties/activedirectory/contact/memberof.md,,,,,,
Overview,11.0,https://docs.netwrix.com/docs/directorymanager/11_0/welcome/user/properties/activedirectory/contact/overview,docs/directorymanager/11.0/welcome/user/properties/activedirectory/contact/overview.md,,,,,,
Mailbox properties - Advanced tab,11.0,https://docs.netwrix.com/docs/directorymanager/11_0/welcome/user/properties/activedirectory/mailbox/advanced,docs/directorymanager/11.0/welcome/user/properties/activedirectory/mailbox/advanced.md,,,,,,
Mailbox properties - Auto Reply tab,11.0,https://docs.netwrix.com/docs/directorymanager/11_0/welcome/user/properties/activedirectory/mailbox/autoreply,docs/directorymanager/11.0/welcome/user/properties/activedirectory/mailbox/autoreply.md,,,,,,
Mailbox properties - Limits tab,11.0,https://docs.netwrix.com/docs/directorymanager/11_0/welcome/user/properties/activedirectory/mailbox/limits,docs/directorymanager/11.0/welcome/user/properties/activedirectory/mailbox/limits.md,,,,,,
Overview,11.0,https://docs.netwrix.com/docs/directorymanager/11_0/welcome/user/properties/activedirectory/mailbox/overview,docs/directorymanager/11.0/welcome/user/properties/activedirectory/mailbox/overview.md,,,,,,
Overview,11.0,https://docs.netwrix.com/docs/directorymanager/11_0/welcome/user/properties/activedirectory/overview,docs/directorymanager/11.0/welcome/user/properties/activedirectory/overview.md,,,,,,
User properties - Account tab,11.0,https://docs.netwrix.com/docs/directorymanager/11_0/welcome/user/properties/activedirectory/useroverview/account,docs/directorymanager/11.0/welcome/user/properties/activedirectory/useroverview/account.md,,,,,,
Object properties - Advanced tab,11.0,https://docs.netwrix.com/docs/directorymanager/11_0/welcome/user/properties/activedirectory/useroverview/advanced,docs/directorymanager/11.0/welcome/user/properties/activedirectory/useroverview/advanced.md,,,,,,
Object properties - Email tab,11.0,https://docs.netwrix.com/docs/directorymanager/11_0/welcome/user/properties/activedirectory/useroverview/email,docs/directorymanager/11.0/welcome/user/properties/activedirectory/useroverview/email.md,,,,,,
Object Properties - Entitlements tab,11.0,https://docs.netwrix.com/docs/directorymanager/11_0/welcome/user/properties/activedirectory/useroverview/entitlement,docs/directorymanager/11.0/welcome/user/properties/activedirectory/useroverview/entitlement.md,,,,,,
Object properties - General tab,11.0,https://docs.netwrix.com/docs/directorymanager/11_0/welcome/user/properties/activedirectory/useroverview/general,docs/directorymanager/11.0/welcome/user/properties/activedirectory/useroverview/general.md,,,,,,
User properties - Member Of tab,11.0,https://docs.netwrix.com/docs/directorymanager/11_0/welcome/user/properties/activedirectory/useroverview/memberof,docs/directorymanager/11.0/welcome/user/properties/activedirectory/useroverview/memberof.md,,,,,,
Object properties - Organization tab,11.0,https://docs.netwrix.com/docs/directorymanager/11_0/welcome/user/properties/activedirectory/useroverview/organization,docs/directorymanager/11.0/welcome/user/properties/activedirectory/useroverview/organization.md,,,,,,
Object properties - Phone / Notes tab,11.0,https://docs.netwrix.com/docs/directorymanager/11_0/welcome/user/properties/activedirectory/useroverview/phonenote,docs/directorymanager/11.0/welcome/user/properties/activedirectory/useroverview/phonenote.md,,,,,,
Overview,11.0,https://docs.netwrix.com/docs/directorymanager/11_0/welcome/user/properties/activedirectory/useroverview,docs/directorymanager/11.0/welcome/user/properties/activedirectory/useroverview/useroverview.md,,,,,,
User properties - Contact Info tab,11.0,https://docs.netwrix.com/docs/directorymanager/11_0/welcome/user/properties/azure/contactinfo,docs/directorymanager/11.0/welcome/user/properties/azure/contactinfo.md,,,,,,
User properties - Directory Role tab,11.0,https://docs.netwrix.com/docs/directorymanager/11_0/welcome/user/properties/azure/directoryrole,docs/directorymanager/11.0/welcome/user/properties/azure/directoryrole.md,,,,,,
User properties - Identity tab,11.0,https://docs.netwrix.com/docs/directorymanager/11_0/welcome/user/properties/azure/identity,docs/directorymanager/11.0/welcome/user/properties/azure/identity.md,,,,,,
User properties - Job Info tab,11.0,https://docs.netwrix.com/docs/directorymanager/11_0/welcome/user/properties/azure/jobinfo,docs/directorymanager/11.0/welcome/user/properties/azure/jobinfo.md,,,,,,
Overview,11.0,https://docs.netwrix.com/docs/directorymanager/11_0/welcome/user/properties/azure/overview,docs/directorymanager/11.0/welcome/user/properties/azure/overview.md,,,,,,
User Properties,11.0,https://docs.netwrix.com/docs/directorymanager/11_0/welcome/user/properties/overview,docs/directorymanager/11.0/welcome/user/properties/overview.md,,,,,,
Welcome to the Portal,11.0,https://docs.netwrix.com/docs/directorymanager/11_0/welcome,docs/directorymanager/11.0/welcome/welcome.md,,,,,,
Admin Center,11.1,https://docs.netwrix.com/docs/directorymanager/11_1/admincenter/applications/admincenter,docs/directorymanager/11.1/admincenter/applications/admincenter.md,,,,,,
Directory Manage Applications,11.1,https://docs.netwrix.com/docs/directorymanager/11_1/admincenter/applications,docs/directorymanager/11.1/admincenter/applications/applications.md,,,,,,
Display Type Categories,11.1,https://docs.netwrix.com/docs/directorymanager/11_1/admincenter/applications/portal/categories,docs/directorymanager/11.1/admincenter/applications/portal/categories/categories.md,,,,,,
Define Custom Display Types,11.1,https://docs.netwrix.com/docs/directorymanager/11_1/admincenter/applications/portal/categories/custom,docs/directorymanager/11.1/admincenter/applications/portal/categories/custom.md,,,,,,
Drop-down List Display Type,11.1,https://docs.netwrix.com/docs/directorymanager/11_1/admincenter/applications/portal/categories/dropdownlist,docs/directorymanager/11.1/admincenter/applications/portal/categories/dropdownlist.md,,,,,,
Grid Display Type,11.1,https://docs.netwrix.com/docs/directorymanager/11_1/admincenter/applications/portal/categories/grid,docs/directorymanager/11.1/admincenter/applications/portal/categories/grid.md,,,,,,
Image Display Type,11.1,https://docs.netwrix.com/docs/directorymanager/11_1/admincenter/applications/portal/categories/image,docs/directorymanager/11.1/admincenter/applications/portal/categories/image.md,,,,,,
Linked Combo Type - Details,11.1,https://docs.netwrix.com/docs/directorymanager/11_1/admincenter/applications/portal/categories/linkedcombo/details,docs/directorymanager/11.1/admincenter/applications/portal/categories/linkedcombo/details.md,,,,,,
Excel Data File Format,11.1,https://docs.netwrix.com/docs/directorymanager/11_1/admincenter/applications/portal/categories/linkedcombo/fileformat,docs/directorymanager/11.1/admincenter/applications/portal/categories/linkedcombo/fileformat.md,,,,,,
Linked Combo Display Type,11.1,https://docs.netwrix.com/docs/directorymanager/11_1/admincenter/applications/portal/categories/linkedcombo/overview,docs/directorymanager/11.1/admincenter/applications/portal/categories/linkedcombo/overview.md,,,,,,
Linked Combo Type - Schema,11.1,https://docs.netwrix.com/docs/directorymanager/11_1/admincenter/applications/portal/categories/linkedcombo/schema,docs/directorymanager/11.1/admincenter/applications/portal/categories/linkedcombo/schema.md,,,,,,
Linked Field Drop-down List Display Type,11.1,https://docs.netwrix.com/docs/directorymanager/11_1/admincenter/applications/portal/categories/linkeddropdown,docs/directorymanager/11.1/admincenter/applications/portal/categories/linkeddropdown.md,,,,,,
Multiline Textbox Display Type,11.1,https://docs.netwrix.com/docs/directorymanager/11_1/admincenter/applications/portal/categories/multilinetextbox,docs/directorymanager/11.1/admincenter/applications/portal/categories/multilinetextbox.md,,,,,,
Multi-Valued Control Display Type,11.1,https://docs.netwrix.com/docs/directorymanager/11_1/admincenter/applications/portal/categories/multivaluedcontrol,docs/directorymanager/11.1/admincenter/applications/portal/categories/multivaluedcontrol.md,,,,,,
Radio Button Display Type,11.1,https://docs.netwrix.com/docs/directorymanager/11_1/admincenter/applications/portal/categories/radio,docs/directorymanager/11.1/admincenter/applications/portal/categories/radio.md,,,,,,
Text Box Display Type,11.1,https://docs.netwrix.com/docs/directorymanager/11_1/admincenter/applications/portal/categories/textbox,docs/directorymanager/11.1/admincenter/applications/portal/categories/textbox.md,,,,,,
Create a Portal,11.1,https://docs.netwrix.com/docs/directorymanager/11_1/admincenter/applications/portal/create,docs/directorymanager/11.1/admincenter/applications/portal/create.md,,,,,,
Delete a Portal,11.1,https://docs.netwrix.com/docs/directorymanager/11_1/admincenter/applications/portal/delete,docs/directorymanager/11.1/admincenter/applications/portal/delete.md,,,,,,
Manage the Bad Words List,11.1,https://docs.netwrix.com/docs/directorymanager/11_1/admincenter/applications/portal/displaytype/badwords,docs/directorymanager/11.1/admincenter/applications/portal/displaytype/badwords.md,,,,,,
Customize the Create Object Wizards,11.1,https://docs.netwrix.com/docs/directorymanager/11_1/admincenter/applications/portal/displaytype/createobject,docs/directorymanager/11.1/admincenter/applications/portal/displaytype/createobject.md,,,,,,
Specify Attributes for Import/Export of Group Owners and Members,11.1,https://docs.netwrix.com/docs/directorymanager/11_1/admincenter/applications/portal/displaytype/importexport,docs/directorymanager/11.1/admincenter/applications/portal/displaytype/importexport.md,,,,,,
Customize the Navigation Bar,11.1,https://docs.netwrix.com/docs/directorymanager/11_1/admincenter/applications/portal/displaytype/navigationbar,docs/directorymanager/11.1/admincenter/applications/portal/displaytype/navigationbar.md,,,,,,
Specify Attributes for the Object Card,11.1,https://docs.netwrix.com/docs/directorymanager/11_1/admincenter/applications/portal/displaytype/objectcard,docs/directorymanager/11.1/admincenter/applications/portal/displaytype/objectcard.md,,,,,,
Specify Attributes for Object List View,11.1,https://docs.netwrix.com/docs/directorymanager/11_1/admincenter/applications/portal/displaytype/objectlist,docs/directorymanager/11.1/admincenter/applications/portal/displaytype/objectlist.md,,,,,,
Customize Properties Pages,11.1,https://docs.netwrix.com/docs/directorymanager/11_1/admincenter/applications/portal/displaytype/objectproperties,docs/directorymanager/11.1/admincenter/applications/portal/displaytype/objectproperties.md,,,,,,
Specify Attributes for Organizational Hierarchy,11.1,https://docs.netwrix.com/docs/directorymanager/11_1/admincenter/applications/portal/displaytype/organizationalhierarchy,docs/directorymanager/11.1/admincenter/applications/portal/displaytype/organizationalhierarchy.md,,,,,,
Design a Portal with Display Types,11.1,https://docs.netwrix.com/docs/directorymanager/11_1/admincenter/applications/portal/displaytype/overview,docs/directorymanager/11.1/admincenter/applications/portal/displaytype/overview.md,,,,,,
Manage Property Validation Attributes,11.1,https://docs.netwrix.com/docs/directorymanager/11_1/admincenter/applications/portal/displaytype/propertyvalidation,docs/directorymanager/11.1/admincenter/applications/portal/displaytype/propertyvalidation.md,,,,,,
Specify Smart Group Query Attributes,11.1,https://docs.netwrix.com/docs/directorymanager/11_1/admincenter/applications/portal/displaytype/queryattributes,docs/directorymanager/11.1/admincenter/applications/portal/displaytype/queryattributes.md,,,,,,
Customize Quick Search,11.1,https://docs.netwrix.com/docs/directorymanager/11_1/admincenter/applications/portal/displaytype/quicksearch,docs/directorymanager/11.1/admincenter/applications/portal/displaytype/quicksearch.md,,,,,,
Customize Search Forms,11.1,https://docs.netwrix.com/docs/directorymanager/11_1/admincenter/applications/portal/displaytype/searchforms,docs/directorymanager/11.1/admincenter/applications/portal/displaytype/searchforms.md,,,,,,
Customize Search Results,11.1,https://docs.netwrix.com/docs/directorymanager/11_1/admincenter/applications/portal/displaytype/searchresults,docs/directorymanager/11.1/admincenter/applications/portal/displaytype/searchresults.md,,,,,,
The ‘Send on Behalf’ and ‘Send As’ Permissions,11.1,https://docs.netwrix.com/docs/directorymanager/11_1/admincenter/applications/portal/displaytype/sendasonbehalf,docs/directorymanager/11.1/admincenter/applications/portal/displaytype/sendasonbehalf.md,,,,,,
Customize the Toolbars,11.1,https://docs.netwrix.com/docs/directorymanager/11_1/admincenter/applications/portal/displaytype/toolbars,docs/directorymanager/11.1/admincenter/applications/portal/displaytype/toolbars.md,,,,,,
Portal,11.1,https://docs.netwrix.com/docs/directorymanager/11_1/admincenter/applications/portal/overview,docs/directorymanager/11.1/admincenter/applications/portal/overview.md,,,,,,
Manage Advanced Settings,11.1,https://docs.netwrix.com/docs/directorymanager/11_1/admincenter/applications/portal/server/advanced,docs/directorymanager/11.1/admincenter/applications/portal/server/advanced.md,,,,,,
Manage General Server Settings,11.1,https://docs.netwrix.com/docs/directorymanager/11_1/admincenter/applications/portal/server/general,docs/directorymanager/11.1/admincenter/applications/portal/server/general.md,,,,,,
Manage Log Settings,11.1,https://docs.netwrix.com/docs/directorymanager/11_1/admincenter/applications/portal/server/log,docs/directorymanager/11.1/admincenter/applications/portal/server/log.md,,,,,,
Manage Settings for a Native IIS Deployment,11.1,https://docs.netwrix.com/docs/directorymanager/11_1/admincenter/applications/portal/server/nativeiis,docs/directorymanager/11.1/admincenter/applications/portal/server/nativeiis.md,,,,,,
Server Settings,11.1,https://docs.netwrix.com/docs/directorymanager/11_1/admincenter/applications/portal/server/overview,docs/directorymanager/11.1/admincenter/applications/portal/server/overview.md,,,,,,
Manage Settings for a Remote IIS Deployment,11.1,https://docs.netwrix.com/docs/directorymanager/11_1/admincenter/applications/portal/server/remoteiis,docs/directorymanager/11.1/admincenter/applications/portal/server/remoteiis.md,,,,,,
Add Support for a Portal,11.1,https://docs.netwrix.com/docs/directorymanager/11_1/admincenter/applications/portal/server/support,docs/directorymanager/11.1/admincenter/applications/portal/server/support.md,,,,,,
Prerequisites for Deployments in Remote IIS,11.1,https://docs.netwrix.com/docs/directorymanager/11_1/admincenter/applications/remoteiisprerequisites,docs/directorymanager/11.1/admincenter/applications/remoteiisprerequisites.md,,,,,,
Authentication Policy,11.1,https://docs.netwrix.com/docs/directorymanager/11_1/admincenter/authpolicy,docs/directorymanager/11.1/admincenter/authpolicy/authpolicy.md,,,,,,
Configure Multifactor Authentication,11.1,https://docs.netwrix.com/docs/directorymanager/11_1/admincenter/authpolicy/mfa,docs/directorymanager/11.1/admincenter/authpolicy/mfa.md,,,,,,
Set up Authentication via Authenticator,11.1,https://docs.netwrix.com/docs/directorymanager/11_1/admincenter/authpolicy/setupauth/authenticator,docs/directorymanager/11.1/admincenter/authpolicy/setupauth/authenticator.md,,,,,,
Set up Authentication via Email,11.1,https://docs.netwrix.com/docs/directorymanager/11_1/admincenter/authpolicy/setupauth/email,docs/directorymanager/11.1/admincenter/authpolicy/setupauth/email.md,,,,,,
Set up Authentication via Linked Account,11.1,https://docs.netwrix.com/docs/directorymanager/11_1/admincenter/authpolicy/setupauth/linkedaccount,docs/directorymanager/11.1/admincenter/authpolicy/setupauth/linkedaccount.md,,,,,,
Set Up Authentication Types,11.1,https://docs.netwrix.com/docs/directorymanager/11_1/admincenter/authpolicy/setupauth/overview,docs/directorymanager/11.1/admincenter/authpolicy/setupauth/overview.md,,,,,,
Set up Authentication via Security Questions,11.1,https://docs.netwrix.com/docs/directorymanager/11_1/admincenter/authpolicy/setupauth/securityquestions,docs/directorymanager/11.1/admincenter/authpolicy/setupauth/securityquestions.md,,,,,,
Set up Authentication via Windows Hello,11.1,https://docs.netwrix.com/docs/directorymanager/11_1/admincenter/authpolicy/setupauth/windowshello,docs/directorymanager/11.1/admincenter/authpolicy/setupauth/windowshello.md,,,,,,
Set up Authentication via YubiKey,11.1,https://docs.netwrix.com/docs/directorymanager/11_1/admincenter/authpolicy/setupauth/yubikey,docs/directorymanager/11.1/admincenter/authpolicy/setupauth/yubikey.md,,,,,,
Configure Second Factor Authentication,11.1,https://docs.netwrix.com/docs/directorymanager/11_1/admincenter/authpolicy/sfa,docs/directorymanager/11.1/admincenter/authpolicy/sfa.md,,,,,,
Create a Data Source,11.1,https://docs.netwrix.com/docs/directorymanager/11_1/admincenter/datasource/create,docs/directorymanager/11.1/admincenter/datasource/create.md,,,,,,
Manage a Data Source,11.1,https://docs.netwrix.com/docs/directorymanager/11_1/admincenter/datasource/manage,docs/directorymanager/11.1/admincenter/datasource/manage.md,,,,,,
Data Sources,11.1,https://docs.netwrix.com/docs/directorymanager/11_1/admincenter/datasource/overview,docs/directorymanager/11.1/admincenter/datasource/overview.md,,,,,,
Manage File Servers,11.1,https://docs.netwrix.com/docs/directorymanager/11_1/admincenter/entitlement/managefs,docs/directorymanager/11.1/admincenter/entitlement/managefs.md,,,,,,
Manage SharePoint Sites,11.1,https://docs.netwrix.com/docs/directorymanager/11_1/admincenter/entitlement/managesp,docs/directorymanager/11.1/admincenter/entitlement/managesp.md,,,,,,
Entitlement,11.1,https://docs.netwrix.com/docs/directorymanager/11_1/admincenter/entitlement/overview,docs/directorymanager/11.1/admincenter/entitlement/overview.md,,,,,,
Access your Applications,11.1,https://docs.netwrix.com/docs/directorymanager/11_1/admincenter/general/accessapplications,docs/directorymanager/11.1/admincenter/general/accessapplications.md,,,,,,
Authenticate your Identity Store Account,11.1,https://docs.netwrix.com/docs/directorymanager/11_1/admincenter/general/authenticate,docs/directorymanager/11.1/admincenter/general/authenticate.md,,,,,,
Change your Password,11.1,https://docs.netwrix.com/docs/directorymanager/11_1/admincenter/general/changepassword,docs/directorymanager/11.1/admincenter/general/changepassword.md,,,,,,
Group Management Concepts,11.1,https://docs.netwrix.com/docs/directorymanager/11_1/admincenter/general/concepts,docs/directorymanager/11.1/admincenter/general/concepts.md,,,,,,
Dashboard,11.1,https://docs.netwrix.com/docs/directorymanager/11_1/admincenter/general/dashboard,docs/directorymanager/11.1/admincenter/general/dashboard.md,,,,,,
Enroll your Identity Store Account,11.1,https://docs.netwrix.com/docs/directorymanager/11_1/admincenter/general/enroll,docs/directorymanager/11.1/admincenter/general/enroll.md,,,,,,
Manage the Global Question Pool,11.1,https://docs.netwrix.com/docs/directorymanager/11_1/admincenter/general/globalpool,docs/directorymanager/11.1/admincenter/general/globalpool.md,,,,,,
History in Directory Manager,11.1,https://docs.netwrix.com/docs/directorymanager/11_1/admincenter/general/history,docs/directorymanager/11.1/admincenter/general/history.md,,,,,,
Admin Center History,11.1,https://docs.netwrix.com/docs/directorymanager/11_1/admincenter/general/historyadmincenter,docs/directorymanager/11.1/admincenter/general/historyadmincenter.md,,,,,,
Licensing,11.1,https://docs.netwrix.com/docs/directorymanager/11_1/admincenter/general/licensing,docs/directorymanager/11.1/admincenter/general/licensing.md,,,,,,
Get Logs,11.1,https://docs.netwrix.com/docs/directorymanager/11_1/admincenter/general/logs,docs/directorymanager/11.1/admincenter/general/logs.md,,,,,,
Navigation,11.1,https://docs.netwrix.com/docs/directorymanager/11_1/admincenter/general/navigation,docs/directorymanager/11.1/admincenter/general/navigation.md,,,,,,
Switch Accounts,11.1,https://docs.netwrix.com/docs/directorymanager/11_1/admincenter/general/switchaccount,docs/directorymanager/11.1/admincenter/general/switchaccount.md,,,,,,
History in Helpdesk,11.1,https://docs.netwrix.com/docs/directorymanager/11_1/admincenter/helpdesk/history,docs/directorymanager/11.1/admincenter/helpdesk/history.md,,,,,,
Notify Users to Enroll,11.1,https://docs.netwrix.com/docs/directorymanager/11_1/admincenter/helpdesk/operation/asktoenroll,docs/directorymanager/11.1/admincenter/helpdesk/operation/asktoenroll.md,,,,,,
Export Users' List to a File,11.1,https://docs.netwrix.com/docs/directorymanager/11_1/admincenter/helpdesk/operation/export,docs/directorymanager/11.1/admincenter/helpdesk/operation/export.md,,,,,,
Operations,11.1,https://docs.netwrix.com/docs/directorymanager/11_1/admincenter/helpdesk/operation/overview,docs/directorymanager/11.1/admincenter/helpdesk/operation/overview.md,,,,,,
Reset Passwords,11.1,https://docs.netwrix.com/docs/directorymanager/11_1/admincenter/helpdesk/operation/resetpassword,docs/directorymanager/11.1/admincenter/helpdesk/operation/resetpassword.md,,,,,,
Search Users,11.1,https://docs.netwrix.com/docs/directorymanager/11_1/admincenter/helpdesk/operation/search,docs/directorymanager/11.1/admincenter/helpdesk/operation/search.md,,,,,,
Unenroll a User,11.1,https://docs.netwrix.com/docs/directorymanager/11_1/admincenter/helpdesk/operation/unenroll,docs/directorymanager/11.1/admincenter/helpdesk/operation/unenroll.md,,,,,,
Unlock Accounts,11.1,https://docs.netwrix.com/docs/directorymanager/11_1/admincenter/helpdesk/operation/unlockaccount,docs/directorymanager/11.1/admincenter/helpdesk/operation/unlockaccount.md,,,,,,
Helpdesk,11.1,https://docs.netwrix.com/docs/directorymanager/11_1/admincenter/helpdesk/overview,docs/directorymanager/11.1/admincenter/helpdesk/overview.md,,,,,,
Microsoft Entra ID vs. Active Directory Identity Stores,11.1,https://docs.netwrix.com/docs/directorymanager/11_1/admincenter/identitystore/advsentraid,docs/directorymanager/11.1/admincenter/identitystore/advsentraid.md,,,,,,
Enable Authentication Types,11.1,https://docs.netwrix.com/docs/directorymanager/11_1/admincenter/identitystore/configure/authtypes,docs/directorymanager/11.1/admincenter/identitystore/configure/authtypes.md,,,,,,
Manage Circular Reference,11.1,https://docs.netwrix.com/docs/directorymanager/11_1/admincenter/identitystore/configure/circularreference,docs/directorymanager/11.1/admincenter/identitystore/configure/circularreference.md,,,,,,
Configure an Identity Store,11.1,https://docs.netwrix.com/docs/directorymanager/11_1/admincenter/identitystore/configure,docs/directorymanager/11.1/admincenter/identitystore/configure/configure.md,,,,,,
Manage Dynasty Settings,11.1,https://docs.netwrix.com/docs/directorymanager/11_1/admincenter/identitystore/configure/dynastysettings,docs/directorymanager/11.1/admincenter/identitystore/configure/dynastysettings.md,,,,,,
Group Expiry and Deletion,11.1,https://docs.netwrix.com/docs/directorymanager/11_1/admincenter/identitystore/configure/groupexpirydeletion,docs/directorymanager/11.1/admincenter/identitystore/configure/groupexpirydeletion.md,,,,,,
Manage Group Lifecycle Settings,11.1,https://docs.netwrix.com/docs/directorymanager/11_1/admincenter/identitystore/configure/grouplifecycle,docs/directorymanager/11.1/admincenter/identitystore/configure/grouplifecycle.md,,,,,,
Configure History Tracking,11.1,https://docs.netwrix.com/docs/directorymanager/11_1/admincenter/identitystore/configure/historytracking,docs/directorymanager/11.1/admincenter/identitystore/configure/historytracking.md,,,,,,
Manage Membership Life Cycle Policies,11.1,https://docs.netwrix.com/docs/directorymanager/11_1/admincenter/identitystore/configure/membershiplifecycle,docs/directorymanager/11.1/admincenter/identitystore/configure/membershiplifecycle.md,,,,,,
Configure a Messaging Provider,11.1,https://docs.netwrix.com/docs/directorymanager/11_1/admincenter/identitystore/configure/messagingprovider,docs/directorymanager/11.1/admincenter/identitystore/configure/messagingprovider.md,,,,,,
Manage Group Membership Settings,11.1,https://docs.netwrix.com/docs/directorymanager/11_1/admincenter/identitystore/configure/outofbounds,docs/directorymanager/11.1/admincenter/identitystore/configure/outofbounds.md,,,,,,
Configure Password Options,11.1,https://docs.netwrix.com/docs/directorymanager/11_1/admincenter/identitystore/configure/passwordoptions,docs/directorymanager/11.1/admincenter/identitystore/configure/passwordoptions.md,,,,,,
Set up messages for your users,11.1,https://docs.netwrix.com/docs/directorymanager/11_1/admincenter/identitystore/configure/ppe/messages,docs/directorymanager/11.1/admincenter/identitystore/configure/ppe/messages.md,,,,,,
Netwrix Password Policy Enforcer Policies,11.1,https://docs.netwrix.com/docs/directorymanager/11_1/admincenter/identitystore/configure/ppe/overview,docs/directorymanager/11.1/admincenter/identitystore/configure/ppe/overview.md,,,,,,
Enable the use of an optional passphrase,11.1,https://docs.netwrix.com/docs/directorymanager/11_1/admincenter/identitystore/configure/ppe/passphrases,docs/directorymanager/11.1/admincenter/identitystore/configure/ppe/passphrases.md,,,,,,
Set up policy properties,11.1,https://docs.netwrix.com/docs/directorymanager/11_1/admincenter/identitystore/configure/ppe/policyproperties,docs/directorymanager/11.1/admincenter/identitystore/configure/ppe/policyproperties.md,,,,,,
Character (Granular) Rules,11.1,https://docs.netwrix.com/docs/directorymanager/11_1/admincenter/identitystore/configure/ppe/rules/characterrules,docs/directorymanager/11.1/admincenter/identitystore/configure/ppe/rules/characterrules.md,,,,,,
Characters (Complexity) Rule,11.1,https://docs.netwrix.com/docs/directorymanager/11_1/admincenter/identitystore/configure/ppe/rules/complexityrule,docs/directorymanager/11.1/admincenter/identitystore/configure/ppe/rules/complexityrule.md,,,,,,
Compromised Rule,11.1,https://docs.netwrix.com/docs/directorymanager/11_1/admincenter/identitystore/configure/ppe/rules/compromisedrule,docs/directorymanager/11.1/admincenter/identitystore/configure/ppe/rules/compromisedrule.md,,,,,,
Dictionary Rule,11.1,https://docs.netwrix.com/docs/directorymanager/11_1/admincenter/identitystore/configure/ppe/rules/dictionaryrule,docs/directorymanager/11.1/admincenter/identitystore/configure/ppe/rules/dictionaryrule.md,,,,,,
History Rule,11.1,https://docs.netwrix.com/docs/directorymanager/11_1/admincenter/identitystore/configure/ppe/rules/historyrule,docs/directorymanager/11.1/admincenter/identitystore/configure/ppe/rules/historyrule.md,,,,,,
Length Rule,11.1,https://docs.netwrix.com/docs/directorymanager/11_1/admincenter/identitystore/configure/ppe/rules/lengthrule,docs/directorymanager/11.1/admincenter/identitystore/configure/ppe/rules/lengthrule.md,,,,,,
Age (Max) Rule,11.1,https://docs.netwrix.com/docs/directorymanager/11_1/admincenter/identitystore/configure/ppe/rules/maximum_age_rule,docs/directorymanager/11.1/admincenter/identitystore/configure/ppe/rules/maximum_age_rule.md,,,,,,
Age (Min) Rule,11.1,https://docs.netwrix.com/docs/directorymanager/11_1/admincenter/identitystore/configure/ppe/rules/minimum_age_rule,docs/directorymanager/11.1/admincenter/identitystore/configure/ppe/rules/minimum_age_rule.md,,,,,,
Set up Rules,11.1,https://docs.netwrix.com/docs/directorymanager/11_1/admincenter/identitystore/configure/ppe/rules/overview,docs/directorymanager/11.1/admincenter/identitystore/configure/ppe/rules/overview.md,,,,,,
Patterns Rule,11.1,https://docs.netwrix.com/docs/directorymanager/11_1/admincenter/identitystore/configure/ppe/rules/patternsrule,docs/directorymanager/11.1/admincenter/identitystore/configure/ppe/rules/patternsrule.md,,,,,,
Repetition Rule,11.1,https://docs.netwrix.com/docs/directorymanager/11_1/admincenter/identitystore/configure/ppe/rules/repetitionrule,docs/directorymanager/11.1/admincenter/identitystore/configure/ppe/rules/repetitionrule.md,,,,,,
Similarity Rule,11.1,https://docs.netwrix.com/docs/directorymanager/11_1/admincenter/identitystore/configure/ppe/rules/similarityrule,docs/directorymanager/11.1/admincenter/identitystore/configure/ppe/rules/similarityrule.md,,,,,,
Unique Characters Rule,11.1,https://docs.netwrix.com/docs/directorymanager/11_1/admincenter/identitystore/configure/ppe/rules/uniquecharacters,docs/directorymanager/11.1/admincenter/identitystore/configure/ppe/rules/uniquecharacters.md,,,,,,
"Assign Policies to Users, Groups & Containers",11.1,https://docs.netwrix.com/docs/directorymanager/11_1/admincenter/identitystore/configure/ppe/usersgroups,docs/directorymanager/11.1/admincenter/identitystore/configure/ppe/usersgroups.md,,,,,,
Group Name Prefixes,11.1,https://docs.netwrix.com/docs/directorymanager/11_1/admincenter/identitystore/configure/prefixes,docs/directorymanager/11.1/admincenter/identitystore/configure/prefixes.md,,,,,,
Configure User Profile Validation,11.1,https://docs.netwrix.com/docs/directorymanager/11_1/admincenter/identitystore/configure/profilevalidation,docs/directorymanager/11.1/admincenter/identitystore/configure/profilevalidation.md,,,,,,
Second Way Authentication - SWA,11.1,https://docs.netwrix.com/docs/directorymanager/11_1/admincenter/identitystore/configure/secondwayauthentication,docs/directorymanager/11.1/admincenter/identitystore/configure/secondwayauthentication.md,,,,,,
Manage the Local Question Pool,11.1,https://docs.netwrix.com/docs/directorymanager/11_1/admincenter/identitystore/configure/securityquestions,docs/directorymanager/11.1/admincenter/identitystore/configure/securityquestions.md,,,,,,
SMS Authentication,11.1,https://docs.netwrix.com/docs/directorymanager/11_1/admincenter/identitystore/configure/smsauthentication,docs/directorymanager/11.1/admincenter/identitystore/configure/smsauthentication.md,,,,,,
Configure an SMTP Server,11.1,https://docs.netwrix.com/docs/directorymanager/11_1/admincenter/identitystore/configure/smtpserver,docs/directorymanager/11.1/admincenter/identitystore/configure/smtpserver.md,,,,,,
Create an Identity Store,11.1,https://docs.netwrix.com/docs/directorymanager/11_1/admincenter/identitystore/create,docs/directorymanager/11.1/admincenter/identitystore/create.md,,,,,,
Manage Identity Store Links,11.1,https://docs.netwrix.com/docs/directorymanager/11_1/admincenter/identitystore/link/manage,docs/directorymanager/11.1/admincenter/identitystore/link/manage.md,,,,,,
Link Identity Stores,11.1,https://docs.netwrix.com/docs/directorymanager/11_1/admincenter/identitystore/link/overview,docs/directorymanager/11.1/admincenter/identitystore/link/overview.md,,,,,,
Manage an Identity Store,11.1,https://docs.netwrix.com/docs/directorymanager/11_1/admincenter/identitystore/manage,docs/directorymanager/11.1/admincenter/identitystore/manage.md,,,,,,
Identity Stores,11.1,https://docs.netwrix.com/docs/directorymanager/11_1/admincenter/identitystore/overview,docs/directorymanager/11.1/admincenter/identitystore/overview.md,,,,,,
Manage Local Replication Settings,11.1,https://docs.netwrix.com/docs/directorymanager/11_1/admincenter/identitystore/replication,docs/directorymanager/11.1/admincenter/identitystore/replication.md,,,,,,
History Item Details,11.1,https://docs.netwrix.com/docs/directorymanager/11_1/admincenter/identitystore/view/details,docs/directorymanager/11.1/admincenter/identitystore/view/details.md,,,,,,
Event Logging,11.1,https://docs.netwrix.com/docs/directorymanager/11_1/admincenter/identitystore/view/eventlogging,docs/directorymanager/11.1/admincenter/identitystore/view/eventlogging.md,,,,,,
Identity Store History,11.1,https://docs.netwrix.com/docs/directorymanager/11_1/admincenter/identitystore/view,docs/directorymanager/11.1/admincenter/identitystore/view/view.md,,,,,,
Customize Notifications,11.1,https://docs.netwrix.com/docs/directorymanager/11_1/admincenter/notification/customize,docs/directorymanager/11.1/admincenter/notification/customize.md,,,,,,
Notifications,11.1,https://docs.netwrix.com/docs/directorymanager/11_1/admincenter/notification/overview,docs/directorymanager/11.1/admincenter/notification/overview.md,,,,,,
Manage the Notification Queue,11.1,https://docs.netwrix.com/docs/directorymanager/11_1/admincenter/notification/queue,docs/directorymanager/11.1/admincenter/notification/queue.md,,,,,,
Elasticsearch and Replication,11.1,https://docs.netwrix.com/docs/directorymanager/11_1/admincenter/replication/overview,docs/directorymanager/11.1/admincenter/replication/overview.md,,,,,,
Manage Global Replication Settings,11.1,https://docs.netwrix.com/docs/directorymanager/11_1/admincenter/replication/settings,docs/directorymanager/11.1/admincenter/replication/settings.md,,,,,,
GroupID Entitlement Schedule,11.1,https://docs.netwrix.com/docs/directorymanager/11_1/admincenter/schedule/entitlement,docs/directorymanager/11.1/admincenter/schedule/entitlement.md,,,,,,
Entitlement Scope Schedule,11.1,https://docs.netwrix.com/docs/directorymanager/11_1/admincenter/schedule/entitlementscope,docs/directorymanager/11.1/admincenter/schedule/entitlementscope.md,,,,,,
Entitlement Temporary Permissions Schedule,11.1,https://docs.netwrix.com/docs/directorymanager/11_1/admincenter/schedule/entitlementtemporarypermissions,docs/directorymanager/11.1/admincenter/schedule/entitlementtemporarypermissions.md,,,,,,
Group Life Cycle Schedule,11.1,https://docs.netwrix.com/docs/directorymanager/11_1/admincenter/schedule/grouplifecycle,docs/directorymanager/11.1/admincenter/schedule/grouplifecycle.md,,,,,,
Group Usage Service Schedule,11.1,https://docs.netwrix.com/docs/directorymanager/11_1/admincenter/schedule/groupusageservice,docs/directorymanager/11.1/admincenter/schedule/groupusageservice.md,,,,,,
History Retention Schedule,11.1,https://docs.netwrix.com/docs/directorymanager/11_1/admincenter/schedule/historyretention,docs/directorymanager/11.1/admincenter/schedule/historyretention.md,,,,,,
Manage Schedules,11.1,https://docs.netwrix.com/docs/directorymanager/11_1/admincenter/schedule/manage,docs/directorymanager/11.1/admincenter/schedule/manage.md,,,,,,
Managed By Life Cycle Schedule,11.1,https://docs.netwrix.com/docs/directorymanager/11_1/admincenter/schedule/managedbylifecycle,docs/directorymanager/11.1/admincenter/schedule/managedbylifecycle.md,,,,,,
Membership Life Cycle Schedule,11.1,https://docs.netwrix.com/docs/directorymanager/11_1/admincenter/schedule/membershiplifecycle,docs/directorymanager/11.1/admincenter/schedule/membershiplifecycle.md,,,,,,
Orphan Group Update Schedule,11.1,https://docs.netwrix.com/docs/directorymanager/11_1/admincenter/schedule/orphangroupupdate,docs/directorymanager/11.1/admincenter/schedule/orphangroupupdate.md,,,,,,
Schedules,11.1,https://docs.netwrix.com/docs/directorymanager/11_1/admincenter/schedule/overview,docs/directorymanager/11.1/admincenter/schedule/overview.md,,,,,,
Reports Schedule,11.1,https://docs.netwrix.com/docs/directorymanager/11_1/admincenter/schedule/reports,docs/directorymanager/11.1/admincenter/schedule/reports.md,,,,,,
Schema Replication Schedule,11.1,https://docs.netwrix.com/docs/directorymanager/11_1/admincenter/schedule/schemareplication,docs/directorymanager/11.1/admincenter/schedule/schemareplication.md,,,,,,
Smart Group Update Schedule,11.1,https://docs.netwrix.com/docs/directorymanager/11_1/admincenter/schedule/smartgroupupdate,docs/directorymanager/11.1/admincenter/schedule/smartgroupupdate.md,,,,,,
Synchronize Schedule,11.1,https://docs.netwrix.com/docs/directorymanager/11_1/admincenter/schedule/synchronize,docs/directorymanager/11.1/admincenter/schedule/synchronize.md,,,,,,
Triggers,11.1,https://docs.netwrix.com/docs/directorymanager/11_1/admincenter/schedule/triggers,docs/directorymanager/11.1/admincenter/schedule/triggers.md,,,,,,
User Life Cycle Schedule,11.1,https://docs.netwrix.com/docs/directorymanager/11_1/admincenter/schedule/userlifecycle,docs/directorymanager/11.1/admincenter/schedule/userlifecycle.md,,,,,,
Workflow Acceleration Schedule,11.1,https://docs.netwrix.com/docs/directorymanager/11_1/admincenter/schedule/workflowacceleration,docs/directorymanager/11.1/admincenter/schedule/workflowacceleration.md,,,,,,
Check the Roles of a User,11.1,https://docs.netwrix.com/docs/directorymanager/11_1/admincenter/securityrole/checkrole,docs/directorymanager/11.1/admincenter/securityrole/checkrole.md,,,,,,
Create a Security Role,11.1,https://docs.netwrix.com/docs/directorymanager/11_1/admincenter/securityrole/create,docs/directorymanager/11.1/admincenter/securityrole/create.md,,,,,,
Security Role – Criteria,11.1,https://docs.netwrix.com/docs/directorymanager/11_1/admincenter/securityrole/criteria,docs/directorymanager/11.1/admincenter/securityrole/criteria.md,,,,,,
Manage Security Roles,11.1,https://docs.netwrix.com/docs/directorymanager/11_1/admincenter/securityrole/manage,docs/directorymanager/11.1/admincenter/securityrole/manage.md,,,,,,
Security Roles,11.1,https://docs.netwrix.com/docs/directorymanager/11_1/admincenter/securityrole/overview,docs/directorymanager/11.1/admincenter/securityrole/overview.md,,,,,,
Security Role – Permissions,11.1,https://docs.netwrix.com/docs/directorymanager/11_1/admincenter/securityrole/permissions,docs/directorymanager/11.1/admincenter/securityrole/permissions.md,,,,,,
Authentication Policy for Security Roles,11.1,https://docs.netwrix.com/docs/directorymanager/11_1/admincenter/securityrole/policy/authentication,docs/directorymanager/11.1/admincenter/securityrole/policy/authentication.md,,,,,,
Group Owners Policy,11.1,https://docs.netwrix.com/docs/directorymanager/11_1/admincenter/securityrole/policy/groupowners,docs/directorymanager/11.1/admincenter/securityrole/policy/groupowners.md,,,,,,
Helpdesk Policy,11.1,https://docs.netwrix.com/docs/directorymanager/11_1/admincenter/securityrole/policy/helpdesk,docs/directorymanager/11.1/admincenter/securityrole/policy/helpdesk.md,,,,,,
Membership Object Type Enforcement Policy,11.1,https://docs.netwrix.com/docs/directorymanager/11_1/admincenter/securityrole/policy/membershipobjecttypeenforcement,docs/directorymanager/11.1/admincenter/securityrole/policy/membershipobjecttypeenforcement.md,,,,,,
New Object Policy,11.1,https://docs.netwrix.com/docs/directorymanager/11_1/admincenter/securityrole/policy/newobject,docs/directorymanager/11.1/admincenter/securityrole/policy/newobject.md,,,,,,
Role Policies,11.1,https://docs.netwrix.com/docs/directorymanager/11_1/admincenter/securityrole/policy/overview,docs/directorymanager/11.1/admincenter/securityrole/policy/overview.md,,,,,,
Password Policy,11.1,https://docs.netwrix.com/docs/directorymanager/11_1/admincenter/securityrole/policy/password,docs/directorymanager/11.1/admincenter/securityrole/policy/password.md,,,,,,
Group Prefixes Policy,11.1,https://docs.netwrix.com/docs/directorymanager/11_1/admincenter/securityrole/policy/prefixes,docs/directorymanager/11.1/admincenter/securityrole/policy/prefixes.md,,,,,,
Query Designer Policy,11.1,https://docs.netwrix.com/docs/directorymanager/11_1/admincenter/securityrole/policy/querydesigner,docs/directorymanager/11.1/admincenter/securityrole/policy/querydesigner.md,,,,,,
Search Policy,11.1,https://docs.netwrix.com/docs/directorymanager/11_1/admincenter/securityrole/policy/search,docs/directorymanager/11.1/admincenter/securityrole/policy/search.md,,,,,,
Synchronize Policy,11.1,https://docs.netwrix.com/docs/directorymanager/11_1/admincenter/securityrole/policy/synchronize,docs/directorymanager/11.1/admincenter/securityrole/policy/synchronize.md,,,,,,
Create a Data Service,11.1,https://docs.netwrix.com/docs/directorymanager/11_1/admincenter/service/dataservice/create,docs/directorymanager/11.1/admincenter/service/dataservice/create.md,,,,,,
Manage Data Service Settings,11.1,https://docs.netwrix.com/docs/directorymanager/11_1/admincenter/service/dataservice/manage,docs/directorymanager/11.1/admincenter/service/dataservice/manage.md,,,,,,
Data Service,11.1,https://docs.netwrix.com/docs/directorymanager/11_1/admincenter/service/dataservice/overview,docs/directorymanager/11.1/admincenter/service/dataservice/overview.md,,,,,,
Email Service,11.1,https://docs.netwrix.com/docs/directorymanager/11_1/admincenter/service/emailservice,docs/directorymanager/11.1/admincenter/service/emailservice.md,,,,,,
Services,11.1,https://docs.netwrix.com/docs/directorymanager/11_1/admincenter/service/overview,docs/directorymanager/11.1/admincenter/service/overview.md,,,,,,
Replication Service,11.1,https://docs.netwrix.com/docs/directorymanager/11_1/admincenter/service/replicationservice,docs/directorymanager/11.1/admincenter/service/replicationservice.md,,,,,,
Scheduler Service,11.1,https://docs.netwrix.com/docs/directorymanager/11_1/admincenter/service/schedulerservice,docs/directorymanager/11.1/admincenter/service/schedulerservice.md,,,,,,
Create a Security Service,11.1,https://docs.netwrix.com/docs/directorymanager/11_1/admincenter/service/securityservice/create,docs/directorymanager/11.1/admincenter/service/securityservice/create.md,,,,,,
Manage Security Service Settings,11.1,https://docs.netwrix.com/docs/directorymanager/11_1/admincenter/service/securityservice/manage,docs/directorymanager/11.1/admincenter/service/securityservice/manage.md,,,,,,
Security Service,11.1,https://docs.netwrix.com/docs/directorymanager/11_1/admincenter/service/securityservice/overview,docs/directorymanager/11.1/admincenter/service/securityservice/overview.md,,,,,,
Signing Key Utility,11.1,https://docs.netwrix.com/docs/directorymanager/11_1/admincenter/service/securityservice/signkeyutility,docs/directorymanager/11.1/admincenter/service/securityservice/signkeyutility.md,,,,,,
Access Admin Center,11.1,https://docs.netwrix.com/docs/directorymanager/11_1/admincenter/signin,docs/directorymanager/11.1/admincenter/signin.md,,,,,,
ISmsGateway.AccountId,11.1,https://docs.netwrix.com/docs/directorymanager/11_1/admincenter/smsgateway/custom/accountid,docs/directorymanager/11.1/admincenter/smsgateway/custom/accountid.md,,,,,,
ISmsGateway.Clone,11.1,https://docs.netwrix.com/docs/directorymanager/11_1/admincenter/smsgateway/custom/clone,docs/directorymanager/11.1/admincenter/smsgateway/custom/clone.md,,,,,,
ISMSGateway Members,11.1,https://docs.netwrix.com/docs/directorymanager/11_1/admincenter/smsgateway/custom/overview,docs/directorymanager/11.1/admincenter/smsgateway/custom/overview.md,,,,,,
ISmsGateway.Password,11.1,https://docs.netwrix.com/docs/directorymanager/11_1/admincenter/smsgateway/custom/password,docs/directorymanager/11.1/admincenter/smsgateway/custom/password.md,,,,,,
ISmsGateway.ProxyDomain,11.1,https://docs.netwrix.com/docs/directorymanager/11_1/admincenter/smsgateway/custom/proxydomain,docs/directorymanager/11.1/admincenter/smsgateway/custom/proxydomain.md,,,,,,
ISmsGateway.ProxyHostName,11.1,https://docs.netwrix.com/docs/directorymanager/11_1/admincenter/smsgateway/custom/proxyhostname,docs/directorymanager/11.1/admincenter/smsgateway/custom/proxyhostname.md,,,,,,
ISmsGateway.ProxyPassword,11.1,https://docs.netwrix.com/docs/directorymanager/11_1/admincenter/smsgateway/custom/proxypassword,docs/directorymanager/11.1/admincenter/smsgateway/custom/proxypassword.md,,,,,,
ISmsGateway.ProxyPort,11.1,https://docs.netwrix.com/docs/directorymanager/11_1/admincenter/smsgateway/custom/proxyport,docs/directorymanager/11.1/admincenter/smsgateway/custom/proxyport.md,,,,,,
ISmsGateway.ProxyUsername,11.1,https://docs.netwrix.com/docs/directorymanager/11_1/admincenter/smsgateway/custom/proxyusername,docs/directorymanager/11.1/admincenter/smsgateway/custom/proxyusername.md,,,,,,
ISmsGateway.SendShortMessage,11.1,https://docs.netwrix.com/docs/directorymanager/11_1/admincenter/smsgateway/custom/sendshortmessage,docs/directorymanager/11.1/admincenter/smsgateway/custom/sendshortmessage.md,,,,,,
ShortMessage class,11.1,https://docs.netwrix.com/docs/directorymanager/11_1/admincenter/smsgateway/custom/sendsmsmessageresult/class,docs/directorymanager/11.1/admincenter/smsgateway/custom/sendsmsmessageresult/class.md,,,,,,
SendSmsMessageResult.ExceptionMessage,11.1,https://docs.netwrix.com/docs/directorymanager/11_1/admincenter/smsgateway/custom/sendsmsmessageresult/exceptionmessage,docs/directorymanager/11.1/admincenter/smsgateway/custom/sendsmsmessageresult/exceptionmessage.md,,,,,,
SendSmsMessageResult.Message,11.1,https://docs.netwrix.com/docs/directorymanager/11_1/admincenter/smsgateway/custom/sendsmsmessageresult/message,docs/directorymanager/11.1/admincenter/smsgateway/custom/sendsmsmessageresult/message.md,,,,,,
SendSmsMessageResult.Success,11.1,https://docs.netwrix.com/docs/directorymanager/11_1/admincenter/smsgateway/custom/sendsmsmessageresult/success,docs/directorymanager/11.1/admincenter/smsgateway/custom/sendsmsmessageresult/success.md,,,,,,
ShortMessage.AccessCode,11.1,https://docs.netwrix.com/docs/directorymanager/11_1/admincenter/smsgateway/custom/shortmessage/accsscode,docs/directorymanager/11.1/admincenter/smsgateway/custom/shortmessage/accsscode.md,,,,,,
SendSmsMessageResult class,11.1,https://docs.netwrix.com/docs/directorymanager/11_1/admincenter/smsgateway/custom/shortmessage/class,docs/directorymanager/11.1/admincenter/smsgateway/custom/shortmessage/class.md,,,,,,
ShortMessage.MaxLength,11.1,https://docs.netwrix.com/docs/directorymanager/11_1/admincenter/smsgateway/custom/shortmessage/maxlength,docs/directorymanager/11.1/admincenter/smsgateway/custom/shortmessage/maxlength.md,,,,,,
ShortMessage.Message,11.1,https://docs.netwrix.com/docs/directorymanager/11_1/admincenter/smsgateway/custom/shortmessage/message,docs/directorymanager/11.1/admincenter/smsgateway/custom/shortmessage/message.md,,,,,,
ShortMessage.PhoneNumbers,11.1,https://docs.netwrix.com/docs/directorymanager/11_1/admincenter/smsgateway/custom/shortmessage/phonenumbers,docs/directorymanager/11.1/admincenter/smsgateway/custom/shortmessage/phonenumbers.md,,,,,,
ShortMessage.ReferenceId,11.1,https://docs.netwrix.com/docs/directorymanager/11_1/admincenter/smsgateway/custom/shortmessage/referenceid,docs/directorymanager/11.1/admincenter/smsgateway/custom/shortmessage/referenceid.md,,,,,,
ShortMessage.Validate,11.1,https://docs.netwrix.com/docs/directorymanager/11_1/admincenter/smsgateway/custom/shortmessage/validate,docs/directorymanager/11.1/admincenter/smsgateway/custom/shortmessage/validate.md,,,,,,
ISmsGateway.TestConnection,11.1,https://docs.netwrix.com/docs/directorymanager/11_1/admincenter/smsgateway/custom/testconnection,docs/directorymanager/11.1/admincenter/smsgateway/custom/testconnection.md,,,,,,
ISmsGateway.TestCredentials,11.1,https://docs.netwrix.com/docs/directorymanager/11_1/admincenter/smsgateway/custom/testcredentials,docs/directorymanager/11.1/admincenter/smsgateway/custom/testcredentials.md,,,,,,
ISmsGateway.TestProxy,11.1,https://docs.netwrix.com/docs/directorymanager/11_1/admincenter/smsgateway/custom/testproxy,docs/directorymanager/11.1/admincenter/smsgateway/custom/testproxy.md,,,,,,
ISmsGateway.Url,11.1,https://docs.netwrix.com/docs/directorymanager/11_1/admincenter/smsgateway/custom/url,docs/directorymanager/11.1/admincenter/smsgateway/custom/url.md,,,,,,
ISmsGateway.UserId,11.1,https://docs.netwrix.com/docs/directorymanager/11_1/admincenter/smsgateway/custom/userid,docs/directorymanager/11.1/admincenter/smsgateway/custom/userid.md,,,,,,
Implement and Deploy a Custom SMS Gateway,11.1,https://docs.netwrix.com/docs/directorymanager/11_1/admincenter/smsgateway/implementcustom,docs/directorymanager/11.1/admincenter/smsgateway/implementcustom.md,,,,,,
Manage SMS Gateway Accounts,11.1,https://docs.netwrix.com/docs/directorymanager/11_1/admincenter/smsgateway/manage,docs/directorymanager/11.1/admincenter/smsgateway/manage.md,,,,,,
SMS Gateway,11.1,https://docs.netwrix.com/docs/directorymanager/11_1/admincenter/smsgateway/overview,docs/directorymanager/11.1/admincenter/smsgateway/overview.md,,,,,,
Manage Advanced Workflow Settings,11.1,https://docs.netwrix.com/docs/directorymanager/11_1/admincenter/workflow/advancedsettings,docs/directorymanager/11.1/admincenter/workflow/advancedsettings.md,,,,,,
Workflow Approver Acceleration,11.1,https://docs.netwrix.com/docs/directorymanager/11_1/admincenter/workflow/approveracceleration,docs/directorymanager/11.1/admincenter/workflow/approveracceleration.md,,,,,,
Implement Workflows,11.1,https://docs.netwrix.com/docs/directorymanager/11_1/admincenter/workflow/implement,docs/directorymanager/11.1/admincenter/workflow/implement.md,,,,,,
Workflows,11.1,https://docs.netwrix.com/docs/directorymanager/11_1/admincenter/workflow/overview,docs/directorymanager/11.1/admincenter/workflow/overview.md,,,,,,
Common Errors,11.1,https://docs.netwrix.com/docs/directorymanager/11_1/APIs/commonerrors,docs/directorymanager/11.1/APIs/commonerrors.md,,,,,,
Contact APIs,11.1,https://docs.netwrix.com/docs/directorymanager/11_1/APIs/contactapis,docs/directorymanager/11.1/APIs/contactapis/contactapis.md,,,,,,
Create a Contact,11.1,https://docs.netwrix.com/docs/directorymanager/11_1/APIs/contactapis/createcontact,docs/directorymanager/11.1/APIs/contactapis/createcontact.md,,,,,,
Delete a Contact,11.1,https://docs.netwrix.com/docs/directorymanager/11_1/APIs/contactapis/deletecontact,docs/directorymanager/11.1/APIs/contactapis/deletecontact.md,,,,,,
Delete Contacts,11.1,https://docs.netwrix.com/docs/directorymanager/11_1/APIs/contactapis/deletecontacts,docs/directorymanager/11.1/APIs/contactapis/deletecontacts.md,,,,,,
Get a Contact,11.1,https://docs.netwrix.com/docs/directorymanager/11_1/APIs/contactapis/getcontact,docs/directorymanager/11.1/APIs/contactapis/getcontact.md,,,,,,
Get Contacts,11.1,https://docs.netwrix.com/docs/directorymanager/11_1/APIs/contactapis/getcontacts,docs/directorymanager/11.1/APIs/contactapis/getcontacts.md,,,,,,
Update a Contact,11.1,https://docs.netwrix.com/docs/directorymanager/11_1/APIs/contactapis/updatecontact,docs/directorymanager/11.1/APIs/contactapis/updatecontact.md,,,,,,
Create a Data Source,11.1,https://docs.netwrix.com/docs/directorymanager/11_1/APIs/datasourceapis/createds,docs/directorymanager/11.1/APIs/datasourceapis/createds/createds.md,,,,,,
Create a Data Source for MS Access,11.1,https://docs.netwrix.com/docs/directorymanager/11_1/APIs/datasourceapis/createds/dsaccess,docs/directorymanager/11.1/APIs/datasourceapis/createds/dsaccess.md,,,,,,
Create a Data Source for MS Excel,11.1,https://docs.netwrix.com/docs/directorymanager/11_1/APIs/datasourceapis/createds/dsexcel,docs/directorymanager/11.1/APIs/datasourceapis/createds/dsexcel.md,,,,,,
Create a Data Source for ODBC,11.1,https://docs.netwrix.com/docs/directorymanager/11_1/APIs/datasourceapis/createds/dsodbc,docs/directorymanager/11.1/APIs/datasourceapis/createds/dsodbc.md,,,,,,
Create a Data Source for Oracle,11.1,https://docs.netwrix.com/docs/directorymanager/11_1/APIs/datasourceapis/createds/dsoracle,docs/directorymanager/11.1/APIs/datasourceapis/createds/dsoracle.md,,,,,,
Create a Data Source for SQL Server,11.1,https://docs.netwrix.com/docs/directorymanager/11_1/APIs/datasourceapis/createds/dssql,docs/directorymanager/11.1/APIs/datasourceapis/createds/dssql.md,,,,,,
Create a Data Source for a Text/CSV File,11.1,https://docs.netwrix.com/docs/directorymanager/11_1/APIs/datasourceapis/createds/dstext,docs/directorymanager/11.1/APIs/datasourceapis/createds/dstext.md,,,,,,
Data Source APIs,11.1,https://docs.netwrix.com/docs/directorymanager/11_1/APIs/datasourceapis,docs/directorymanager/11.1/APIs/datasourceapis/datasourceapis.md,,,,,,
Delete a Data Source,11.1,https://docs.netwrix.com/docs/directorymanager/11_1/APIs/datasourceapis/deleteds,docs/directorymanager/11.1/APIs/datasourceapis/deleteds.md,,,,,,
Get File Server Metadata by Type,11.1,https://docs.netwrix.com/docs/directorymanager/11_1/APIs/datasourceapis/gefsmdtype,docs/directorymanager/11.1/APIs/datasourceapis/gefsmdtype.md,,,,,,
Get All Data Sources,11.1,https://docs.netwrix.com/docs/directorymanager/11_1/APIs/datasourceapis/getallds,docs/directorymanager/11.1/APIs/datasourceapis/getallds.md,,,,,,
Get All Data Sources by Type,11.1,https://docs.netwrix.com/docs/directorymanager/11_1/APIs/datasourceapis/getalldstype,docs/directorymanager/11.1/APIs/datasourceapis/getalldstype.md,,,,,,
Get a Data Source,11.1,https://docs.netwrix.com/docs/directorymanager/11_1/APIs/datasourceapis/getds,docs/directorymanager/11.1/APIs/datasourceapis/getds.md,,,,,,
Get Parameters of a Data Source,11.1,https://docs.netwrix.com/docs/directorymanager/11_1/APIs/datasourceapis/getdsparameter,docs/directorymanager/11.1/APIs/datasourceapis/getdsparameter.md,,,,,,
Get Provider Options of a Data Source,11.1,https://docs.netwrix.com/docs/directorymanager/11_1/APIs/datasourceapis/getdspo,docs/directorymanager/11.1/APIs/datasourceapis/getdspo.md,,,,,,
Get a Data Source by Type and with ID,11.1,https://docs.netwrix.com/docs/directorymanager/11_1/APIs/datasourceapis/getdstypeid,docs/directorymanager/11.1/APIs/datasourceapis/getdstypeid.md,,,,,,
Get a Data Source by Type and Name,11.1,https://docs.netwrix.com/docs/directorymanager/11_1/APIs/datasourceapis/getdstypename,docs/directorymanager/11.1/APIs/datasourceapis/getdstypename.md,,,,,,
Get Filtered Data Sources by isSource,11.1,https://docs.netwrix.com/docs/directorymanager/11_1/APIs/datasourceapis/getfilterds,docs/directorymanager/11.1/APIs/datasourceapis/getfilterds.md,,,,,,
Get Filenames by Type,11.1,https://docs.netwrix.com/docs/directorymanager/11_1/APIs/datasourceapis/getfntype,docs/directorymanager/11.1/APIs/datasourceapis/getfntype.md,,,,,,
Get Metadata of Data Sources,11.1,https://docs.netwrix.com/docs/directorymanager/11_1/APIs/datasourceapis/getmd,docs/directorymanager/11.1/APIs/datasourceapis/getmd.md,,,,,,
Get Metadata of Data Source by Server Type and ID,11.1,https://docs.netwrix.com/docs/directorymanager/11_1/APIs/datasourceapis/getmdtypest,docs/directorymanager/11.1/APIs/datasourceapis/getmdtypest.md,,,,,,
Parse a Connection String,11.1,https://docs.netwrix.com/docs/directorymanager/11_1/APIs/datasourceapis/parsecs,docs/directorymanager/11.1/APIs/datasourceapis/parsecs.md,,,,,,
Update a Data Source,11.1,https://docs.netwrix.com/docs/directorymanager/11_1/APIs/datasourceapis/updateds,docs/directorymanager/11.1/APIs/datasourceapis/updateds.md,,,,,,
Validate Data Connectivity of a Data Source,11.1,https://docs.netwrix.com/docs/directorymanager/11_1/APIs/datasourceapis/validatedc,docs/directorymanager/11.1/APIs/datasourceapis/validatedc.md,,,,,,
Get Token,11.1,https://docs.netwrix.com/docs/directorymanager/11_1/APIs/gettoken,docs/directorymanager/11.1/APIs/gettoken.md,,,,,,
Create a Smart Group,11.1,https://docs.netwrix.com/docs/directorymanager/11_1/APIs/groupapis/createsmartgroup,docs/directorymanager/11.1/APIs/groupapis/createsmartgroup.md,,,,,,
Create an Entra ID Smart Group,11.1,https://docs.netwrix.com/docs/directorymanager/11_1/APIs/groupapis/createsmartgroupentraid,docs/directorymanager/11.1/APIs/groupapis/createsmartgroupentraid.md,,,,,,
Create a Static Group,11.1,https://docs.netwrix.com/docs/directorymanager/11_1/APIs/groupapis/createstaticgroup,docs/directorymanager/11.1/APIs/groupapis/createstaticgroup.md,,,,,,
Create an Entra ID Static Group,11.1,https://docs.netwrix.com/docs/directorymanager/11_1/APIs/groupapis/createstaticgroupentraid,docs/directorymanager/11.1/APIs/groupapis/createstaticgroupentraid.md,,,,,,
Delete a Group,11.1,https://docs.netwrix.com/docs/directorymanager/11_1/APIs/groupapis/deletegroup,docs/directorymanager/11.1/APIs/groupapis/deletegroup.md,,,,,,
Delete Groups,11.1,https://docs.netwrix.com/docs/directorymanager/11_1/APIs/groupapis/deletegroups,docs/directorymanager/11.1/APIs/groupapis/deletegroups.md,,,,,,
Expire a Group,11.1,https://docs.netwrix.com/docs/directorymanager/11_1/APIs/groupapis/expiregroup,docs/directorymanager/11.1/APIs/groupapis/expiregroup.md,,,,,,
Expire Groups,11.1,https://docs.netwrix.com/docs/directorymanager/11_1/APIs/groupapis/expiregroups,docs/directorymanager/11.1/APIs/groupapis/expiregroups.md,,,,,,
Get a Group,11.1,https://docs.netwrix.com/docs/directorymanager/11_1/APIs/groupapis/getgroup,docs/directorymanager/11.1/APIs/groupapis/getgroup.md,,,,,,
Get Groups,11.1,https://docs.netwrix.com/docs/directorymanager/11_1/APIs/groupapis/getgroups,docs/directorymanager/11.1/APIs/groupapis/getgroups.md,,,,,,
Group APIs,11.1,https://docs.netwrix.com/docs/directorymanager/11_1/APIs/groupapis,docs/directorymanager/11.1/APIs/groupapis/groupapis.md,,,,,,
Join a Group,11.1,https://docs.netwrix.com/docs/directorymanager/11_1/APIs/groupapis/joingroup,docs/directorymanager/11.1/APIs/groupapis/joingroup.md,,,,,,
Join a Group on behalf of another user,11.1,https://docs.netwrix.com/docs/directorymanager/11_1/APIs/groupapis/joingrouponbehalf,docs/directorymanager/11.1/APIs/groupapis/joingrouponbehalf.md,,,,,,
Leave a Group,11.1,https://docs.netwrix.com/docs/directorymanager/11_1/APIs/groupapis/leavegroup,docs/directorymanager/11.1/APIs/groupapis/leavegroup.md,,,,,,
Leave a Group on behalf of another user,11.1,https://docs.netwrix.com/docs/directorymanager/11_1/APIs/groupapis/leavegrouponbehalf,docs/directorymanager/11.1/APIs/groupapis/leavegrouponbehalf.md,,,,,,
Preview of a Smart Group Membership,11.1,https://docs.netwrix.com/docs/directorymanager/11_1/APIs/groupapis/previewmembership,docs/directorymanager/11.1/APIs/groupapis/previewmembership.md,,,,,,
Renew a Group,11.1,https://docs.netwrix.com/docs/directorymanager/11_1/APIs/groupapis/renewgroup,docs/directorymanager/11.1/APIs/groupapis/renewgroup.md,,,,,,
Renew Groups,11.1,https://docs.netwrix.com/docs/directorymanager/11_1/APIs/groupapis/renewgroups,docs/directorymanager/11.1/APIs/groupapis/renewgroups.md,,,,,,
Update a Group,11.1,https://docs.netwrix.com/docs/directorymanager/11_1/APIs/groupapis/updategroup,docs/directorymanager/11.1/APIs/groupapis/updategroup.md,,,,,,
Update Groups,11.1,https://docs.netwrix.com/docs/directorymanager/11_1/APIs/groupapis/updategroups,docs/directorymanager/11.1/APIs/groupapis/updategroups.md,,,,,,
Update a Smart Group,11.1,https://docs.netwrix.com/docs/directorymanager/11_1/APIs/groupapis/updatesmartgroup,docs/directorymanager/11.1/APIs/groupapis/updatesmartgroup.md,,,,,,
Update Smart Groups,11.1,https://docs.netwrix.com/docs/directorymanager/11_1/APIs/groupapis/updatesmartgroups,docs/directorymanager/11.1/APIs/groupapis/updatesmartgroups.md,,,,,,
Create a New Job,11.1,https://docs.netwrix.com/docs/directorymanager/11_1/APIs/jobsapis/createjob,docs/directorymanager/11.1/APIs/jobsapis/createjob.md,,,,,,
Create a New Job Collection,11.1,https://docs.netwrix.com/docs/directorymanager/11_1/APIs/jobsapis/createnewjobcollection,docs/directorymanager/11.1/APIs/jobsapis/createnewjobcollection.md,,,,,,
Delete Jobs,11.1,https://docs.netwrix.com/docs/directorymanager/11_1/APIs/jobsapis/deletejob,docs/directorymanager/11.1/APIs/jobsapis/deletejob.md,,,,,,
Delete Job Collections,11.1,https://docs.netwrix.com/docs/directorymanager/11_1/APIs/jobsapis/deletejobcollections,docs/directorymanager/11.1/APIs/jobsapis/deletejobcollections.md,,,,,,
Get Job Collections Details,11.1,https://docs.netwrix.com/docs/directorymanager/11_1/APIs/jobsapis/getcollectionsdetails,docs/directorymanager/11.1/APIs/jobsapis/getcollectionsdetails.md,,,,,,
Get Job Collection Details By Job Collection ID,11.1,https://docs.netwrix.com/docs/directorymanager/11_1/APIs/jobsapis/getjcdetailsbyjcid,docs/directorymanager/11.1/APIs/jobsapis/getjcdetailsbyjcid.md,,,,,,
Get Job Collections,11.1,https://docs.netwrix.com/docs/directorymanager/11_1/APIs/jobsapis/getjobcollections,docs/directorymanager/11.1/APIs/jobsapis/getjobcollections.md,,,,,,
Get Jobs,11.1,https://docs.netwrix.com/docs/directorymanager/11_1/APIs/jobsapis/getjobs,docs/directorymanager/11.1/APIs/jobsapis/getjobs.md,,,,,,
Get a Job Details,11.1,https://docs.netwrix.com/docs/directorymanager/11_1/APIs/jobsapis/getjobsdetails,docs/directorymanager/11.1/APIs/jobsapis/getjobsdetails.md,,,,,,
Get Jobs Names,11.1,https://docs.netwrix.com/docs/directorymanager/11_1/APIs/jobsapis/getjobsname,docs/directorymanager/11.1/APIs/jobsapis/getjobsname.md,,,,,,
Synchronize Jobs APIs,11.1,https://docs.netwrix.com/docs/directorymanager/11_1/APIs/jobsapis,docs/directorymanager/11.1/APIs/jobsapis/jobsapis.md,,,,,,
Update a Job Collection,11.1,https://docs.netwrix.com/docs/directorymanager/11_1/APIs/jobsapis/updatjobcollection,docs/directorymanager/11.1/APIs/jobsapis/updatjobcollection.md,,,,,,
Admin Center Logs,11.1,https://docs.netwrix.com/docs/directorymanager/11_1/APIs/logsapis/admincenter,docs/directorymanager/11.1/APIs/logsapis/admincenter.md,,,,,,
Data Service Logs,11.1,https://docs.netwrix.com/docs/directorymanager/11_1/APIs/logsapis/dataservice,docs/directorymanager/11.1/APIs/logsapis/dataservice.md,,,,,,
Email Service Logs,11.1,https://docs.netwrix.com/docs/directorymanager/11_1/APIs/logsapis/emailservice,docs/directorymanager/11.1/APIs/logsapis/emailservice.md,,,,,,
Logs APIs,11.1,https://docs.netwrix.com/docs/directorymanager/11_1/APIs/logsapis,docs/directorymanager/11.1/APIs/logsapis/logsapis.md,,,,,,
Portal Logs,11.1,https://docs.netwrix.com/docs/directorymanager/11_1/APIs/logsapis/portal,docs/directorymanager/11.1/APIs/logsapis/portal.md,,,,,,
Replication Service Logs,11.1,https://docs.netwrix.com/docs/directorymanager/11_1/APIs/logsapis/replicationservice,docs/directorymanager/11.1/APIs/logsapis/replicationservice.md,,,,,,
Scheduler Service Logs,11.1,https://docs.netwrix.com/docs/directorymanager/11_1/APIs/logsapis/schedulerservice,docs/directorymanager/11.1/APIs/logsapis/schedulerservice.md,,,,,,
Security Service Logs,11.1,https://docs.netwrix.com/docs/directorymanager/11_1/APIs/logsapis/securityservice,docs/directorymanager/11.1/APIs/logsapis/securityservice.md,,,,,,
Search an Object By a Single Value Attribute,11.1,https://docs.netwrix.com/docs/directorymanager/11_1/APIs/searchapis/byattribute,docs/directorymanager/11.1/APIs/searchapis/byattribute.md,,,,,,
Search Group Members,11.1,https://docs.netwrix.com/docs/directorymanager/11_1/APIs/searchapis/groupmembers,docs/directorymanager/11.1/APIs/searchapis/groupmembers.md,,,,,,
Search APIs,11.1,https://docs.netwrix.com/docs/directorymanager/11_1/APIs/searchapis,docs/directorymanager/11.1/APIs/searchapis/searchapis.md,,,,,,
Create a User,11.1,https://docs.netwrix.com/docs/directorymanager/11_1/APIs/userapis/createuser,docs/directorymanager/11.1/APIs/userapis/createuser.md,,,,,,
Create an Entra ID User,11.1,https://docs.netwrix.com/docs/directorymanager/11_1/APIs/userapis/createuserentraid,docs/directorymanager/11.1/APIs/userapis/createuserentraid.md,,,,,,
Delete a User,11.1,https://docs.netwrix.com/docs/directorymanager/11_1/APIs/userapis/deleteuser,docs/directorymanager/11.1/APIs/userapis/deleteuser.md,,,,,,
Delete Users,11.1,https://docs.netwrix.com/docs/directorymanager/11_1/APIs/userapis/deleteusers,docs/directorymanager/11.1/APIs/userapis/deleteusers.md,,,,,,
Get All Groups,11.1,https://docs.netwrix.com/docs/directorymanager/11_1/APIs/userapis/getallgroups,docs/directorymanager/11.1/APIs/userapis/getallgroups.md,,,,,,
Get My Dynasties,11.1,https://docs.netwrix.com/docs/directorymanager/11_1/APIs/userapis/getmydynasties,docs/directorymanager/11.1/APIs/userapis/getmydynasties.md,,,,,,
Get My Expired Groups,11.1,https://docs.netwrix.com/docs/directorymanager/11_1/APIs/userapis/getmyexpiredgroups,docs/directorymanager/11.1/APIs/userapis/getmyexpiredgroups.md,,,,,,
Get My Expiring Groups,11.1,https://docs.netwrix.com/docs/directorymanager/11_1/APIs/userapis/getmyexpiringgroups,docs/directorymanager/11.1/APIs/userapis/getmyexpiringgroups.md,,,,,,
Get My Expiring Groups Count,11.1,https://docs.netwrix.com/docs/directorymanager/11_1/APIs/userapis/getmyexpiringgroupscount,docs/directorymanager/11.1/APIs/userapis/getmyexpiringgroupscount.md,,,,,,
Get My Groups,11.1,https://docs.netwrix.com/docs/directorymanager/11_1/APIs/userapis/getmygroups,docs/directorymanager/11.1/APIs/userapis/getmygroups.md,,,,,,
Get My Groups Count,11.1,https://docs.netwrix.com/docs/directorymanager/11_1/APIs/userapis/getmygroupscount,docs/directorymanager/11.1/APIs/userapis/getmygroupscount.md,,,,,,
Get My Membership,11.1,https://docs.netwrix.com/docs/directorymanager/11_1/APIs/userapis/getmymemberships,docs/directorymanager/11.1/APIs/userapis/getmymemberships.md,,,,,,
Get My Membership Count,11.1,https://docs.netwrix.com/docs/directorymanager/11_1/APIs/userapis/getmymemebershipcount,docs/directorymanager/11.1/APIs/userapis/getmymemebershipcount.md,,,,,,
Get My Smart Groups,11.1,https://docs.netwrix.com/docs/directorymanager/11_1/APIs/userapis/getmysmartgroups,docs/directorymanager/11.1/APIs/userapis/getmysmartgroups.md,,,,,,
Get a User,11.1,https://docs.netwrix.com/docs/directorymanager/11_1/APIs/userapis/getuser,docs/directorymanager/11.1/APIs/userapis/getuser.md,,,,,,
Get Users,11.1,https://docs.netwrix.com/docs/directorymanager/11_1/APIs/userapis/getusers,docs/directorymanager/11.1/APIs/userapis/getusers.md,,,,,,
Update a User,11.1,https://docs.netwrix.com/docs/directorymanager/11_1/APIs/userapis/updateuser,docs/directorymanager/11.1/APIs/userapis/updateuser.md,,,,,,
User APIs,11.1,https://docs.netwrix.com/docs/directorymanager/11_1/APIs/userapis,docs/directorymanager/11.1/APIs/userapis/userapis.md,,,,,,
APIs,11.1,https://docs.netwrix.com/docs/directorymanager/11_1/APIs/welcome,docs/directorymanager/11.1/APIs/welcome.md,,,,,,
All Workflow Routes,11.1,https://docs.netwrix.com/docs/directorymanager/11_1/APIs/workflowapis/allwfroutes,docs/directorymanager/11.1/APIs/workflowapis/allwfroutes.md,,,,,,
Approve a Request,11.1,https://docs.netwrix.com/docs/directorymanager/11_1/APIs/workflowapis/approvereq,docs/directorymanager/11.1/APIs/workflowapis/approvereq.md,,,,,,
Configure Power Automate,11.1,https://docs.netwrix.com/docs/directorymanager/11_1/APIs/workflowapis/configurepowerautomate,docs/directorymanager/11.1/APIs/workflowapis/configurepowerautomate.md,,,,,,
Create a Route,11.1,https://docs.netwrix.com/docs/directorymanager/11_1/APIs/workflowapis/createroute,docs/directorymanager/11.1/APIs/workflowapis/createroute.md,,,,,,
Delete Request Status,11.1,https://docs.netwrix.com/docs/directorymanager/11_1/APIs/workflowapis/deletereqstatus,docs/directorymanager/11.1/APIs/workflowapis/deletereqstatus.md,,,,,,
Delete a Route,11.1,https://docs.netwrix.com/docs/directorymanager/11_1/APIs/workflowapis/deleteroute,docs/directorymanager/11.1/APIs/workflowapis/deleteroute.md,,,,,,
Delete a Workflow Request,11.1,https://docs.netwrix.com/docs/directorymanager/11_1/APIs/workflowapis/deletewfreq,docs/directorymanager/11.1/APIs/workflowapis/deletewfreq.md,,,,,,
Deny a Request,11.1,https://docs.netwrix.com/docs/directorymanager/11_1/APIs/workflowapis/denyreq,docs/directorymanager/11.1/APIs/workflowapis/denyreq.md,,,,,,
Get Approvers,11.1,https://docs.netwrix.com/docs/directorymanager/11_1/APIs/workflowapis/getapprovers,docs/directorymanager/11.1/APIs/workflowapis/getapprovers.md,,,,,,
Get Default Routes,11.1,https://docs.netwrix.com/docs/directorymanager/11_1/APIs/workflowapis/getdefroute,docs/directorymanager/11.1/APIs/workflowapis/getdefroute.md,,,,,,
Get My Requests,11.1,https://docs.netwrix.com/docs/directorymanager/11_1/APIs/workflowapis/getmyreq,docs/directorymanager/11.1/APIs/workflowapis/getmyreq.md,,,,,,
Get Pending Requests,11.1,https://docs.netwrix.com/docs/directorymanager/11_1/APIs/workflowapis/getpendingreq,docs/directorymanager/11.1/APIs/workflowapis/getpendingreq.md,,,,,,
Get Power Automate Settings,11.1,https://docs.netwrix.com/docs/directorymanager/11_1/APIs/workflowapis/getpowerautomatesettings,docs/directorymanager/11.1/APIs/workflowapis/getpowerautomatesettings.md,,,,,,
Get Workflow Requests,11.1,https://docs.netwrix.com/docs/directorymanager/11_1/APIs/workflowapis/getwfreq,docs/directorymanager/11.1/APIs/workflowapis/getwfreq.md,,,,,,
Get a Workflow Route,11.1,https://docs.netwrix.com/docs/directorymanager/11_1/APIs/workflowapis/getwfroute,docs/directorymanager/11.1/APIs/workflowapis/getwfroute.md,,,,,,
Update Power Automate Settings,11.1,https://docs.netwrix.com/docs/directorymanager/11_1/APIs/workflowapis/updatepowerautomatesettings,docs/directorymanager/11.1/APIs/workflowapis/updatepowerautomatesettings.md,,,,,,
Update a Route,11.1,https://docs.netwrix.com/docs/directorymanager/11_1/APIs/workflowapis/updateroute,docs/directorymanager/11.1/APIs/workflowapis/updateroute.md,,,,,,
Workflow APIs,11.1,https://docs.netwrix.com/docs/directorymanager/11_1/APIs/workflowapis,docs/directorymanager/11.1/APIs/workflowapis/workflowapis.md,,,,,,
Specify Default Metadata Values,11.1,https://docs.netwrix.com/docs/directorymanager/11_1/authenticate/asidentityprovider/metadata,docs/directorymanager/11.1/authenticate/asidentityprovider/metadata.md,,,,,,
Directory Manager as an Identity Provider,11.1,https://docs.netwrix.com/docs/directorymanager/11_1/authenticate/asidentityprovider/overview,docs/directorymanager/11.1/authenticate/asidentityprovider/overview.md,,,,,,
Register an Application (Service Provider) in Directory Manager,11.1,https://docs.netwrix.com/docs/directorymanager/11_1/authenticate/asidentityprovider/register,docs/directorymanager/11.1/authenticate/asidentityprovider/register.md,,,,,,
Sign In Using Directory Manager,11.1,https://docs.netwrix.com/docs/directorymanager/11_1/authenticate/asidentityprovider/signin,docs/directorymanager/11.1/authenticate/asidentityprovider/signin.md,,,,,,
Configure the AD FS Provider In Directory Manager,11.1,https://docs.netwrix.com/docs/directorymanager/11_1/authenticate/asserviceprovider/adfs/configureadfsindirectorymanager,docs/directorymanager/11.1/authenticate/asserviceprovider/adfs/configureadfsindirectorymanager.md,,,,,,
Configure Relaying Party Trust in AD FS,11.1,https://docs.netwrix.com/docs/directorymanager/11_1/authenticate/asserviceprovider/adfs/configurerelayingpartytrust,docs/directorymanager/11.1/authenticate/asserviceprovider/adfs/configurerelayingpartytrust.md,,,,,,
Generate URLs,11.1,https://docs.netwrix.com/docs/directorymanager/11_1/authenticate/asserviceprovider/adfs/generateurls,docs/directorymanager/11.1/authenticate/asserviceprovider/adfs/generateurls.md,,,,,,
SAML Configuration for Directory Manager using AD FS,11.1,https://docs.netwrix.com/docs/directorymanager/11_1/authenticate/asserviceprovider/adfs/overview,docs/directorymanager/11.1/authenticate/asserviceprovider/adfs/overview.md,,,,,,
Sign In Using AD FS,11.1,https://docs.netwrix.com/docs/directorymanager/11_1/authenticate/asserviceprovider/adfs/signin,docs/directorymanager/11.1/authenticate/asserviceprovider/adfs/signin.md,,,,,,
Configure Directory Manager in Microsoft Entra ID for SSO,11.1,https://docs.netwrix.com/docs/directorymanager/11_1/authenticate/asserviceprovider/entrasso/configureinentra,docs/directorymanager/11.1/authenticate/asserviceprovider/entrasso/configureinentra.md,,,,,,
Configure the Microsoft Entra SSO in Directory Manager,11.1,https://docs.netwrix.com/docs/directorymanager/11_1/authenticate/asserviceprovider/entrasso/configureproviderindirectorymanager,docs/directorymanager/11.1/authenticate/asserviceprovider/entrasso/configureproviderindirectorymanager.md,,,,,,
Generate URLs,11.1,https://docs.netwrix.com/docs/directorymanager/11_1/authenticate/asserviceprovider/entrasso/generateurls,docs/directorymanager/11.1/authenticate/asserviceprovider/entrasso/generateurls.md,,,,,,
SAML Configuration for Directory Manager using Microsoft Entra ID SSO,11.1,https://docs.netwrix.com/docs/directorymanager/11_1/authenticate/asserviceprovider/entrasso/overview,docs/directorymanager/11.1/authenticate/asserviceprovider/entrasso/overview.md,,,,,,
Sign In Using Microsoft Entra ID SSO,11.1,https://docs.netwrix.com/docs/directorymanager/11_1/authenticate/asserviceprovider/entrasso/signin,docs/directorymanager/11.1/authenticate/asserviceprovider/entrasso/signin.md,,,,,,
Configure Directory Manager In Okta,11.1,https://docs.netwrix.com/docs/directorymanager/11_1/authenticate/asserviceprovider/okta/configureinokta,docs/directorymanager/11.1/authenticate/asserviceprovider/okta/configureinokta.md,,,,,,
Configure Okta in Directory Manager,11.1,https://docs.netwrix.com/docs/directorymanager/11_1/authenticate/asserviceprovider/okta/configureoktaindirectorymanager,docs/directorymanager/11.1/authenticate/asserviceprovider/okta/configureoktaindirectorymanager.md,,,,,,
Generate URLs,11.1,https://docs.netwrix.com/docs/directorymanager/11_1/authenticate/asserviceprovider/okta/generateurls,docs/directorymanager/11.1/authenticate/asserviceprovider/okta/generateurls.md,,,,,,
SAML Configuration for Directory Manager using Okta,11.1,https://docs.netwrix.com/docs/directorymanager/11_1/authenticate/asserviceprovider/okta/overview,docs/directorymanager/11.1/authenticate/asserviceprovider/okta/overview.md,,,,,,
Sign In Using Okta,11.1,https://docs.netwrix.com/docs/directorymanager/11_1/authenticate/asserviceprovider/okta/signin,docs/directorymanager/11.1/authenticate/asserviceprovider/okta/signin.md,,,,,,
Configure Directory Manager In OneLogin,11.1,https://docs.netwrix.com/docs/directorymanager/11_1/authenticate/asserviceprovider/onelogin/configureinonelogin,docs/directorymanager/11.1/authenticate/asserviceprovider/onelogin/configureinonelogin.md,,,,,,
Configure OneLogin in Directory Manager,11.1,https://docs.netwrix.com/docs/directorymanager/11_1/authenticate/asserviceprovider/onelogin/configureoneloginindirectorymanager,docs/directorymanager/11.1/authenticate/asserviceprovider/onelogin/configureoneloginindirectorymanager.md,,,,,,
Generate URLs,11.1,https://docs.netwrix.com/docs/directorymanager/11_1/authenticate/asserviceprovider/onelogin/generateurls,docs/directorymanager/11.1/authenticate/asserviceprovider/onelogin/generateurls.md,,,,,,
SAML Configuration for Directory Manager using OneLogin,11.1,https://docs.netwrix.com/docs/directorymanager/11_1/authenticate/asserviceprovider/onelogin/overview,docs/directorymanager/11.1/authenticate/asserviceprovider/onelogin/overview.md,,,,,,
Sign In Using OneLogin,11.1,https://docs.netwrix.com/docs/directorymanager/11_1/authenticate/asserviceprovider/onelogin/signin,docs/directorymanager/11.1/authenticate/asserviceprovider/onelogin/signin.md,,,,,,
Directory Manager as a Service Provider,11.1,https://docs.netwrix.com/docs/directorymanager/11_1/authenticate/asserviceprovider/overview,docs/directorymanager/11.1/authenticate/asserviceprovider/overview.md,,,,,,
Configure Directory Manager In PingOne,11.1,https://docs.netwrix.com/docs/directorymanager/11_1/authenticate/asserviceprovider/pingone/configureinpingone,docs/directorymanager/11.1/authenticate/asserviceprovider/pingone/configureinpingone.md,,,,,,
Configure PingOne in Directory Manager,11.1,https://docs.netwrix.com/docs/directorymanager/11_1/authenticate/asserviceprovider/pingone/configurepingoneindirectorymanager,docs/directorymanager/11.1/authenticate/asserviceprovider/pingone/configurepingoneindirectorymanager.md,,,,,,
Generate the Consumer URL and Metadata File,11.1,https://docs.netwrix.com/docs/directorymanager/11_1/authenticate/asserviceprovider/pingone/generatemetadata,docs/directorymanager/11.1/authenticate/asserviceprovider/pingone/generatemetadata.md,,,,,,
SAML Configuration for Directory Manager using PingOne,11.1,https://docs.netwrix.com/docs/directorymanager/11_1/authenticate/asserviceprovider/pingone/overview,docs/directorymanager/11.1/authenticate/asserviceprovider/pingone/overview.md,,,,,,
Sign In Using PingOne,11.1,https://docs.netwrix.com/docs/directorymanager/11_1/authenticate/asserviceprovider/pingone/signin,docs/directorymanager/11.1/authenticate/asserviceprovider/pingone/signin.md,,,,,,
Authenticate,11.1,https://docs.netwrix.com/docs/directorymanager/11_1/authenticate/overview,docs/directorymanager/11.1/authenticate/overview.md,,,,,,
Microsoft Entra ID Identity Store,11.1,https://docs.netwrix.com/docs/directorymanager/11_1/configureentraid/createid,docs/directorymanager/11.1/configureentraid/createid.md,,,,,,
Microsoft Entra ID User,11.1,https://docs.netwrix.com/docs/directorymanager/11_1/configureentraid/createuser,docs/directorymanager/11.1/configureentraid/createuser.md,,,,,,
Configure Directory Manager in Microsoft Entra ID,11.1,https://docs.netwrix.com/docs/directorymanager/11_1/configureentraid/overview,docs/directorymanager/11.1/configureentraid/overview.md,,,,,,
Microsoft Entra ID Permissions,11.1,https://docs.netwrix.com/docs/directorymanager/11_1/configureentraid/register/apppermissions,docs/directorymanager/11.1/configureentraid/register/apppermissions.md,,,,,,
Registration and Permissions Assignment,11.1,https://docs.netwrix.com/docs/directorymanager/11_1/configureentraid/register/appregister,docs/directorymanager/11.1/configureentraid/register/appregister.md,,,,,,
Certificate for Entra ID Authentication,11.1,https://docs.netwrix.com/docs/directorymanager/11_1/configureentraid/register/modauth,docs/directorymanager/11.1/configureentraid/register/modauth.md,,,,,,
Register in Microsoft Entra ID,11.1,https://docs.netwrix.com/docs/directorymanager/11_1/configureentraid/register/overview,docs/directorymanager/11.1/configureentraid/register/overview.md,,,,,,
Credential Provider,11.1,https://docs.netwrix.com/docs/directorymanager/11_1/credentialprovider,docs/directorymanager/11.1/credentialprovider/credentialprovider.md,,,,,,
Installation and Configuration,11.1,https://docs.netwrix.com/docs/directorymanager/11_1/credentialprovider/installconfigurecp,docs/directorymanager/11.1/credentialprovider/installconfigurecp.md,,,,,,
Getting Started,11.1,https://docs.netwrix.com/docs/directorymanager/11_1/gettingstarted,docs/directorymanager/11.1/gettingstarted.md,,,,,,
Netwrix Directory Manager v11.1 Documentation,11.1,https://docs.netwrix.com/docs/directorymanager/11_1,docs/directorymanager/11.1/index.md,,,,,,
Installation,11.1,https://docs.netwrix.com/docs/directorymanager/11_1/install/about,docs/directorymanager/11.1/install/about.md,,,,,,
Configuration Tool,11.1,https://docs.netwrix.com/docs/directorymanager/11_1/install/configure,docs/directorymanager/11.1/install/configure/configure.md,,,,,,
Configure a new Directory Manager server to add it to an existing Directory Manager 11 cluster with an existing database,11.1,https://docs.netwrix.com/docs/directorymanager/11_1/install/configure/database,docs/directorymanager/11.1/install/configure/database.md,,,,,,
Configure a New Directory Manager Server with a New or an Existing Database,11.1,https://docs.netwrix.com/docs/directorymanager/11_1/install/configure/gidserver,docs/directorymanager/11.1/install/configure/gidserver.md,,,,,,
Configuration,11.1,https://docs.netwrix.com/docs/directorymanager/11_1/install/configure/overview,docs/directorymanager/11.1/install/configure/overview.md,,,,,,
Authentication Modes,11.1,https://docs.netwrix.com/docs/directorymanager/11_1/install/configure/setupauthentication,docs/directorymanager/11.1/install/configure/setupauthentication.md,,,,,,
Update Signing Key,11.1,https://docs.netwrix.com/docs/directorymanager/11_1/install/configure/signingkeyinfo,docs/directorymanager/11.1/install/configure/signingkeyinfo.md,,,,,,
Installation Tool,11.1,https://docs.netwrix.com/docs/directorymanager/11_1/install/installer/install,docs/directorymanager/11.1/install/installer/install.md,,,,,,
Installer,11.1,https://docs.netwrix.com/docs/directorymanager/11_1/install/installer,docs/directorymanager/11.1/install/installer/installer.md,,,,,,
Preparation Tool,11.1,https://docs.netwrix.com/docs/directorymanager/11_1/install/installer/preparationtool,docs/directorymanager/11.1/install/installer/preparationtool.md,,,,,,
Uninstall,11.1,https://docs.netwrix.com/docs/directorymanager/11_1/install/installer/uninstall,docs/directorymanager/11.1/install/installer/uninstall.md,,,,,,
What does the Preparation Tool Install,11.1,https://docs.netwrix.com/docs/directorymanager/11_1/install/installer/whatprepinstall,docs/directorymanager/11.1/install/installer/whatprepinstall.md,,,,,,
Security Utility,11.1,https://docs.netwrix.com/docs/directorymanager/11_1/install/securityutility,docs/directorymanager/11.1/install/securityutility.md,,,,,,
Back Up and Restore Data,11.1,https://docs.netwrix.com/docs/directorymanager/11_1/install/upgrade/backuprestore,docs/directorymanager/11.1/install/upgrade/backuprestore.md,,,,,,
Notes on Upgrade,11.1,https://docs.netwrix.com/docs/directorymanager/11_1/install/upgrade/notes,docs/directorymanager/11.1/install/upgrade/notes.md,,,,,,
Upgrade,11.1,https://docs.netwrix.com/docs/directorymanager/11_1/install/upgrade/overview,docs/directorymanager/11.1/install/upgrade/overview.md,,,,,,
Upgrade to Directory Manager 11,11.1,https://docs.netwrix.com/docs/directorymanager/11_1/install/upgrade,docs/directorymanager/11.1/install/upgrade/upgrade.md,,,,,,
All Commands,11.1,https://docs.netwrix.com/docs/directorymanager/11_1/managementshell/commands,docs/directorymanager/11.1/managementshell/commands.md,,,,,,
Get-Contact,11.1,https://docs.netwrix.com/docs/directorymanager/11_1/managementshell/contact/getcontact,docs/directorymanager/11.1/managementshell/contact/getcontact.md,,,,,,
New-Contact,11.1,https://docs.netwrix.com/docs/directorymanager/11_1/managementshell/contact/newcontact,docs/directorymanager/11.1/managementshell/contact/newcontact.md,,,,,,
Contact Commands,11.1,https://docs.netwrix.com/docs/directorymanager/11_1/managementshell/contact/overview,docs/directorymanager/11.1/managementshell/contact/overview.md,,,,,,
Remove-Contact,11.1,https://docs.netwrix.com/docs/directorymanager/11_1/managementshell/contact/removecontact,docs/directorymanager/11.1/managementshell/contact/removecontact.md,,,,,,
Set-Contact,11.1,https://docs.netwrix.com/docs/directorymanager/11_1/managementshell/contact/setcontact,docs/directorymanager/11.1/managementshell/contact/setcontact.md,,,,,,
New-Dynasty,11.1,https://docs.netwrix.com/docs/directorymanager/11_1/managementshell/dynasty/newdynasty,docs/directorymanager/11.1/managementshell/dynasty/newdynasty.md,,,,,,
Dynasty Commands,11.1,https://docs.netwrix.com/docs/directorymanager/11_1/managementshell/dynasty/overview,docs/directorymanager/11.1/managementshell/dynasty/overview.md,,,,,,
Set-Dynasty,11.1,https://docs.netwrix.com/docs/directorymanager/11_1/managementshell/dynasty/setdynasty,docs/directorymanager/11.1/managementshell/dynasty/setdynasty.md,,,,,,
Get-Computer,11.1,https://docs.netwrix.com/docs/directorymanager/11_1/managementshell/general/getcomputer,docs/directorymanager/11.1/managementshell/general/getcomputer.md,,,,,,
Get-ConnectedStoreInformation,11.1,https://docs.netwrix.com/docs/directorymanager/11_1/managementshell/general/getconnectedstoreinformation,docs/directorymanager/11.1/managementshell/general/getconnectedstoreinformation.md,,,,,,
Get-ConnectedUser,11.1,https://docs.netwrix.com/docs/directorymanager/11_1/managementshell/general/getconnecteduser,docs/directorymanager/11.1/managementshell/general/getconnecteduser.md,,,,,,
Get-DirectoryManagerInformation,11.1,https://docs.netwrix.com/docs/directorymanager/11_1/managementshell/general/getdirectorymanagerinformation,docs/directorymanager/11.1/managementshell/general/getdirectorymanagerinformation.md,,,,,,
Get-ImanamiCommand,11.1,https://docs.netwrix.com/docs/directorymanager/11_1/managementshell/general/getimanamicommand,docs/directorymanager/11.1/managementshell/general/getimanamicommand.md,,,,,,
Get-ReplicationStatus,11.1,https://docs.netwrix.com/docs/directorymanager/11_1/managementshell/general/getreplicationstatus,docs/directorymanager/11.1/managementshell/general/getreplicationstatus.md,,,,,,
Get-TombStoneObject,11.1,https://docs.netwrix.com/docs/directorymanager/11_1/managementshell/general/gettombstoneobject,docs/directorymanager/11.1/managementshell/general/gettombstoneobject.md,,,,,,
Invoke-Replication,11.1,https://docs.netwrix.com/docs/directorymanager/11_1/managementshell/general/invokereplication,docs/directorymanager/11.1/managementshell/general/invokereplication.md,,,,,,
New-Container,11.1,https://docs.netwrix.com/docs/directorymanager/11_1/managementshell/general/newcontainer,docs/directorymanager/11.1/managementshell/general/newcontainer.md,,,,,,
General Commands,11.1,https://docs.netwrix.com/docs/directorymanager/11_1/managementshell/general/overview,docs/directorymanager/11.1/managementshell/general/overview.md,,,,,,
Remove-Container,11.1,https://docs.netwrix.com/docs/directorymanager/11_1/managementshell/general/removecontainer,docs/directorymanager/11.1/managementshell/general/removecontainer.md,,,,,,
Restore-TombStoneObject,11.1,https://docs.netwrix.com/docs/directorymanager/11_1/managementshell/general/restoretombstoneobject,docs/directorymanager/11.1/managementshell/general/restoretombstoneobject.md,,,,,,
Send-Notification,11.1,https://docs.netwrix.com/docs/directorymanager/11_1/managementshell/general/sendnotification,docs/directorymanager/11.1/managementshell/general/sendnotification.md,,,,,,
Convert-Group,11.1,https://docs.netwrix.com/docs/directorymanager/11_1/managementshell/group/convertgroup,docs/directorymanager/11.1/managementshell/group/convertgroup.md,,,,,,
Expire-Group,11.1,https://docs.netwrix.com/docs/directorymanager/11_1/managementshell/group/expiregroup,docs/directorymanager/11.1/managementshell/group/expiregroup.md,,,,,,
Get-Group,11.1,https://docs.netwrix.com/docs/directorymanager/11_1/managementshell/group/getgroup,docs/directorymanager/11.1/managementshell/group/getgroup.md,,,,,,
Move-Group,11.1,https://docs.netwrix.com/docs/directorymanager/11_1/managementshell/group/movegroup,docs/directorymanager/11.1/managementshell/group/movegroup.md,,,,,,
New-Group,11.1,https://docs.netwrix.com/docs/directorymanager/11_1/managementshell/group/newgroup,docs/directorymanager/11.1/managementshell/group/newgroup.md,,,,,,
Group Commands,11.1,https://docs.netwrix.com/docs/directorymanager/11_1/managementshell/group/overview,docs/directorymanager/11.1/managementshell/group/overview.md,,,,,,
Remove-Group,11.1,https://docs.netwrix.com/docs/directorymanager/11_1/managementshell/group/remove-group,docs/directorymanager/11.1/managementshell/group/remove-group.md,,,,,,
Renew-Group,11.1,https://docs.netwrix.com/docs/directorymanager/11_1/managementshell/group/renewgroup,docs/directorymanager/11.1/managementshell/group/renewgroup.md,,,,,,
Set-Group,11.1,https://docs.netwrix.com/docs/directorymanager/11_1/managementshell/group/setgroup,docs/directorymanager/11.1/managementshell/group/setgroup.md,,,,,,
Clear-MessagingServer,11.1,https://docs.netwrix.com/docs/directorymanager/11_1/managementshell/identitystore/clearmessagingserver,docs/directorymanager/11.1/managementshell/identitystore/clearmessagingserver.md,,,,,,
Clear-Notifications,11.1,https://docs.netwrix.com/docs/directorymanager/11_1/managementshell/identitystore/clearnotifications,docs/directorymanager/11.1/managementshell/identitystore/clearnotifications.md,,,,,,
Clear-SmtpServer,11.1,https://docs.netwrix.com/docs/directorymanager/11_1/managementshell/identitystore/clearsmtpserver,docs/directorymanager/11.1/managementshell/identitystore/clearsmtpserver.md,,,,,,
Get-AvailableMessagingServers,11.1,https://docs.netwrix.com/docs/directorymanager/11_1/managementshell/identitystore/getavailablemessagingservers,docs/directorymanager/11.1/managementshell/identitystore/getavailablemessagingservers.md,,,,,,
Get-Client,11.1,https://docs.netwrix.com/docs/directorymanager/11_1/managementshell/identitystore/getclient,docs/directorymanager/11.1/managementshell/identitystore/getclient.md,,,,,,
Get-IdentityStore,11.1,https://docs.netwrix.com/docs/directorymanager/11_1/managementshell/identitystore/getidentitystore,docs/directorymanager/11.1/managementshell/identitystore/getidentitystore.md,,,,,,
Get-IdentityStoreRoles,11.1,https://docs.netwrix.com/docs/directorymanager/11_1/managementshell/identitystore/getidentitystoreroles,docs/directorymanager/11.1/managementshell/identitystore/getidentitystoreroles.md,,,,,,
Get-LogSettings,11.1,https://docs.netwrix.com/docs/directorymanager/11_1/managementshell/identitystore/getlogsettings,docs/directorymanager/11.1/managementshell/identitystore/getlogsettings.md,,,,,,
Get-RolePermissionNames,11.1,https://docs.netwrix.com/docs/directorymanager/11_1/managementshell/identitystore/getrolepermissionnames,docs/directorymanager/11.1/managementshell/identitystore/getrolepermissionnames.md,,,,,,
Get-SchemaAttributes,11.1,https://docs.netwrix.com/docs/directorymanager/11_1/managementshell/identitystore/getschemaattributes,docs/directorymanager/11.1/managementshell/identitystore/getschemaattributes.md,,,,,,
Get-SmsGateways,11.1,https://docs.netwrix.com/docs/directorymanager/11_1/managementshell/identitystore/getsmsgateways,docs/directorymanager/11.1/managementshell/identitystore/getsmsgateways.md,,,,,,
Get-UserRole,11.1,https://docs.netwrix.com/docs/directorymanager/11_1/managementshell/identitystore/getuserrole,docs/directorymanager/11.1/managementshell/identitystore/getuserrole.md,,,,,,
New-IdentityStore,11.1,https://docs.netwrix.com/docs/directorymanager/11_1/managementshell/identitystore/newidentitystore,docs/directorymanager/11.1/managementshell/identitystore/newidentitystore.md,,,,,,
Identity Store Commands,11.1,https://docs.netwrix.com/docs/directorymanager/11_1/managementshell/identitystore/overview,docs/directorymanager/11.1/managementshell/identitystore/overview.md,,,,,,
Remove-IdentityStore,11.1,https://docs.netwrix.com/docs/directorymanager/11_1/managementshell/identitystore/removeidentitystore,docs/directorymanager/11.1/managementshell/identitystore/removeidentitystore.md,,,,,,
Send-TestNotification,11.1,https://docs.netwrix.com/docs/directorymanager/11_1/managementshell/identitystore/sendtestnotification,docs/directorymanager/11.1/managementshell/identitystore/sendtestnotification.md,,,,,,
Set-IdentityStore,11.1,https://docs.netwrix.com/docs/directorymanager/11_1/managementshell/identitystore/setidentitystore,docs/directorymanager/11.1/managementshell/identitystore/setidentitystore.md,,,,,,
Set-IdentityStoreRole,11.1,https://docs.netwrix.com/docs/directorymanager/11_1/managementshell/identitystore/setidentitystorerole,docs/directorymanager/11.1/managementshell/identitystore/setidentitystorerole.md,,,,,,
Set-MessagingServer,11.1,https://docs.netwrix.com/docs/directorymanager/11_1/managementshell/identitystore/setmessagingserver,docs/directorymanager/11.1/managementshell/identitystore/setmessagingserver.md,,,,,,
Set-Notifications,11.1,https://docs.netwrix.com/docs/directorymanager/11_1/managementshell/identitystore/setnotifications,docs/directorymanager/11.1/managementshell/identitystore/setnotifications.md,,,,,,
Set-SmtpServer,11.1,https://docs.netwrix.com/docs/directorymanager/11_1/managementshell/identitystore/setsmtpserver,docs/directorymanager/11.1/managementshell/identitystore/setsmtpserver.md,,,,,,
Connect-IdentityStore,11.1,https://docs.netwrix.com/docs/directorymanager/11_1/managementshell/identitystoreconnection/connectidentitystore,docs/directorymanager/11.1/managementshell/identitystoreconnection/connectidentitystore.md,,,,,,
Get-Token,11.1,https://docs.netwrix.com/docs/directorymanager/11_1/managementshell/identitystoreconnection/gettoken,docs/directorymanager/11.1/managementshell/identitystoreconnection/gettoken.md,,,,,,
Identity Store Connection Commands,11.1,https://docs.netwrix.com/docs/directorymanager/11_1/managementshell/identitystoreconnection/overview,docs/directorymanager/11.1/managementshell/identitystoreconnection/overview.md,,,,,,
Get-Mailbox,11.1,https://docs.netwrix.com/docs/directorymanager/11_1/managementshell/mailbox/getmailbox,docs/directorymanager/11.1/managementshell/mailbox/getmailbox.md,,,,,,
New-Mailbox,11.1,https://docs.netwrix.com/docs/directorymanager/11_1/managementshell/mailbox/newmailbox,docs/directorymanager/11.1/managementshell/mailbox/newmailbox.md,,,,,,
Mailbox Commands,11.1,https://docs.netwrix.com/docs/directorymanager/11_1/managementshell/mailbox/overview,docs/directorymanager/11.1/managementshell/mailbox/overview.md,,,,,,
Remove-Mailbox,11.1,https://docs.netwrix.com/docs/directorymanager/11_1/managementshell/mailbox/removemailbox,docs/directorymanager/11.1/managementshell/mailbox/removemailbox.md,,,,,,
Set-Mailbox,11.1,https://docs.netwrix.com/docs/directorymanager/11_1/managementshell/mailbox/setmailbox,docs/directorymanager/11.1/managementshell/mailbox/setmailbox.md,,,,,,
Disable-DistributionGroup,11.1,https://docs.netwrix.com/docs/directorymanager/11_1/managementshell/mailenableddisabledgroups/disabledistributiongroup,docs/directorymanager/11.1/managementshell/mailenableddisabledgroups/disabledistributiongroup.md,,,,,,
Enable-DistributionGroup,11.1,https://docs.netwrix.com/docs/directorymanager/11_1/managementshell/mailenableddisabledgroups/enabledistributiongroup,docs/directorymanager/11.1/managementshell/mailenableddisabledgroups/enabledistributiongroup.md,,,,,,
Mail-Enable/Disable Groups Commands,11.1,https://docs.netwrix.com/docs/directorymanager/11_1/managementshell/mailenableddisabledgroups/overview,docs/directorymanager/11.1/managementshell/mailenableddisabledgroups/overview.md,,,,,,
Add-GroupMember,11.1,https://docs.netwrix.com/docs/directorymanager/11_1/managementshell/membership/addgroupmember,docs/directorymanager/11.1/managementshell/membership/addgroupmember.md,,,,,,
Get-GroupMember,11.1,https://docs.netwrix.com/docs/directorymanager/11_1/managementshell/membership/getgroupmember,docs/directorymanager/11.1/managementshell/membership/getgroupmember.md,,,,,,
Get-Object,11.1,https://docs.netwrix.com/docs/directorymanager/11_1/managementshell/membership/getobject,docs/directorymanager/11.1/managementshell/membership/getobject.md,,,,,,
Membership Commands,11.1,https://docs.netwrix.com/docs/directorymanager/11_1/managementshell/membership/overview,docs/directorymanager/11.1/managementshell/membership/overview.md,,,,,,
Remove-GroupMember,11.1,https://docs.netwrix.com/docs/directorymanager/11_1/managementshell/membership/removegroupmember,docs/directorymanager/11.1/managementshell/membership/removegroupmember.md,,,,,,
Set-Object,11.1,https://docs.netwrix.com/docs/directorymanager/11_1/managementshell/membership/setobject,docs/directorymanager/11.1/managementshell/membership/setobject.md,,,,,,
Directory Manager Management Shell,11.1,https://docs.netwrix.com/docs/directorymanager/11_1/managementshell/overview,docs/directorymanager/11.1/managementshell/overview.md,,,,,,
Parameters,11.1,https://docs.netwrix.com/docs/directorymanager/11_1/managementshell/parameters,docs/directorymanager/11.1/managementshell/parameters.md,,,,,,
Get-Schedule,11.1,https://docs.netwrix.com/docs/directorymanager/11_1/managementshell/scheduling/getschedule,docs/directorymanager/11.1/managementshell/scheduling/getschedule.md,,,,,,
Get-TargetSchedules,11.1,https://docs.netwrix.com/docs/directorymanager/11_1/managementshell/scheduling/gettargetschedule,docs/directorymanager/11.1/managementshell/scheduling/gettargetschedule.md,,,,,,
Invoke-Schedule,11.1,https://docs.netwrix.com/docs/directorymanager/11_1/managementshell/scheduling/invokeschedule,docs/directorymanager/11.1/managementshell/scheduling/invokeschedule.md,,,,,,
New-Schedule,11.1,https://docs.netwrix.com/docs/directorymanager/11_1/managementshell/scheduling/newschedule,docs/directorymanager/11.1/managementshell/scheduling/newschedule.md,,,,,,
Scheduling Commands,11.1,https://docs.netwrix.com/docs/directorymanager/11_1/managementshell/scheduling/overview,docs/directorymanager/11.1/managementshell/scheduling/overview.md,,,,,,
Remove-Schedule,11.1,https://docs.netwrix.com/docs/directorymanager/11_1/managementshell/scheduling/removeschedule,docs/directorymanager/11.1/managementshell/scheduling/removeschedule.md,,,,,,
Set-Schedule,11.1,https://docs.netwrix.com/docs/directorymanager/11_1/managementshell/scheduling/setschedule,docs/directorymanager/11.1/managementshell/scheduling/setschedule.md,,,,,,
Stop-Schedule,11.1,https://docs.netwrix.com/docs/directorymanager/11_1/managementshell/scheduling/stopschedule,docs/directorymanager/11.1/managementshell/scheduling/stopschedule.md,,,,,,
Set the $Credentials Environment Variable,11.1,https://docs.netwrix.com/docs/directorymanager/11_1/managementshell/setthecredential,docs/directorymanager/11.1/managementshell/setthecredential.md,,,,,,
ConvertTo-StaticGroup,11.1,https://docs.netwrix.com/docs/directorymanager/11_1/managementshell/smartgroup/converttostaticgroup,docs/directorymanager/11.1/managementshell/smartgroup/converttostaticgroup.md,,,,,,
Get-SmartGroup,11.1,https://docs.netwrix.com/docs/directorymanager/11_1/managementshell/smartgroup/getsmartgroup,docs/directorymanager/11.1/managementshell/smartgroup/getsmartgroup.md,,,,,,
New-SmartGroup,11.1,https://docs.netwrix.com/docs/directorymanager/11_1/managementshell/smartgroup/newsmartgroup,docs/directorymanager/11.1/managementshell/smartgroup/newsmartgroup.md,,,,,,
Smart Group Commands,11.1,https://docs.netwrix.com/docs/directorymanager/11_1/managementshell/smartgroup/overview,docs/directorymanager/11.1/managementshell/smartgroup/overview.md,,,,,,
Set-SmartGroup,11.1,https://docs.netwrix.com/docs/directorymanager/11_1/managementshell/smartgroup/setsmartgroup,docs/directorymanager/11.1/managementshell/smartgroup/setsmartgroup.md,,,,,,
Update-Group,11.1,https://docs.netwrix.com/docs/directorymanager/11_1/managementshell/smartgroup/updategroup,docs/directorymanager/11.1/managementshell/smartgroup/updategroup.md,,,,,,
Upgrade-Group,11.1,https://docs.netwrix.com/docs/directorymanager/11_1/managementshell/smartgroup/upgradegroup,docs/directorymanager/11.1/managementshell/smartgroup/upgradegroup.md,,,,,,
Get-User,11.1,https://docs.netwrix.com/docs/directorymanager/11_1/managementshell/user/getuser,docs/directorymanager/11.1/managementshell/user/getuser.md,,,,,,
Get-UserEnrollment,11.1,https://docs.netwrix.com/docs/directorymanager/11_1/managementshell/user/getuserenrollment,docs/directorymanager/11.1/managementshell/user/getuserenrollment.md,,,,,,
New-User,11.1,https://docs.netwrix.com/docs/directorymanager/11_1/managementshell/user/newuser,docs/directorymanager/11.1/managementshell/user/newuser.md,,,,,,
User Commands,11.1,https://docs.netwrix.com/docs/directorymanager/11_1/managementshell/user/overview,docs/directorymanager/11.1/managementshell/user/overview.md,,,,,,
Remove-User,11.1,https://docs.netwrix.com/docs/directorymanager/11_1/managementshell/user/removeuser,docs/directorymanager/11.1/managementshell/user/removeuser.md,,,,,,
Set-User,11.1,https://docs.netwrix.com/docs/directorymanager/11_1/managementshell/user/setuser,docs/directorymanager/11.1/managementshell/user/setuser.md,,,,,,
Extend-User,11.1,https://docs.netwrix.com/docs/directorymanager/11_1/managementshell/userlifecycle/extenduser,docs/directorymanager/11.1/managementshell/userlifecycle/extenduser.md,,,,,,
Get-Status,11.1,https://docs.netwrix.com/docs/directorymanager/11_1/managementshell/userlifecycle/getstatus,docs/directorymanager/11.1/managementshell/userlifecycle/getstatus.md,,,,,,
User Lifecycle Commands,11.1,https://docs.netwrix.com/docs/directorymanager/11_1/managementshell/userlifecycle/overview,docs/directorymanager/11.1/managementshell/userlifecycle/overview.md,,,,,,
Reinstate-User,11.1,https://docs.netwrix.com/docs/directorymanager/11_1/managementshell/userlifecycle/reinstateuser,docs/directorymanager/11.1/managementshell/userlifecycle/reinstateuser.md,,,,,,
Terminate-DirectReports,11.1,https://docs.netwrix.com/docs/directorymanager/11_1/managementshell/userlifecycle/terminatedirectreports,docs/directorymanager/11.1/managementshell/userlifecycle/terminatedirectreports.md,,,,,,
Transfer-DirectReports,11.1,https://docs.netwrix.com/docs/directorymanager/11_1/managementshell/userlifecycle/transferdirectreports,docs/directorymanager/11.1/managementshell/userlifecycle/transferdirectreports.md,,,,,,
Dashboard,11.1,https://docs.netwrix.com/docs/directorymanager/11_1/portal/dashboard,docs/directorymanager/11.1/portal/dashboard.md,,,,,,
File Servers,11.1,https://docs.netwrix.com/docs/directorymanager/11_1/portal/entitlement/fileservers,docs/directorymanager/11.1/portal/entitlement/fileservers.md,,,,,,
Entitlement,11.1,https://docs.netwrix.com/docs/directorymanager/11_1/portal/entitlement/overview,docs/directorymanager/11.1/portal/entitlement/overview.md,,,,,,
SharePoint Sites,11.1,https://docs.netwrix.com/docs/directorymanager/11_1/portal/entitlement/sharepointsites,docs/directorymanager/11.1/portal/entitlement/sharepointsites.md,,,,,,
Find Dialog Box,11.1,https://docs.netwrix.com/docs/directorymanager/11_1/portal/generalfeatures/find,docs/directorymanager/11.1/portal/generalfeatures/find.md,,,,,,
General Portal Features,11.1,https://docs.netwrix.com/docs/directorymanager/11_1/portal/generalfeatures,docs/directorymanager/11.1/portal/generalfeatures/generalfeatures.md,,,,,,
Portal Settings,11.1,https://docs.netwrix.com/docs/directorymanager/11_1/portal/generalfeatures/portal,docs/directorymanager/11.1/portal/generalfeatures/portal.md,,,,,,
Query Based Advanced Search,11.1,https://docs.netwrix.com/docs/directorymanager/11_1/portal/generalfeatures/querysearch,docs/directorymanager/11.1/portal/generalfeatures/querysearch.md,,,,,,
Directory Search,11.1,https://docs.netwrix.com/docs/directorymanager/11_1/portal/generalfeatures/search,docs/directorymanager/11.1/portal/generalfeatures/search.md,,,,,,
Toolbar,11.1,https://docs.netwrix.com/docs/directorymanager/11_1/portal/generalfeatures/toolbar,docs/directorymanager/11.1/portal/generalfeatures/toolbar.md,,,,,,
User Account Settings,11.1,https://docs.netwrix.com/docs/directorymanager/11_1/portal/generalfeatures/user,docs/directorymanager/11.1/portal/generalfeatures/user.md,,,,,,
Dynasties,11.1,https://docs.netwrix.com/docs/directorymanager/11_1/portal/group/allgroups/alldynasties,docs/directorymanager/11.1/portal/group/allgroups/alldynasties.md,,,,,,
Expired Groups,11.1,https://docs.netwrix.com/docs/directorymanager/11_1/portal/group/allgroups/allexpiredgroups,docs/directorymanager/11.1/portal/group/allgroups/allexpiredgroups.md,,,,,,
Expiring Groups,11.1,https://docs.netwrix.com/docs/directorymanager/11_1/portal/group/allgroups/allexpiringgroups,docs/directorymanager/11.1/portal/group/allgroups/allexpiringgroups.md,,,,,,
All Groups,11.1,https://docs.netwrix.com/docs/directorymanager/11_1/portal/group/allgroups,docs/directorymanager/11.1/portal/group/allgroups/allgroups.md,,,,,,
Smart Groups,11.1,https://docs.netwrix.com/docs/directorymanager/11_1/portal/group/allgroups/allsmartgroups,docs/directorymanager/11.1/portal/group/allgroups/allsmartgroups.md,,,,,,
Password Expiry Groups,11.1,https://docs.netwrix.com/docs/directorymanager/11_1/portal/group/allgroups/passwordexpirygroups,docs/directorymanager/11.1/portal/group/allgroups/passwordexpirygroups.md,,,,,,
Private Groups,11.1,https://docs.netwrix.com/docs/directorymanager/11_1/portal/group/allgroups/privategroups,docs/directorymanager/11.1/portal/group/allgroups/privategroups.md,,,,,,
Public Groups,11.1,https://docs.netwrix.com/docs/directorymanager/11_1/portal/group/allgroups/publicgroups,docs/directorymanager/11.1/portal/group/allgroups/publicgroups.md,,,,,,
Semi Private Groups,11.1,https://docs.netwrix.com/docs/directorymanager/11_1/portal/group/allgroups/semiprivategroups,docs/directorymanager/11.1/portal/group/allgroups/semiprivategroups.md,,,,,,
Teams,11.1,https://docs.netwrix.com/docs/directorymanager/11_1/portal/group/allgroups/teams,docs/directorymanager/11.1/portal/group/allgroups/teams.md,,,,,,
Create Teams,11.1,https://docs.netwrix.com/docs/directorymanager/11_1/portal/group/create,docs/directorymanager/11.1/portal/group/create.md,,,,,,
General page,11.1,https://docs.netwrix.com/docs/directorymanager/11_1/portal/group/create/AD/general,docs/directorymanager/11.1/portal/group/create/AD/general.md,,,,,,
Create Active Directory Groups,11.1,https://docs.netwrix.com/docs/directorymanager/11_1/portal/group/create/AD/group,docs/directorymanager/11.1/portal/group/create/AD/group.md,,,,,,
Members page,11.1,https://docs.netwrix.com/docs/directorymanager/11_1/portal/group/create/AD/members,docs/directorymanager/11.1/portal/group/create/AD/members.md,,,,,,
Owners page,11.1,https://docs.netwrix.com/docs/directorymanager/11_1/portal/group/create/AD/owners,docs/directorymanager/11.1/portal/group/create/AD/owners.md,,,,,,
Smart Group page,11.1,https://docs.netwrix.com/docs/directorymanager/11_1/portal/group/create/AD/smartgroup,docs/directorymanager/11.1/portal/group/create/AD/smartgroup.md,,,,,,
General page,11.1,https://docs.netwrix.com/docs/directorymanager/11_1/portal/group/create/EntraID/general,docs/directorymanager/11.1/portal/group/create/EntraID/general.md,,,,,,
Create Microsoft Entra ID Groups,11.1,https://docs.netwrix.com/docs/directorymanager/11_1/portal/group/create/EntraID/group,docs/directorymanager/11.1/portal/group/create/EntraID/group.md,,,,,,
Group Type page,11.1,https://docs.netwrix.com/docs/directorymanager/11_1/portal/group/create/grouptype,docs/directorymanager/11.1/portal/group/create/grouptype.md,,,,,,
Create Group Objectss,11.1,https://docs.netwrix.com/docs/directorymanager/11_1/portal/group/create/overview,docs/directorymanager/11.1/portal/group/create/overview.md,,,,,,
Create an Active Directory Dynasty,11.1,https://docs.netwrix.com/docs/directorymanager/11_1/portal/group/dynasty/AD/createdynasty,docs/directorymanager/11.1/portal/group/dynasty/AD/createdynasty.md,,,,,,
Dynasty Options page (Managerial Dynasty),11.1,https://docs.netwrix.com/docs/directorymanager/11_1/portal/group/dynasty/AD/dynastyoptionsmanagerial,docs/directorymanager/11.1/portal/group/dynasty/AD/dynastyoptionsmanagerial.md,,,,,,
Dynasty Options page,11.1,https://docs.netwrix.com/docs/directorymanager/11_1/portal/group/dynasty/AD/dynastyoptionsorggeocus,docs/directorymanager/11.1/portal/group/dynasty/AD/dynastyoptionsorggeocus.md,,,,,,
Create a Microsoft Entra ID Dynasty,11.1,https://docs.netwrix.com/docs/directorymanager/11_1/portal/group/dynasty/EntraID/createdynasty,docs/directorymanager/11.1/portal/group/dynasty/EntraID/createdynasty.md,,,,,,
General - Microsoft Entra ID,11.1,https://docs.netwrix.com/docs/directorymanager/11_1/portal/group/dynasty/EntraID/general,docs/directorymanager/11.1/portal/group/dynasty/EntraID/general.md,,,,,,
Dynasty,11.1,https://docs.netwrix.com/docs/directorymanager/11_1/portal/group/dynasty/overview,docs/directorymanager/11.1/portal/group/dynasty/overview.md,,,,,,
My Deleted Groups,11.1,https://docs.netwrix.com/docs/directorymanager/11_1/portal/group/mygroups/mydeletedgroups,docs/directorymanager/11.1/portal/group/mygroups/mydeletedgroups.md,,,,,,
My Dynasties,11.1,https://docs.netwrix.com/docs/directorymanager/11_1/portal/group/mygroups/mydynasties,docs/directorymanager/11.1/portal/group/mygroups/mydynasties.md,,,,,,
My Expired Groups,11.1,https://docs.netwrix.com/docs/directorymanager/11_1/portal/group/mygroups/myexpiredgroups,docs/directorymanager/11.1/portal/group/mygroups/myexpiredgroups.md,,,,,,
My Expiring Groups,11.1,https://docs.netwrix.com/docs/directorymanager/11_1/portal/group/mygroups/myexpiringgroups,docs/directorymanager/11.1/portal/group/mygroups/myexpiringgroups.md,,,,,,
My Groups,11.1,https://docs.netwrix.com/docs/directorymanager/11_1/portal/group/mygroups,docs/directorymanager/11.1/portal/group/mygroups/mygroups.md,,,,,,
My Memberships,11.1,https://docs.netwrix.com/docs/directorymanager/11_1/portal/group/mygroups/mymemberships,docs/directorymanager/11.1/portal/group/mygroups/mymemberships.md,,,,,,
My Smart Groups,11.1,https://docs.netwrix.com/docs/directorymanager/11_1/portal/group/mygroups/mysmartgroups,docs/directorymanager/11.1/portal/group/mygroups/mysmartgroups.md,,,,,,
My Teams,11.1,https://docs.netwrix.com/docs/directorymanager/11_1/portal/group/mygroups/myteams,docs/directorymanager/11.1/portal/group/mygroups/myteams.md,,,,,,
Group Management,11.1,https://docs.netwrix.com/docs/directorymanager/11_1/portal/group/overview,docs/directorymanager/11.1/portal/group/overview.md,,,,,,
Advanced tab,11.1,https://docs.netwrix.com/docs/directorymanager/11_1/portal/group/properties/advanced,docs/directorymanager/11.1/portal/group/properties/advanced.md,,,,,,
Attributes tab,11.1,https://docs.netwrix.com/docs/directorymanager/11_1/portal/group/properties/attributes,docs/directorymanager/11.1/portal/group/properties/attributes.md,,,,,,
Channels,11.1,https://docs.netwrix.com/docs/directorymanager/11_1/portal/group/properties/channels,docs/directorymanager/11.1/portal/group/properties/channels.md,,,,,,
Delivery Restrictions tab,11.1,https://docs.netwrix.com/docs/directorymanager/11_1/portal/group/properties/deliveryrestrictions,docs/directorymanager/11.1/portal/group/properties/deliveryrestrictions.md,,,,,,
Dynasty Options tab,11.1,https://docs.netwrix.com/docs/directorymanager/11_1/portal/group/properties/dynastyoptions,docs/directorymanager/11.1/portal/group/properties/dynastyoptions.md,,,,,,
Email tab,11.1,https://docs.netwrix.com/docs/directorymanager/11_1/portal/group/properties/email,docs/directorymanager/11.1/portal/group/properties/email.md,,,,,,
Entitlement tab,11.1,https://docs.netwrix.com/docs/directorymanager/11_1/portal/group/properties/entitlements,docs/directorymanager/11.1/portal/group/properties/entitlements.md,,,,,,
General tab,11.1,https://docs.netwrix.com/docs/directorymanager/11_1/portal/group/properties/general,docs/directorymanager/11.1/portal/group/properties/general.md,,,,,,
History tab,11.1,https://docs.netwrix.com/docs/directorymanager/11_1/portal/group/properties/history,docs/directorymanager/11.1/portal/group/properties/history.md,,,,,,
Import Additional Owners,11.1,https://docs.netwrix.com/docs/directorymanager/11_1/portal/group/properties/importadditionalowners,docs/directorymanager/11.1/portal/group/properties/importadditionalowners.md,,,,,,
Import Group Members,11.1,https://docs.netwrix.com/docs/directorymanager/11_1/portal/group/properties/importmembers,docs/directorymanager/11.1/portal/group/properties/importmembers.md,,,,,,
Member Of tab,11.1,https://docs.netwrix.com/docs/directorymanager/11_1/portal/group/properties/memberof,docs/directorymanager/11.1/portal/group/properties/memberof.md,,,,,,
Members tab,11.1,https://docs.netwrix.com/docs/directorymanager/11_1/portal/group/properties/members,docs/directorymanager/11.1/portal/group/properties/members.md,,,,,,
Group Properties,11.1,https://docs.netwrix.com/docs/directorymanager/11_1/portal/group/properties/overview,docs/directorymanager/11.1/portal/group/properties/overview.md,,,,,,
Owner tab,11.1,https://docs.netwrix.com/docs/directorymanager/11_1/portal/group/properties/owner,docs/directorymanager/11.1/portal/group/properties/owner.md,,,,,,
Similar Groups tab,11.1,https://docs.netwrix.com/docs/directorymanager/11_1/portal/group/properties/similargroups,docs/directorymanager/11.1/portal/group/properties/similargroups.md,,,,,,
Smart Group/Query Designer tab,11.1,https://docs.netwrix.com/docs/directorymanager/11_1/portal/group/properties/smartgroup,docs/directorymanager/11.1/portal/group/properties/smartgroup.md,,,,,,
Tree View,11.1,https://docs.netwrix.com/docs/directorymanager/11_1/portal/group/properties/treeview,docs/directorymanager/11.1/portal/group/properties/treeview.md,,,,,,
Database tab,11.1,https://docs.netwrix.com/docs/directorymanager/11_1/portal/group/querydesigner/database,docs/directorymanager/11.1/portal/group/querydesigner/database.md,,,,,,
Filter Criteria tab,11.1,https://docs.netwrix.com/docs/directorymanager/11_1/portal/group/querydesigner/filtercriteria,docs/directorymanager/11.1/portal/group/querydesigner/filtercriteria.md,,,,,,
General tab,11.1,https://docs.netwrix.com/docs/directorymanager/11_1/portal/group/querydesigner/general,docs/directorymanager/11.1/portal/group/querydesigner/general.md,,,,,,
Include/Exclude tab,11.1,https://docs.netwrix.com/docs/directorymanager/11_1/portal/group/querydesigner/includeexclude,docs/directorymanager/11.1/portal/group/querydesigner/includeexclude.md,,,,,,
Query Designer,11.1,https://docs.netwrix.com/docs/directorymanager/11_1/portal/group/querydesigner/overview,docs/directorymanager/11.1/portal/group/querydesigner/overview.md,,,,,,
Password Expiry Options tab,11.1,https://docs.netwrix.com/docs/directorymanager/11_1/portal/group/querydesigner/passwordexpiryoptions,docs/directorymanager/11.1/portal/group/querydesigner/passwordexpiryoptions.md,,,,,,
Script tab,11.1,https://docs.netwrix.com/docs/directorymanager/11_1/portal/group/querydesigner/script,docs/directorymanager/11.1/portal/group/querydesigner/script.md,,,,,,
Storage tab,11.1,https://docs.netwrix.com/docs/directorymanager/11_1/portal/group/querydesigner/storage,docs/directorymanager/11.1/portal/group/querydesigner/storage.md,,,,,,
General tab,11.1,https://docs.netwrix.com/docs/directorymanager/11_1/portal/group/recyclebin/general,docs/directorymanager/11.1/portal/group/recyclebin/general.md,,,,,,
Deleted Groups,11.1,https://docs.netwrix.com/docs/directorymanager/11_1/portal/group/recyclebin/overview,docs/directorymanager/11.1/portal/group/recyclebin/overview.md,,,,,,
Transfer Ownership,11.1,https://docs.netwrix.com/docs/directorymanager/11_1/portal/group/transferownership,docs/directorymanager/11.1/portal/group/transferownership.md,,,,,,
Attest an Expiring Group,11.1,https://docs.netwrix.com/docs/directorymanager/11_1/portal/group/workingwithgroups/attestation,docs/directorymanager/11.1/portal/group/workingwithgroups/attestation.md,,,,,,
Dynasties Functions,11.1,https://docs.netwrix.com/docs/directorymanager/11_1/portal/group/workingwithgroups/dynastyfunction,docs/directorymanager/11.1/portal/group/workingwithgroups/dynastyfunction.md,,,,,,
General Group functions,11.1,https://docs.netwrix.com/docs/directorymanager/11_1/portal/group/workingwithgroups/generalfunction,docs/directorymanager/11.1/portal/group/workingwithgroups/generalfunction.md,,,,,,
Manage Group Access,11.1,https://docs.netwrix.com/docs/directorymanager/11_1/portal/group/workingwithgroups/groupaccess,docs/directorymanager/11.1/portal/group/workingwithgroups/groupaccess.md,,,,,,
Group Deletion,11.1,https://docs.netwrix.com/docs/directorymanager/11_1/portal/group/workingwithgroups/groupdeletion,docs/directorymanager/11.1/portal/group/workingwithgroups/groupdeletion.md,,,,,,
Group Expiry,11.1,https://docs.netwrix.com/docs/directorymanager/11_1/portal/group/workingwithgroups/groupexpiry,docs/directorymanager/11.1/portal/group/workingwithgroups/groupexpiry.md,,,,,,
Group Expiry Functions,11.1,https://docs.netwrix.com/docs/directorymanager/11_1/portal/group/workingwithgroups/groupexpiryfunction,docs/directorymanager/11.1/portal/group/workingwithgroups/groupexpiryfunction.md,,,,,,
Join/Leave a Group,11.1,https://docs.netwrix.com/docs/directorymanager/11_1/portal/group/workingwithgroups/groupjoinleave,docs/directorymanager/11.1/portal/group/workingwithgroups/groupjoinleave.md,,,,,,
Group Membership functions,11.1,https://docs.netwrix.com/docs/directorymanager/11_1/portal/group/workingwithgroups/groupmembershipfunction,docs/directorymanager/11.1/portal/group/workingwithgroups/groupmembershipfunction.md,,,,,,
Group Ownership Functions,11.1,https://docs.netwrix.com/docs/directorymanager/11_1/portal/group/workingwithgroups/groupownershipfunction,docs/directorymanager/11.1/portal/group/workingwithgroups/groupownershipfunction.md,,,,,,
Scheduled Updates Functions,11.1,https://docs.netwrix.com/docs/directorymanager/11_1/portal/group/workingwithgroups/scheduleupdate,docs/directorymanager/11.1/portal/group/workingwithgroups/scheduleupdate.md,,,,,,
The Send As and Send on Behalf features,11.1,https://docs.netwrix.com/docs/directorymanager/11_1/portal/group/workingwithgroups/sendassendonbehalf,docs/directorymanager/11.1/portal/group/workingwithgroups/sendassendonbehalf.md,,,,,,
Working with Groups,11.1,https://docs.netwrix.com/docs/directorymanager/11_1/portal/group/workingwithgroups,docs/directorymanager/11.1/portal/group/workingwithgroups/workingwithgroups.md,,,,,,
My Groups' History,11.1,https://docs.netwrix.com/docs/directorymanager/11_1/portal/history/mydirectorygroup,docs/directorymanager/11.1/portal/history/mydirectorygroup.md,,,,,,
My Direct Reports' History,11.1,https://docs.netwrix.com/docs/directorymanager/11_1/portal/history/mydirectreport,docs/directorymanager/11.1/portal/history/mydirectreport.md,,,,,,
My History,11.1,https://docs.netwrix.com/docs/directorymanager/11_1/portal/history/myhistory,docs/directorymanager/11.1/portal/history/myhistory.md,,,,,,
History,11.1,https://docs.netwrix.com/docs/directorymanager/11_1/portal/history/overview,docs/directorymanager/11.1/portal/history/overview.md,,,,,,
Access the Portal,11.1,https://docs.netwrix.com/docs/directorymanager/11_1/portal/login,docs/directorymanager/11.1/portal/login.md,,,,,,
Password Management,11.1,https://docs.netwrix.com/docs/directorymanager/11_1/portal/passwordmanagement,docs/directorymanager/11.1/portal/passwordmanagement.md,,,,,,
Computer Reports,11.1,https://docs.netwrix.com/docs/directorymanager/11_1/portal/reports/computer,docs/directorymanager/11.1/portal/reports/computer.md,,,,,,
Contact Reports,11.1,https://docs.netwrix.com/docs/directorymanager/11_1/portal/reports/contact,docs/directorymanager/11.1/portal/reports/contact.md,,,,,,
Reports,11.1,https://docs.netwrix.com/docs/directorymanager/11_1/portal/reports/dashboard,docs/directorymanager/11.1/portal/reports/dashboard.md,,,,,,
Generate Reports,11.1,https://docs.netwrix.com/docs/directorymanager/11_1/portal/reports/generate,docs/directorymanager/11.1/portal/reports/generate.md,,,,,,
Group Reports,11.1,https://docs.netwrix.com/docs/directorymanager/11_1/portal/reports/group,docs/directorymanager/11.1/portal/reports/group.md,,,,,,
Manage Reports,11.1,https://docs.netwrix.com/docs/directorymanager/11_1/portal/reports/manage,docs/directorymanager/11.1/portal/reports/manage.md,,,,,,
User Reports,11.1,https://docs.netwrix.com/docs/directorymanager/11_1/portal/reports/user,docs/directorymanager/11.1/portal/reports/user.md,,,,,,
All Requests,11.1,https://docs.netwrix.com/docs/directorymanager/11_1/portal/request/allrequest,docs/directorymanager/11.1/portal/request/allrequest.md,,,,,,
My Requests,11.1,https://docs.netwrix.com/docs/directorymanager/11_1/portal/request/myrequest,docs/directorymanager/11.1/portal/request/myrequest.md,,,,,,
Requests,11.1,https://docs.netwrix.com/docs/directorymanager/11_1/portal/request/overview,docs/directorymanager/11.1/portal/request/overview.md,,,,,,
Request Inbox,11.1,https://docs.netwrix.com/docs/directorymanager/11_1/portal/request/pending,docs/directorymanager/11.1/portal/request/pending.md,,,,,,
Reset Passwords,11.1,https://docs.netwrix.com/docs/directorymanager/11_1/portal/secondfactorauthentication/passwordreset,docs/directorymanager/11.1/portal/secondfactorauthentication/passwordreset.md,,,,,,
Second Factor Authentication,11.1,https://docs.netwrix.com/docs/directorymanager/11_1/portal/secondfactorauthentication,docs/directorymanager/11.1/portal/secondfactorauthentication/secondfactorauthentication.md,,,,,,
Choose your Job Template,11.1,https://docs.netwrix.com/docs/directorymanager/11_1/portal/synchronize/collection/chooseyourjobcollectiontemplate,docs/directorymanager/11.1/portal/synchronize/collection/chooseyourjobcollectiontemplate.md,,,,,,
Create a Job Collection,11.1,https://docs.netwrix.com/docs/directorymanager/11_1/portal/synchronize/collection/create,docs/directorymanager/11.1/portal/synchronize/collection/create.md,,,,,,
Scheduling and Notifications,11.1,https://docs.netwrix.com/docs/directorymanager/11_1/portal/synchronize/collection/schedulingandnotification,docs/directorymanager/11.1/portal/synchronize/collection/schedulingandnotification.md,,,,,,
Synchronized Job Collection,11.1,https://docs.netwrix.com/docs/directorymanager/11_1/portal/synchronize/collection/synchronizedjobcollection,docs/directorymanager/11.1/portal/synchronize/collection/synchronizedjobcollection.md,,,,,,
Choose Your Job Template,11.1,https://docs.netwrix.com/docs/directorymanager/11_1/portal/synchronize/create/chooseyourjobtemplate,docs/directorymanager/11.1/portal/synchronize/create/chooseyourjobtemplate.md,,,,,,
Create a Job,11.1,https://docs.netwrix.com/docs/directorymanager/11_1/portal/synchronize/create,docs/directorymanager/11.1/portal/synchronize/create/create.md,,,,,,
Map Fields,11.1,https://docs.netwrix.com/docs/directorymanager/11_1/portal/synchronize/create/mappingfield,docs/directorymanager/11.1/portal/synchronize/create/mappingfield.md,,,,,,
Exchange Subscription,11.1,https://docs.netwrix.com/docs/directorymanager/11_1/portal/synchronize/create/messagingsystemoverview/exchange,docs/directorymanager/11.1/portal/synchronize/create/messagingsystemoverview/exchange.md,,,,,,
Google Workspace Subscription,11.1,https://docs.netwrix.com/docs/directorymanager/11_1/portal/synchronize/create/messagingsystemoverview/googleapp,docs/directorymanager/11.1/portal/synchronize/create/messagingsystemoverview/googleapp.md,,,,,,
Messaging System,11.1,https://docs.netwrix.com/docs/directorymanager/11_1/portal/synchronize/create/messagingsystemoverview,docs/directorymanager/11.1/portal/synchronize/create/messagingsystemoverview/messagingsystemoverview.md,,,,,,
Office 365 Subscription,11.1,https://docs.netwrix.com/docs/directorymanager/11_1/portal/synchronize/create/messagingsystemoverview/office365,docs/directorymanager/11.1/portal/synchronize/create/messagingsystemoverview/office365.md,,,,,,
"Objects, Fields and Mapping",11.1,https://docs.netwrix.com/docs/directorymanager/11_1/portal/synchronize/create/objectfieldsandmapping,docs/directorymanager/11.1/portal/synchronize/create/objectfieldsandmapping.md,,,,,,
Schedule Job and Notifications,11.1,https://docs.netwrix.com/docs/directorymanager/11_1/portal/synchronize/create/scheduleandnotification,docs/directorymanager/11.1/portal/synchronize/create/scheduleandnotification.md,,,,,,
Selected Fields for object types,11.1,https://docs.netwrix.com/docs/directorymanager/11_1/portal/synchronize/create/selectedfield,docs/directorymanager/11.1/portal/synchronize/create/selectedfield.md,,,,,,
Source and Destination,11.1,https://docs.netwrix.com/docs/directorymanager/11_1/portal/synchronize/create/sourceanddestination,docs/directorymanager/11.1/portal/synchronize/create/sourceanddestination.md,,,,,,
Dashboard,11.1,https://docs.netwrix.com/docs/directorymanager/11_1/portal/synchronize/dashboard,docs/directorymanager/11.1/portal/synchronize/dashboard.md,,,,,,
Script,11.1,https://docs.netwrix.com/docs/directorymanager/11_1/portal/synchronize/dtmscript,docs/directorymanager/11.1/portal/synchronize/dtmscript/dtmscript.md,,,,,,
Sample Container Scripts,11.1,https://docs.netwrix.com/docs/directorymanager/11_1/portal/synchronize/dtmscript/samplecontainerscript,docs/directorymanager/11.1/portal/synchronize/dtmscript/samplecontainerscript.md,,,,,,
Sample Transform Scripts,11.1,https://docs.netwrix.com/docs/directorymanager/11_1/portal/synchronize/dtmscript/sampletransformscript,docs/directorymanager/11.1/portal/synchronize/dtmscript/sampletransformscript.md,,,,,,
Visual Basic .NET for Directory Manager (formerly GroupID),11.1,https://docs.netwrix.com/docs/directorymanager/11_1/portal/synchronize/dtmscript/visualbasicnetbasic,docs/directorymanager/11.1/portal/synchronize/dtmscript/visualbasicnetbasic.md,,,,,,
Manage a Job,11.1,https://docs.netwrix.com/docs/directorymanager/11_1/portal/synchronize/manage/job,docs/directorymanager/11.1/portal/synchronize/manage/job.md,,,,,,
Manage a Job Collection,11.1,https://docs.netwrix.com/docs/directorymanager/11_1/portal/synchronize/manage/jobcollection,docs/directorymanager/11.1/portal/synchronize/manage/jobcollection.md,,,,,,
Job Collection Template,11.1,https://docs.netwrix.com/docs/directorymanager/11_1/portal/synchronize/manage/jobcollectiontemplate,docs/directorymanager/11.1/portal/synchronize/manage/jobcollectiontemplate.md,,,,,,
Job Templates,11.1,https://docs.netwrix.com/docs/directorymanager/11_1/portal/synchronize/manage/jobtemplate,docs/directorymanager/11.1/portal/synchronize/manage/jobtemplate.md,,,,,,
Manage Jobs,11.1,https://docs.netwrix.com/docs/directorymanager/11_1/portal/synchronize/manage/overview,docs/directorymanager/11.1/portal/synchronize/manage/overview.md,,,,,,
Schedule a Job / Job Collection,11.1,https://docs.netwrix.com/docs/directorymanager/11_1/portal/synchronize/manage/schedule,docs/directorymanager/11.1/portal/synchronize/manage/schedule.md,,,,,,
Synchronize,11.1,https://docs.netwrix.com/docs/directorymanager/11_1/portal/synchronize/overview,docs/directorymanager/11.1/portal/synchronize/overview.md,,,,,,
Synchronize Providers,11.1,https://docs.netwrix.com/docs/directorymanager/11_1/portal/synchronize/provider,docs/directorymanager/11.1/portal/synchronize/provider.md,,,,,,
"Auto-Generate Unique, Complex Passwords",11.1,https://docs.netwrix.com/docs/directorymanager/11_1/portal/synchronize/transformation/autogenerateuniquepassword,docs/directorymanager/11.1/portal/synchronize/transformation/autogenerateuniquepassword.md,,,,,,
Transform,11.1,https://docs.netwrix.com/docs/directorymanager/11_1/portal/synchronize/transformation/overview,docs/directorymanager/11.1/portal/synchronize/transformation/overview.md,,,,,,
Account page,11.1,https://docs.netwrix.com/docs/directorymanager/11_1/portal/user/create/AD/account,docs/directorymanager/11.1/portal/user/create/AD/account.md,,,,,,
Create an AD Contact,11.1,https://docs.netwrix.com/docs/directorymanager/11_1/portal/user/create/AD/contact,docs/directorymanager/11.1/portal/user/create/AD/contact.md,,,,,,
Exchange page,11.1,https://docs.netwrix.com/docs/directorymanager/11_1/portal/user/create/AD/exchange,docs/directorymanager/11.1/portal/user/create/AD/exchange.md,,,,,,
Create an AD Mailbox,11.1,https://docs.netwrix.com/docs/directorymanager/11_1/portal/user/create/AD/mailbox,docs/directorymanager/11.1/portal/user/create/AD/mailbox.md,,,,,,
Exchange page (of Create User and Create Mailbox wizards),11.1,https://docs.netwrix.com/docs/directorymanager/11_1/portal/user/create/AD/messaging,docs/directorymanager/11.1/portal/user/create/AD/messaging.md,,,,,,
Create Active Directory User Objects,11.1,https://docs.netwrix.com/docs/directorymanager/11_1/portal/user/create/AD/overview,docs/directorymanager/11.1/portal/user/create/AD/overview.md,,,,,,
Password page,11.1,https://docs.netwrix.com/docs/directorymanager/11_1/portal/user/create/AD/password,docs/directorymanager/11.1/portal/user/create/AD/password.md,,,,,,
Summary Page,11.1,https://docs.netwrix.com/docs/directorymanager/11_1/portal/user/create/AD/summary,docs/directorymanager/11.1/portal/user/create/AD/summary.md,,,,,,
Create an AD User,11.1,https://docs.netwrix.com/docs/directorymanager/11_1/portal/user/create/AD/user,docs/directorymanager/11.1/portal/user/create/AD/user.md,,,,,,
Account page,11.1,https://docs.netwrix.com/docs/directorymanager/11_1/portal/user/create/EntraID/account,docs/directorymanager/11.1/portal/user/create/EntraID/account.md,,,,,,
Directory Roles page,11.1,https://docs.netwrix.com/docs/directorymanager/11_1/portal/user/create/EntraID/directoryrole,docs/directorymanager/11.1/portal/user/create/EntraID/directoryrole.md,,,,,,
Exchange page (Create Mailbox wizard),11.1,https://docs.netwrix.com/docs/directorymanager/11_1/portal/user/create/EntraID/exchange,docs/directorymanager/11.1/portal/user/create/EntraID/exchange.md,,,,,,
Create a Microsoft Entra ID Mailbox,11.1,https://docs.netwrix.com/docs/directorymanager/11_1/portal/user/create/EntraID/mailbox,docs/directorymanager/11.1/portal/user/create/EntraID/mailbox.md,,,,,,
Create Microsoft Entra ID User Objects,11.1,https://docs.netwrix.com/docs/directorymanager/11_1/portal/user/create/EntraID/overview,docs/directorymanager/11.1/portal/user/create/EntraID/overview.md,,,,,,
Password page (of Microsoft Entra ID User and Mailbox wizards),11.1,https://docs.netwrix.com/docs/directorymanager/11_1/portal/user/create/EntraID/password,docs/directorymanager/11.1/portal/user/create/EntraID/password.md,,,,,,
Create a Microsoft Entra ID User,11.1,https://docs.netwrix.com/docs/directorymanager/11_1/portal/user/create/EntraID/user,docs/directorymanager/11.1/portal/user/create/EntraID/user.md,,,,,,
Create User Objects,11.1,https://docs.netwrix.com/docs/directorymanager/11_1/portal/user/create/overview,docs/directorymanager/11.1/portal/user/create/overview.md,,,,,,
Linked Accounts,11.1,https://docs.netwrix.com/docs/directorymanager/11_1/portal/user/linkedaccounts,docs/directorymanager/11.1/portal/user/linkedaccounts.md,,,,,,
Change your password,11.1,https://docs.netwrix.com/docs/directorymanager/11_1/portal/user/manage/changepassword,docs/directorymanager/11.1/portal/user/manage/changepassword.md,,,,,,
Update your Direct Reports,11.1,https://docs.netwrix.com/docs/directorymanager/11_1/portal/user/manage/directreport,docs/directorymanager/11.1/portal/user/manage/directreport.md,,,,,,
Disabled Users,11.1,https://docs.netwrix.com/docs/directorymanager/11_1/portal/user/manage/disableduser,docs/directorymanager/11.1/portal/user/manage/disableduser.md,,,,,,
Organizational Hierarchy,11.1,https://docs.netwrix.com/docs/directorymanager/11_1/portal/user/manage/organizationalheirarchy,docs/directorymanager/11.1/portal/user/manage/organizationalheirarchy.md,,,,,,
Manage Users,11.1,https://docs.netwrix.com/docs/directorymanager/11_1/portal/user/manage/overview,docs/directorymanager/11.1/portal/user/manage/overview.md,,,,,,
Reset your password,11.1,https://docs.netwrix.com/docs/directorymanager/11_1/portal/user/manage/resetpassword,docs/directorymanager/11.1/portal/user/manage/resetpassword.md,,,,,,
Unlock your accounts,11.1,https://docs.netwrix.com/docs/directorymanager/11_1/portal/user/manage/unlockaccount,docs/directorymanager/11.1/portal/user/manage/unlockaccount.md,,,,,,
Validate your profile,11.1,https://docs.netwrix.com/docs/directorymanager/11_1/portal/user/manage/validateprofile,docs/directorymanager/11.1/portal/user/manage/validateprofile.md,,,,,,
Manage your profile,11.1,https://docs.netwrix.com/docs/directorymanager/11_1/portal/user/manage/viewprofile,docs/directorymanager/11.1/portal/user/manage/viewprofile.md,,,,,,
User Management,11.1,https://docs.netwrix.com/docs/directorymanager/11_1/portal/user/overview,docs/directorymanager/11.1/portal/user/overview.md,,,,,,
Advanced tab,11.1,https://docs.netwrix.com/docs/directorymanager/11_1/portal/user/properties/AD/contact/advanced,docs/directorymanager/11.1/portal/user/properties/AD/contact/advanced.md,,,,,,
Member Of tab,11.1,https://docs.netwrix.com/docs/directorymanager/11_1/portal/user/properties/AD/contact/memberof,docs/directorymanager/11.1/portal/user/properties/AD/contact/memberof.md,,,,,,
Overview,11.1,https://docs.netwrix.com/docs/directorymanager/11_1/portal/user/properties/AD/contact/overview,docs/directorymanager/11.1/portal/user/properties/AD/contact/overview.md,,,,,,
Advanced tab,11.1,https://docs.netwrix.com/docs/directorymanager/11_1/portal/user/properties/AD/mailbox/advanced,docs/directorymanager/11.1/portal/user/properties/AD/mailbox/advanced.md,,,,,,
Auto Reply tab,11.1,https://docs.netwrix.com/docs/directorymanager/11_1/portal/user/properties/AD/mailbox/autoreply,docs/directorymanager/11.1/portal/user/properties/AD/mailbox/autoreply.md,,,,,,
Limits tab,11.1,https://docs.netwrix.com/docs/directorymanager/11_1/portal/user/properties/AD/mailbox/limits,docs/directorymanager/11.1/portal/user/properties/AD/mailbox/limits.md,,,,,,
Overview,11.1,https://docs.netwrix.com/docs/directorymanager/11_1/portal/user/properties/AD/mailbox/overview,docs/directorymanager/11.1/portal/user/properties/AD/mailbox/overview.md,,,,,,
Overview,11.1,https://docs.netwrix.com/docs/directorymanager/11_1/portal/user/properties/AD/overview,docs/directorymanager/11.1/portal/user/properties/AD/overview.md,,,,,,
Account tab,11.1,https://docs.netwrix.com/docs/directorymanager/11_1/portal/user/properties/AD/useroverview/account,docs/directorymanager/11.1/portal/user/properties/AD/useroverview/account.md,,,,,,
Advanced tab,11.1,https://docs.netwrix.com/docs/directorymanager/11_1/portal/user/properties/AD/useroverview/advanced,docs/directorymanager/11.1/portal/user/properties/AD/useroverview/advanced.md,,,,,,
Email tab,11.1,https://docs.netwrix.com/docs/directorymanager/11_1/portal/user/properties/AD/useroverview/email,docs/directorymanager/11.1/portal/user/properties/AD/useroverview/email.md,,,,,,
Entitlements tab,11.1,https://docs.netwrix.com/docs/directorymanager/11_1/portal/user/properties/AD/useroverview/entitlement,docs/directorymanager/11.1/portal/user/properties/AD/useroverview/entitlement.md,,,,,,
General tab,11.1,https://docs.netwrix.com/docs/directorymanager/11_1/portal/user/properties/AD/useroverview/general,docs/directorymanager/11.1/portal/user/properties/AD/useroverview/general.md,,,,,,
Member Of tab,11.1,https://docs.netwrix.com/docs/directorymanager/11_1/portal/user/properties/AD/useroverview/memberof,docs/directorymanager/11.1/portal/user/properties/AD/useroverview/memberof.md,,,,,,
Organization tab,11.1,https://docs.netwrix.com/docs/directorymanager/11_1/portal/user/properties/AD/useroverview/organization,docs/directorymanager/11.1/portal/user/properties/AD/useroverview/organization.md,,,,,,
Phone / Notes tab,11.1,https://docs.netwrix.com/docs/directorymanager/11_1/portal/user/properties/AD/useroverview/phonenote,docs/directorymanager/11.1/portal/user/properties/AD/useroverview/phonenote.md,,,,,,
Overview,11.1,https://docs.netwrix.com/docs/directorymanager/11_1/portal/user/properties/AD/useroverview,docs/directorymanager/11.1/portal/user/properties/AD/useroverview/useroverview.md,,,,,,
Contact Info tab,11.1,https://docs.netwrix.com/docs/directorymanager/11_1/portal/user/properties/EntraID/contactinfo,docs/directorymanager/11.1/portal/user/properties/EntraID/contactinfo.md,,,,,,
Directory Role tab,11.1,https://docs.netwrix.com/docs/directorymanager/11_1/portal/user/properties/EntraID/directoryrole,docs/directorymanager/11.1/portal/user/properties/EntraID/directoryrole.md,,,,,,
Identity tab,11.1,https://docs.netwrix.com/docs/directorymanager/11_1/portal/user/properties/EntraID/identity,docs/directorymanager/11.1/portal/user/properties/EntraID/identity.md,,,,,,
Job Info tab,11.1,https://docs.netwrix.com/docs/directorymanager/11_1/portal/user/properties/EntraID/jobinfo,docs/directorymanager/11.1/portal/user/properties/EntraID/jobinfo.md,,,,,,
Overview,11.1,https://docs.netwrix.com/docs/directorymanager/11_1/portal/user/properties/EntraID/overview,docs/directorymanager/11.1/portal/user/properties/EntraID/overview.md,,,,,,
User Properties,11.1,https://docs.netwrix.com/docs/directorymanager/11_1/portal/user/properties/overview,docs/directorymanager/11.1/portal/user/properties/overview.md,,,,,,
Welcome to the Portal,11.1,https://docs.netwrix.com/docs/directorymanager/11_1/portal/welcome,docs/directorymanager/11.1/portal/welcome.md,,,,,,
Database Requirements,11.1,https://docs.netwrix.com/docs/directorymanager/11_1/requirements/database,docs/directorymanager/11.1/requirements/database.md,,,,,,
Supported Microsoft Exchange Servers,11.1,https://docs.netwrix.com/docs/directorymanager/11_1/requirements/exchangeservers,docs/directorymanager/11.1/requirements/exchangeservers.md,,,,,,
Hardware Requirements,11.1,https://docs.netwrix.com/docs/directorymanager/11_1/requirements/hardware,docs/directorymanager/11.1/requirements/hardware.md,,,,,,
Requirements,11.1,https://docs.netwrix.com/docs/directorymanager/11_1/requirements/overview,docs/directorymanager/11.1/requirements/overview.md,,,,,,
Service Account for Active Directory and Exchange,11.1,https://docs.netwrix.com/docs/directorymanager/11_1/requirements/permissions/adserviceaccount,docs/directorymanager/11.1/requirements/permissions/adserviceaccount.md,,,,,,
gMSA for Active Directory,11.1,https://docs.netwrix.com/docs/directorymanager/11_1/requirements/permissions/gmsarequirements,docs/directorymanager/11.1/requirements/permissions/gmsarequirements.md,,,,,,
Service Account Permissions,11.1,https://docs.netwrix.com/docs/directorymanager/11_1/requirements/permissions/overview,docs/directorymanager/11.1/requirements/permissions/overview.md,,,,,,
SQL Certificate for Windows Authentication,11.1,https://docs.netwrix.com/docs/directorymanager/11_1/requirements/sqlcertificate,docs/directorymanager/11.1/requirements/sqlcertificate.md,,,,,,
Microsoft Windows Servers Requirements,11.1,https://docs.netwrix.com/docs/directorymanager/11_1/requirements/windowsserver,docs/directorymanager/11.1/requirements/windowsserver.md,,,,,,
Manage your Identity Store Accounts,11.1,https://docs.netwrix.com/docs/directorymanager/11_1/ssprportal/functions,docs/directorymanager/11.1/ssprportal/functions.md,,,,,,
Navigation,11.1,https://docs.netwrix.com/docs/directorymanager/11_1/ssprportal/navigation,docs/directorymanager/11.1/ssprportal/navigation.md,,,,,,
Welcome to the SSPR Portal,11.1,https://docs.netwrix.com/docs/directorymanager/11_1/ssprportal/overview,docs/directorymanager/11.1/ssprportal/overview.md,,,,,,
