source_path,lines_changed_since_audit_start
docs/policypak/archive/acrobatxpro.md,0
docs/policypak/archive/admxfiles.md,0
docs/policypak/archive/applock.md,0
docs/policypak/archive/autoupdater.md,0
docs/policypak/archive/cloud.md,0
docs/policypak/archive/designstudiofirefox.md,0
docs/policypak/archive/designstudiojava.md,0
docs/policypak/archive/differentusers.md,0
docs/policypak/archive/gotomeeting.md,0
docs/policypak/archive/ie10.md,0
docs/policypak/archive/ie9.md,0
docs/policypak/archive/infranview.md,0
docs/policypak/archive/itemleveltartgeting.md,0
docs/policypak/archive/java.md,0
docs/policypak/archive/massdeploy.md,0
docs/policypak/archive/modenuke.md,0
docs/policypak/archive/office2013.md,0
docs/policypak/archive/operanext.md,0
docs/policypak/archive/overview.md,0
docs/policypak/archive/parcctesting.md,0
docs/policypak/archive/preferencesexporter.md,0
docs/policypak/archive/symantecworkspace.md,0
docs/policypak/archive/tattooing.md,0
docs/policypak/archive/upgrading.md,0
docs/policypak/archive/vmware.md,0
docs/policypak/archive/vmwarefilesettings.md,0
docs/policypak/archive/vmwarehorizonmirage.md,0
docs/policypak/archive/vmwaresupplements.md,0
docs/policypak/archive/xenapp.md,0
docs/policypak/components/admintemplatesmanager/knowledgebase/admintemplatestips/disableofficeelements.md,0
docs/policypak/components/admintemplatesmanager/knowledgebase/admintemplatestips/settings.md,0
docs/policypak/components/admintemplatesmanager/knowledgebase/admintemplatestroubleshooting/missingcollections.md,0
docs/policypak/components/admintemplatesmanager/knowledgebase/admintemplatestroubleshooting/namespacealreadydefined.md,0
docs/policypak/components/admintemplatesmanager/knowledgebase/admintemplatestroubleshooting/policyduplicates.md,0
docs/policypak/components/admintemplatesmanager/knowledgebase/admintemplatestroubleshooting/settingsreport.md,0
docs/policypak/components/admintemplatesmanager/knowledgebase/admintemplatestroubleshooting/versions.md,0
docs/policypak/components/admintemplatesmanager/knowledgebase/admintemplatestroubleshooting/windowsprintspooler.md,0
docs/policypak/components/admintemplatesmanager/knowledgebase/exportinggrouppolicypreferences/componentlicense.md,0
docs/policypak/components/admintemplatesmanager/knowledgebase/exportinggrouppolicypreferences/domainjoined.md,0
docs/policypak/components/admintemplatesmanager/knowledgebase/exportinggrouppolicypreferences/drivemappings.md,0
docs/policypak/components/admintemplatesmanager/knowledgebase/exportinggrouppolicypreferences/passwords.md,0
docs/policypak/components/admintemplatesmanager/knowledgebase/exportinggrouppolicypreferences/printerdeploy.md,0
docs/policypak/components/admintemplatesmanager/knowledgebase/exportinggrouppolicypreferences/settings.md,0
docs/policypak/components/admintemplatesmanager/knowledgebase/exportinggrouppolicypreferences/startservice.md,0
docs/policypak/components/admintemplatesmanager/knowledgebase/exportinggrouppolicysecurity/delivercertificates.md,0
docs/policypak/components/admintemplatesmanager/knowledgebase/exportinggrouppolicysecurity/onpremisecloud.md,0
docs/policypak/components/admintemplatesmanager/knowledgebase/exportinggrouppolicysecurity/securitysettings.md,0
docs/policypak/components/admintemplatesmanager/knowledgebase/gpoexportmanager/securitysettings.md,0
docs/policypak/components/admintemplatesmanager/knowledgebase/gpoexportmanager/usercontext.md,0
docs/policypak/components/admintemplatesmanager/knowledgebase/knowledgebase.md,0
docs/policypak/components/admintemplatesmanager/manual/comments.md,0
docs/policypak/components/admintemplatesmanager/manual/existinggpos.md,0
docs/policypak/components/admintemplatesmanager/manual/export.md,0
docs/policypak/components/admintemplatesmanager/manual/gettoknow/collection.md,0
docs/policypak/components/admintemplatesmanager/manual/gettoknow/computerside.md,0
docs/policypak/components/admintemplatesmanager/manual/gettoknow/overview.md,0
docs/policypak/components/admintemplatesmanager/manual/gettoknow/userside.md,0
docs/policypak/components/admintemplatesmanager/manual/itemleveltargeting.md,0
docs/policypak/components/admintemplatesmanager/manual/overview.md,0
docs/policypak/components/admintemplatesmanager/manual/priority.md,0
docs/policypak/components/admintemplatesmanager/videolearningcenter/admintemplatesmanager/collections.md,0
docs/policypak/components/admintemplatesmanager/videolearningcenter/admintemplatesmanager/switchedpolicies.md,0
docs/policypak/components/admintemplatesmanager/videolearningcenter/admintemplatesmethods/deployinternet.md,0
docs/policypak/components/admintemplatesmanager/videolearningcenter/admintemplatesmethods/reducegpos.md,0
docs/policypak/components/admintemplatesmanager/videolearningcenter/exportinggrouppolicy/cloudlocaluser.md,0
docs/policypak/components/admintemplatesmanager/videolearningcenter/exportinggrouppolicy/delivergpprefs.md,0
docs/policypak/components/admintemplatesmanager/videolearningcenter/exportingtocloud/cloudimport.md,0
docs/policypak/components/admintemplatesmanager/videolearningcenter/exportingtocloud/mdm.md,0
docs/policypak/components/admintemplatesmanager/videolearningcenter/exportingtocloud/mergetool.md,0
docs/policypak/components/admintemplatesmanager/videolearningcenter/exportingtocloud/realgposettings.md,0
docs/policypak/components/admintemplatesmanager/videolearningcenter/exportingtocloud/sccm.md,0
docs/policypak/components/admintemplatesmanager/videolearningcenter/gettingstarted/consolidateprinter.md,0
docs/policypak/components/admintemplatesmanager/videolearningcenter/gettingstarted/consolidateregistry.md,0
docs/policypak/components/admintemplatesmanager/videolearningcenter/gettingstarted/drivemaps.md,0
docs/policypak/components/admintemplatesmanager/videolearningcenter/gettingstarted/shortcuts.md,0
docs/policypak/components/admintemplatesmanager/videolearningcenter/screensavers.md,0
docs/policypak/components/admintemplatesmanager/videolearningcenter/videolearningcenter.md,0
docs/policypak/components/applicationsettingsmanager/manual/applicationsettings/advancednotes.md,0
docs/policypak/components/applicationsettingsmanager/manual/applicationsettings/client.md,0
docs/policypak/components/applicationsettingsmanager/manual/applicationsettings/clientissues.md,0
docs/policypak/components/applicationsettingsmanager/manual/applicationsettings/enhancedclientlogging.md,0
docs/policypak/components/applicationsettingsmanager/manual/applicationsettings/extendedlogs.md,0
docs/policypak/components/applicationsettingsmanager/manual/applicationsettings/overview_1.md,0
docs/policypak/components/applicationsettingsmanager/manual/applicationsettings/overview.md,0
docs/policypak/components/applicationsettingsmanager/manual/applicationsettings/settings.md,0
docs/policypak/components/applicationsettingsmanager/manual/applicationsettings/tuningbypassing.md,0
docs/policypak/components/applicationsettingsmanager/manual/applicationsettings/versionnumbers.md,0
docs/policypak/components/applicationsettingsmanager/manual/appsetfiles/central.md,0
docs/policypak/components/applicationsettingsmanager/manual/appsetfiles/findfixgpos.md,0
docs/policypak/components/applicationsettingsmanager/manual/appsetfiles/gpotouchutility.md,0
docs/policypak/components/applicationsettingsmanager/manual/appsetfiles/local.md,0
docs/policypak/components/applicationsettingsmanager/manual/appsetfiles/overview.md,0
docs/policypak/components/applicationsettingsmanager/manual/appsetfiles/sharebased.md,0
docs/policypak/components/applicationsettingsmanager/manual/appsetfiles/versioncontrol.md,0
docs/policypak/components/applicationsettingsmanager/manual/designstudio/advanced.md,0
docs/policypak/components/applicationsettingsmanager/manual/designstudio/applicationsprojects/controlpanel.md,0
docs/policypak/components/applicationsettingsmanager/manual/designstudio/applicationsprojects/hkeylocalmachine.md,0
docs/policypak/components/applicationsettingsmanager/manual/designstudio/applicationsprojects/javabased.md,0
docs/policypak/components/applicationsettingsmanager/manual/designstudio/applicationsprojects/mozillabased.md,0
docs/policypak/components/applicationsettingsmanager/manual/designstudio/applicationsprojects/overview.md,0
docs/policypak/components/applicationsettingsmanager/manual/designstudio/applicationsprojects/virtualized.md,0
docs/policypak/components/applicationsettingsmanager/manual/designstudio/applockguids.md,0
docs/policypak/components/applicationsettingsmanager/manual/designstudio/configurationwizard/additionalconfiguration.md,0
docs/policypak/components/applicationsettingsmanager/manual/designstudio/configurationwizard/commonerrors.md,0
docs/policypak/components/applicationsettingsmanager/manual/designstudio/configurationwizard/defaultdataroots.md,0
docs/policypak/components/applicationsettingsmanager/manual/designstudio/configurationwizard/elements/comboboxes.md,0
docs/policypak/components/applicationsettingsmanager/manual/designstudio/configurationwizard/elements/filefolderbrowsers.md,0
docs/policypak/components/applicationsettingsmanager/manual/designstudio/configurationwizard/elements/fontbrowsers.md,0
docs/policypak/components/applicationsettingsmanager/manual/designstudio/configurationwizard/elements/overview.md,0
docs/policypak/components/applicationsettingsmanager/manual/designstudio/configurationwizard/elements/radiobuttons.md,0
docs/policypak/components/applicationsettingsmanager/manual/designstudio/configurationwizard/elements/slidersspinboxes.md,0
docs/policypak/components/applicationsettingsmanager/manual/designstudio/configurationwizard/elements/textnumericboxes.md,0
docs/policypak/components/applicationsettingsmanager/manual/designstudio/configurationwizard/knownvalues.md,0
docs/policypak/components/applicationsettingsmanager/manual/designstudio/configurationwizard/overview.md,0
docs/policypak/components/applicationsettingsmanager/manual/designstudio/configurationwizard/usage.md,0
docs/policypak/components/applicationsettingsmanager/manual/designstudio/deleteelements.md,0
docs/policypak/components/applicationsettingsmanager/manual/designstudio/discover/appdata.md,0
docs/policypak/components/applicationsettingsmanager/manual/designstudio/discover/overview.md,0
docs/policypak/components/applicationsettingsmanager/manual/designstudio/discover/programfiles.md,0
docs/policypak/components/applicationsettingsmanager/manual/designstudio/discover/sysinternalsprocessmonitor.md,0
docs/policypak/components/applicationsettingsmanager/manual/designstudio/discover/virtualstore.md,0
docs/policypak/components/applicationsettingsmanager/manual/designstudio/grayswizard.md,0
docs/policypak/components/applicationsettingsmanager/manual/designstudio/navigation/overview.md,0
docs/policypak/components/applicationsettingsmanager/manual/designstudio/navigation/tab/compilation.md,0
docs/policypak/components/applicationsettingsmanager/manual/designstudio/navigation/tab/errorlist.md,0
docs/policypak/components/applicationsettingsmanager/manual/designstudio/navigation/tab/hierarchy.md,0
docs/policypak/components/applicationsettingsmanager/manual/designstudio/navigation/tab/overview.md,0
docs/policypak/components/applicationsettingsmanager/manual/designstudio/navigation/tab/properties.md,0
docs/policypak/components/applicationsettingsmanager/manual/designstudio/navigation/tab/propertiesproject.md,0
docs/policypak/components/applicationsettingsmanager/manual/designstudio/navigation/vocabulary.md,0
docs/policypak/components/applicationsettingsmanager/manual/designstudio/overview.md,0
docs/policypak/components/applicationsettingsmanager/manual/designstudio/quickstart/createappset.md,0
docs/policypak/components/applicationsettingsmanager/manual/designstudio/quickstart/creationstation.md,0
docs/policypak/components/applicationsettingsmanager/manual/designstudio/quickstart/overview.md,0
docs/policypak/components/applicationsettingsmanager/manual/designstudio/regimporteruitility.md,0
docs/policypak/components/applicationsettingsmanager/manual/designstudio/registrykeys.md,0
docs/policypak/components/applicationsettingsmanager/manual/designstudio/scrollablepanels.md,0
docs/policypak/components/applicationsettingsmanager/manual/designstudio/setup.md,0
docs/policypak/components/applicationsettingsmanager/manual/designstudio/tools/batchcompile.md,0
docs/policypak/components/applicationsettingsmanager/manual/designstudio/tools/globalsearchreplace.md,0
docs/policypak/components/applicationsettingsmanager/manual/designstudio/tools/options/compilation.md,0
docs/policypak/components/applicationsettingsmanager/manual/designstudio/tools/options/java.md,0
docs/policypak/components/applicationsettingsmanager/manual/designstudio/tools/options/misc.md,0
docs/policypak/components/applicationsettingsmanager/manual/designstudio/tools/options/overview.md,0
docs/policypak/components/applicationsettingsmanager/manual/designstudio/tools/options/uicapture.md,0
docs/policypak/components/applicationsettingsmanager/manual/designstudio/tools/options/virtualstore.md,0
docs/policypak/components/applicationsettingsmanager/manual/designstudio/tools/overview.md,0
docs/policypak/components/applicationsettingsmanager/manual/designstudio/tools/pakpreview.md,0
docs/policypak/components/applicationsettingsmanager/manual/designstudio/tools/pxmlmergewizard.md,0
docs/policypak/components/applicationsettingsmanager/manual/designstudio/tools/showelementslist.md,0
docs/policypak/components/applicationsettingsmanager/manual/designstudio/userinterface/capturewizard.md,0
docs/policypak/components/applicationsettingsmanager/manual/designstudio/userinterface/manualadd.md,0
docs/policypak/components/applicationsettingsmanager/manual/designstudio/userinterface/manualedits/elementmodifications.md,0
docs/policypak/components/applicationsettingsmanager/manual/designstudio/userinterface/manualedits/elementtransformations.md,0
docs/policypak/components/applicationsettingsmanager/manual/designstudio/userinterface/manualedits/hiddentext.md,0
docs/policypak/components/applicationsettingsmanager/manual/designstudio/userinterface/manualedits/nonstandard.md,0
docs/policypak/components/applicationsettingsmanager/manual/designstudio/userinterface/manualedits/notmanaged.md,0
docs/policypak/components/applicationsettingsmanager/manual/designstudio/userinterface/manualedits/overview.md,0
docs/policypak/components/applicationsettingsmanager/manual/designstudio/userinterface/overview.md,0
docs/policypak/components/applicationsettingsmanager/manual/designstudio/userinterface/subdialogs.md,0
docs/policypak/components/applicationsettingsmanager/manual/designstudio/userinterface/unexpectedresults.md,0
docs/policypak/components/applicationsettingsmanager/manual/extras/appsetentry.md,0
docs/policypak/components/applicationsettingsmanager/manual/extras/appsetinternal.md,0
docs/policypak/components/applicationsettingsmanager/manual/extras/managedby.md,0
docs/policypak/components/applicationsettingsmanager/manual/extras/multipleappsetspriority.md,0
docs/policypak/components/applicationsettingsmanager/manual/extras/overview.md,0
docs/policypak/components/applicationsettingsmanager/manual/extras/settingdescription.md,0
docs/policypak/components/applicationsettingsmanager/manual/firefox/addons/discoveringids.md,0
docs/policypak/components/applicationsettingsmanager/manual/firefox/addons/enabledisable.md,0
docs/policypak/components/applicationsettingsmanager/manual/firefox/addons/enabledisableid.md,0
docs/policypak/components/applicationsettingsmanager/manual/firefox/addons/forceinstallation.md,0
docs/policypak/components/applicationsettingsmanager/manual/firefox/addons/overview.md,0
docs/policypak/components/applicationsettingsmanager/manual/firefox/addons/tipstricks.md,0
docs/policypak/components/applicationsettingsmanager/manual/firefox/addons/wildcard.md,0
docs/policypak/components/applicationsettingsmanager/manual/firefox/applicationhandlers.md,0
docs/policypak/components/applicationsettingsmanager/manual/firefox/bookmarks.md,0
docs/policypak/components/applicationsettingsmanager/manual/firefox/overview_1.md,0
docs/policypak/components/applicationsettingsmanager/manual/firefox/overview.md,0
docs/policypak/components/applicationsettingsmanager/manual/firefox/permissions.md,0
docs/policypak/components/applicationsettingsmanager/manual/firefox/preferences.md,0
docs/policypak/components/applicationsettingsmanager/manual/firefox/specialfeatures.md,0
docs/policypak/components/applicationsettingsmanager/manual/firefox/specialsections.md,0
docs/policypak/components/applicationsettingsmanager/manual/firefox/uninstall.md,0
docs/policypak/components/applicationsettingsmanager/manual/internetexplorer/normalsections.md,0
docs/policypak/components/applicationsettingsmanager/manual/internetexplorer/overview.md,0
docs/policypak/components/applicationsettingsmanager/manual/internetexplorer/specialsections.md,0
docs/policypak/components/applicationsettingsmanager/manual/internetexplorer/tab/advanced.md,0
docs/policypak/components/applicationsettingsmanager/manual/internetexplorer/tab/compatibilityview.md,0
docs/policypak/components/applicationsettingsmanager/manual/internetexplorer/tab/connections.md,0
docs/policypak/components/applicationsettingsmanager/manual/internetexplorer/tab/content.md,0
docs/policypak/components/applicationsettingsmanager/manual/internetexplorer/tab/enterprisemode.md,0
docs/policypak/components/applicationsettingsmanager/manual/internetexplorer/tab/extras.md,0
docs/policypak/components/applicationsettingsmanager/manual/internetexplorer/tab/favoriteslinks.md,0
docs/policypak/components/applicationsettingsmanager/manual/internetexplorer/tab/general.md,0
docs/policypak/components/applicationsettingsmanager/manual/internetexplorer/tab/overview.md,0
docs/policypak/components/applicationsettingsmanager/manual/internetexplorer/tab/privacy.md,0
docs/policypak/components/applicationsettingsmanager/manual/internetexplorer/tab/programs.md,0
docs/policypak/components/applicationsettingsmanager/manual/internetexplorer/tab/security.md,0
docs/policypak/components/applicationsettingsmanager/manual/modes/acllockdown.md,0
docs/policypak/components/applicationsettingsmanager/manual/modes/applock.md,0
docs/policypak/components/applicationsettingsmanager/manual/modes/deliversettingsvalues.md,0
docs/policypak/components/applicationsettingsmanager/manual/modes/enforcement.md,0
docs/policypak/components/applicationsettingsmanager/manual/modes/mouseshortcuts.md,0
docs/policypak/components/applicationsettingsmanager/manual/modes/overview.md,0
docs/policypak/components/applicationsettingsmanager/manual/modes/reversion.md,0
docs/policypak/components/applicationsettingsmanager/manual/modes/settingsdeliveryreinforcementoptions.md,0
docs/policypak/components/applicationsettingsmanager/manual/modes/switched.md,0
docs/policypak/components/applicationsettingsmanager/manual/overview_1.md,0
docs/policypak/components/applicationsettingsmanager/manual/overview.md,0
docs/policypak/components/applicationsettingsmanager/manual/quickstartwithprecon/acllockdown.md,0
docs/policypak/components/applicationsettingsmanager/manual/quickstartwithprecon/automaticreapplicationchanges.md,0
docs/policypak/components/applicationsettingsmanager/manual/quickstartwithprecon/leverageexisting.md,0
docs/policypak/components/applicationsettingsmanager/manual/quickstartwithprecon/revertappset.md,0
docs/policypak/components/applicationsettingsmanager/manual/quickstartwithprecon/specialnotes.md,0
docs/policypak/components/applicationsettingsmanager/manual/quickstartwithprecon/testapplication.md,0
docs/policypak/components/applicationsettingsmanager/manual/quickstartwithprecon/testclient.md,0
docs/policypak/components/applicationsettingsmanager/manual/underhood/deliveredreverted.md,0
docs/policypak/components/applicationsettingsmanager/manual/underhood/overview.md,0
docs/policypak/components/applicationsettingsmanager/manual/underhood/precedence.md,0
docs/policypak/components/applicationsettingsmanager/manual/underhood/reporting.md,0
docs/policypak/components/applicationsettingsmanager/manual/variables.md,0
docs/policypak/components/applicationsettingsmanager/technotes/designstudio/creation.md,0
docs/policypak/components/applicationsettingsmanager/technotes/designstudio/designstudioadditional.md,0
docs/policypak/components/applicationsettingsmanager/technotes/dllstorage.md,0
docs/policypak/components/applicationsettingsmanager/technotes/generalconfiguration/centralstore.md,0
docs/policypak/components/applicationsettingsmanager/technotes/generalconfiguration/checkmarks.md,0
docs/policypak/components/applicationsettingsmanager/technotes/generalconfiguration/designstudio.md,0
docs/policypak/components/applicationsettingsmanager/technotes/generalconfiguration/designstudiowindows7.md,0
docs/policypak/components/applicationsettingsmanager/technotes/generalconfiguration/downgrade.md,0
docs/policypak/components/applicationsettingsmanager/technotes/generalconfiguration/expires.md,0
docs/policypak/components/applicationsettingsmanager/technotes/generalconfiguration/feature.md,0
docs/policypak/components/applicationsettingsmanager/technotes/generalconfiguration/files.md,0
docs/policypak/components/applicationsettingsmanager/technotes/generalconfiguration/fontsetting.md,0
docs/policypak/components/applicationsettingsmanager/technotes/generalconfiguration/gpo.md,0
docs/policypak/components/applicationsettingsmanager/technotes/generalconfiguration/gpooutofscope.md,0
docs/policypak/components/applicationsettingsmanager/technotes/generalconfiguration/gpos_1.md,0
docs/policypak/components/applicationsettingsmanager/technotes/generalconfiguration/gpos.md,0
docs/policypak/components/applicationsettingsmanager/technotes/generalconfiguration/language.md,0
docs/policypak/components/applicationsettingsmanager/technotes/generalconfiguration/latestupdates.md,0
docs/policypak/components/applicationsettingsmanager/technotes/generalconfiguration/limitations.md,0
docs/policypak/components/applicationsettingsmanager/technotes/generalconfiguration/lyncclient.md,0
docs/policypak/components/applicationsettingsmanager/technotes/generalconfiguration/modifydll.md,0
docs/policypak/components/applicationsettingsmanager/technotes/generalconfiguration/onegpo.md,0
docs/policypak/components/applicationsettingsmanager/technotes/generalconfiguration/onetime.md,0
docs/policypak/components/applicationsettingsmanager/technotes/generalconfiguration/permissions.md,0
docs/policypak/components/applicationsettingsmanager/technotes/generalconfiguration/printers.md,0
docs/policypak/components/applicationsettingsmanager/technotes/generalconfiguration/rolesresponsibilities.md,0
docs/policypak/components/applicationsettingsmanager/technotes/generalconfiguration/side.md,0
docs/policypak/components/applicationsettingsmanager/technotes/generalconfiguration/updatedcommands.md,0
docs/policypak/components/applicationsettingsmanager/technotes/generalconfiguration/upgrade.md,0
docs/policypak/components/applicationsettingsmanager/technotes/generalconfiguration/windowsremoteassistance.md,0
docs/policypak/components/applicationsettingsmanager/technotes/knowledgebase.md,0
docs/policypak/components/applicationsettingsmanager/technotes/preconfiguredappsets/11enterprisemode.md,0
docs/policypak/components/applicationsettingsmanager/technotes/preconfiguredappsets/addons_1.md,0
docs/policypak/components/applicationsettingsmanager/technotes/preconfiguredappsets/addons.md,0
docs/policypak/components/applicationsettingsmanager/technotes/preconfiguredappsets/allowremember.md,0
docs/policypak/components/applicationsettingsmanager/technotes/preconfiguredappsets/applicationshandlerfunction.md,0
docs/policypak/components/applicationsettingsmanager/technotes/preconfiguredappsets/authority.md,0
docs/policypak/components/applicationsettingsmanager/technotes/preconfiguredappsets/bookmarkpopups.md,0
docs/policypak/components/applicationsettingsmanager/technotes/preconfiguredappsets/bydefault.md,0
docs/policypak/components/applicationsettingsmanager/technotes/preconfiguredappsets/bypassinternal.md,0
docs/policypak/components/applicationsettingsmanager/technotes/preconfiguredappsets/certificates_1.md,0
docs/policypak/components/applicationsettingsmanager/technotes/preconfiguredappsets/certificates_2.md,0
docs/policypak/components/applicationsettingsmanager/technotes/preconfiguredappsets/certificates_3.md,0
docs/policypak/components/applicationsettingsmanager/technotes/preconfiguredappsets/certificates.md,0
docs/policypak/components/applicationsettingsmanager/technotes/preconfiguredappsets/customsettings.md,0
docs/policypak/components/applicationsettingsmanager/technotes/preconfiguredappsets/darktheme.md,0
docs/policypak/components/applicationsettingsmanager/technotes/preconfiguredappsets/entrysettings.md,0
docs/policypak/components/applicationsettingsmanager/technotes/preconfiguredappsets/esr.md,0
docs/policypak/components/applicationsettingsmanager/technotes/preconfiguredappsets/extratabs.md,0
docs/policypak/components/applicationsettingsmanager/technotes/preconfiguredappsets/frontmotion.md,0
docs/policypak/components/applicationsettingsmanager/technotes/preconfiguredappsets/home.md,0
docs/policypak/components/applicationsettingsmanager/technotes/preconfiguredappsets/homebuttonurl.md,0
docs/policypak/components/applicationsettingsmanager/technotes/preconfiguredappsets/httpsites.md,0
docs/policypak/components/applicationsettingsmanager/technotes/preconfiguredappsets/internalpredefined.md,0
docs/policypak/components/applicationsettingsmanager/technotes/preconfiguredappsets/issue_1.md,0
docs/policypak/components/applicationsettingsmanager/technotes/preconfiguredappsets/issue.md,0
docs/policypak/components/applicationsettingsmanager/technotes/preconfiguredappsets/itemsunavailable.md,0
docs/policypak/components/applicationsettingsmanager/technotes/preconfiguredappsets/javathunderbird.md,0
docs/policypak/components/applicationsettingsmanager/technotes/preconfiguredappsets/launchfail.md,0
docs/policypak/components/applicationsettingsmanager/technotes/preconfiguredappsets/launchfailstig.md,0
docs/policypak/components/applicationsettingsmanager/technotes/preconfiguredappsets/localfileaccess.md,0
docs/policypak/components/applicationsettingsmanager/technotes/preconfiguredappsets/mode.md,0
docs/policypak/components/applicationsettingsmanager/technotes/preconfiguredappsets/nonstandardlocation.md,0
docs/policypak/components/applicationsettingsmanager/technotes/preconfiguredappsets/ntlmpassthru.md,0
docs/policypak/components/applicationsettingsmanager/technotes/preconfiguredappsets/policies.md,0
docs/policypak/components/applicationsettingsmanager/technotes/preconfiguredappsets/preventupdates.md,0
docs/policypak/components/applicationsettingsmanager/technotes/preconfiguredappsets/proxysettings.md,0
docs/policypak/components/applicationsettingsmanager/technotes/preconfiguredappsets/revertoptions.md,0
docs/policypak/components/applicationsettingsmanager/technotes/preconfiguredappsets/runapplication.md,0
docs/policypak/components/applicationsettingsmanager/technotes/preconfiguredappsets/securityenterpriseroots.md,0
docs/policypak/components/applicationsettingsmanager/technotes/preconfiguredappsets/securitypopup.md,0
docs/policypak/components/applicationsettingsmanager/technotes/preconfiguredappsets/side.md,0
docs/policypak/components/applicationsettingsmanager/technotes/preconfiguredappsets/sitelistexceptions.md,0
docs/policypak/components/applicationsettingsmanager/technotes/preconfiguredappsets/stopsenddatamessage.md,0
docs/policypak/components/applicationsettingsmanager/technotes/preconfiguredappsets/supportpolicy.md,0
docs/policypak/components/applicationsettingsmanager/technotes/preconfiguredappsets/tasktray.md,0
docs/policypak/components/applicationsettingsmanager/technotes/preconfiguredappsets/transition.md,0
docs/policypak/components/applicationsettingsmanager/technotes/preconfiguredappsets/unavailable.md,0
docs/policypak/components/applicationsettingsmanager/technotes/preconfiguredappsets/updates.md,0
docs/policypak/components/applicationsettingsmanager/technotes/preconfiguredappsets/useraccountcontrol.md,0
docs/policypak/components/applicationsettingsmanager/technotes/preconfiguredappsets/version.md,0
docs/policypak/components/applicationsettingsmanager/technotes/preconfiguredappsets/versioninsecure.md,0
docs/policypak/components/applicationsettingsmanager/technotes/preconfiguredappsets/versionoutofdate.md,0
docs/policypak/components/applicationsettingsmanager/technotes/preconfiguredappsets/versions.md,0
docs/policypak/components/applicationsettingsmanager/technotes/preconfiguredappsets/versionsupport.md,0
docs/policypak/components/applicationsettingsmanager/technotes/troubleshooting/applicationissue.md,0
docs/policypak/components/applicationsettingsmanager/technotes/troubleshooting/appset.md,0
docs/policypak/components/applicationsettingsmanager/technotes/troubleshooting/basicsteps.md,0
docs/policypak/components/applicationsettingsmanager/technotes/troubleshooting/code0xc000428.md,0
docs/policypak/components/applicationsettingsmanager/technotes/troubleshooting/disable.md,0
docs/policypak/components/applicationsettingsmanager/technotes/troubleshooting/forcepoint.md,0
docs/policypak/components/applicationsettingsmanager/technotes/troubleshooting/gpmc.md,0
docs/policypak/components/applicationsettingsmanager/technotes/troubleshooting/localmissing.md,0
docs/policypak/components/applicationsettingsmanager/technotes/troubleshooting/microsoftdefender.md,0
docs/policypak/components/applicationsettingsmanager/technotes/troubleshooting/microsoftremoteassistance.md,0
docs/policypak/components/applicationsettingsmanager/technotes/troubleshooting/mmc.md,0
docs/policypak/components/applicationsettingsmanager/technotes/troubleshooting/other.md,0
docs/policypak/components/applicationsettingsmanager/technotes/troubleshooting/reapplylaunch.md,0
docs/policypak/components/applicationsettingsmanager/technotes/troubleshooting/reapplylaunchdisable.md,0
docs/policypak/components/applicationsettingsmanager/technotes/troubleshooting/redirectedfolder.md,0
docs/policypak/components/applicationsettingsmanager/technotes/troubleshooting/removeclientsideextension.md,0
docs/policypak/components/applicationsettingsmanager/technotes/troubleshooting/replication.md,0
docs/policypak/components/applicationsettingsmanager/technotes/troubleshooting/reports.md,0
docs/policypak/components/applicationsettingsmanager/technotes/troubleshooting/settings.md,0
docs/policypak/components/applicationsettingsmanager/technotes/troubleshooting/someapplications.md,0
docs/policypak/components/applicationsettingsmanager/technotes/troubleshooting/storage.md,0
docs/policypak/components/applicationsettingsmanager/technotes/troubleshooting/symantecendpointprotection.md,0
docs/policypak/components/applicationsettingsmanager/technotes/virtualizedapplications/applicationvirtualization.md,0
docs/policypak/components/applicationsettingsmanager/technotes/virtualizedapplications/appvsequences.md,0
docs/policypak/components/applicationsettingsmanager/technotes/virtualizedapplications/exception.md,0
docs/policypak/components/applicationsettingsmanager/technotes/virtualizedapplications/thinapp.md,0
docs/policypak/components/applicationsettingsmanager/technotes/virtualizedapplications/xenapp_1.md,0
docs/policypak/components/applicationsettingsmanager/technotes/virtualizedapplications/xenapp.md,0
docs/policypak/components/applicationsettingsmanager/videos/centralstoresharing/centralstorework.md,0
docs/policypak/components/applicationsettingsmanager/videos/centralstoresharing/dllorphans.md,0
docs/policypak/components/applicationsettingsmanager/videos/centralstoresharing/dllreconnect.md,0
docs/policypak/components/applicationsettingsmanager/videos/centralstoresharing/manualupdate.md,0
docs/policypak/components/applicationsettingsmanager/videos/centralstoresharing/shares.md,0
docs/policypak/components/applicationsettingsmanager/videos/centralstoresharing/touchutility.md,0
docs/policypak/components/applicationsettingsmanager/videos/centralstoresharing/trustedappsets.md,0
docs/policypak/components/applicationsettingsmanager/videos/centralstoresharing/uptodate.md,0
docs/policypak/components/applicationsettingsmanager/videos/chrome.md,0
docs/policypak/components/applicationsettingsmanager/videos/chrome/bookmarks.md,0
docs/policypak/components/applicationsettingsmanager/videos/chrome/clearbrowsing.md,0
docs/policypak/components/applicationsettingsmanager/videos/chrome/gettingstarted.md,0
docs/policypak/components/applicationsettingsmanager/videos/citrix/demo.md,0
docs/policypak/components/applicationsettingsmanager/videos/citrix/demo2.md,0
docs/policypak/components/applicationsettingsmanager/videos/citrix/integration.md,0
docs/policypak/components/applicationsettingsmanager/videos/citrix/rds.md,0
docs/policypak/components/applicationsettingsmanager/videos/citrix/sealapproval.md,0
docs/policypak/components/applicationsettingsmanager/videos/citrix/xenapp.md,0
docs/policypak/components/applicationsettingsmanager/videos/citrix/xendesktop.md,0
docs/policypak/components/applicationsettingsmanager/videos/designstudio/addelements.md,0
docs/policypak/components/applicationsettingsmanager/videos/designstudio/designstudiojava.md,0
docs/policypak/components/applicationsettingsmanager/videos/designstudio/firefox_plugins.md,0
docs/policypak/components/applicationsettingsmanager/videos/designstudio/firstpak.md,0
docs/policypak/components/applicationsettingsmanager/videos/designstudio/foxitprinter.md,0
docs/policypak/components/applicationsettingsmanager/videos/designstudio/importregistry.md,0
docs/policypak/components/applicationsettingsmanager/videos/designstudio/itemleveltargeting.md,0
docs/policypak/components/applicationsettingsmanager/videos/featurestechsupport/acllockdown.md,0
docs/policypak/components/applicationsettingsmanager/videos/featurestechsupport/applicationlaunch.md,0
docs/policypak/components/applicationsettingsmanager/videos/featurestechsupport/itemleveltargeting.md,0
docs/policypak/components/applicationsettingsmanager/videos/featurestechsupport/itemleveltargetingbypass.md,0
docs/policypak/components/applicationsettingsmanager/videos/featurestechsupport/proxysettings.md,0
docs/policypak/components/applicationsettingsmanager/videos/featurestechsupport/superpowers.md,0
docs/policypak/components/applicationsettingsmanager/videos/featurestechsupport/variables.md,0
docs/policypak/components/applicationsettingsmanager/videos/firefox/addons.md,0
docs/policypak/components/applicationsettingsmanager/videos/firefox/adobe.md,0
docs/policypak/components/applicationsettingsmanager/videos/firefox/bookmarks.md,0
docs/policypak/components/applicationsettingsmanager/videos/firefox/bookmarksmodify.md,0
docs/policypak/components/applicationsettingsmanager/videos/firefox/certificates.md,0
docs/policypak/components/applicationsettingsmanager/videos/firefox/defaultsearch.md,0
docs/policypak/components/applicationsettingsmanager/videos/firefox/disable.md,0
docs/policypak/components/applicationsettingsmanager/videos/firefox/extensions.md,0
docs/policypak/components/applicationsettingsmanager/videos/firefox/extratabs.md,0
docs/policypak/components/applicationsettingsmanager/videos/firefox/gettingstarted.md,0
docs/policypak/components/applicationsettingsmanager/videos/firefox/miscsettings.md,0
docs/policypak/components/applicationsettingsmanager/videos/firefox/popups.md,0
docs/policypak/components/applicationsettingsmanager/videos/firefox/removeelements.md,0
docs/policypak/components/applicationsettingsmanager/videos/gettingstarted/centralstorecreate.md,0
docs/policypak/components/applicationsettingsmanager/videos/gettingstarted/centralstoreupdate.md,0
docs/policypak/components/applicationsettingsmanager/videos/gettingstarted/quickrundown.md,0
docs/policypak/components/applicationsettingsmanager/videos/internetexplorer/certificates.md,0
docs/policypak/components/applicationsettingsmanager/videos/internetexplorer/connectionstab.md,0
docs/policypak/components/applicationsettingsmanager/videos/internetexplorer/contenttab.md,0
docs/policypak/components/applicationsettingsmanager/videos/internetexplorer/favorites.md,0
docs/policypak/components/applicationsettingsmanager/videos/internetexplorer/generaltab.md,0
docs/policypak/components/applicationsettingsmanager/videos/internetexplorer/gettingstarted.md,0
docs/policypak/components/applicationsettingsmanager/videos/internetexplorer/privacytab.md,0
docs/policypak/components/applicationsettingsmanager/videos/internetexplorer/programstab.md,0
docs/policypak/components/applicationsettingsmanager/videos/internetexplorer/securitytab.md,0
docs/policypak/components/applicationsettingsmanager/videos/internetexplorer/settings.md,0
docs/policypak/components/applicationsettingsmanager/videos/java/disable.md,0
docs/policypak/components/applicationsettingsmanager/videos/java/jre.md,0
docs/policypak/components/applicationsettingsmanager/videos/java/lockdown.md,0
docs/policypak/components/applicationsettingsmanager/videos/java/securityslider.md,0
docs/policypak/components/applicationsettingsmanager/videos/methods/microsoftintune.md,0
docs/policypak/components/applicationsettingsmanager/videos/methods/pdqdeploy.md,0
docs/policypak/components/applicationsettingsmanager/videos/methods/pdqdeployfirefox.md,0
docs/policypak/components/applicationsettingsmanager/videos/methods/sccmsoftwarecenter.md,0
docs/policypak/components/applicationsettingsmanager/videos/methods/specops.md,0
docs/policypak/components/applicationsettingsmanager/videos/otherapplications/acrobat.md,0
docs/policypak/components/applicationsettingsmanager/videos/otherapplications/flashplayer.md,0
docs/policypak/components/applicationsettingsmanager/videos/otherapplications/irfanview.md,0
docs/policypak/components/applicationsettingsmanager/videos/otherapplications/office.md,0
docs/policypak/components/applicationsettingsmanager/videos/otherapplications/passwordsecure.md,0
docs/policypak/components/applicationsettingsmanager/videos/otherapplications/skype.md,0
docs/policypak/components/applicationsettingsmanager/videos/otherapplications/teams.md,0
docs/policypak/components/applicationsettingsmanager/videos/otherapplications/thunderbird.md,0
docs/policypak/components/applicationsettingsmanager/videos/tipsandtricks/certificatesevil.md,0
docs/policypak/components/applicationsettingsmanager/videos/tipsandtricks/chromebookmarks.md,0
docs/policypak/components/applicationsettingsmanager/videos/tipsandtricks/chromerevert.md,0
docs/policypak/components/applicationsettingsmanager/videos/tipsandtricks/chromerevertfix.md,0
docs/policypak/components/applicationsettingsmanager/videos/tipsandtricks/firefoxabout.md,0
docs/policypak/components/applicationsettingsmanager/videos/tipsandtricks/firefoxplugins.md,0
docs/policypak/components/applicationsettingsmanager/videos/tipsandtricks/ieproxyserver.md,0
docs/policypak/components/applicationsettingsmanager/videos/tipsandtricks/invincea.md,0
docs/policypak/components/applicationsettingsmanager/videos/tipsandtricks/oraclejava.md,0
docs/policypak/components/applicationsettingsmanager/videos/tipsandtricks/paksbig.md,0
docs/policypak/components/applicationsettingsmanager/videos/vdi/dedicated.md,0
docs/policypak/components/applicationsettingsmanager/videos/vdi/integration.md,0
docs/policypak/components/applicationsettingsmanager/videos/vdi/localmode.md,0
docs/policypak/components/applicationsettingsmanager/videos/vdi/thinapp.md,0
docs/policypak/components/applicationsettingsmanager/videos/vdi/thinappworkspace.md,0
docs/policypak/components/applicationsettingsmanager/videos/vdi/vmware.md,0
docs/policypak/components/applicationsettingsmanager/videos/videolearningcenter.md,0
docs/policypak/components/applicationsettingsmanager/videos/virtualization/appv.md,0
docs/policypak/components/applicationsettingsmanager/videos/virtualization/spoonnovell.md,0
docs/policypak/components/applicationsettingsmanager/videos/virtualization/symantec.md,0
docs/policypak/components/applicationsettingsmanager/videos/virtualization/thinapp.md,0
docs/policypak/components/applicationsettingsmanager/videos/virtualization/uev.md,0
docs/policypak/components/applicationsettingsmanager/videos/virtualization/xenapp.md,0
docs/policypak/components/applicationsettingsmanager/videos/whatdoesitdo/cloud.md,0
docs/policypak/components/applicationsettingsmanager/videos/whatdoesitdo/grouppolicy.md,0
docs/policypak/components/applicationsettingsmanager/videos/whatdoesitdo/managers.md,0
docs/policypak/components/applicationsettingsmanager/videos/whatdoesitdo/mdm.md,0
docs/policypak/components/applicationsettingsmanager/videos/whatdoesitdo/onpremise.md,0
docs/policypak/components/applicationsettingsmanager/videos/whatdoesitdo/pak.md,0
docs/policypak/components/browserrouter/knowledgebase/installation/chromemanual.md,0
docs/policypak/components/browserrouter/knowledgebase/installation/defaultbrowser.md,0
docs/policypak/components/browserrouter/knowledgebase/installation/iepromptdll.md,0
docs/policypak/components/browserrouter/knowledgebase/installation/preventiequestions.md,0
docs/policypak/components/browserrouter/knowledgebase/installation/twologons.md,0
docs/policypak/components/browserrouter/knowledgebase/installation/windowsopenprompt.md,0
docs/policypak/components/browserrouter/knowledgebase/knowledgebase.md,0
docs/policypak/components/browserrouter/knowledgebase/tipsandtricks/advancedblockingmessage.md,0
docs/policypak/components/browserrouter/knowledgebase/tipsandtricks/browsermode.md,0
docs/policypak/components/browserrouter/knowledgebase/tipsandtricks/commandlinearguments.md,0
docs/policypak/components/browserrouter/knowledgebase/tipsandtricks/defined.md,0
docs/policypak/components/browserrouter/knowledgebase/tipsandtricks/edgelegacybrowser.md,0
docs/policypak/components/browserrouter/knowledgebase/tipsandtricks/forcebrowser.md,0
docs/policypak/components/browserrouter/knowledgebase/tipsandtricks/removeagent.md,0
docs/policypak/components/browserrouter/knowledgebase/tipsandtricks/securityzone.md,0
docs/policypak/components/browserrouter/knowledgebase/tipsandtricks/shortcuticons.md,0
docs/policypak/components/browserrouter/knowledgebase/tipsandtricks/suppresspopup.md,0
docs/policypak/components/browserrouter/knowledgebase/tipsandtricks/useselectablebrowser.md,0
docs/policypak/components/browserrouter/knowledgebase/troubleshooting/adobelinks.md,0
docs/policypak/components/browserrouter/knowledgebase/troubleshooting/automaticallydisabled.md,0
docs/policypak/components/browserrouter/knowledgebase/troubleshooting/betweenbrowsers.md,0
docs/policypak/components/browserrouter/knowledgebase/troubleshooting/chromeextension.md,0
docs/policypak/components/browserrouter/knowledgebase/troubleshooting/chromeextensionid.md,0
docs/policypak/components/browserrouter/knowledgebase/troubleshooting/chromerouting.md,0
docs/policypak/components/browserrouter/knowledgebase/troubleshooting/citrixproblems.md,0
docs/policypak/components/browserrouter/knowledgebase/troubleshooting/contactsupport.md,0
docs/policypak/components/browserrouter/knowledgebase/troubleshooting/criticalwebsiteincompatibility.md,0
docs/policypak/components/browserrouter/knowledgebase/troubleshooting/default.md,0
docs/policypak/components/browserrouter/knowledgebase/troubleshooting/dllcompatible.md,0
docs/policypak/components/browserrouter/knowledgebase/troubleshooting/dnscall.md,0
docs/policypak/components/browserrouter/knowledgebase/troubleshooting/extensioninactive.md,0
docs/policypak/components/browserrouter/knowledgebase/troubleshooting/firefox.md,0
docs/policypak/components/browserrouter/knowledgebase/troubleshooting/forceinstall.md,0
docs/policypak/components/browserrouter/knowledgebase/troubleshooting/fromedgetootherbrowsers.md,0
docs/policypak/components/browserrouter/knowledgebase/troubleshooting/fromietootherbrowsers.md,0
docs/policypak/components/browserrouter/knowledgebase/troubleshooting/keeporiginaltab.md,0
docs/policypak/components/browserrouter/knowledgebase/troubleshooting/launch.md,0
docs/policypak/components/browserrouter/knowledgebase/troubleshooting/office365.md,0
docs/policypak/components/browserrouter/knowledgebase/troubleshooting/pattern.md,0
docs/policypak/components/browserrouter/knowledgebase/troubleshooting/quick.md,0
docs/policypak/components/browserrouter/knowledgebase/troubleshooting/removed.md,0
docs/policypak/components/browserrouter/knowledgebase/troubleshooting/revertlegacy.md,0
docs/policypak/components/browserrouter/knowledgebase/troubleshooting/routing.md,0
docs/policypak/components/browserrouter/knowledgebase/troubleshooting/stop.md,0
docs/policypak/components/browserrouter/knowledgebase/troubleshooting/tabissue.md,0
docs/policypak/components/browserrouter/knowledgebase/troubleshooting/versions.md,0
docs/policypak/components/browserrouter/knowledgebase/troubleshooting/wildcardrule.md,0
docs/policypak/components/browserrouter/manual/configuration/block.md,0
docs/policypak/components/browserrouter/manual/configuration/commandlinearguments.md,0
docs/policypak/components/browserrouter/manual/configuration/custom.md,0
docs/policypak/components/browserrouter/manual/configuration/exportcollections.md,0
docs/policypak/components/browserrouter/manual/configuration/itemleveltargeting.md,0
docs/policypak/components/browserrouter/manual/configuration/ports.md,0
docs/policypak/components/browserrouter/manual/configuration/processorderprecedence.md,0
docs/policypak/components/browserrouter/manual/configuration/rules.md,0
docs/policypak/components/browserrouter/manual/gettingtoknow/navigation.md,0
docs/policypak/components/browserrouter/manual/gettingtoknow/overview_1.md,0
docs/policypak/components/browserrouter/manual/gettingtoknow/overview_2.md,0
docs/policypak/components/browserrouter/manual/internetexplorer/convertxmls.md,0
docs/policypak/components/browserrouter/manual/internetexplorer/edgemod.md,0
docs/policypak/components/browserrouter/manual/internetexplorer/overview.md,0
docs/policypak/components/browserrouter/manual/internetexplorer/specialtypes.md,0
docs/policypak/components/browserrouter/manual/overview.md,0
docs/policypak/components/browserrouter/manual/understandingdefaultbrowser/osweb.md,0
docs/policypak/components/browserrouter/videolearningcenter/citrixvirtualapps/citrix.md,0
docs/policypak/components/browserrouter/videolearningcenter/citrixvirtualapps/custombrowsers.md,0
docs/policypak/components/browserrouter/videolearningcenter/gettingstarted/blockwebsites.md,0
docs/policypak/components/browserrouter/videolearningcenter/gettingstarted/edgespecial.md,0
docs/policypak/components/browserrouter/videolearningcenter/gettingstarted/edgesupport.md,0
docs/policypak/components/browserrouter/videolearningcenter/gettingstarted/ie.md,0
docs/policypak/components/browserrouter/videolearningcenter/gettingstarted/ports.md,0
docs/policypak/components/browserrouter/videolearningcenter/gettingstarted/rightbrowser.md,0
docs/policypak/components/browserrouter/videolearningcenter/gettingstarted/userselecteddefault.md,0
docs/policypak/components/browserrouter/videolearningcenter/methods/cloud.md,0
docs/policypak/components/browserrouter/videolearningcenter/methods/mdm.md,0
docs/policypak/components/browserrouter/videolearningcenter/tipsandtricks/browsericon.md,0
docs/policypak/components/browserrouter/videolearningcenter/tipsandtricks/chrome.md,0
docs/policypak/components/browserrouter/videolearningcenter/tipsandtricks/chromenondomainjoined.md,0
docs/policypak/components/browserrouter/videolearningcenter/tipsandtricks/defaultwindows10.md,0
docs/policypak/components/browserrouter/videolearningcenter/tipsandtricks/edge.md,0
docs/policypak/components/browserrouter/videolearningcenter/tipsandtricks/firefox.md,0
docs/policypak/components/browserrouter/videolearningcenter/tipsandtricks/ieedgemode.md,0
docs/policypak/components/browserrouter/videolearningcenter/tipsandtricks/ieforce.md,0
docs/policypak/components/browserrouter/videolearningcenter/tipsandtricks/iesitelists.md,0
docs/policypak/components/browserrouter/videolearningcenter/videolearningcenter.md,0
docs/policypak/components/devicemanager/knowledgebase/knowledgebase.md,0
docs/policypak/components/devicemanager/knowledgebase/troubleshooting.md,0
docs/policypak/components/devicemanager/manual/configuration/helpertool.md,0
docs/policypak/components/devicemanager/manual/configuration/rules.md,0
docs/policypak/components/devicemanager/manual/gettingtoknow/devicemanagerpolicies.md,0
docs/policypak/components/devicemanager/manual/gettingtoknow/globaldevicemanager.md,0
docs/policypak/components/devicemanager/manual/overview.md,0
docs/policypak/components/devicemanager/videolearningcenter/gettingstarted/bitlockerdrives.md,0
docs/policypak/components/devicemanager/videolearningcenter/gettingstarted/dmapprovalautorules.md,0
docs/policypak/components/devicemanager/videolearningcenter/gettingstarted/dmhelpertool.md,0
docs/policypak/components/devicemanager/videolearningcenter/gettingstarted/enduser.md,0
docs/policypak/components/devicemanager/videolearningcenter/gettingstarted/serialnumber.md,0
docs/policypak/components/devicemanager/videolearningcenter/gettingstarted/usbdrive.md,0
docs/policypak/components/devicemanager/videolearningcenter/gettingstarted/usbdriveallowuser.md,0
docs/policypak/components/devicemanager/videolearningcenter/gettingstarted/usbdriveallowvendor.md,0
docs/policypak/components/devicemanager/videolearningcenter/methods/cloud.md,0
docs/policypak/components/devicemanager/videolearningcenter/methods/mdm.md,0
docs/policypak/components/devicemanager/videolearningcenter/videolearningcenter.md,0
docs/policypak/components/featuremanager/manual/addremove/collections.md,0
docs/policypak/components/featuremanager/manual/addremove/overview.md,0
docs/policypak/components/featuremanager/manual/addremove/policies.md,0
docs/policypak/components/featuremanager/manual/addremove/test.md,0
docs/policypak/components/featuremanager/manual/advanced/createcollection.md,0
docs/policypak/components/featuremanager/manual/advanced/deletepolicies.md,0
docs/policypak/components/featuremanager/manual/advanced/editcollection.md,0
docs/policypak/components/featuremanager/manual/advanced/editpolicy.md,0
docs/policypak/components/featuremanager/manual/advanced/mixedrule.md,0
docs/policypak/components/featuremanager/manual/advanced/overview.md,0
docs/policypak/components/featuremanager/manual/feature/events.md,0
docs/policypak/components/featuremanager/manual/feature/logs.md,0
docs/policypak/components/featuremanager/manual/feature/overview.md,0
docs/policypak/components/featuremanager/manual/gettoknow.md,0
docs/policypak/components/featuremanager/manual/itemleveltargeting/exportcollections.md,0
docs/policypak/components/featuremanager/manual/itemleveltargeting/overview.md,0
docs/policypak/components/featuremanager/manual/itemleveltargeting/processorderprecedence.md,0
docs/policypak/components/featuremanager/manual/overview.md,0
docs/policypak/components/featuremanager/manual/windowsservers.md,0
docs/policypak/components/featuremanager/technotes/code0x800f0954.md,0
docs/policypak/components/featuremanager/technotes/knowledgebase.md,0
docs/policypak/components/featuremanager/videos/allvideos/cloud.md,0
docs/policypak/components/featuremanager/videos/allvideos/mdm.md,0
docs/policypak/components/featuremanager/videos/allvideos/windows.md,0
docs/policypak/components/featuremanager/videos/allvideos/windowsservers.md,0
docs/policypak/components/featuremanager/videos/videolearningcenter.md,0
docs/policypak/components/fileassociationsmanager/knowledgebase/knowledgebase.md,0
docs/policypak/components/fileassociationsmanager/knowledgebase/tipsandtricks/cortana.md,0
docs/policypak/components/fileassociationsmanager/knowledgebase/tipsandtricks/specificbrowser.md,0
docs/policypak/components/fileassociationsmanager/knowledgebase/tipsandtricks/windowsphotoviewer.md,0
docs/policypak/components/fileassociationsmanager/knowledgebase/troubleshooting/defaultassociationsconfiguration.md,0
docs/policypak/components/fileassociationsmanager/knowledgebase/troubleshooting/defaultbrowser.md,0
docs/policypak/components/fileassociationsmanager/knowledgebase/troubleshooting/gpos.md,0
docs/policypak/components/fileassociationsmanager/knowledgebase/troubleshooting/legacy.md,0
docs/policypak/components/fileassociationsmanager/knowledgebase/troubleshooting/oemdefaultassociations.md,0
docs/policypak/components/fileassociationsmanager/manual/applymode.md,0
docs/policypak/components/fileassociationsmanager/manual/configuration/logs.md,0
docs/policypak/components/fileassociationsmanager/manual/configuration/xmlfile.md,0
docs/policypak/components/fileassociationsmanager/manual/helperutility.md,0
docs/policypak/components/fileassociationsmanager/manual/insouts/advantages.md,0
docs/policypak/components/fileassociationsmanager/manual/insouts/overview.md,0
docs/policypak/components/fileassociationsmanager/manual/insouts/windows10.md,0
docs/policypak/components/fileassociationsmanager/manual/insouts/windows7.md,0
docs/policypak/components/fileassociationsmanager/manual/itemleveltargeting/exportcollection.md,0
docs/policypak/components/fileassociationsmanager/manual/itemleveltargeting/overview.md,0
docs/policypak/components/fileassociationsmanager/manual/itemleveltargeting/processorderprecedence.md,0
docs/policypak/components/fileassociationsmanager/manual/mapextensions.md,0
docs/policypak/components/fileassociationsmanager/manual/overview.md,0
docs/policypak/components/fileassociationsmanager/manual/policies.md,0
docs/policypak/components/fileassociationsmanager/manual/preconfigured.md,0
docs/policypak/components/fileassociationsmanager/manual/productwizard.md,0
docs/policypak/components/fileassociationsmanager/manual/registeredextensions.md,0
docs/policypak/components/fileassociationsmanager/videolearningcenter/gettingstarted/applyonce.md,0
docs/policypak/components/fileassociationsmanager/videolearningcenter/gettingstarted/preconfiguredadvice.md,0
docs/policypak/components/fileassociationsmanager/videolearningcenter/gettingstarted/universalwindowsapps.md,0
docs/policypak/components/fileassociationsmanager/videolearningcenter/gettingstarted/windows10.md,0
docs/policypak/components/fileassociationsmanager/videolearningcenter/gettingstarted/wizard.md,0
docs/policypak/components/fileassociationsmanager/videolearningcenter/methods/cloud.md,0
docs/policypak/components/fileassociationsmanager/videolearningcenter/methods/cloudusage.md,0
docs/policypak/components/fileassociationsmanager/videolearningcenter/methods/mdm.md,0
docs/policypak/components/fileassociationsmanager/videolearningcenter/methods/pdqdeploy.md,0
docs/policypak/components/fileassociationsmanager/videolearningcenter/tipsandtricks/acroreader.md,0
docs/policypak/components/fileassociationsmanager/videolearningcenter/tipsandtricks/adobereader.md,0
docs/policypak/components/fileassociationsmanager/videolearningcenter/tipsandtricks/firstlogin.md,0
docs/policypak/components/fileassociationsmanager/videolearningcenter/tipsandtricks/helperapplication.md,0
docs/policypak/components/fileassociationsmanager/videolearningcenter/tipsandtricks/helpertool.md,0
docs/policypak/components/fileassociationsmanager/videolearningcenter/tipsandtricks/mailto.md,0
docs/policypak/components/fileassociationsmanager/videolearningcenter/tipsandtricks/windows10modify.md,0
docs/policypak/components/fileassociationsmanager/videolearningcenter/tipsandtricks/windows10questions.md,0
docs/policypak/components/fileassociationsmanager/videolearningcenter/videolearningcenter.md,0
docs/policypak/components/javaenterpriserules/manual/gettingstarted.md,0
docs/policypak/components/javaenterpriserules/manual/javaenterpriserules/deploymentruleset.md,0
docs/policypak/components/javaenterpriserules/manual/javaenterpriserules/eventviewer.md,0
docs/policypak/components/javaenterpriserules/manual/javaenterpriserules/itemleveltargeting.md,0
docs/policypak/components/javaenterpriserules/manual/javaenterpriserules/licensefile.md,0
docs/policypak/components/javaenterpriserules/manual/javaenterpriserules/logfiles.md,0
docs/policypak/components/javaenterpriserules/manual/javaenterpriserules/overview.md,0
docs/policypak/components/javaenterpriserules/manual/javaenterpriserules/processorder.md,0
docs/policypak/components/javaenterpriserules/manual/javaenterpriserules/version.md,0
docs/policypak/components/javaenterpriserules/manual/prompts/firefox.md,0
docs/policypak/components/javaenterpriserules/manual/prompts/firefoxinternetexplorer.md,0
docs/policypak/components/javaenterpriserules/manual/prompts/internetexplorer/message1.md,0
docs/policypak/components/javaenterpriserules/manual/prompts/internetexplorer/message2.md,0
docs/policypak/components/javaenterpriserules/manual/prompts/internetexplorer/message3.md,0
docs/policypak/components/javaenterpriserules/manual/prompts/internetexplorer/overview.md,0
docs/policypak/components/javaenterpriserules/manual/prompts/overview.md,0
docs/policypak/components/javaenterpriserules/manual/theory.md,0
docs/policypak/components/javaenterpriserules/manual/usage/exportcollections.md,0
docs/policypak/components/javaenterpriserules/manual/usage/itemleveltargeting.md,0
docs/policypak/components/javaenterpriserules/manual/usage/manageria.md,0
docs/policypak/components/javaenterpriserules/manual/usage/processorderprecedence.md,0
docs/policypak/components/javaenterpriserules/manual/usage/usage.md,0
docs/policypak/components/javaenterpriserules/overview.md,0
docs/policypak/components/javaenterpriserules/technotes/gettingstarted/evaluateurls.md,0
docs/policypak/components/javaenterpriserules/technotes/gettingstarted/javaprompts.md,0
docs/policypak/components/javaenterpriserules/technotes/gettingstarted/version64bit.md,0
docs/policypak/components/javaenterpriserules/technotes/gettingstarted/versionjava.md,0
docs/policypak/components/javaenterpriserules/technotes/gettingstarted/versionlatest.md,0
docs/policypak/components/javaenterpriserules/technotes/gettingstarted/virtualizedbrowsers.md,0
docs/policypak/components/javaenterpriserules/technotes/gettingstarted/wildcards.md,0
docs/policypak/components/javaenterpriserules/technotes/knowledgebase.md,0
docs/policypak/components/javaenterpriserules/videos/gettingstarted/block.md,0
docs/policypak/components/javaenterpriserules/videos/gettingstarted/browserrouter.md,0
docs/policypak/components/javaenterpriserules/videos/gettingstarted/gettingstartedv.md,0
docs/policypak/components/javaenterpriserules/videos/gettingstarted/itemleveltargeting.md,0
docs/policypak/components/javaenterpriserules/videos/gettingstarted/oracledeploymentrulesets.md,0
docs/policypak/components/javaenterpriserules/videos/methods/cloud.md,0
docs/policypak/components/javaenterpriserules/videos/methods/mdm.md,0
docs/policypak/components/javaenterpriserules/videos/methods/pdqdeploy.md,0
docs/policypak/components/javaenterpriserules/videos/methods/sccm.md,0
docs/policypak/components/javaenterpriserules/videos/methods/versionsmultiple.md,0
docs/policypak/components/javaenterpriserules/videos/videolearningcenter.md,0
docs/policypak/components/javaenterpriserules/videos/xmlsurgery.md,0
docs/policypak/components/leastprivilegemanager/implementationguide.md,0
docs/policypak/components/leastprivilegemanager/manual/macos/applicationlaunch.md,0
docs/policypak/components/leastprivilegemanager/manual/macos/installclient.md,0
docs/policypak/components/leastprivilegemanager/manual/macos/mac/cloudlog.md,0
docs/policypak/components/leastprivilegemanager/manual/macos/mac/eventcollectiion.md,0
docs/policypak/components/leastprivilegemanager/manual/macos/mac/logs.md,0
docs/policypak/components/leastprivilegemanager/manual/macos/mac/overview.md,0
docs/policypak/components/leastprivilegemanager/manual/macos/mac/reports.md,0
docs/policypak/components/leastprivilegemanager/manual/macos/overview.md,0
docs/policypak/components/leastprivilegemanager/manual/macos/scenarios/conditions.md,0
docs/policypak/components/leastprivilegemanager/manual/macos/scenarios/launchcontrol.md,0
docs/policypak/components/leastprivilegemanager/manual/macos/scenarios/macfinder.md,0
docs/policypak/components/leastprivilegemanager/manual/macos/scenarios/macprivhelper.md,0
docs/policypak/components/leastprivilegemanager/manual/macos/scenarios/mountunmount.md,0
docs/policypak/components/leastprivilegemanager/manual/macos/scenarios/overview.md,0
docs/policypak/components/leastprivilegemanager/manual/macos/scenarios/packageinstallation.md,0
docs/policypak/components/leastprivilegemanager/manual/macos/scenarios/sudo.md,0
docs/policypak/components/leastprivilegemanager/manual/macos/scenarios/systemsettings.md,0
docs/policypak/components/leastprivilegemanager/manual/windows/adminapproval/additionaldetails.md,0
docs/policypak/components/leastprivilegemanager/manual/windows/adminapproval/avoidpopups.md,0
docs/policypak/components/leastprivilegemanager/manual/windows/adminapproval/gettingstarted/gettingstarted.md,0
docs/policypak/components/leastprivilegemanager/manual/windows/adminapproval/gettingstarted/secretkey.md,0
docs/policypak/components/leastprivilegemanager/manual/windows/adminapproval/gettingstarted/secretkeysecure.md,0
docs/policypak/components/leastprivilegemanager/manual/windows/adminapproval/overview.md,0
docs/policypak/components/leastprivilegemanager/manual/windows/adminapproval/useemail.md,0
docs/policypak/components/leastprivilegemanager/manual/windows/apply/ondemand.md,0
docs/policypak/components/leastprivilegemanager/manual/windows/apply/overview.md,0
docs/policypak/components/leastprivilegemanager/manual/windows/apply/selfelevation.md,0
docs/policypak/components/leastprivilegemanager/manual/windows/automatic.md,0
docs/policypak/components/leastprivilegemanager/manual/windows/brandcustomize.md,0
docs/policypak/components/leastprivilegemanager/manual/windows/events/audit.md,0
docs/policypak/components/leastprivilegemanager/manual/windows/events/auditingsettings/localadmins.md,0
docs/policypak/components/leastprivilegemanager/manual/windows/events/auditingsettings/overview.md,0
docs/policypak/components/leastprivilegemanager/manual/windows/events/auditingsettings/standardusers.md,0
docs/policypak/components/leastprivilegemanager/manual/windows/events/auditingsettings/standardusersuntrusted.md,0
docs/policypak/components/leastprivilegemanager/manual/windows/events/client.md,0
docs/policypak/components/leastprivilegemanager/manual/windows/events/cloud.md,0
docs/policypak/components/leastprivilegemanager/manual/windows/events/operational.md,0
docs/policypak/components/leastprivilegemanager/manual/windows/events/overview.md,0
docs/policypak/components/leastprivilegemanager/manual/windows/overview_1.md,0
docs/policypak/components/leastprivilegemanager/manual/windows/overview.md,0
docs/policypak/components/leastprivilegemanager/manual/windows/overviewmisc/acltraverse.md,0
docs/policypak/components/leastprivilegemanager/manual/windows/overviewmisc/bestpractices/childprocesses.md,0
docs/policypak/components/leastprivilegemanager/manual/windows/overviewmisc/bestpractices/commandline.md,0
docs/policypak/components/leastprivilegemanager/manual/windows/overviewmisc/bestpractices/dontelevate.md,0
docs/policypak/components/leastprivilegemanager/manual/windows/overviewmisc/bestpractices/fileinfo.md,0
docs/policypak/components/leastprivilegemanager/manual/windows/overviewmisc/bestpractices/overview.md,0
docs/policypak/components/leastprivilegemanager/manual/windows/overviewmisc/export.md,0
docs/policypak/components/leastprivilegemanager/manual/windows/overviewmisc/itemleveltargeting.md,0
docs/policypak/components/leastprivilegemanager/manual/windows/overviewmisc/overviewmisc.md,0
docs/policypak/components/leastprivilegemanager/manual/windows/overviewmisc/parentprocessfilter.md,0
docs/policypak/components/leastprivilegemanager/manual/windows/overviewmisc/processorderprecedence.md,0
docs/policypak/components/leastprivilegemanager/manual/windows/overviewmisc/reauthentication.md,0
docs/policypak/components/leastprivilegemanager/manual/windows/overviewmisc/scopefilters/blockadmins.md,0
docs/policypak/components/leastprivilegemanager/manual/windows/overviewmisc/scopefilters/blockapp.md,0
docs/policypak/components/leastprivilegemanager/manual/windows/overviewmisc/scopefilters/blockpowershell.md,0
docs/policypak/components/leastprivilegemanager/manual/windows/overviewmisc/scopefilters/elevateserviceaccount.md,0
docs/policypak/components/leastprivilegemanager/manual/windows/overviewmisc/scopefilters/enhancedsecurerun.md,0
docs/policypak/components/leastprivilegemanager/manual/windows/overviewmisc/scopefilters/overview.md,0
docs/policypak/components/leastprivilegemanager/manual/windows/overviewmisc/securecopy.md,0
docs/policypak/components/leastprivilegemanager/manual/windows/overviewmisc/wildcards.md,0
docs/policypak/components/leastprivilegemanager/manual/windows/preconfiguredxmls.md,0
docs/policypak/components/leastprivilegemanager/manual/windows/preferences.md,0
docs/policypak/components/leastprivilegemanager/manual/windows/privilegesecure/client.md,0
docs/policypak/components/leastprivilegemanager/manual/windows/privilegesecure/gui.md,0
docs/policypak/components/leastprivilegemanager/manual/windows/privilegesecure/overview.md,0
docs/policypak/components/leastprivilegemanager/manual/windows/privilegesecure/policymatch/policymatch.md,0
docs/policypak/components/leastprivilegemanager/manual/windows/privilegesecure/policymatch/releaseresults.md,0
docs/policypak/components/leastprivilegemanager/manual/windows/privilegesecure/policymatch/setuppolicy.md,0
docs/policypak/components/leastprivilegemanager/manual/windows/privilegesecure/resourcebased/closingbrokeredprocesses.md,0
docs/policypak/components/leastprivilegemanager/manual/windows/privilegesecure/resourcebased/policymatch_1.md,0
docs/policypak/components/leastprivilegemanager/manual/windows/privilegesecure/resourcebased/storedvideos.md,0
docs/policypak/components/leastprivilegemanager/manual/windows/privilegesecure/together.md,0
docs/policypak/components/leastprivilegemanager/manual/windows/rules/activexitems.md,0
docs/policypak/components/leastprivilegemanager/manual/windows/rules/com_cslidclass.md,0
docs/policypak/components/leastprivilegemanager/manual/windows/rules/controlpanelapplets.md,0
docs/policypak/components/leastprivilegemanager/manual/windows/rules/customizedtoken.md,0
docs/policypak/components/leastprivilegemanager/manual/windows/rules/deny/dlls.md,0
docs/policypak/components/leastprivilegemanager/manual/windows/rules/deny/overview.md,0
docs/policypak/components/leastprivilegemanager/manual/windows/rules/deny/standard.md,0
docs/policypak/components/leastprivilegemanager/manual/windows/rules/deny/windowsuniversal.md,0
docs/policypak/components/leastprivilegemanager/manual/windows/rules/executables.md,0
docs/policypak/components/leastprivilegemanager/manual/windows/rules/javajarfiles.md,0
docs/policypak/components/leastprivilegemanager/manual/windows/rules/msiinstallerfiles.md,0
docs/policypak/components/leastprivilegemanager/manual/windows/rules/overview.md,0
docs/policypak/components/leastprivilegemanager/manual/windows/rules/scripts.md,0
docs/policypak/components/leastprivilegemanager/manual/windows/securerun/avoiduac.md,0
docs/policypak/components/leastprivilegemanager/manual/windows/securerun/inlinecommands.md,0
docs/policypak/components/leastprivilegemanager/manual/windows/securerun/overview.md,0
docs/policypak/components/leastprivilegemanager/manual/windows/uacprompts/admx.md,0
docs/policypak/components/leastprivilegemanager/manual/windows/uacprompts/elevate.md,0
docs/policypak/components/leastprivilegemanager/manual/windows/uacprompts/uacprompts.md,0
docs/policypak/components/leastprivilegemanager/technotes/allfiles.md,0
docs/policypak/components/leastprivilegemanager/technotes/eventing/reports.md,0
docs/policypak/components/leastprivilegemanager/technotes/eventing/subprocesses.md,0
docs/policypak/components/leastprivilegemanager/technotes/eventing/windowseventforwarding.md,0
docs/policypak/components/leastprivilegemanager/technotes/license.md,0
docs/policypak/components/leastprivilegemanager/technotes/logs.md,0
docs/policypak/components/leastprivilegemanager/technotes/netwrixprivilegesecure/configuringprograms.md,0
docs/policypak/components/leastprivilegemanager/technotes/netwrixprivilegesecure/createpolicies.md,0
docs/policypak/components/leastprivilegemanager/technotes/netwrixprivilegesecure/establishtrust.md,0
docs/policypak/components/leastprivilegemanager/technotes/netwrixprivilegesecure/mmc.md,0
docs/policypak/components/leastprivilegemanager/technotes/overview.md,0
docs/policypak/components/leastprivilegemanager/technotes/tipsappsscenarios/applicationextension.md,0
docs/policypak/components/leastprivilegemanager/technotes/tipsappsscenarios/block.md,0
docs/policypak/components/leastprivilegemanager/technotes/tipsappsscenarios/editrights.md,0
docs/policypak/components/leastprivilegemanager/technotes/tipsappsscenarios/installers.md,0
docs/policypak/components/leastprivilegemanager/technotes/tipsappsscenarios/installfonts.md,0
docs/policypak/components/leastprivilegemanager/technotes/tipsappsscenarios/mmcsnapin.md,0
docs/policypak/components/leastprivilegemanager/technotes/tipsappsscenarios/mspfiles.md,0
docs/policypak/components/leastprivilegemanager/technotes/tipsappsscenarios/nonadminuser.md,0
docs/policypak/components/leastprivilegemanager/technotes/tipsappsscenarios/registry.md,0
docs/policypak/components/leastprivilegemanager/technotes/tipsappsscenarios/serverbusy.md,0
docs/policypak/components/leastprivilegemanager/technotes/tipsappsscenarios/synapticspointingdevicedriver.md,0
docs/policypak/components/leastprivilegemanager/technotes/tipsappsscenarios/uipathassistant.md,0
docs/policypak/components/leastprivilegemanager/technotes/tipsappsscenarios/windowsdefender.md,0
docs/policypak/components/leastprivilegemanager/technotes/tipsforadminapproval/activexcontrol.md,0
docs/policypak/components/leastprivilegemanager/technotes/tipsforadminapproval/custommenuitemtext.md,0
docs/policypak/components/leastprivilegemanager/technotes/tipsforadminapproval/dragdrop.md,0
docs/policypak/components/leastprivilegemanager/technotes/tipsforadminapproval/maliciousattacks.md,0
docs/policypak/components/leastprivilegemanager/technotes/tipsforadminapproval/optionsshowpopupmessage.md,0
docs/policypak/components/leastprivilegemanager/technotes/tipsforadminapproval/reduceadminrights.md,0
docs/policypak/components/leastprivilegemanager/technotes/tipsforadminapproval/scope.md,0
docs/policypak/components/leastprivilegemanager/technotes/tipsforadminapproval/selfelevation.md,0
docs/policypak/components/leastprivilegemanager/technotes/tipsforadminapproval/servicenow.md,0
docs/policypak/components/leastprivilegemanager/technotes/tipsold/printerdriverinstall.md,0
docs/policypak/components/leastprivilegemanager/technotes/tipsold/singlelinecommands.md,0
docs/policypak/components/leastprivilegemanager/technotes/tipspplpm/accountelevatedprocess.md,0
docs/policypak/components/leastprivilegemanager/technotes/tipspplpm/applocker.md,0
docs/policypak/components/leastprivilegemanager/technotes/tipspplpm/digitalsignature.md,0
docs/policypak/components/leastprivilegemanager/technotes/tipspplpm/macroattacks.md,0
docs/policypak/components/leastprivilegemanager/technotes/tipspplpm/runasadmin.md,0
docs/policypak/components/leastprivilegemanager/technotes/tipssecurerun/adminapprovalwork.md,0
docs/policypak/components/leastprivilegemanager/technotes/tipssecurerun/allowinlinecommands.md,0
docs/policypak/components/leastprivilegemanager/technotes/tipssecurerun/bestpractices.md,0
docs/policypak/components/leastprivilegemanager/technotes/tipssecurerun/blockedscripttypes.md,0
docs/policypak/components/leastprivilegemanager/technotes/tipssecurerun/chromeextension.md,0
docs/policypak/components/leastprivilegemanager/technotes/tipssecurerun/enablepowershell.md,0
docs/policypak/components/leastprivilegemanager/technotes/tipssecurerun/mykipasswordmanager.md,0
docs/policypak/components/leastprivilegemanager/technotes/tipssecurerun/setup.md,0
docs/policypak/components/leastprivilegemanager/technotes/tipssecurerun/webex.md,0
docs/policypak/components/leastprivilegemanager/technotes/troubleshooting/correctsyntax.md,0
docs/policypak/components/leastprivilegemanager/technotes/troubleshooting/determinewhy.md,0
docs/policypak/components/leastprivilegemanager/technotes/troubleshooting/drivemaps.md,0
docs/policypak/components/leastprivilegemanager/technotes/troubleshooting/emailsettings.md,0
docs/policypak/components/leastprivilegemanager/technotes/troubleshooting/explorercrash.md,0
docs/policypak/components/leastprivilegemanager/technotes/troubleshooting/inlinecommands.md,0
docs/policypak/components/leastprivilegemanager/technotes/troubleshooting/kaseyaagentservice.md,0
docs/policypak/components/leastprivilegemanager/technotes/troubleshooting/onedrive.md,0
docs/policypak/components/leastprivilegemanager/technotes/troubleshooting/restorecontextmenu.md,0
docs/policypak/components/leastprivilegemanager/technotes/troubleshooting/ruleprecedence.md,0
docs/policypak/components/leastprivilegemanager/technotes/troubleshooting/ruleproductinfo.md,0
docs/policypak/components/leastprivilegemanager/technotes/troubleshooting/sage50.md,0
docs/policypak/components/leastprivilegemanager/technotes/troubleshooting/ssms.md,0
docs/policypak/components/leastprivilegemanager/technotes/troubleshooting/supportedenvironments.md,0
docs/policypak/components/leastprivilegemanager/technotes/troubleshooting/wildcards.md,0
docs/policypak/components/leastprivilegemanager/technotes/troubleshooting/winscp.md,0
docs/policypak/components/leastprivilegemanager/videolearningcenter/acltraverse/deleteicons.md,0
docs/policypak/components/leastprivilegemanager/videolearningcenter/acltraverse/modifyhosts.md,0
docs/policypak/components/leastprivilegemanager/videolearningcenter/acltraverse/ntfspermissions.md,0
docs/policypak/components/leastprivilegemanager/videolearningcenter/acltraverse/registry.md,0
docs/policypak/components/leastprivilegemanager/videolearningcenter/adminapproval/applyondemand.md,0
docs/policypak/components/leastprivilegemanager/videolearningcenter/adminapproval/autorulesfromadmin.md,0
docs/policypak/components/leastprivilegemanager/videolearningcenter/adminapproval/branding.md,0
docs/policypak/components/leastprivilegemanager/videolearningcenter/adminapproval/demo.md,0
docs/policypak/components/leastprivilegemanager/videolearningcenter/adminapproval/email.md,0
docs/policypak/components/leastprivilegemanager/videolearningcenter/adminapproval/enforce.md,0
docs/policypak/components/leastprivilegemanager/videolearningcenter/adminapproval/justificationandauthentication.md,0
docs/policypak/components/leastprivilegemanager/videolearningcenter/adminapproval/longcodes.md,0
docs/policypak/components/leastprivilegemanager/videolearningcenter/adminapproval/overrideselfelevate.md,0
docs/policypak/components/leastprivilegemanager/videolearningcenter/adminapproval/reauthenticate.md,0
docs/policypak/components/leastprivilegemanager/videolearningcenter/adminapproval/securecopy.md,0
docs/policypak/components/leastprivilegemanager/videolearningcenter/adminapproval/selfelevate.md,0
docs/policypak/components/leastprivilegemanager/videolearningcenter/adminapproval/selfelevatedemo.md,0
docs/policypak/components/leastprivilegemanager/videolearningcenter/adminapproval/setup.md,0
docs/policypak/components/leastprivilegemanager/videolearningcenter/basicsandgettingstarted/applicationcontrol.md,0
docs/policypak/components/leastprivilegemanager/videolearningcenter/basicsandgettingstarted/comsupport.md,0
docs/policypak/components/leastprivilegemanager/videolearningcenter/basicsandgettingstarted/installapplications.md,0
docs/policypak/components/leastprivilegemanager/videolearningcenter/basicsandgettingstarted/localadminrights.md,0
docs/policypak/components/leastprivilegemanager/videolearningcenter/basicsandgettingstarted/removelocaladmin.md,0
docs/policypak/components/leastprivilegemanager/videolearningcenter/basicsandgettingstarted/uacpromptsactivex.md,0
docs/policypak/components/leastprivilegemanager/videolearningcenter/basicsandgettingstarted/userfilter.md,0
docs/policypak/components/leastprivilegemanager/videolearningcenter/bestpractices/appblock.md,0
docs/policypak/components/leastprivilegemanager/videolearningcenter/bestpractices/elevateuwp.md,0
docs/policypak/components/leastprivilegemanager/videolearningcenter/bestpractices/elevatinguserbasedinstalls.md,0
docs/policypak/components/leastprivilegemanager/videolearningcenter/bestpractices/msi.md,0
docs/policypak/components/leastprivilegemanager/videolearningcenter/bestpractices/opensavedialogs.md,0
docs/policypak/components/leastprivilegemanager/videolearningcenter/bestpractices/powershellblock.md,0
docs/policypak/components/leastprivilegemanager/videolearningcenter/bestpractices/securitychildprocesses.md,0
docs/policypak/components/leastprivilegemanager/videolearningcenter/bestpractices/selfelevatemode.md,0
docs/policypak/components/leastprivilegemanager/videolearningcenter/bestpractices/serviceaccountrights.md,0
docs/policypak/components/leastprivilegemanager/videolearningcenter/bestpractices/wildcards.md,0
docs/policypak/components/leastprivilegemanager/videolearningcenter/businesssolutions/denyselfelevate.md,0
docs/policypak/components/leastprivilegemanager/videolearningcenter/businesssolutions/microsoftrecommendations.md,0
docs/policypak/components/leastprivilegemanager/videolearningcenter/businesssolutions/printeruacprompts.md,0
docs/policypak/components/leastprivilegemanager/videolearningcenter/businesssolutions/winget.md,0
docs/policypak/components/leastprivilegemanager/videolearningcenter/dllhijackprevention/basics.md,0
docs/policypak/components/leastprivilegemanager/videolearningcenter/dllhijackprevention/installers.md,0
docs/policypak/components/leastprivilegemanager/videolearningcenter/dllhijackprevention/poorlydesignedapps.md,0
docs/policypak/components/leastprivilegemanager/videolearningcenter/dllhijackprevention/popups.md,0
docs/policypak/components/leastprivilegemanager/videolearningcenter/eventing/cloudevents.md,0
docs/policypak/components/leastprivilegemanager/videolearningcenter/eventing/discovery.md,0
docs/policypak/components/leastprivilegemanager/videolearningcenter/eventing/events.md,0
docs/policypak/components/leastprivilegemanager/videolearningcenter/eventing/globalauditevent.md,0
docs/policypak/components/leastprivilegemanager/videolearningcenter/eventing/preventevents.md,0
docs/policypak/components/leastprivilegemanager/videolearningcenter/eventing/windowseventforwarding.md,0
docs/policypak/components/leastprivilegemanager/videolearningcenter/helperstoolsandtips/helperdesktopshortcut.md,0
docs/policypak/components/leastprivilegemanager/videolearningcenter/helperstoolsandtips/ntprintdialog.md,0
docs/policypak/components/leastprivilegemanager/videolearningcenter/helperstoolsandtips/toolssetup.md,0
docs/policypak/components/leastprivilegemanager/videolearningcenter/helperstoolsandtips/uacprompts.md,0
docs/policypak/components/leastprivilegemanager/videolearningcenter/helperstoolsandtips/wingui.md,0
docs/policypak/components/leastprivilegemanager/videolearningcenter/howtoandtechsupport/denymessages.md,0
docs/policypak/components/leastprivilegemanager/videolearningcenter/howtoandtechsupport/installfonts.md,0
docs/policypak/components/leastprivilegemanager/videolearningcenter/howtoandtechsupport/itemleveltargeting.md,0
docs/policypak/components/leastprivilegemanager/videolearningcenter/howtoandtechsupport/preventedge.md,0
docs/policypak/components/leastprivilegemanager/videolearningcenter/howtoandtechsupport/preventusercommands.md,0
docs/policypak/components/leastprivilegemanager/videolearningcenter/howtoandtechsupport/scripts.md,0
docs/policypak/components/leastprivilegemanager/videolearningcenter/howtoandtechsupport/securitycomborules.md,0
docs/policypak/components/leastprivilegemanager/videolearningcenter/howtoandtechsupport/windowsuniversalapplications.md,0
docs/policypak/components/leastprivilegemanager/videolearningcenter/macintegration/adminapproval.md,0
docs/policypak/components/leastprivilegemanager/videolearningcenter/macintegration/applicationlaunch.md,0
docs/policypak/components/leastprivilegemanager/videolearningcenter/macintegration/applicationpackage.md,0
docs/policypak/components/leastprivilegemanager/videolearningcenter/macintegration/cloudinstall.md,0
docs/policypak/components/leastprivilegemanager/videolearningcenter/macintegration/collectdiagnostics.md,0
docs/policypak/components/leastprivilegemanager/videolearningcenter/macintegration/eventscollector.md,0
docs/policypak/components/leastprivilegemanager/videolearningcenter/macintegration/finder.md,0
docs/policypak/components/leastprivilegemanager/videolearningcenter/macintegration/macjointoken.md,0
docs/policypak/components/leastprivilegemanager/videolearningcenter/macintegration/mountunmounpart2.md,0
docs/policypak/components/leastprivilegemanager/videolearningcenter/macintegration/mountunmountpart1.md,0
docs/policypak/components/leastprivilegemanager/videolearningcenter/macintegration/policycandidates.md,0
docs/policypak/components/leastprivilegemanager/videolearningcenter/macintegration/privilege.md,0
docs/policypak/components/leastprivilegemanager/videolearningcenter/macintegration/sudosupport.md,0
docs/policypak/components/leastprivilegemanager/videolearningcenter/macintegration/systemsettings.md,0
docs/policypak/components/leastprivilegemanager/videolearningcenter/macintegration/wildcards.md,0
docs/policypak/components/leastprivilegemanager/videolearningcenter/methods/cloudrules.md,0
docs/policypak/components/leastprivilegemanager/videolearningcenter/methods/mdm.md,0
docs/policypak/components/leastprivilegemanager/videolearningcenter/methods/pdqdeploy.md,0
docs/policypak/components/leastprivilegemanager/videolearningcenter/methods/pdqdeployblockmalware.md,0
docs/policypak/components/leastprivilegemanager/videolearningcenter/netwrixprivilegesecure/license.md,0
docs/policypak/components/leastprivilegemanager/videolearningcenter/netwrixprivilegesecure/privilegesecure.md,0
docs/policypak/components/leastprivilegemanager/videolearningcenter/netwrixprivilegesecure/privilegesecureclient.md,0
docs/policypak/components/leastprivilegemanager/videolearningcenter/netwrixprivilegesecure/selfelevatemode.md,0
docs/policypak/components/leastprivilegemanager/videolearningcenter/securerun/autorulesgeneratortool.md,0
docs/policypak/components/leastprivilegemanager/videolearningcenter/securerun/feature.md,0
docs/policypak/components/leastprivilegemanager/videolearningcenter/securerun/preventunsigned.md,0
docs/policypak/components/leastprivilegemanager/videolearningcenter/securerun/usersystemexecutables.md,0
docs/policypak/components/leastprivilegemanager/videolearningcenter/videolearningcenter.md,0
docs/policypak/components/networksecuritymanager/manual/overview.md,0
docs/policypak/components/networksecuritymanager/videos/gettingstarted/applicationsports.md,0
docs/policypak/components/networksecuritymanager/videos/gettingstarted/auditingevents.md,0
docs/policypak/components/networksecuritymanager/videos/gettingstarted/basics.md,0
docs/policypak/components/networksecuritymanager/videos/gettingstarted/domainnames.md,0
docs/policypak/components/networksecuritymanager/videos/gettingstarted/globalsettings.md,0
docs/policypak/components/networksecuritymanager/videos/videolearningcenter.md,0
docs/policypak/components/preferencesmanager/manual/gettingstarted/deploymsis.md,0
docs/policypak/components/preferencesmanager/manual/gettingstarted/gettingstarted.md,0
docs/policypak/components/preferencesmanager/manual/gettingstarted/maintaincompliance.md,0
docs/policypak/components/preferencesmanager/manual/gettingstarted/makemsis.md,0
docs/policypak/components/preferencesmanager/manual/itemleveltargeting.md,0
docs/policypak/components/preferencesmanager/manual/overview.md,0
docs/policypak/components/preferencesmanager/manual/preferences/clientmachines.md,0
docs/policypak/components/preferencesmanager/manual/preferences/logs.md,0
docs/policypak/components/preferencesmanager/manual/preferences/logsenhanced.md,0
docs/policypak/components/preferencesmanager/manual/preferences/overview.md,0
docs/policypak/components/preferencesmanager/manual/setup.md,0
docs/policypak/components/remotedesktopprotocolmanager/knowledgebase/overview.md,0
docs/policypak/components/remotedesktopprotocolmanager/manual/configuration/exportcollections.md,0
docs/policypak/components/remotedesktopprotocolmanager/manual/configuration/itemleveltargeting.md,0
docs/policypak/components/remotedesktopprotocolmanager/manual/configuration/processorderprecedence.md,0
docs/policypak/components/remotedesktopprotocolmanager/manual/gettingtoknow/importrdpfile.md,0
docs/policypak/components/remotedesktopprotocolmanager/manual/gettingtoknow/overview_1.md,0
docs/policypak/components/remotedesktopprotocolmanager/manual/gettingtoknow/policiessettings.md,0
docs/policypak/components/remotedesktopprotocolmanager/manual/overview.md,0
docs/policypak/components/remotedesktopprotocolmanager/videolearningcenter/remoteworkandvdi/cloud.md,0
docs/policypak/components/remotedesktopprotocolmanager/videolearningcenter/remoteworkandvdi/itemleveltargeting.md,0
docs/policypak/components/remotedesktopprotocolmanager/videolearningcenter/remoteworkandvdi/mdm.md,0
docs/policypak/components/remotedesktopprotocolmanager/videolearningcenter/remoteworkandvdi/vdiscenarios.md,0
docs/policypak/components/remotedesktopprotocolmanager/videolearningcenter/videolearningcenter.md,0
docs/policypak/components/remoteworkdeliverymanager/manual/cloudmdm.md,0
docs/policypak/components/remoteworkdeliverymanager/manual/exportcollections.md,0
docs/policypak/components/remoteworkdeliverymanager/manual/gettoknow/collections.md,0
docs/policypak/components/remoteworkdeliverymanager/manual/gettoknow/computerside.md,0
docs/policypak/components/remoteworkdeliverymanager/manual/gettoknow/gettingstarted/overview.md,0
docs/policypak/components/remoteworkdeliverymanager/manual/gettoknow/gettingstarted/policiesstandard.md,0
docs/policypak/components/remoteworkdeliverymanager/manual/gettoknow/gettingstarted/policiesweb.md,0
docs/policypak/components/remoteworkdeliverymanager/manual/gettoknow/gettoknow.md,0
docs/policypak/components/remoteworkdeliverymanager/manual/gettoknow/multiplefiles.md,0
docs/policypak/components/remoteworkdeliverymanager/manual/gettoknow/recursion.md,0
docs/policypak/components/remoteworkdeliverymanager/manual/insouts.md,0
docs/policypak/components/remoteworkdeliverymanager/manual/itemleveltargeting.md,0
docs/policypak/components/remoteworkdeliverymanager/manual/overview.md,0
docs/policypak/components/remoteworkdeliverymanager/manual/processorderprecedence.md,0
docs/policypak/components/remoteworkdeliverymanager/manual/remoteworkdelivery/events.md,0
docs/policypak/components/remoteworkdeliverymanager/manual/remoteworkdelivery/logs.md,0
docs/policypak/components/remoteworkdeliverymanager/manual/remoteworkdelivery/overview.md,0
docs/policypak/components/remoteworkdeliverymanager/manual/remoteworkdelivery/refreshtiming.md,0
docs/policypak/components/remoteworkdeliverymanager/manual/remoteworkdelivery/securityconcerns.md,0
docs/policypak/components/remoteworkdeliverymanager/manual/remoteworkdelivery/tips/overview.md,0
docs/policypak/components/remoteworkdeliverymanager/manual/remoteworkdelivery/tips/specialvariables.md,0
docs/policypak/components/remoteworkdeliverymanager/manual/remoteworkdelivery/tips/wildcards.md,0
docs/policypak/components/remoteworkdeliverymanager/manual/savetime.md,0
docs/policypak/components/remoteworkdeliverymanager/technotes/dropboxlink.md,0
docs/policypak/components/remoteworkdeliverymanager/technotes/knowledgebase.md,0
docs/policypak/components/remoteworkdeliverymanager/technotes/tipsandtricks/installsequentially.md,0
docs/policypak/components/remoteworkdeliverymanager/technotes/tipsandtricks/installuwp.md,0
docs/policypak/components/remoteworkdeliverymanager/technotes/tipsandtricks/printers.md,0
docs/policypak/components/remoteworkdeliverymanager/technotes/tipsandtricks/updateclientsideextension.md,0
docs/policypak/components/remoteworkdeliverymanager/technotes/tipsandtricks/variables.md,0
docs/policypak/components/remoteworkdeliverymanager/videos/gettingstarted/masscopy.md,0
docs/policypak/components/remoteworkdeliverymanager/videos/gettingstarted/patching.md,0
docs/policypak/components/remoteworkdeliverymanager/videos/gettingstarted/smb.md,0
docs/policypak/components/remoteworkdeliverymanager/videos/gettingstarted/webbasedshares.md,0
docs/policypak/components/remoteworkdeliverymanager/videos/methods/cloud.md,0
docs/policypak/components/remoteworkdeliverymanager/videos/methods/mdm.md,0
docs/policypak/components/remoteworkdeliverymanager/videos/tipsandtricks/azureblobstorage.md,0
docs/policypak/components/remoteworkdeliverymanager/videos/tipsandtricks/localfilecopy.md,0
docs/policypak/components/remoteworkdeliverymanager/videos/tipsandtricks/updateclientsideextension.md,0
docs/policypak/components/remoteworkdeliverymanager/videos/videolearningcenter.md,0
docs/policypak/components/scriptstriggers/knowledgebase/knowledgebase.md,0
docs/policypak/components/scriptstriggers/knowledgebase/tipsandtricks/bitlockerdeployment.md,0
docs/policypak/components/scriptstriggers/knowledgebase/tipsandtricks/disablingofficeconnectedexperiences.md,0
docs/policypak/components/scriptstriggers/knowledgebase/tipsandtricks/edgefirstlogon.md,0
docs/policypak/components/scriptstriggers/knowledgebase/tipsandtricks/eventlogtriggers.md,0
docs/policypak/components/scriptstriggers/knowledgebase/tipsandtricks/localaccountpassword.md,0
docs/policypak/components/scriptstriggers/knowledgebase/tipsandtricks/localscheduledtask.md,0
docs/policypak/components/scriptstriggers/knowledgebase/tipsandtricks/powershell.md,0
docs/policypak/components/scriptstriggers/knowledgebase/tipsandtricks/processesdetails.md,0
docs/policypak/components/scriptstriggers/knowledgebase/tipsandtricks/resetsecurechannel.md,0
docs/policypak/components/scriptstriggers/knowledgebase/tipsandtricks/screensavers.md,0
docs/policypak/components/scriptstriggers/knowledgebase/tipsandtricks/shortcutpublicdesktop.md,0
docs/policypak/components/scriptstriggers/knowledgebase/tipsandtricks/silentbrowserinstall.md,0
docs/policypak/components/scriptstriggers/knowledgebase/tipsandtricks/teamsminimized.md,0
docs/policypak/components/scriptstriggers/knowledgebase/tipsandtricks/temperatureunit.md,0
docs/policypak/components/scriptstriggers/knowledgebase/tipsandtricks/updateregistry.md,0
docs/policypak/components/scriptstriggers/knowledgebase/tipsandtricks/vpnconnection.md,0
docs/policypak/components/scriptstriggers/knowledgebase/tipsandtricks/windows10modifyscript.md,0
docs/policypak/components/scriptstriggers/knowledgebase/tipsandtricks/wlandropbox.md,0
docs/policypak/components/scriptstriggers/knowledgebase/tipsandtricks/wlannetwork.md,0
docs/policypak/components/scriptstriggers/knowledgebase/troubleshooting/adminapproval.md,0
docs/policypak/components/scriptstriggers/knowledgebase/troubleshooting/cylance.md,0
docs/policypak/components/scriptstriggers/knowledgebase/troubleshooting/onapplyscript.md,0
docs/policypak/components/scriptstriggers/knowledgebase/troubleshooting/powershellscripts.md,0
docs/policypak/components/scriptstriggers/knowledgebase/troubleshooting/scriptlocation.md,0
docs/policypak/components/scriptstriggers/knowledgebase/troubleshooting/systemprocesses.md,0
docs/policypak/components/scriptstriggers/knowledgebase/troubleshooting/vpn.md,0
docs/policypak/components/scriptstriggers/knowledgebase/troubleshooting/vpnsolutions.md,0
docs/policypak/components/scriptstriggers/knowledgebase/troubleshooting/windows7tls.md,0
docs/policypak/components/scriptstriggers/manual/configuration/insouts.md,0
docs/policypak/components/scriptstriggers/manual/gettingtoknow/advantages.md,0
docs/policypak/components/scriptstriggers/manual/gettingtoknow/computerside.md,0
docs/policypak/components/scriptstriggers/manual/gettingtoknow/overview_1.md,0
docs/policypak/components/scriptstriggers/manual/gettingtoknow/overview.md,0
docs/policypak/components/scriptstriggers/manual/gettingtoknow/shortcuts.md,0
docs/policypak/components/scriptstriggers/manual/gettingtoknow/usage.md,0
docs/policypak/components/scriptstriggers/manual/itemleveltargeting/exportcollections.md,0
docs/policypak/components/scriptstriggers/manual/itemleveltargeting/overview.md,0
docs/policypak/components/scriptstriggers/manual/itemleveltargeting/processorderprecedence.md,0
docs/policypak/components/scriptstriggers/manual/overview.md,0
docs/policypak/components/scriptstriggers/videolearningcenter/gettingstarted/cloud.md,0
docs/policypak/components/scriptstriggers/videolearningcenter/gettingstarted/onpremise.md,0
docs/policypak/components/scriptstriggers/videolearningcenter/methods/mdm.md,0
docs/policypak/components/scriptstriggers/videolearningcenter/methods/pdqdeploy.md,0
docs/policypak/components/scriptstriggers/videolearningcenter/tipsandtricks/bitlocker.md,0
docs/policypak/components/scriptstriggers/videolearningcenter/tipsandtricks/chocolaty.md,0
docs/policypak/components/scriptstriggers/videolearningcenter/tipsandtricks/customdefaultfileassociations.md,0
docs/policypak/components/scriptstriggers/videolearningcenter/tipsandtricks/printers.md,0
docs/policypak/components/scriptstriggers/videolearningcenter/tipsandtricks/unwantedapps.md,0
docs/policypak/components/scriptstriggers/videolearningcenter/tipsandtricks/windows10prolockscreen.md,0
docs/policypak/components/scriptstriggers/videolearningcenter/triggersexamples/anyconnect.md,0
docs/policypak/components/scriptstriggers/videolearningcenter/triggersexamples/events.md,0
docs/policypak/components/scriptstriggers/videolearningcenter/triggersexamples/lockunlocksession.md,0
docs/policypak/components/scriptstriggers/videolearningcenter/triggersexamples/mapdrivetriggers.md,0
docs/policypak/components/scriptstriggers/videolearningcenter/triggersexamples/scripttriggers.md,0
docs/policypak/components/scriptstriggers/videolearningcenter/triggersexamples/shutdownscripts.md,0
docs/policypak/components/scriptstriggers/videolearningcenter/triggersexamples/vpnconnect.md,0
docs/policypak/components/scriptstriggers/videolearningcenter/videolearningcenter.md,0
docs/policypak/components/scriptstriggers/videolearningcenter/withcloud/auditpol.md,0
docs/policypak/components/scriptstriggers/videolearningcenter/withcloud/cloud.md,0
docs/policypak/components/scriptstriggers/videolearningcenter/withcloud/printersetup.md,0
docs/policypak/components/scriptstriggers/videolearningcenter/withcloud/x509certificates.md,0
docs/policypak/components/securitysettingsmanager/manual/exportwizard.md,0
docs/policypak/components/securitysettingsmanager/manual/gettoknow.md,0
docs/policypak/components/securitysettingsmanager/manual/overview.md,0
docs/policypak/components/securitysettingsmanager/overview.md,0
docs/policypak/components/softwarepackage/manual/appx/addremovepackages.md,0
docs/policypak/components/softwarepackage/manual/appx/helpertool.md,0
docs/policypak/components/softwarepackage/manual/appx/installpackage.md,0
docs/policypak/components/softwarepackage/manual/appx/overview.md,0
docs/policypak/components/softwarepackage/manual/appx/removepackage.md,0
docs/policypak/components/softwarepackage/manual/exportcollections.md,0
docs/policypak/components/softwarepackage/manual/itemleveltargeting.md,0
docs/policypak/components/softwarepackage/manual/overview.md,0
docs/policypak/components/softwarepackage/manual/processorderprecedence.md,0
docs/policypak/components/softwarepackage/technotes/knowledgebase.md,0
docs/policypak/components/softwarepackage/technotes/winget.md,0
docs/policypak/components/softwarepackage/videos/appxpoliciesitems/appxmanager.md,0
docs/policypak/components/softwarepackage/videos/appxpoliciesitems/blockapps.md,0
docs/policypak/components/softwarepackage/videos/appxpoliciesitems/removeapps.md,0
docs/policypak/components/softwarepackage/videos/extrastool.md,0
docs/policypak/components/softwarepackage/videos/mdm.md,0
docs/policypak/components/softwarepackage/videos/videolearningcenter.md,0
docs/policypak/components/softwarepackage/videos/wingetpolicies/deployapplications.md,0
docs/policypak/components/softwarepackage/videos/wingetpolicies/run.md,0
docs/policypak/components/startscreenandtaskbar/manual/collectionssettingsi/collectionssettingsilt.md,0
docs/policypak/components/startscreenandtaskbar/manual/collectionssettingsi/expectedbehavior.md,0
docs/policypak/components/startscreenandtaskbar/manual/collectionssettingsi/exportcollections.md,0
docs/policypak/components/startscreenandtaskbar/manual/collectionssettingsi/processorderprecedence.md,0
docs/policypak/components/startscreenandtaskbar/manual/collectionssettingsi/startscreen/groupaction.md,0
docs/policypak/components/startscreenandtaskbar/manual/collectionssettingsi/startscreen/overview.md,0
docs/policypak/components/startscreenandtaskbar/manual/collectionssettingsi/startscreen/placeholder.md,0
docs/policypak/components/startscreenandtaskbar/manual/collectionssettingsi/taskbar.md,0
docs/policypak/components/startscreenandtaskbar/manual/gettoknow.md,0
docs/policypak/components/startscreenandtaskbar/manual/helperutility.md,0
docs/policypak/components/startscreenandtaskbar/manual/insouts/advantages.md,0
docs/policypak/components/startscreenandtaskbar/manual/insouts/overview.md,0
docs/policypak/components/startscreenandtaskbar/manual/insouts/windows10.md,0
docs/policypak/components/startscreenandtaskbar/manual/overview.md,0
docs/policypak/components/startscreenandtaskbar/manual/startscreen/desktopapplications.md,0
docs/policypak/components/startscreenandtaskbar/manual/startscreen/edgetiles.md,0
docs/policypak/components/startscreenandtaskbar/manual/startscreen/overview.md,0
docs/policypak/components/startscreenandtaskbar/manual/startscreen/uwpapplications.md,0
docs/policypak/components/startscreenandtaskbar/manual/startscreen/windows10.md,0
docs/policypak/components/startscreenandtaskbar/manual/startscreentaskbar/logsusercomputerside.md,0
docs/policypak/components/startscreenandtaskbar/manual/startscreentaskbar/overview.md,0
docs/policypak/components/startscreenandtaskbar/manual/startscreentaskbar/xmlfiles.md,0
docs/policypak/components/startscreenandtaskbar/manual/taskbar.md,0
docs/policypak/components/startscreenandtaskbar/technotes/knowledgebase.md,0
docs/policypak/components/startscreenandtaskbar/technotes/tipsandtricks/addlink.md,0
docs/policypak/components/startscreenandtaskbar/technotes/tipsandtricks/appv.md,0
docs/policypak/components/startscreenandtaskbar/technotes/tipsandtricks/explorer.md,0
docs/policypak/components/startscreenandtaskbar/technotes/tipsandtricks/foldershortcut.md,0
docs/policypak/components/startscreenandtaskbar/technotes/tipsandtricks/helpertools.md,0
docs/policypak/components/startscreenandtaskbar/technotes/tipsandtricks/logonworkaround.md,0
docs/policypak/components/startscreenandtaskbar/technotes/tipsandtricks/sccmsoftwarecenter.md,0
docs/policypak/components/startscreenandtaskbar/technotes/troubleshooting/appcantrun.md,0
docs/policypak/components/startscreenandtaskbar/technotes/troubleshooting/crash.md,0
docs/policypak/components/startscreenandtaskbar/technotes/troubleshooting/customicons.md,0
docs/policypak/components/startscreenandtaskbar/technotes/troubleshooting/existingicons.md,0
docs/policypak/components/startscreenandtaskbar/technotes/troubleshooting/linked.md,0
docs/policypak/components/startscreenandtaskbar/technotes/troubleshooting/logons.md,0
docs/policypak/components/startscreenandtaskbar/technotes/troubleshooting/mappeddrives.md,0
docs/policypak/components/startscreenandtaskbar/technotes/troubleshooting/modes.md,0
docs/policypak/components/startscreenandtaskbar/technotes/troubleshooting/office365.md,0
docs/policypak/components/startscreenandtaskbar/technotes/troubleshooting/pinnedcollection.md,0
docs/policypak/components/startscreenandtaskbar/technotes/troubleshooting/rollback.md,0
docs/policypak/components/startscreenandtaskbar/technotes/troubleshooting/windows10.md,0
docs/policypak/components/startscreenandtaskbar/technotes/troubleshooting/windows10disablenotification.md,0
docs/policypak/components/startscreenandtaskbar/technotes/troubleshooting/windowsdefault.md,0
docs/policypak/components/startscreenandtaskbar/technotes/troubleshooting/windowserver.md,0
docs/policypak/components/startscreenandtaskbar/videos/gettingstarted/demotaskbar.md,0
docs/policypak/components/startscreenandtaskbar/videos/gettingstarted/helperutility.md,0
docs/policypak/components/startscreenandtaskbar/videos/gettingstarted/itemleveltargeting.md,0
docs/policypak/components/startscreenandtaskbar/videos/gettingstarted/linksie.md,0
docs/policypak/components/startscreenandtaskbar/videos/gettingstarted/windows10startmenu.md,0
docs/policypak/components/startscreenandtaskbar/videos/methods/citrix.md,0
docs/policypak/components/startscreenandtaskbar/videos/methods/mdm.md,0
docs/policypak/components/startscreenandtaskbar/videos/methods/mdmitemleveltargeting.md,0
docs/policypak/components/startscreenandtaskbar/videos/methods/nondomainjoined.md,0
docs/policypak/components/startscreenandtaskbar/videos/methods/pdqdeploy.md,0
docs/policypak/components/startscreenandtaskbar/videos/onetime.md,0
docs/policypak/components/startscreenandtaskbar/videos/troubleshooting/customicons.md,0
docs/policypak/components/startscreenandtaskbar/videos/troubleshooting/revertstartmenu.md,0
docs/policypak/components/startscreenandtaskbar/videos/videolearningcenter.md,0
docs/policypak/deliverymethods/cloud/knowledgebase/clienttips/azurevirutaldesktop.md,0
docs/policypak/deliverymethods/cloud/knowledgebase/clienttips/clientsilent.md,0
docs/policypak/deliverymethods/cloud/knowledgebase/clienttips/edit.md,0
docs/policypak/deliverymethods/cloud/knowledgebase/clienttips/groups.md,0
docs/policypak/deliverymethods/cloud/knowledgebase/clienttips/printers.md,0
docs/policypak/deliverymethods/cloud/knowledgebase/clienttips/publickeypoliciessettings.md,0
docs/policypak/deliverymethods/cloud/knowledgebase/clienttips/remoteworkdeliverymanager.md,0
docs/policypak/deliverymethods/cloud/knowledgebase/clienttips/removeendpoint.md,0
docs/policypak/deliverymethods/cloud/knowledgebase/clienttips/syncfrequency.md,0
docs/policypak/deliverymethods/cloud/knowledgebase/clienttips/targetingeditor.md,0
docs/policypak/deliverymethods/cloud/knowledgebase/clienttips/transition.md,0
docs/policypak/deliverymethods/cloud/knowledgebase/clienttips/type.md,0
docs/policypak/deliverymethods/cloud/knowledgebase/clienttips/unlink.md,0
docs/policypak/deliverymethods/cloud/knowledgebase/clienttips/updatefrequency.md,0
docs/policypak/deliverymethods/cloud/knowledgebase/clienttips/vdisolutions.md,0
docs/policypak/deliverymethods/cloud/knowledgebase/clienttips/version.md,0
docs/policypak/deliverymethods/cloud/knowledgebase/clienttroubleshooting/autoupdates.md,0
docs/policypak/deliverymethods/cloud/knowledgebase/clienttroubleshooting/ciscoanyconnect.md,0
docs/policypak/deliverymethods/cloud/knowledgebase/clienttroubleshooting/clientsideextension.md,0
docs/policypak/deliverymethods/cloud/knowledgebase/clienttroubleshooting/expired.md,0
docs/policypak/deliverymethods/cloud/knowledgebase/clienttroubleshooting/grouppolicyeditors.md,0
docs/policypak/deliverymethods/cloud/knowledgebase/clienttroubleshooting/incomplete.md,0
docs/policypak/deliverymethods/cloud/knowledgebase/clienttroubleshooting/invalidcertificate.md,0
docs/policypak/deliverymethods/cloud/knowledgebase/clienttroubleshooting/outage.md,0
docs/policypak/deliverymethods/cloud/knowledgebase/clienttroubleshooting/proxyserver.md,0
docs/policypak/deliverymethods/cloud/knowledgebase/clienttroubleshooting/proxyservices.md,0
docs/policypak/deliverymethods/cloud/knowledgebase/clienttroubleshooting/registrationlimit.md,0
docs/policypak/deliverymethods/cloud/knowledgebase/clienttroubleshooting/registrationmode.md,0
docs/policypak/deliverymethods/cloud/knowledgebase/clienttroubleshooting/securitytoken.md,0
docs/policypak/deliverymethods/cloud/knowledgebase/clienttroubleshooting/servicecommunication.md,0
docs/policypak/deliverymethods/cloud/knowledgebase/clienttroubleshooting/sync.md,0
docs/policypak/deliverymethods/cloud/knowledgebase/clienttroubleshooting/syncfail.md,0
docs/policypak/deliverymethods/cloud/knowledgebase/clienttroubleshooting/transition.md,0
docs/policypak/deliverymethods/cloud/knowledgebase/clienttroubleshooting/twofactorauthenticationcode.md,0
docs/policypak/deliverymethods/cloud/knowledgebase/clienttroubleshooting/verbose.md,0
docs/policypak/deliverymethods/cloud/knowledgebase/clienttroubleshooting/verifysecurity.md,0
docs/policypak/deliverymethods/cloud/knowledgebase/clienttroubleshooting/versions.md,0
docs/policypak/deliverymethods/cloud/knowledgebase/clienttroubleshooting/waitinglist.md,0
docs/policypak/deliverymethods/cloud/knowledgebase/cloudportalsecurity/administrator.md,0
docs/policypak/deliverymethods/cloud/knowledgebase/cloudportalsecurity/datasafety.md,0
docs/policypak/deliverymethods/cloud/knowledgebase/entraid.md,0
docs/policypak/deliverymethods/cloud/knowledgebase/eventcollection/childgroups.md,0
docs/policypak/deliverymethods/cloud/knowledgebase/eventcollection/report.md,0
docs/policypak/deliverymethods/cloud/knowledgebase/eventcollection/splunk.md,0
docs/policypak/deliverymethods/cloud/knowledgebase/gettingstarted/activedirectory.md,0
docs/policypak/deliverymethods/cloud/knowledgebase/gettingstarted/client.md,0
docs/policypak/deliverymethods/cloud/knowledgebase/gettingstarted/clientdomainnondomain.md,0
docs/policypak/deliverymethods/cloud/knowledgebase/gettingstarted/clientremote.md,0
docs/policypak/deliverymethods/cloud/knowledgebase/gettingstarted/cloud.md,0
docs/policypak/deliverymethods/cloud/knowledgebase/gettingstarted/creditcard.md,0
docs/policypak/deliverymethods/cloud/knowledgebase/gettingstarted/fakedc.md,0
docs/policypak/deliverymethods/cloud/knowledgebase/gettingstarted/slowinternet.md,0
docs/policypak/deliverymethods/cloud/knowledgebase/gettingstarted/transition.md,0
docs/policypak/deliverymethods/cloud/knowledgebase/knowledgebase.md,0
docs/policypak/deliverymethods/cloud/knowledgebase/macintegration/client.md,0
docs/policypak/deliverymethods/cloud/knowledgebase/macintegration/mac.md,0
docs/policypak/deliverymethods/cloud/knowledgebase/macintegration/sha.md,0
docs/policypak/deliverymethods/cloud/knowledgebase/macintegration/signature.md,0
docs/policypak/deliverymethods/cloud/knowledgebase/macintegration/signingid.md,0
docs/policypak/deliverymethods/cloud/knowledgebase/usage.md,0
docs/policypak/deliverymethods/cloud/videos/gettingstarted/admxfiles.md,0
docs/policypak/deliverymethods/cloud/videos/gettingstarted/admxsettings.md,0
docs/policypak/deliverymethods/cloud/videos/gettingstarted/armsupport.md,0
docs/policypak/deliverymethods/cloud/videos/gettingstarted/endpointpolicymanagersettings.md,0
docs/policypak/deliverymethods/cloud/videos/gettingstarted/grouppolicysettings.md,0
docs/policypak/deliverymethods/cloud/videos/gettingstarted/introduction.md,0
docs/policypak/deliverymethods/cloud/videos/gettingstarted/onpremiseexport.md,0
docs/policypak/deliverymethods/cloud/videos/gettingstarted/preferences.md,0
docs/policypak/deliverymethods/cloud/videos/gettingstarted/quickstart.md,0
docs/policypak/deliverymethods/cloud/videos/gettingstarted/securitysettings.md,0
docs/policypak/deliverymethods/cloud/videos/security/administrator.md,0
docs/policypak/deliverymethods/cloud/videos/security/emaillogs.md,0
docs/policypak/deliverymethods/cloud/videos/security/features.md,0
docs/policypak/deliverymethods/cloud/videos/security/immutablelog.md,0
docs/policypak/deliverymethods/cloud/videos/testlabbestpractices/createdc.md,0
docs/policypak/deliverymethods/cloud/videos/testlabbestpractices/onpremise.md,0
docs/policypak/deliverymethods/cloud/videos/testlabbestpractices/renameendpoint.md,0
docs/policypak/deliverymethods/cloud/videos/testlabbestpractices/start.md,0
docs/policypak/deliverymethods/cloud/videos/tipsandtricks/entraid.md,0
docs/policypak/deliverymethods/cloud/videos/tipsandtricks/fileinfoviewer.md,0
docs/policypak/deliverymethods/cloud/videos/tipsandtricks/leastprivilegemanagerrule.md,0
docs/policypak/deliverymethods/cloud/videos/tipsandtricks/restricted_groups_editor.md,0
docs/policypak/deliverymethods/cloud/videos/upkeepanddailyuse/groups.md,0
docs/policypak/deliverymethods/cloud/videos/upkeepanddailyuse/import.md,0
docs/policypak/deliverymethods/cloud/videos/upkeepanddailyuse/jointoken.md,0
docs/policypak/deliverymethods/cloud/videos/upkeepanddailyuse/registrationmode.md,0
docs/policypak/deliverymethods/cloud/videos/upkeepanddailyuse/reports.md,0
docs/policypak/deliverymethods/cloud/videos/usingwithothermethods/mdm.md,0
docs/policypak/deliverymethods/cloud/videos/usingwithothermethods/onpremise.md,0
docs/policypak/deliverymethods/cloud/videos/videolearningcenter.md,0
docs/policypak/deliverymethods/grouppolicy/knowledgebase/insertuserinfo.md,0
docs/policypak/deliverymethods/grouppolicy/knowledgebase/knowledgebase.md,0
docs/policypak/deliverymethods/grouppolicy/knowledgebase/pdqdeploy.md,0
docs/policypak/deliverymethods/grouppolicy/knowledgebase/troubleshooting/cacheengine.md,0
docs/policypak/deliverymethods/grouppolicy/knowledgebase/troubleshooting/cachepreferences.md,0
docs/policypak/deliverymethods/grouppolicy/knowledgebase/troubleshooting/guid.md,0
docs/policypak/deliverymethods/grouppolicy/knowledgebase/troubleshooting/itemleveltargeting.md,0
docs/policypak/deliverymethods/grouppolicy/knowledgebase/troubleshooting/preferences.md,0
docs/policypak/deliverymethods/grouppolicy/knowledgebase/troubleshooting/reportingadm.md,0
docs/policypak/deliverymethods/grouppolicy/videos/gettingstarted/explained.md,0
docs/policypak/deliverymethods/grouppolicy/videos/gettingstarted/gettingstartedv.md,0
docs/policypak/deliverymethods/grouppolicy/videos/gettingstarted/install.md,0
docs/policypak/deliverymethods/grouppolicy/videos/gettingstarted/integration.md,0
docs/policypak/deliverymethods/grouppolicy/videos/gettingstarted/renameendpoint.md,0
docs/policypak/deliverymethods/grouppolicy/videos/tipsandtricks/editmanual.md,0
docs/policypak/deliverymethods/grouppolicy/videos/tipsandtricks/exportgpos.md,0
docs/policypak/deliverymethods/grouppolicy/videos/tipsandtricks/flatlegacyview.md,0
docs/policypak/deliverymethods/grouppolicy/videos/tipsandtricks/mmcconsole.md,0
docs/policypak/deliverymethods/grouppolicy/videos/tipsandtricks/remotedesktopconnection.md,0
docs/policypak/deliverymethods/grouppolicy/videos/videolearningcenter.md,0
docs/policypak/deliverymethods/mdm/knowledgebase/knowledgebase.md,0
docs/policypak/deliverymethods/mdm/knowledgebase/stackmsi.md,0
docs/policypak/deliverymethods/mdm/videos/exportingtips/admintemplates.md,0
docs/policypak/deliverymethods/mdm/videos/exportingtips/exporterutility.md,0
docs/policypak/deliverymethods/mdm/videos/exportingtips/exportgpos.md,0
docs/policypak/deliverymethods/mdm/videos/gettingstarted/citrixendpointmanager.md,0
docs/policypak/deliverymethods/mdm/videos/gettingstarted/microsoftintune.md,0
docs/policypak/deliverymethods/mdm/videos/gettingstarted/mobileiron.md,0
docs/policypak/deliverymethods/mdm/videos/gettingstarted/realgrouppolicy.md,0
docs/policypak/deliverymethods/mdm/videos/gettingstarted/testsample.md,0
docs/policypak/deliverymethods/mdm/videos/gettingstarted/workspaceone.md,0
docs/policypak/deliverymethods/mdm/videos/iltwithscripts/entraid.md,0
docs/policypak/deliverymethods/mdm/videos/iltwithscripts/entraidgroupdetermine.md,0
docs/policypak/deliverymethods/mdm/videos/iltwithscripts/entraidgroupmembership.md,0
docs/policypak/deliverymethods/mdm/videos/videolearningcenter.md,0
docs/policypak/deliverymethods/overview.md,0
docs/policypak/gettingstarted/basicconcepts/editions/overview.md,0
docs/policypak/gettingstarted/basicconcepts/editions/paks.md,0
docs/policypak/gettingstarted/basicconcepts/editions/policies.md,0
docs/policypak/gettingstarted/basicconcepts/editions/solutions.md,0
docs/policypak/gettingstarted/basicconcepts/licensing.md,0
docs/policypak/gettingstarted/cloudmanual/concepts/concepts.md,0
docs/policypak/gettingstarted/cloudmanual/concepts/downloads.md,0
docs/policypak/gettingstarted/cloudmanual/concepts/logons.md,0
docs/policypak/gettingstarted/cloudmanual/concepts/testlab.md,0
docs/policypak/gettingstarted/cloudmanual/gettingstarted.md,0
docs/policypak/gettingstarted/cloudmanual/interface/billing.md,0
docs/policypak/gettingstarted/cloudmanual/interface/companydetails/addcompanyadmin.md,0
docs/policypak/gettingstarted/cloudmanual/interface/companydetails/companyadministrator/generalinfo/changeemail.md,0
docs/policypak/gettingstarted/cloudmanual/interface/companydetails/companyadministrator/generalinfo/loginrestrictionseditor.md,0
docs/policypak/gettingstarted/cloudmanual/interface/companydetails/companyadministrator/generalinfo/notificationeditor.md,0
docs/policypak/gettingstarted/cloudmanual/interface/companydetails/companyadministrator/generalinfo/overview.md,0
docs/policypak/gettingstarted/cloudmanual/interface/companydetails/companyadministrator/generalinfo/resendwelcomeletter.md,0
docs/policypak/gettingstarted/cloudmanual/interface/companydetails/companyadministrator/overview.md,0
docs/policypak/gettingstarted/cloudmanual/interface/companydetails/companyadministrator/rolemanagement.md,0
docs/policypak/gettingstarted/cloudmanual/interface/companydetails/companyadministrator/twofactoroptions.md,0
docs/policypak/gettingstarted/cloudmanual/interface/companydetails/configureentraidaccess.md,0
docs/policypak/gettingstarted/cloudmanual/interface/companydetails/customerlog.md,0
docs/policypak/gettingstarted/cloudmanual/interface/companydetails/downloads.md,0
docs/policypak/gettingstarted/cloudmanual/interface/companydetails/editcustomerlevelportalpolicies.md,0
docs/policypak/gettingstarted/cloudmanual/interface/companydetails/editnotificationconfiguration.md,0
docs/policypak/gettingstarted/cloudmanual/interface/companydetails/exportcompanycertificatepfx.md,0
docs/policypak/gettingstarted/cloudmanual/interface/companydetails/loginrestrictions.md,0
docs/policypak/gettingstarted/cloudmanual/interface/companydetails/overview.md,0
docs/policypak/gettingstarted/cloudmanual/interface/companydetails/revokecompanycertificate.md,0
docs/policypak/gettingstarted/cloudmanual/interface/computergroups/overview.md,0
docs/policypak/gettingstarted/cloudmanual/interface/computergroups/workingwith.md,0
docs/policypak/gettingstarted/cloudmanual/interface/filebox.md,0
docs/policypak/gettingstarted/cloudmanual/interface/licensestatus.md,0
docs/policypak/gettingstarted/cloudmanual/interface/overview.md,0
docs/policypak/gettingstarted/cloudmanual/interface/reports.md,0
docs/policypak/gettingstarted/cloudmanual/interface/tools.md,0
docs/policypak/gettingstarted/cloudmanual/interface/xmldatafiles/createpolicy.md,0
docs/policypak/gettingstarted/cloudmanual/interface/xmldatafiles/createpolicytemplate.md,0
docs/policypak/gettingstarted/cloudmanual/interface/xmldatafiles/delete.md,0
docs/policypak/gettingstarted/cloudmanual/interface/xmldatafiles/download.md,0
docs/policypak/gettingstarted/cloudmanual/interface/xmldatafiles/duplicate.md,0
docs/policypak/gettingstarted/cloudmanual/interface/xmldatafiles/importpolicies.md,0
docs/policypak/gettingstarted/cloudmanual/interface/xmldatafiles/itemleveltargetingcollections.md,0
docs/policypak/gettingstarted/cloudmanual/interface/xmldatafiles/modify.md,0
docs/policypak/gettingstarted/cloudmanual/interface/xmldatafiles/overview.md,0
docs/policypak/gettingstarted/cloudmanual/interface/xmldatafiles/showreport.md,0
docs/policypak/gettingstarted/cloudmanual/interface/xmldatafiles/upload.md,0
docs/policypak/gettingstarted/cloudmanual/licensing/computeraccountdeletion.md,0
docs/policypak/gettingstarted/cloudmanual/licensing/licensemanagement.md,0
docs/policypak/gettingstarted/cloudmanual/licensing/otherpolicydeliverymechanisms.md,0
docs/policypak/gettingstarted/cloudmanual/licensing/overview.md,0
docs/policypak/gettingstarted/cloudmanual/licensing/reconnectionperiod.md,0
docs/policypak/gettingstarted/cloudmanual/licensing/serversessionvirtualization.md,0
docs/policypak/gettingstarted/cloudmanual/licensing/vdi.md,0
docs/policypak/gettingstarted/cloudmanual/overview.md,0
docs/policypak/gettingstarted/cloudmanual/quickstart/quickstart.md,0
docs/policypak/gettingstarted/cloudmanual/quickstart/verify.md,0
docs/policypak/gettingstarted/cloudmanual/security.md,0
docs/policypak/gettingstarted/cloudmanual/underhood/clientcommands.md,0
docs/policypak/gettingstarted/cloudmanual/underhood/installation.md,0
docs/policypak/gettingstarted/cloudmanual/underhood/overview.md,0
docs/policypak/gettingstarted/cloudmanual/underhood/xmldatastorage.md,0
docs/policypak/gettingstarted/cloudmanual/uninstall.md,0
docs/policypak/gettingstarted/fastest.md,0
docs/policypak/gettingstarted/mdmmanual/gettingstarted.md,0
docs/policypak/gettingstarted/mdmmanual/overview.md,0
docs/policypak/gettingstarted/mdmmanual/tips/copypaste.md,0
docs/policypak/gettingstarted/mdmmanual/tips/enableprioritymode.md,0
docs/policypak/gettingstarted/mdmmanual/tips/manual.md,0
docs/policypak/gettingstarted/mdmmanual/tips/modify.md,0
docs/policypak/gettingstarted/mdmmanual/tips/overview.md,0
docs/policypak/gettingstarted/mdmmanual/tips/processorder.md,0
docs/policypak/gettingstarted/mdmmanual/tips/recycle.md,0
docs/policypak/gettingstarted/mdmmanual/uemtools/mdm/ensuringenrollment.md,0
docs/policypak/gettingstarted/mdmmanual/uemtools/mdm/installhand.md,0
docs/policypak/gettingstarted/mdmmanual/uemtools/mdm/overview.md,0
docs/policypak/gettingstarted/mdmmanual/uemtools/mdm/successevents.md,0
docs/policypak/gettingstarted/mdmmanual/uemtools/service/microsoftintune.md,0
docs/policypak/gettingstarted/mdmmanual/uemtools/service/mobileiron.md,0
docs/policypak/gettingstarted/mdmmanual/uemtools/service/overview.md,0
docs/policypak/gettingstarted/mdmmanual/uemtools/service/vmwareworkspaceone.md,0
docs/policypak/gettingstarted/mdmmanual/uemtools/uemtools.md,0
docs/policypak/gettingstarted/mdmmanual/xmldatafiles/administrativetemplates.md,0
docs/policypak/gettingstarted/mdmmanual/xmldatafiles/applicationssettings.md,0
docs/policypak/gettingstarted/mdmmanual/xmldatafiles/browserrouter.md,0
docs/policypak/gettingstarted/mdmmanual/xmldatafiles/feature.md,0
docs/policypak/gettingstarted/mdmmanual/xmldatafiles/fileassociations.md,0
docs/policypak/gettingstarted/mdmmanual/xmldatafiles/javaenterpriserules.md,0
docs/policypak/gettingstarted/mdmmanual/xmldatafiles/leastprivilegemanager.md,0
docs/policypak/gettingstarted/mdmmanual/xmldatafiles/overview.md,0
docs/policypak/gettingstarted/mdmmanual/xmldatafiles/preferences.md,0
docs/policypak/gettingstarted/mdmmanual/xmldatafiles/scripts.md,0
docs/policypak/gettingstarted/mdmmanual/xmldatafiles/securitysettings.md,0
docs/policypak/gettingstarted/mdmmanual/xmldatafiles/startscreen.md,0
docs/policypak/gettingstarted/mdmmanual/xmldatafiles/taskbar.md,0
docs/policypak/gettingstarted/overview.md,0
docs/policypak/gettingstarted/overviewinstall/downloadcontents.md,0
docs/policypak/gettingstarted/overviewinstall/overviewinstall.md,0
docs/policypak/gettingstarted/overviewinstall/prepareendpoint.md,0
docs/policypak/gettingstarted/overviewinstall/preparemanagementsta/preparemanagementstation.md,0
docs/policypak/gettingstarted/quickstart/cloud.md,0
docs/policypak/gettingstarted/quickstart/grouppolicy.md,0
docs/policypak/gettingstarted/quickstart/mdm.md,0
docs/policypak/gettingstarted/quickstart/overview.md,0
docs/policypak/gpcompliancereporter/manual/admxregistry.md,0
docs/policypak/gpcompliancereporter/manual/auditing.md,0
docs/policypak/gpcompliancereporter/manual/clientendpoint.md,0
docs/policypak/gpcompliancereporter/manual/concepts/concepts.md,0
docs/policypak/gpcompliancereporter/manual/concepts/grouppolicyresults.md,0
docs/policypak/gpcompliancereporter/manual/concepts/overview.md,0
docs/policypak/gpcompliancereporter/manual/concepts/prepare/client.md,0
docs/policypak/gpcompliancereporter/manual/concepts/prepare/configurationwizard.md,0
docs/policypak/gpcompliancereporter/manual/concepts/prepare/licensing.md,0
docs/policypak/gpcompliancereporter/manual/concepts/prepare/overview.md,0
docs/policypak/gpcompliancereporter/manual/concepts/prepare/trialmode.md,0
docs/policypak/gpcompliancereporter/manual/concepts/pull/history.md,0
docs/policypak/gpcompliancereporter/manual/concepts/pull/overview.md,0
docs/policypak/gpcompliancereporter/manual/concepts/pull/results.md,0
docs/policypak/gpcompliancereporter/manual/concepts/pull/snapshots.md,0
docs/policypak/gpcompliancereporter/manual/concepts/pull/tests.md,0
docs/policypak/gpcompliancereporter/manual/concepts/testsrctorder.md,0
docs/policypak/gpcompliancereporter/manual/eventlogs.md,0
docs/policypak/gpcompliancereporter/manual/overview.md,0
docs/policypak/gpcompliancereporter/manual/push/clientlessauditing.md,0
docs/policypak/gpcompliancereporter/manual/push/concepts.md,0
docs/policypak/gpcompliancereporter/manual/push/install.md,0
docs/policypak/gpcompliancereporter/manual/push/overview.md,0
docs/policypak/gpcompliancereporter/manual/push/resultsreports.md,0
docs/policypak/gpcompliancereporter/manual/push/setup/auditorpath.md,0
docs/policypak/gpcompliancereporter/manual/push/setup/overview.md,0
docs/policypak/gpcompliancereporter/manual/push/setup/selectauditedcomputers.md,0
docs/policypak/gpcompliancereporter/manual/push/setup/specifyserver.md,0
docs/policypak/gpcompliancereporter/manual/push/setup/taskdelivery.md,0
docs/policypak/gpcompliancereporter/manual/push/switchmode.md,0
docs/policypak/gpcompliancereporter/manual/scheduledtasks.md,0
docs/policypak/gpcompliancereporter/manual/server.md,0
docs/policypak/gpcompliancereporter/manual/tuning/admx.md,0
docs/policypak/gpcompliancereporter/manual/tuning/overview.md,0
docs/policypak/gpcompliancereporter/technotes/gettinglicensed/basis.md,0
docs/policypak/gpcompliancereporter/technotes/gettinglicensed/compliancereports.md,0
docs/policypak/gpcompliancereporter/technotes/gettinglicensed/difference.md,0
docs/policypak/gpcompliancereporter/technotes/gettinglicensed/expire.md,0
docs/policypak/gpcompliancereporter/technotes/gettinglicensed/minimum.md,0
docs/policypak/gpcompliancereporter/technotes/gettinglicensed/multiyear.md,0
docs/policypak/gpcompliancereporter/technotes/gettinglicensed/shareacrossteam.md,0
docs/policypak/gpcompliancereporter/technotes/gettinglicensed/tool.md,0
docs/policypak/gpcompliancereporter/technotes/gettinglicensed/trial.md,0
docs/policypak/gpcompliancereporter/technotes/gettinglicensed/trueup.md,0
docs/policypak/gpcompliancereporter/technotes/gettinglicensed/types.md,0
docs/policypak/gpcompliancereporter/technotes/gettinglicensed/userlimit.md,0
docs/policypak/gpcompliancereporter/technotes/gettingstarted/deliveryreports.md,0
docs/policypak/gpcompliancereporter/technotes/gettingstarted/install.md,0
docs/policypak/gpcompliancereporter/technotes/gettingstarted/scenarios.md,0
docs/policypak/gpcompliancereporter/technotes/gettingstarted/sqlserver.md,0
docs/policypak/gpcompliancereporter/technotes/knowledgebase.md,0
docs/policypak/gpcompliancereporter/technotes/troubleshooting/domainmultiple.md,0
docs/policypak/gpcompliancereporter/technotes/troubleshooting/logenhanced.md,0
docs/policypak/gpcompliancereporter/technotes/troubleshooting/processauditor.md,0
docs/policypak/gpcompliancereporter/technotes/troubleshooting/serverside.md,0
docs/policypak/gpcompliancereporter/technotes/troubleshooting/systeminvalidoperationexception.md,0
docs/policypak/gpcompliancereporter/technotes/troubleshooting/systeminvalidoperationexceptionmsdtc.md,0
docs/policypak/gpcompliancereporter/technotes/troubleshooting/unsupporteditem.md,0
docs/policypak/gpcompliancereporter/videos/firewallports.md,0
docs/policypak/gpcompliancereporter/videos/gettingstarted/install.md,0
docs/policypak/gpcompliancereporter/videos/gettingstarted/modepull.md,0
docs/policypak/gpcompliancereporter/videos/gettingstarted/modepush.md,0
docs/policypak/gpcompliancereporter/videos/gettingstarted/securityenhanced.md,0
docs/policypak/gpcompliancereporter/videos/using/existinggpos.md,0
docs/policypak/gpcompliancereporter/videos/using/importgpos.md,0
docs/policypak/gpcompliancereporter/videos/using/importstig.md,0
docs/policypak/gpcompliancereporter/videos/videolearningcenter.md,0
docs/policypak/gpcompliancereporter/videos/whatdoesitdo/modeserver.md,0
docs/policypak/gpcompliancereporter/videos/whatdoesitdo/modestandalone.md,0
docs/policypak/gpcompliancereporter/videos/whatdoesitdo/overviewmanager.md,0
docs/policypak/gpcompliancereporter/videos/whatdoesitdo/overviewtechnical.md,0
docs/policypak/index.md,0
docs/policypak/installation/knowledgebase/gpoinitialinstall/adminconsole.md,0
docs/policypak/installation/knowledgebase/gpoinitialinstall/methods.md,0
docs/policypak/installation/knowledgebase/gpoinitialinstall/node.md,0
docs/policypak/installation/knowledgebase/gpoinitialinstall/savesettings.md,0
docs/policypak/installation/knowledgebase/installandupgrade/assignmentremovalfailed.md,0
docs/policypak/installation/knowledgebase/installandupgrade/computersidersop.md,0
docs/policypak/installation/knowledgebase/installandupgrade/gpsvcfailed.md,0
docs/policypak/installation/knowledgebase/installandupgrade/newversionissues.md,0
docs/policypak/installation/knowledgebase/installandupgrade/slowlogins.md,0
docs/policypak/installation/knowledgebase/installandupgrade/uninstall.md,0
docs/policypak/installation/knowledgebase/knowledgebase.md,0
docs/policypak/installation/knowledgebase/miscquestions/bitversion.md,0
docs/policypak/installation/knowledgebase/miscquestions/outlook.md,0
docs/policypak/installation/knowledgebase/miscquestions/why.md,0
docs/policypak/installation/knowledgebase/miscquestions/windows7.md,0
docs/policypak/installation/knowledgebase/pdqdeploy.md,0
docs/policypak/installation/knowledgebase/restoredetails.md,0
docs/policypak/installation/knowledgebase/sccm.md,0
docs/policypak/installation/knowledgebase/uninstallation/rollback.md,0
docs/policypak/installation/knowledgebase/uninstallation/uninstall_1.md,0
docs/policypak/installation/knowledgebase/uninstallation/uninstall.md,0
docs/policypak/installation/knowledgebase/updating/config.md,0
docs/policypak/installation/knowledgebase/updating/datadirectives.md,0
docs/policypak/installation/knowledgebase/updating/ringsupgrade.md,0
docs/policypak/installation/videolearningcenter/autoupdate.md,0
docs/policypak/installation/videolearningcenter/videolearningcenter.md,0
docs/policypak/licensing/knowledgebase/activedirectorygposccm/components_2.md,0
docs/policypak/licensing/knowledgebase/activedirectorygposccm/componentscloud.md,0
docs/policypak/licensing/knowledgebase/activedirectorygposccm/componentsexclude.md,0
docs/policypak/licensing/knowledgebase/activedirectorygposccm/fileold.md,0
docs/policypak/licensing/knowledgebase/activedirectorygposccm/forceddisabled.md,0
docs/policypak/licensing/knowledgebase/activedirectorygposccm/options.md,0
docs/policypak/licensing/knowledgebase/activedirectorygposccm/reset.md,0
docs/policypak/licensing/knowledgebase/faqactivedirectory/disabledcomputer.md,0
docs/policypak/licensing/knowledgebase/faqactivedirectory/domain.md,0
docs/policypak/licensing/knowledgebase/faqactivedirectory/domainmultiple.md,0
docs/policypak/licensing/knowledgebase/faqactivedirectory/domainou.md,0
docs/policypak/licensing/knowledgebase/faqactivedirectory/enforced.md,0
docs/policypak/licensing/knowledgebase/faqactivedirectory/gpoedit.md,0
docs/policypak/licensing/knowledgebase/faqactivedirectory/ou.md,0
docs/policypak/licensing/knowledgebase/faqactivedirectory/ousub.md,0
docs/policypak/licensing/knowledgebase/faqactivedirectory/scope.md,0
docs/policypak/licensing/knowledgebase/faqactivedirectory/server.md,0
docs/policypak/licensing/knowledgebase/faqactivedirectory/users.md,0
docs/policypak/licensing/knowledgebase/faqactivedirectory/wizard.md,0
docs/policypak/licensing/knowledgebase/faqcloud/billing.md,0
docs/policypak/licensing/knowledgebase/faqcloud/licensestatus.md,0
docs/policypak/licensing/knowledgebase/faqcloud/notifications.md,0
docs/policypak/licensing/knowledgebase/faqcloud/onpremise.md,0
docs/policypak/licensing/knowledgebase/faqcloud/reclaimed.md,0
docs/policypak/licensing/knowledgebase/installing/filemultiple.md,0
docs/policypak/licensing/knowledgebase/installing/universal.md,0
docs/policypak/licensing/knowledgebase/knowledgebase.md,0
docs/policypak/licensing/knowledgebase/miscquestions/components_1.md,0
docs/policypak/licensing/knowledgebase/miscquestions/transition.md,0
docs/policypak/licensing/knowledgebase/miscquestions/whenwhy.md,0
docs/policypak/licensing/knowledgebase/requestingall/editpolicies.md,0
docs/policypak/licensing/knowledgebase/requestingall/intune.md,0
docs/policypak/licensing/knowledgebase/requestingall/logs.md,0
docs/policypak/licensing/knowledgebase/requestingall/tool.md,0
docs/policypak/licensing/knowledgebase/requestingall/trial.md,0
docs/policypak/licensing/knowledgebase/requestingmdm/adminrights.md,0
docs/policypak/licensing/knowledgebase/requestingmdm/autopilot.md,0
docs/policypak/licensing/knowledgebase/requestingmdm/domainmultiple.md,0
docs/policypak/licensing/knowledgebase/requestingmdm/entraid.md,0
docs/policypak/licensing/knowledgebase/requestingmdm/hybrid.md,0
docs/policypak/licensing/knowledgebase/requestingmdm/jointype.md,0
docs/policypak/licensing/knowledgebase/requestingmdm/name.md,0
docs/policypak/licensing/knowledgebase/requestingmdm/setup.md,0
docs/policypak/licensing/knowledgebase/requestingmdm/tool.md,0
docs/policypak/licensing/knowledgebase/troubleshooting/components.md,0
docs/policypak/licensing/knowledgebase/troubleshooting/enterprisefull.md,0
docs/policypak/licensing/knowledgebase/troubleshooting/expires.md,0
docs/policypak/licensing/knowledgebase/troubleshooting/graceperiod.md,0
docs/policypak/licensing/knowledgebase/troubleshooting/legacy.md,0
docs/policypak/licensing/knowledgebase/troubleshooting/mmcsnapinlogs.md,0
docs/policypak/licensing/knowledgebase/troubleshooting/toollogs.md,0
docs/policypak/licensing/knowledgebase/troubleshooting/universal.md,0
docs/policypak/licensing/knowledgebase/vertualizationcitrix/count.md,0
docs/policypak/licensing/knowledgebase/vertualizationcitrix/desktops.md,0
docs/policypak/licensing/knowledgebase/vertualizationcitrix/multisession.md,0
docs/policypak/licensing/knowledgebase/vertualizationcitrix/terminalservices.md,0
docs/policypak/licensing/knowledgebase/vertualizationcitrix/tool_1.md,0
docs/policypak/licensing/videolearningcenter/installuniversal.md,0
docs/policypak/licensing/videolearningcenter/licenserequestkey.md,0
docs/policypak/licensing/videolearningcenter/troubleshooting/cleanup.md,0
docs/policypak/licensing/videolearningcenter/troubleshooting/legacy.md,0
docs/policypak/licensing/videolearningcenter/troubleshooting/lttool.md,0
docs/policypak/licensing/videolearningcenter/troubleshooting/mdm.md,0
docs/policypak/licensing/videolearningcenter/troubleshooting/renameendpoint.md,0
docs/policypak/licensing/videolearningcenter/troubleshooting/unlicense.md,0
docs/policypak/licensing/videolearningcenter/upgrades.md,0
docs/policypak/licensing/videolearningcenter/videolearningcenter.md,0
docs/policypak/misc/knowledgebase/changemanagementtools.md,0
docs/policypak/misc/knowledgebase/gettingstarted/arm.md,0
docs/policypak/misc/knowledgebase/gettingstarted/guide.md,0
docs/policypak/misc/knowledgebase/gettingstarted/guideinstall.md,0
docs/policypak/misc/knowledgebase/gettingstarted/history.md,0
docs/policypak/misc/knowledgebase/gettingstarted/prepare.md,0
docs/policypak/misc/knowledgebase/gettingstarted/rightclick.md,0
docs/policypak/misc/knowledgebase/gettingstarted/windows11.md,0
docs/policypak/misc/knowledgebase/gettingstarted/windows7.md,0
docs/policypak/misc/knowledgebase/netwrixauditor/mmcsnapin.md,0
docs/policypak/misc/knowledgebase/netwrixauditor/permissions.md,0
docs/policypak/misc/knowledgebase/nondomainjoined/chrome.md,0
docs/policypak/misc/knowledgebase/nondomainjoined/edge.md,0
docs/policypak/misc/knowledgebase/nondomainjoined/limitations.md,0
docs/policypak/misc/knowledgebase/portalquestions/adduser.md,0
docs/policypak/misc/knowledgebase/portalquestions/cheksum.md,0
docs/policypak/misc/knowledgebase/portalquestions/emailoptout.md,0
docs/policypak/misc/knowledgebase/portalquestions/login.md,0
docs/policypak/misc/knowledgebase/portalquestions/profileupdate.md,0
docs/policypak/misc/knowledgebase/portalquestions/twofactorauthentication.md,0
docs/policypak/misc/knowledgebase/tipstricksandfaqs/applypreferences.md,0
docs/policypak/misc/knowledgebase/tipstricksandfaqs/emailoptout.md,0
docs/policypak/misc/knowledgebase/tipstricksandfaqs/embedclient.md,0
docs/policypak/misc/knowledgebase/tipstricksandfaqs/entraidgroups.md,0
docs/policypak/misc/knowledgebase/tipstricksandfaqs/entraidsids.md,0
docs/policypak/misc/knowledgebase/tipstricksandfaqs/eventcategories.md,0
docs/policypak/misc/knowledgebase/tipstricksandfaqs/eventlogs.md,0
docs/policypak/misc/knowledgebase/tipstricksandfaqs/folderredirection.md,0
docs/policypak/misc/knowledgebase/tipstricksandfaqs/mmcdisplay.md,0
docs/policypak/misc/knowledgebase/tipstricksandfaqs/onpremisecloud.md,0
docs/policypak/misc/knowledgebase/tipstricksandfaqs/operatingsystem.md,0
docs/policypak/misc/knowledgebase/tipstricksandfaqs/securitygroup.md,0
docs/policypak/misc/knowledgebase/tipstricksandfaqs/services.md,0
docs/policypak/misc/knowledgebase/tipstricksandfaqs/syspreperror.md,0
docs/policypak/misc/knowledgebase/tipstricksandfaqs/thirdpartyadvice.md,0
docs/policypak/misc/knowledgebase/tipstricksandfaqs/uninstallpassword.md,0
docs/policypak/misc/knowledgebase/tipstricksandfaqs/virtualdesktops.md,0
docs/policypak/misc/knowledgebase/tipstricksandfaqs/windows.md,0
docs/policypak/misc/knowledgebase/tipstricksandfaqs/windows11.md,0
docs/policypak/misc/knowledgebase/tipstricksandfaqs/windowsendpoint.md,0
docs/policypak/misc/knowledgebase/tipstricksandfaqs/windowsserver2019.md,0
docs/policypak/misc/knowledgebase/troubleshooting/antivirus.md,0
docs/policypak/misc/knowledgebase/troubleshooting/browserrouter.md,0
docs/policypak/misc/knowledgebase/troubleshooting/clientsideextension.md,0
docs/policypak/misc/knowledgebase/troubleshooting/conflictresolved.md,0
docs/policypak/misc/knowledgebase/troubleshooting/customdialog.md,0
docs/policypak/misc/knowledgebase/troubleshooting/debug.md,0
docs/policypak/misc/knowledgebase/troubleshooting/evaluations.md,0
docs/policypak/misc/knowledgebase/troubleshooting/fastsupport.md,0
docs/policypak/misc/knowledgebase/troubleshooting/forepointdlp.md,0
docs/policypak/misc/knowledgebase/troubleshooting/guids.md,0
docs/policypak/misc/knowledgebase/troubleshooting/hangingprocess.md,0
docs/policypak/misc/knowledgebase/troubleshooting/intelgraphicdriver.md,0
docs/policypak/misc/knowledgebase/troubleshooting/manual.md,0
docs/policypak/misc/knowledgebase/troubleshooting/minidumpfiles.md,0
docs/policypak/misc/knowledgebase/troubleshooting/pplogsprompt.md,0
docs/policypak/misc/knowledgebase/troubleshooting/procmon.md,0
docs/policypak/misc/knowledgebase/troubleshooting/registrydebug.md,0
docs/policypak/misc/knowledgebase/troubleshooting/services.md,0
docs/policypak/misc/knowledgebase/troubleshooting/settingsrevert.md,0
docs/policypak/misc/knowledgebase/troubleshooting/watcherservice.md,0
docs/policypak/misc/videos/cameyo/applicationsettings.md,0
docs/policypak/misc/videos/cameyo/browserright.md,0
docs/policypak/misc/videos/cameyo/startscreen.md,0
docs/policypak/misc/videos/cameyo/uacprompts.md,0
docs/policypak/misc/videos/changemanagementutilities/advancedgrouppolicymanagement.md,0
docs/policypak/misc/videos/changemanagementutilities/gpoadmintool.md,0
docs/policypak/misc/videos/changemanagementutilities/history.md,0
docs/policypak/misc/videos/changemanagementutilities/netiq.md,0
docs/policypak/misc/videos/changemanagementutilities/scriptlogicactiveadministrator.md,0
docs/policypak/misc/videos/changemanagementutilities/sdmchangemanager.md,0
docs/policypak/misc/videos/fslogix/appmasking.md,0
docs/policypak/misc/videos/fslogix/broswerright.md,0
docs/policypak/misc/videos/fslogix/browserconfiguration.md,0
docs/policypak/misc/videos/fslogix/browserdefault.md,0
docs/policypak/misc/videos/fslogix/elevatingapplications.md,0
docs/policypak/misc/videos/fslogix/profiles.md,0
docs/policypak/misc/videos/fslogix/startmenu.md,0
docs/policypak/misc/videos/gettingstartedmisc/arm.md,0
docs/policypak/misc/videos/gettingstartedmisc/editor.md,0
docs/policypak/misc/videos/gettingstartedmisc/freetraining.md,0
docs/policypak/misc/videos/gettingstartedmisc/sidexporter.md,0
docs/policypak/misc/videos/gettingstartedmisc/solutionmethods.md,0
docs/policypak/misc/videos/methods/exporterutility.md,0
docs/policypak/misc/videos/methods/sccmendpointpolicymanager.md,0
docs/policypak/misc/videos/methods/sccmgrouppolicy.md,0
docs/policypak/misc/videos/netwrixauditor/auditordemo.md,0
docs/policypak/misc/videos/netwrixauditor/auditorsetup.md,0
docs/policypak/misc/videos/troubleshooting/admx.md,0
docs/policypak/misc/videos/troubleshooting/admxfiles.md,0
docs/policypak/misc/videos/troubleshooting/gpobackup.md,0
docs/policypak/misc/videos/troubleshooting/itemleveltargeting.md,0
docs/policypak/misc/videos/troubleshooting/logs.md,0
docs/policypak/misc/videos/troubleshooting/mdm.md,0
docs/policypak/misc/videos/troubleshooting/powershell.md,0
docs/policypak/misc/videos/troubleshooting/processmonitor.md,0
docs/policypak/misc/videos/troubleshooting/unlicense.md,0
docs/policypak/misc/videos/upgradingmaintenance/backup.md,0
docs/policypak/misc/videos/upgradingmaintenance/backupoptions.md,0
docs/policypak/misc/videos/windowsvirtualdesktops/admintemplatemanager.md,0
docs/policypak/misc/videos/windowsvirtualdesktops/applicationsettings.md,0
docs/policypak/misc/videos/windowsvirtualdesktops/browserrouter.md,0
docs/policypak/misc/videos/windowsvirtualdesktops/elevateapplication.md,0
docs/policypak/misc/videos/windowsvirtualdesktops/elevateinstall.md,0
docs/policypak/misc/videos/windowsvirtualdesktops/gettingstarted.md,0
docs/policypak/misc/videos/windowsvirtualdesktops/leastprivilege.md,0
docs/policypak/misc/videos/windowsvirtualdesktops/startscreen.md,0
docs/policypak/misc/videos/windowsvirtualdesktops/tour.md,0
docs/policypak/tipstricksandfaqs/clientsideextension.md,0
docs/policypak/tipstricksandfaqs/powershell.md,0
docs/policypak/upgrademaintenance/antivirussystemsoftware/antivirus.md,0
docs/policypak/upgrademaintenance/antivirussystemsoftware/citrixapplayering.md,0
docs/policypak/upgrademaintenance/antivirussystemsoftware/digitallysigneddriver.md,0
docs/policypak/upgrademaintenance/antivirussystemsoftware/overview.md,0
docs/policypak/upgrademaintenance/antivirussystemsoftware/sufficientprivileges.md,0
docs/policypak/upgrademaintenance/bestpractices/commandline.md,0
docs/policypak/upgrademaintenance/bestpractices/frequency_1.md,0
docs/policypak/upgrademaintenance/bestpractices/frequency.md,0
docs/policypak/upgrademaintenance/bestpractices/overview.md,0
docs/policypak/upgrademaintenance/bestpractices/rings.md,0
docs/policypak/upgrademaintenance/bestpractices/versions.md,0
docs/policypak/upgrademaintenance/overview.md,0
docs/policypak/upgrademaintenance/performancequestions/cpuslowdown.md,0
docs/policypak/upgrademaintenance/performancequestions/overview.md,0
docs/policypak/upgrademaintenance/performancequestions/watcherservicememoryusage.md,0
docs/policypak/upgrademaintenance/upgrade/overview.md,0
docs/policypak/upgrademaintenance/upgrade/rings/activedirectory.md,0
docs/policypak/upgrademaintenance/upgrade/rings/cloud.md,0
docs/policypak/upgrademaintenance/upgrade/rings/finalthoughts.md,0
docs/policypak/upgrademaintenance/upgrade/rings/mdm.md,0
docs/policypak/upgrademaintenance/upgrade/rings/overview.md,0
docs/policypak/upgrademaintenance/upgrade/settings.md,0
docs/policypak/upgrademaintenance/upgrade/tips.md,0
