document_title,version,live_page_url,source_path,duplicates,reviewer,audited,accurate,complete,notes
PolicyPak: Manage Acrobat X Pro Using Group Policy,current,https://docs.netwrix.com/docs/policypak/archive/acrobatxpro,docs/policypak/archive/acrobatxpro.md,,,,,,
ADM/X Files – why they cannot prevent user shenanigans,current,https://docs.netwrix.com/docs/policypak/archive/admxfiles,docs/policypak/archive/admxfiles.md,,,,,,
PolicyPak 3.5 Applock Update Behavior Change,current,https://docs.netwrix.com/docs/policypak/archive/applock,docs/policypak/archive/applock.md,,,,,,
The CSE auto-updater feature appears to not be working. What can I do?,current,https://docs.netwrix.com/docs/policypak/archive/autoupdater,docs/policypak/archive/autoupdater.md,,,,,,
Deliver Group Policy to Domain Joined and non-Domain Joined machines thru the Cloud,current,https://docs.netwrix.com/docs/policypak/archive/cloud,docs/policypak/archive/cloud.md,,,,,,
PolicyPak: Use the DesignStudio to manage FireFox's about:config settings,current,https://docs.netwrix.com/docs/policypak/archive/designstudiofirefox,docs/policypak/archive/designstudiofirefox.md,,,,,,
PolicyPak Using PolicyPak DesignStudio to modify the Java Paks for XP,current,https://docs.netwrix.com/docs/policypak/archive/designstudiojava,docs/policypak/archive/designstudiojava.md,,,,,,
Manage Different Users In The Same OU (And Reduce Number of GPOs) With PolicyPak,current,https://docs.netwrix.com/docs/policypak/archive/differentusers,docs/policypak/archive/differentusers.md,,,,,,
"PolicyPak: Manage GoToMeeting using Group Policy, SCCM or your own management utility",current,https://docs.netwrix.com/docs/policypak/archive/gotomeeting,docs/policypak/archive/gotomeeting.md,,,,,,
Internet Explorer 10 and Internet Explorer Maintenance – the whole story,current,https://docs.netwrix.com/docs/policypak/archive/ie10,docs/policypak/archive/ie10.md,,,,,,
PolicyPak: Manage Internet Explorer (IE9) Using Group Policy,current,https://docs.netwrix.com/docs/policypak/archive/ie9,docs/policypak/archive/ie9.md,,,,,,
"PolicyPak: Manage InfranView using Group Policy, SCCM or your own management utility",current,https://docs.netwrix.com/docs/policypak/archive/infranview,docs/policypak/archive/infranview.md,,,,,,
Group Policy Preferences: Item Level Targeting,current,https://docs.netwrix.com/docs/policypak/archive/itemleveltartgeting,docs/policypak/archive/itemleveltartgeting.md,,,,,,
PolicyPak: Manage Java 7u45 using Group Policy,current,https://docs.netwrix.com/docs/policypak/archive/java,docs/policypak/archive/java.md,,,,,,
Mass Deploy the PolicyPak CSE using GPSI,current,https://docs.netwrix.com/docs/policypak/archive/massdeploy,docs/policypak/archive/massdeploy.md,,,,,,
"Nuke mode, and why users can avoid your GPprefs settings",current,https://docs.netwrix.com/docs/policypak/archive/modenuke,docs/policypak/archive/modenuke.md,,,,,,
Lockdown Microsoft Office Suite 2013,current,https://docs.netwrix.com/docs/policypak/archive/office2013,docs/policypak/archive/office2013.md,,,,,,
"PolicyPak: Manage Opera Next using Group Policy, SCCM or your own management utility",current,https://docs.netwrix.com/docs/policypak/archive/operanext,docs/policypak/archive/operanext.md,,,,,,
Archive,current,https://docs.netwrix.com/docs/policypak/archive/overview,docs/policypak/archive/overview.md,,,,,,
PolicyPak Configure PARCC Testing Configuration Stations using PolicyPak to prevent pop-ups,current,https://docs.netwrix.com/docs/policypak/archive/parcctesting,docs/policypak/archive/parcctesting.md,,,,,,
PolicyPakPreferences with PolicyPak Exporter,current,https://docs.netwrix.com/docs/policypak/archive/preferencesexporter,docs/policypak/archive/preferencesexporter.md,,,,,,
PolicyPak and Symantec Workspace Streaming and Virtualization,current,https://docs.netwrix.com/docs/policypak/archive/symantecworkspace,docs/policypak/archive/symantecworkspace.md,,,,,,
Understanding ADM-ADMX files Tattooing (and what to do about it),current,https://docs.netwrix.com/docs/policypak/archive/tattooing,docs/policypak/archive/tattooing.md,,,,,,
Upgrading the CSE using GPSI,current,https://docs.netwrix.com/docs/policypak/archive/upgrading,docs/policypak/archive/upgrading.md,,,,,,
PolicyPak: Manage VMware Workstation Hardware and Options,current,https://docs.netwrix.com/docs/policypak/archive/vmware,docs/policypak/archive/vmware.md,,,,,,
PolicyPak: Manage and lockdown a specific VMware Workstation's VMX file settings,current,https://docs.netwrix.com/docs/policypak/archive/vmwarefilesettings,docs/policypak/archive/vmwarefilesettings.md,,,,,,
PolicyPak and VMware Horizon Mirage,current,https://docs.netwrix.com/docs/policypak/archive/vmwarehorizonmirage,docs/policypak/archive/vmwarehorizonmirage.md,,,,,,
PolicyPak supplements VMware View,current,https://docs.netwrix.com/docs/policypak/archive/vmwaresupplements,docs/policypak/archive/vmwaresupplements.md,,,,,,
PolicyPak: Manage Xenapp applications using Group Policy,current,https://docs.netwrix.com/docs/policypak/archive/xenapp,docs/policypak/archive/xenapp.md,,,,,,
"How do I disable elements in Office (Outlook, etc.) using PolicyPak and ADMX files?",current,https://docs.netwrix.com/docs/policypak/components/admintemplatesmanager/knowledgebase/admintemplatestips/disableofficeelements,docs/policypak/components/admintemplatesmanager/knowledgebase/admintemplatestips/disableofficeelements.md,,,,,,
Which settings can be managed with the Admin Templates Manager component?,current,https://docs.netwrix.com/docs/policypak/components/admintemplatesmanager/knowledgebase/admintemplatestips/settings,docs/policypak/components/admintemplatesmanager/knowledgebase/admintemplatestips/settings.md,,,,,,
"I've created a collection in the Administrative Templates Manager and I've added policies to that collection. However, they are not showing up in the main window.",current,https://docs.netwrix.com/docs/policypak/components/admintemplatesmanager/knowledgebase/admintemplatestroubleshooting/missingcollections,docs/policypak/components/admintemplatesmanager/knowledgebase/admintemplatestroubleshooting/missingcollections.md,,,,,,
"I get a ""Namespace already defined"" error when making new PolicyPak Admin Templates Manager policies. What is this?",current,https://docs.netwrix.com/docs/policypak/components/admintemplatesmanager/knowledgebase/admintemplatestroubleshooting/namespacealreadydefined,docs/policypak/components/admintemplatesmanager/knowledgebase/admintemplatestroubleshooting/namespacealreadydefined.md,,,,,,
"I get a ""Policy Duplicates"" error when adding new policies using PolicyPak Admin Templates Manager. What should I do?",current,https://docs.netwrix.com/docs/policypak/components/admintemplatesmanager/knowledgebase/admintemplatestroubleshooting/policyduplicates,docs/policypak/components/admintemplatesmanager/knowledgebase/admintemplatestroubleshooting/policyduplicates.md,,,,,,
"I created a Collection and/or items, but I don't see them in the Group Policy settings report. Why and how can I fix it?",current,https://docs.netwrix.com/docs/policypak/components/admintemplatesmanager/knowledgebase/admintemplatestroubleshooting/settingsreport,docs/policypak/components/admintemplatesmanager/knowledgebase/admintemplatestroubleshooting/settingsreport.md,,,,,,
What Admin Console MSI and CSE versions are supported for PolicyPak Admin Templates Manager ?,current,https://docs.netwrix.com/docs/policypak/components/admintemplatesmanager/knowledgebase/admintemplatestroubleshooting/versions,docs/policypak/components/admintemplatesmanager/knowledgebase/admintemplatestroubleshooting/versions.md,,,,,,
How to Mitigate Windows Print Spooler Remote Code Execution Vulnerability (CVE-2021-34527),current,https://docs.netwrix.com/docs/policypak/components/admintemplatesmanager/knowledgebase/admintemplatestroubleshooting/windowsprintspooler,docs/policypak/components/admintemplatesmanager/knowledgebase/admintemplatestroubleshooting/windowsprintspooler.md,,,,,,
Where is my PolicyPak Preferences Component license and how do I request one?,current,https://docs.netwrix.com/docs/policypak/components/admintemplatesmanager/knowledgebase/exportinggrouppolicypreferences/componentlicense,docs/policypak/components/admintemplatesmanager/knowledgebase/exportinggrouppolicypreferences/componentlicense.md,,,,,,
Why do I see slowdowns on my machines when PolicyPak Preferences is licensed and computers domain joined? Can this be worked around?,current,https://docs.netwrix.com/docs/policypak/components/admintemplatesmanager/knowledgebase/exportinggrouppolicypreferences/domainjoined,docs/policypak/components/admintemplatesmanager/knowledgebase/exportinggrouppolicypreferences/domainjoined.md,,,,,,
How to deliver network drive mappings using Group Policy Preferences on the computer side,current,https://docs.netwrix.com/docs/policypak/components/admintemplatesmanager/knowledgebase/exportinggrouppolicypreferences/drivemappings,docs/policypak/components/admintemplatesmanager/knowledgebase/exportinggrouppolicypreferences/drivemappings.md,,,,,,
How do I use passwords with Group Policy Preferences items within PolicyPak Cloud?,current,https://docs.netwrix.com/docs/policypak/components/admintemplatesmanager/knowledgebase/exportinggrouppolicypreferences/passwords,docs/policypak/components/admintemplatesmanager/knowledgebase/exportinggrouppolicypreferences/passwords.md,,,,,,
How To deploy a TCP/IP Printer using Group Policy Preferences in PolicyPak Cloud,current,https://docs.netwrix.com/docs/policypak/components/admintemplatesmanager/knowledgebase/exportinggrouppolicypreferences/printerdeploy,docs/policypak/components/admintemplatesmanager/knowledgebase/exportinggrouppolicypreferences/printerdeploy.md,,,,,,
Which settings can be managed with the Preferences Manager component?,current,https://docs.netwrix.com/docs/policypak/components/admintemplatesmanager/knowledgebase/exportinggrouppolicypreferences/settings,docs/policypak/components/admintemplatesmanager/knowledgebase/exportinggrouppolicypreferences/settings.md,,,,,,
How to enable and start a service using Group Policy Preferences,current,https://docs.netwrix.com/docs/policypak/components/admintemplatesmanager/knowledgebase/exportinggrouppolicypreferences/startservice,docs/policypak/components/admintemplatesmanager/knowledgebase/exportinggrouppolicypreferences/startservice.md,,,,,,
Can I use PolicyPak Cloud to deliver certificates ?,current,https://docs.netwrix.com/docs/policypak/components/admintemplatesmanager/knowledgebase/exportinggrouppolicysecurity/delivercertificates,docs/policypak/components/admintemplatesmanager/knowledgebase/exportinggrouppolicysecurity/delivercertificates.md,,,,,,
Why do I sometimes see PolicyPak Cloud security settings and sometimes see on-prem GPO security settings?,current,https://docs.netwrix.com/docs/policypak/components/admintemplatesmanager/knowledgebase/exportinggrouppolicysecurity/onpremisecloud,docs/policypak/components/admintemplatesmanager/knowledgebase/exportinggrouppolicysecurity/onpremisecloud.md,,,,,,
Why Won't my Windows Security Settings Export using GPO Export Manager,current,https://docs.netwrix.com/docs/policypak/components/admintemplatesmanager/knowledgebase/exportinggrouppolicysecurity/securitysettings,docs/policypak/components/admintemplatesmanager/knowledgebase/exportinggrouppolicysecurity/securitysettings.md,,,,,,
Which security settings can be exported by GPO Export Manager?,current,https://docs.netwrix.com/docs/policypak/components/admintemplatesmanager/knowledgebase/gpoexportmanager/securitysettings,docs/policypak/components/admintemplatesmanager/knowledgebase/gpoexportmanager/securitysettings.md,,,,,,
Why must some GPPreferences items be run in User Context?,current,https://docs.netwrix.com/docs/policypak/components/admintemplatesmanager/knowledgebase/gpoexportmanager/usercontext,docs/policypak/components/admintemplatesmanager/knowledgebase/gpoexportmanager/usercontext.md,,,,,,
Knowledge Base,current,https://docs.netwrix.com/docs/policypak/components/admintemplatesmanager/knowledgebase,docs/policypak/components/admintemplatesmanager/knowledgebase/knowledgebase.md,,,,,,
Using Comments,current,https://docs.netwrix.com/docs/policypak/components/admintemplatesmanager/manual/comments,docs/policypak/components/admintemplatesmanager/manual/comments.md,,,,,,
Merging and Reducing Existing GPOs,current,https://docs.netwrix.com/docs/policypak/components/admintemplatesmanager/manual/existinggpos,docs/policypak/components/admintemplatesmanager/manual/existinggpos.md,,,,,,
Exporting Policies and Collections,current,https://docs.netwrix.com/docs/policypak/components/admintemplatesmanager/manual/export,docs/policypak/components/admintemplatesmanager/manual/export.md,,,,,,
Adding a Collection,current,https://docs.netwrix.com/docs/policypak/components/admintemplatesmanager/manual/gettoknow/collection,docs/policypak/components/admintemplatesmanager/manual/gettoknow/collection.md,,,,,,
Adding a Policy on the Computer Side,current,https://docs.netwrix.com/docs/policypak/components/admintemplatesmanager/manual/gettoknow/computerside,docs/policypak/components/admintemplatesmanager/manual/gettoknow/computerside.md,,,,,,
Getting to Know Administrative Templates Manager,current,https://docs.netwrix.com/docs/policypak/components/admintemplatesmanager/manual/gettoknow/overview,docs/policypak/components/admintemplatesmanager/manual/gettoknow/overview.md,,,,,,
Adding a Policy on the User Side,current,https://docs.netwrix.com/docs/policypak/components/admintemplatesmanager/manual/gettoknow/userside,docs/policypak/components/admintemplatesmanager/manual/gettoknow/userside.md,,,,,,
Using Item-Level Targeting with Collections and Policies,current,https://docs.netwrix.com/docs/policypak/components/admintemplatesmanager/manual/itemleveltargeting,docs/policypak/components/admintemplatesmanager/manual/itemleveltargeting.md,,,,,,
Administrative Templates Manager,current,https://docs.netwrix.com/docs/policypak/components/admintemplatesmanager/manual/overview,docs/policypak/components/admintemplatesmanager/manual/overview.md,,,,,,
Understanding Priority,current,https://docs.netwrix.com/docs/policypak/components/admintemplatesmanager/manual/priority,docs/policypak/components/admintemplatesmanager/manual/priority.md,,,,,,
PolicyPak Admin Templates: Collections and Item Level Targeting,current,https://docs.netwrix.com/docs/policypak/components/admintemplatesmanager/videolearningcenter/admintemplatesmanager/collections,docs/policypak/components/admintemplatesmanager/videolearningcenter/admintemplatesmanager/collections.md,,,,,,
PolicyPak Admin Templates Manager: Switched Policies (without Loopback),current,https://docs.netwrix.com/docs/policypak/components/admintemplatesmanager/videolearningcenter/admintemplatesmanager/switchedpolicies,docs/policypak/components/admintemplatesmanager/videolearningcenter/admintemplatesmanager/switchedpolicies.md,,,,,,
PolicyPak Cloud: Deploy Group Policy Admin template settings over the internet,current,https://docs.netwrix.com/docs/policypak/components/admintemplatesmanager/videolearningcenter/admintemplatesmethods/deployinternet,docs/policypak/components/admintemplatesmanager/videolearningcenter/admintemplatesmethods/deployinternet.md,,,,,,
Reduce GPOs (and/or export them for use with PolicyPak Cloud or with MDM),current,https://docs.netwrix.com/docs/policypak/components/admintemplatesmanager/videolearningcenter/admintemplatesmethods/reducegpos,docs/policypak/components/admintemplatesmanager/videolearningcenter/admintemplatesmethods/reducegpos.md,,,,,,
PolicyPak Cloud: Use PP Cloud to create a new local user on your endpoints,current,https://docs.netwrix.com/docs/policypak/components/admintemplatesmanager/videolearningcenter/exportinggrouppolicy/cloudlocaluser,docs/policypak/components/admintemplatesmanager/videolearningcenter/exportinggrouppolicy/cloudlocaluser.md,,,,,,
Deliver GPPrefs items without using loopback mode,current,https://docs.netwrix.com/docs/policypak/components/admintemplatesmanager/videolearningcenter/exportinggrouppolicy/delivergpprefs,docs/policypak/components/admintemplatesmanager/videolearningcenter/exportinggrouppolicy/delivergpprefs.md,,,,,,
Use your GPOs with PolicyPak Cloud,current,https://docs.netwrix.com/docs/policypak/components/admintemplatesmanager/videolearningcenter/exportingtocloud/cloudimport,docs/policypak/components/admintemplatesmanager/videolearningcenter/exportingtocloud/cloudimport.md,,,,,,
PolicyPak Export Manager with MDM (like Intune),current,https://docs.netwrix.com/docs/policypak/components/admintemplatesmanager/videolearningcenter/exportingtocloud/mdm,docs/policypak/components/admintemplatesmanager/videolearningcenter/exportingtocloud/mdm.md,,,,,,
GPO MERGE TOOL REVERSE,current,https://docs.netwrix.com/docs/policypak/components/admintemplatesmanager/videolearningcenter/exportingtocloud/mergetool,docs/policypak/components/admintemplatesmanager/videolearningcenter/exportingtocloud/mergetool.md,,,,,,
Export Real GPO settings for use with PP Cloud or any MDM Service.,current,https://docs.netwrix.com/docs/policypak/components/admintemplatesmanager/videolearningcenter/exportingtocloud/realgposettings,docs/policypak/components/admintemplatesmanager/videolearningcenter/exportingtocloud/realgposettings.md,,,,,,
PolicyPak Exporter and SCCM: Deploy real GPOs via SCCM,current,https://docs.netwrix.com/docs/policypak/components/admintemplatesmanager/videolearningcenter/exportingtocloud/sccm,docs/policypak/components/admintemplatesmanager/videolearningcenter/exportingtocloud/sccm.md,,,,,,
PolicyPak Preferences: Printers (Consolidate GPOs and also deploy them via PP Cloud and your MDM service),current,https://docs.netwrix.com/docs/policypak/components/admintemplatesmanager/videolearningcenter/gettingstarted/consolidateprinter,docs/policypak/components/admintemplatesmanager/videolearningcenter/gettingstarted/consolidateprinter.md,,,,,,
PolicyPak Preferences: Registry Items (Consolidate GPOs and also deploy them via PP Cloud and your MDM service),current,https://docs.netwrix.com/docs/policypak/components/admintemplatesmanager/videolearningcenter/gettingstarted/consolidateregistry,docs/policypak/components/admintemplatesmanager/videolearningcenter/gettingstarted/consolidateregistry.md,,,,,,
PolicyPak Preferences: Drive Maps (Consolidate GPOs and also deploy them via PP Cloud and your MDM service),current,https://docs.netwrix.com/docs/policypak/components/admintemplatesmanager/videolearningcenter/gettingstarted/drivemaps,docs/policypak/components/admintemplatesmanager/videolearningcenter/gettingstarted/drivemaps.md,,,,,,
PolicyPak Preferences: Shortcuts (Consolidate GPOs and also deploy them via PP Cloud and your MDM service),current,https://docs.netwrix.com/docs/policypak/components/admintemplatesmanager/videolearningcenter/gettingstarted/shortcuts,docs/policypak/components/admintemplatesmanager/videolearningcenter/gettingstarted/shortcuts.md,,,,,,
The Ultimate Guide to Managing Screensavers,current,https://docs.netwrix.com/docs/policypak/components/admintemplatesmanager/videolearningcenter/screensavers,docs/policypak/components/admintemplatesmanager/videolearningcenter/screensavers.md,,,,,,
Video Learning Center,current,https://docs.netwrix.com/docs/policypak/components/admintemplatesmanager/videolearningcenter,docs/policypak/components/admintemplatesmanager/videolearningcenter/videolearningcenter.md,,,,,,
Advanced Notes for Policy Processing and Logs,current,https://docs.netwrix.com/docs/policypak/components/applicationsettingsmanager/manual/applicationsettings/advancednotes,docs/policypak/components/applicationsettingsmanager/manual/applicationsettings/advancednotes.md,,,,,,
Logs from the Client,current,https://docs.netwrix.com/docs/policypak/components/applicationsettingsmanager/manual/applicationsettings/client,docs/policypak/components/applicationsettingsmanager/manual/applicationsettings/client.md,,,,,,
What to Send Technical Support if You're Having an Issue with the Client,current,https://docs.netwrix.com/docs/policypak/components/applicationsettingsmanager/manual/applicationsettings/clientissues,docs/policypak/components/applicationsettingsmanager/manual/applicationsettings/clientissues.md,,,,,,
Working with Technical Support for Enhanced Client Logging,current,https://docs.netwrix.com/docs/policypak/components/applicationsettingsmanager/manual/applicationsettings/enhancedclientlogging,docs/policypak/components/applicationsettingsmanager/manual/applicationsettings/enhancedclientlogging.md,,,,,,
Extended AppLock™ Logs,current,https://docs.netwrix.com/docs/policypak/components/applicationsettingsmanager/manual/applicationsettings/extendedlogs,docs/policypak/components/applicationsettingsmanager/manual/applicationsettings/extendedlogs.md,,,,,,
Problems with PolicyPak AppLock™,current,https://docs.netwrix.com/docs/policypak/components/applicationsettingsmanager/manual/applicationsettings/overview_1,docs/policypak/components/applicationsettingsmanager/manual/applicationsettings/overview_1.md,,,,,,
Troubleshooting,current,https://docs.netwrix.com/docs/policypak/components/applicationsettingsmanager/manual/applicationsettings/overview,docs/policypak/components/applicationsettingsmanager/manual/applicationsettings/overview.md,,,,,,
When Settings Aren't Applying to the Client Machine,current,https://docs.netwrix.com/docs/policypak/components/applicationsettingsmanager/manual/applicationsettings/settings,docs/policypak/components/applicationsettingsmanager/manual/applicationsettings/settings.md,,,,,,
Tuning and Bypassing Item-Level Targeting,current,https://docs.netwrix.com/docs/policypak/components/applicationsettingsmanager/manual/applicationsettings/tuningbypassing,docs/policypak/components/applicationsettingsmanager/manual/applicationsettings/tuningbypassing.md,,,,,,
Version Numbers,current,https://docs.netwrix.com/docs/policypak/components/applicationsettingsmanager/manual/applicationsettings/versionnumbers,docs/policypak/components/applicationsettingsmanager/manual/applicationsettings/versionnumbers.md,,,,,,
Central Storage for PolicyPak Extension DLLs,current,https://docs.netwrix.com/docs/policypak/components/applicationsettingsmanager/manual/appsetfiles/central,docs/policypak/components/applicationsettingsmanager/manual/appsetfiles/central.md,,,,,,
Finding and Fixing GPOs with PolicyPak DLL Orphans,current,https://docs.netwrix.com/docs/policypak/components/applicationsettingsmanager/manual/appsetfiles/findfixgpos,docs/policypak/components/applicationsettingsmanager/manual/appsetfiles/findfixgpos.md,,,,,,
Using GPOTouch Utility to Automatically Update Storage,current,https://docs.netwrix.com/docs/policypak/components/applicationsettingsmanager/manual/appsetfiles/gpotouchutility,docs/policypak/components/applicationsettingsmanager/manual/appsetfiles/gpotouchutility.md,,,,,,
Local Storage for PolicyPak Extension DLLs,current,https://docs.netwrix.com/docs/policypak/components/applicationsettingsmanager/manual/appsetfiles/local,docs/policypak/components/applicationsettingsmanager/manual/appsetfiles/local.md,,,,,,
AppSet Files,current,https://docs.netwrix.com/docs/policypak/components/applicationsettingsmanager/manual/appsetfiles/overview,docs/policypak/components/applicationsettingsmanager/manual/appsetfiles/overview.md,,,,,,
Share-Based Storage for PolicyPak Extension DLLs,current,https://docs.netwrix.com/docs/policypak/components/applicationsettingsmanager/manual/appsetfiles/sharebased,docs/policypak/components/applicationsettingsmanager/manual/appsetfiles/sharebased.md,,,,,,
Version Control of PolicyPak Extension DLLs,current,https://docs.netwrix.com/docs/policypak/components/applicationsettingsmanager/manual/appsetfiles/versioncontrol,docs/policypak/components/applicationsettingsmanager/manual/appsetfiles/versioncontrol.md,,,,,,
Advanced AppSet Design and Manual Editing,current,https://docs.netwrix.com/docs/policypak/components/applicationsettingsmanager/manual/designstudio/advanced,docs/policypak/components/applicationsettingsmanager/manual/designstudio/advanced.md,,,,,,
Control Panel Items,current,https://docs.netwrix.com/docs/policypak/components/applicationsettingsmanager/manual/designstudio/applicationsprojects/controlpanel,docs/policypak/components/applicationsettingsmanager/manual/designstudio/applicationsprojects/controlpanel.md,,,,,,
Items That Use HKEY_Local_Machine,current,https://docs.netwrix.com/docs/policypak/components/applicationsettingsmanager/manual/designstudio/applicationsprojects/hkeylocalmachine,docs/policypak/components/applicationsettingsmanager/manual/designstudio/applicationsprojects/hkeylocalmachine.md,,,,,,
Java-Based User Interfaces,current,https://docs.netwrix.com/docs/policypak/components/applicationsettingsmanager/manual/designstudio/applicationsprojects/javabased,docs/policypak/components/applicationsettingsmanager/manual/designstudio/applicationsprojects/javabased.md,,,,,,
Mozilla-Based Applications,current,https://docs.netwrix.com/docs/policypak/components/applicationsettingsmanager/manual/designstudio/applicationsprojects/mozillabased,docs/policypak/components/applicationsettingsmanager/manual/designstudio/applicationsprojects/mozillabased.md,,,,,,
Special Applications and Project Types,current,https://docs.netwrix.com/docs/policypak/components/applicationsettingsmanager/manual/designstudio/applicationsprojects/overview,docs/policypak/components/applicationsettingsmanager/manual/designstudio/applicationsprojects/overview.md,,,,,,
Virtualized Applications,current,https://docs.netwrix.com/docs/policypak/components/applicationsettingsmanager/manual/designstudio/applicationsprojects/virtualized,docs/policypak/components/applicationsettingsmanager/manual/designstudio/applicationsprojects/virtualized.md,,,,,,
Removing AppLock™ GUIDs,current,https://docs.netwrix.com/docs/policypak/components/applicationsettingsmanager/manual/designstudio/applockguids,docs/policypak/components/applicationsettingsmanager/manual/designstudio/applockguids.md,,,,,,
Additional Configuration Wizard Information,current,https://docs.netwrix.com/docs/policypak/components/applicationsettingsmanager/manual/designstudio/configurationwizard/additionalconfiguration,docs/policypak/components/applicationsettingsmanager/manual/designstudio/configurationwizard/additionalconfiguration.md,,,,,,
Common Errors When Using the Wizard,current,https://docs.netwrix.com/docs/policypak/components/applicationsettingsmanager/manual/designstudio/configurationwizard/commonerrors,docs/policypak/components/applicationsettingsmanager/manual/designstudio/configurationwizard/commonerrors.md,,,,,,
Default Data Roots,current,https://docs.netwrix.com/docs/policypak/components/applicationsettingsmanager/manual/designstudio/configurationwizard/defaultdataroots,docs/policypak/components/applicationsettingsmanager/manual/designstudio/configurationwizard/defaultdataroots.md,,,,,,
Combo Boxes,current,https://docs.netwrix.com/docs/policypak/components/applicationsettingsmanager/manual/designstudio/configurationwizard/elements/comboboxes,docs/policypak/components/applicationsettingsmanager/manual/designstudio/configurationwizard/elements/comboboxes.md,,,,,,
File and Folder Browsers,current,https://docs.netwrix.com/docs/policypak/components/applicationsettingsmanager/manual/designstudio/configurationwizard/elements/filefolderbrowsers,docs/policypak/components/applicationsettingsmanager/manual/designstudio/configurationwizard/elements/filefolderbrowsers.md,,,,,,
Font Browsers,current,https://docs.netwrix.com/docs/policypak/components/applicationsettingsmanager/manual/designstudio/configurationwizard/elements/fontbrowsers,docs/policypak/components/applicationsettingsmanager/manual/designstudio/configurationwizard/elements/fontbrowsers.md,,,,,,
Configuring Elements,current,https://docs.netwrix.com/docs/policypak/components/applicationsettingsmanager/manual/designstudio/configurationwizard/elements/overview,docs/policypak/components/applicationsettingsmanager/manual/designstudio/configurationwizard/elements/overview.md,,,,,,
Radio Buttons,current,https://docs.netwrix.com/docs/policypak/components/applicationsettingsmanager/manual/designstudio/configurationwizard/elements/radiobuttons,docs/policypak/components/applicationsettingsmanager/manual/designstudio/configurationwizard/elements/radiobuttons.md,,,,,,
Sliders and Spinboxes,current,https://docs.netwrix.com/docs/policypak/components/applicationsettingsmanager/manual/designstudio/configurationwizard/elements/slidersspinboxes,docs/policypak/components/applicationsettingsmanager/manual/designstudio/configurationwizard/elements/slidersspinboxes.md,,,,,,
Text Boxes and Numeric Boxes,current,https://docs.netwrix.com/docs/policypak/components/applicationsettingsmanager/manual/designstudio/configurationwizard/elements/textnumericboxes,docs/policypak/components/applicationsettingsmanager/manual/designstudio/configurationwizard/elements/textnumericboxes.md,,,,,,
Populating Known Values,current,https://docs.netwrix.com/docs/policypak/components/applicationsettingsmanager/manual/designstudio/configurationwizard/knownvalues,docs/policypak/components/applicationsettingsmanager/manual/designstudio/configurationwizard/knownvalues.md,,,,,,
Configuring Elements Using the Configuration Wizard,current,https://docs.netwrix.com/docs/policypak/components/applicationsettingsmanager/manual/designstudio/configurationwizard/overview,docs/policypak/components/applicationsettingsmanager/manual/designstudio/configurationwizard/overview.md,,,,,,
Using the Configuration Wizard,current,https://docs.netwrix.com/docs/policypak/components/applicationsettingsmanager/manual/designstudio/configurationwizard/usage,docs/policypak/components/applicationsettingsmanager/manual/designstudio/configurationwizard/usage.md,,,,,,
Deleting Stray Elements,current,https://docs.netwrix.com/docs/policypak/components/applicationsettingsmanager/manual/designstudio/deleteelements,docs/policypak/components/applicationsettingsmanager/manual/designstudio/deleteelements.md,,,,,,
Configuration Data in %appdata%,current,https://docs.netwrix.com/docs/policypak/components/applicationsettingsmanager/manual/designstudio/discover/appdata,docs/policypak/components/applicationsettingsmanager/manual/designstudio/discover/appdata.md,,,,,,
Discovering Configuration Data Locations,current,https://docs.netwrix.com/docs/policypak/components/applicationsettingsmanager/manual/designstudio/discover/overview,docs/policypak/components/applicationsettingsmanager/manual/designstudio/discover/overview.md,,,,,,
Configuration Data in Program Files,current,https://docs.netwrix.com/docs/policypak/components/applicationsettingsmanager/manual/designstudio/discover/programfiles,docs/policypak/components/applicationsettingsmanager/manual/designstudio/discover/programfiles.md,,,,,,
Configuration Data Using Sysinternals Process Monitor,current,https://docs.netwrix.com/docs/policypak/components/applicationsettingsmanager/manual/designstudio/discover/sysinternalsprocessmonitor,docs/policypak/components/applicationsettingsmanager/manual/designstudio/discover/sysinternalsprocessmonitor.md,,,,,,
Configuration Data in VirtualStore,current,https://docs.netwrix.com/docs/policypak/components/applicationsettingsmanager/manual/designstudio/discover/virtualstore,docs/policypak/components/applicationsettingsmanager/manual/designstudio/discover/virtualstore.md,,,,,,
Using the Grays Wizard,current,https://docs.netwrix.com/docs/policypak/components/applicationsettingsmanager/manual/designstudio/grayswizard,docs/policypak/components/applicationsettingsmanager/manual/designstudio/grayswizard.md,,,,,,
Getting Around,current,https://docs.netwrix.com/docs/policypak/components/applicationsettingsmanager/manual/designstudio/navigation/overview,docs/policypak/components/applicationsettingsmanager/manual/designstudio/navigation/overview.md,,,,,,
Compilation,current,https://docs.netwrix.com/docs/policypak/components/applicationsettingsmanager/manual/designstudio/navigation/tab/compilation,docs/policypak/components/applicationsettingsmanager/manual/designstudio/navigation/tab/compilation.md,,,,,,
Error List,current,https://docs.netwrix.com/docs/policypak/components/applicationsettingsmanager/manual/designstudio/navigation/tab/errorlist,docs/policypak/components/applicationsettingsmanager/manual/designstudio/navigation/tab/errorlist.md,,,,,,
Hierarchy,current,https://docs.netwrix.com/docs/policypak/components/applicationsettingsmanager/manual/designstudio/navigation/tab/hierarchy,docs/policypak/components/applicationsettingsmanager/manual/designstudio/navigation/tab/hierarchy.md,,,,,,
Tabs,current,https://docs.netwrix.com/docs/policypak/components/applicationsettingsmanager/manual/designstudio/navigation/tab/overview,docs/policypak/components/applicationsettingsmanager/manual/designstudio/navigation/tab/overview.md,,,,,,
Properties,current,https://docs.netwrix.com/docs/policypak/components/applicationsettingsmanager/manual/designstudio/navigation/tab/properties,docs/policypak/components/applicationsettingsmanager/manual/designstudio/navigation/tab/properties.md,,,,,,
Project Properties,current,https://docs.netwrix.com/docs/policypak/components/applicationsettingsmanager/manual/designstudio/navigation/tab/propertiesproject,docs/policypak/components/applicationsettingsmanager/manual/designstudio/navigation/tab/propertiesproject.md,,,,,,
Vocabulary,current,https://docs.netwrix.com/docs/policypak/components/applicationsettingsmanager/manual/designstudio/navigation/vocabulary,docs/policypak/components/applicationsettingsmanager/manual/designstudio/navigation/vocabulary.md,,,,,,
DesignStudio,current,https://docs.netwrix.com/docs/policypak/components/applicationsettingsmanager/manual/designstudio/overview,docs/policypak/components/applicationsettingsmanager/manual/designstudio/overview.md,,,,,,
Creating Your First AppSet,current,https://docs.netwrix.com/docs/policypak/components/applicationsettingsmanager/manual/designstudio/quickstart/createappset,docs/policypak/components/applicationsettingsmanager/manual/designstudio/quickstart/createappset.md,,,,,,
Preparing Your PolicyPak Creation Station,current,https://docs.netwrix.com/docs/policypak/components/applicationsettingsmanager/manual/designstudio/quickstart/creationstation,docs/policypak/components/applicationsettingsmanager/manual/designstudio/quickstart/creationstation.md,,,,,,
Quick Start,current,https://docs.netwrix.com/docs/policypak/components/applicationsettingsmanager/manual/designstudio/quickstart/overview,docs/policypak/components/applicationsettingsmanager/manual/designstudio/quickstart/overview.md,,,,,,
Using the .reg Importer Utility,current,https://docs.netwrix.com/docs/policypak/components/applicationsettingsmanager/manual/designstudio/regimporteruitility,docs/policypak/components/applicationsettingsmanager/manual/designstudio/regimporteruitility.md,,,,,,
Applying Settings within Multiple Registry Keys,current,https://docs.netwrix.com/docs/policypak/components/applicationsettingsmanager/manual/designstudio/registrykeys,docs/policypak/components/applicationsettingsmanager/manual/designstudio/registrykeys.md,,,,,,
Adding Space to Scrollable Panels,current,https://docs.netwrix.com/docs/policypak/components/applicationsettingsmanager/manual/designstudio/scrollablepanels,docs/policypak/components/applicationsettingsmanager/manual/designstudio/scrollablepanels.md,,,,,,
Setting Up Application Configuration Data,current,https://docs.netwrix.com/docs/policypak/components/applicationsettingsmanager/manual/designstudio/setup,docs/policypak/components/applicationsettingsmanager/manual/designstudio/setup.md,,,,,,
Batch Compile,current,https://docs.netwrix.com/docs/policypak/components/applicationsettingsmanager/manual/designstudio/tools/batchcompile,docs/policypak/components/applicationsettingsmanager/manual/designstudio/tools/batchcompile.md,,,,,,
Global Search and Replace,current,https://docs.netwrix.com/docs/policypak/components/applicationsettingsmanager/manual/designstudio/tools/globalsearchreplace,docs/policypak/components/applicationsettingsmanager/manual/designstudio/tools/globalsearchreplace.md,,,,,,
Compilation Tab,current,https://docs.netwrix.com/docs/policypak/components/applicationsettingsmanager/manual/designstudio/tools/options/compilation,docs/policypak/components/applicationsettingsmanager/manual/designstudio/tools/options/compilation.md,,,,,,
Java Tab,current,https://docs.netwrix.com/docs/policypak/components/applicationsettingsmanager/manual/designstudio/tools/options/java,docs/policypak/components/applicationsettingsmanager/manual/designstudio/tools/options/java.md,,,,,,
Misc Tab,current,https://docs.netwrix.com/docs/policypak/components/applicationsettingsmanager/manual/designstudio/tools/options/misc,docs/policypak/components/applicationsettingsmanager/manual/designstudio/tools/options/misc.md,,,,,,
Options,current,https://docs.netwrix.com/docs/policypak/components/applicationsettingsmanager/manual/designstudio/tools/options/overview,docs/policypak/components/applicationsettingsmanager/manual/designstudio/tools/options/overview.md,,,,,,
UI Capture Tab,current,https://docs.netwrix.com/docs/policypak/components/applicationsettingsmanager/manual/designstudio/tools/options/uicapture,docs/policypak/components/applicationsettingsmanager/manual/designstudio/tools/options/uicapture.md,,,,,,
VirtualStore Tab,current,https://docs.netwrix.com/docs/policypak/components/applicationsettingsmanager/manual/designstudio/tools/options/virtualstore,docs/policypak/components/applicationsettingsmanager/manual/designstudio/tools/options/virtualstore.md,,,,,,
Using DesignStudio Tools,current,https://docs.netwrix.com/docs/policypak/components/applicationsettingsmanager/manual/designstudio/tools/overview,docs/policypak/components/applicationsettingsmanager/manual/designstudio/tools/overview.md,,,,,,
Pak Preview,current,https://docs.netwrix.com/docs/policypak/components/applicationsettingsmanager/manual/designstudio/tools/pakpreview,docs/policypak/components/applicationsettingsmanager/manual/designstudio/tools/pakpreview.md,,,,,,
PXML Merge Wizard,current,https://docs.netwrix.com/docs/policypak/components/applicationsettingsmanager/manual/designstudio/tools/pxmlmergewizard,docs/policypak/components/applicationsettingsmanager/manual/designstudio/tools/pxmlmergewizard.md,,,,,,
Show Elements List,current,https://docs.netwrix.com/docs/policypak/components/applicationsettingsmanager/manual/designstudio/tools/showelementslist,docs/policypak/components/applicationsettingsmanager/manual/designstudio/tools/showelementslist.md,,,,,,
Using the Capture Wizard,current,https://docs.netwrix.com/docs/policypak/components/applicationsettingsmanager/manual/designstudio/userinterface/capturewizard,docs/policypak/components/applicationsettingsmanager/manual/designstudio/userinterface/capturewizard.md,,,,,,
Manually Adding New Items,current,https://docs.netwrix.com/docs/policypak/components/applicationsettingsmanager/manual/designstudio/userinterface/manualadd,docs/policypak/components/applicationsettingsmanager/manual/designstudio/userinterface/manualadd.md,,,,,,
Modifications to Existing Elements,current,https://docs.netwrix.com/docs/policypak/components/applicationsettingsmanager/manual/designstudio/userinterface/manualedits/elementmodifications,docs/policypak/components/applicationsettingsmanager/manual/designstudio/userinterface/manualedits/elementmodifications.md,,,,,,
Element Transformations,current,https://docs.netwrix.com/docs/policypak/components/applicationsettingsmanager/manual/designstudio/userinterface/manualedits/elementtransformations,docs/policypak/components/applicationsettingsmanager/manual/designstudio/userinterface/manualedits/elementtransformations.md,,,,,,
Hidden Text,current,https://docs.netwrix.com/docs/policypak/components/applicationsettingsmanager/manual/designstudio/userinterface/manualedits/hiddentext,docs/policypak/components/applicationsettingsmanager/manual/designstudio/userinterface/manualedits/hiddentext.md,,,,,,
Non-Standard Captures,current,https://docs.netwrix.com/docs/policypak/components/applicationsettingsmanager/manual/designstudio/userinterface/manualedits/nonstandard,docs/policypak/components/applicationsettingsmanager/manual/designstudio/userinterface/manualedits/nonstandard.md,,,,,,
Items That Cannot Be Managed,current,https://docs.netwrix.com/docs/policypak/components/applicationsettingsmanager/manual/designstudio/userinterface/manualedits/notmanaged,docs/policypak/components/applicationsettingsmanager/manual/designstudio/userinterface/manualedits/notmanaged.md,,,,,,
Manual Edits,current,https://docs.netwrix.com/docs/policypak/components/applicationsettingsmanager/manual/designstudio/userinterface/manualedits/overview,docs/policypak/components/applicationsettingsmanager/manual/designstudio/userinterface/manualedits/overview.md,,,,,,
Crafting the User Interface of Your AppSet,current,https://docs.netwrix.com/docs/policypak/components/applicationsettingsmanager/manual/designstudio/userinterface/overview,docs/policypak/components/applicationsettingsmanager/manual/designstudio/userinterface/overview.md,,,,,,
Capturing Subdialogs,current,https://docs.netwrix.com/docs/policypak/components/applicationsettingsmanager/manual/designstudio/userinterface/subdialogs,docs/policypak/components/applicationsettingsmanager/manual/designstudio/userinterface/subdialogs.md,,,,,,
Understanding Unexpected Results,current,https://docs.netwrix.com/docs/policypak/components/applicationsettingsmanager/manual/designstudio/userinterface/unexpectedresults,docs/policypak/components/applicationsettingsmanager/manual/designstudio/userinterface/unexpectedresults.md,,,,,,
Item-Level Targeting for an AppSet Entry,current,https://docs.netwrix.com/docs/policypak/components/applicationsettingsmanager/manual/extras/appsetentry,docs/policypak/components/applicationsettingsmanager/manual/extras/appsetentry.md,,,,,,
Internal Item-Level Targeting for the AppSet Itself,current,https://docs.netwrix.com/docs/policypak/components/applicationsettingsmanager/manual/extras/appsetinternal,docs/policypak/components/applicationsettingsmanager/manual/extras/appsetinternal.md,,,,,,
Managed By PolicyPak,current,https://docs.netwrix.com/docs/policypak/components/applicationsettingsmanager/manual/extras/managedby,docs/policypak/components/applicationsettingsmanager/manual/extras/managedby.md,,,,,,
Multiple AppSets and Priority,current,https://docs.netwrix.com/docs/policypak/components/applicationsettingsmanager/manual/extras/multipleappsetspriority,docs/policypak/components/applicationsettingsmanager/manual/extras/multipleappsetspriority.md,,,,,,
Extras,current,https://docs.netwrix.com/docs/policypak/components/applicationsettingsmanager/manual/extras/overview,docs/policypak/components/applicationsettingsmanager/manual/extras/overview.md,,,,,,
Setting a Description,current,https://docs.netwrix.com/docs/policypak/components/applicationsettingsmanager/manual/extras/settingdescription,docs/policypak/components/applicationsettingsmanager/manual/extras/settingdescription.md,,,,,,
Discovering IDs for Firefox Add-Ons,current,https://docs.netwrix.com/docs/policypak/components/applicationsettingsmanager/manual/firefox/addons/discoveringids,docs/policypak/components/applicationsettingsmanager/manual/firefox/addons/discoveringids.md,,,,,,
Using PolicyPak to Enable or Disable Add-Ons,current,https://docs.netwrix.com/docs/policypak/components/applicationsettingsmanager/manual/firefox/addons/enabledisable,docs/policypak/components/applicationsettingsmanager/manual/firefox/addons/enabledisable.md,,,,,,
Using the ID to Enable or Disable Add-Ons,current,https://docs.netwrix.com/docs/policypak/components/applicationsettingsmanager/manual/firefox/addons/enabledisableid,docs/policypak/components/applicationsettingsmanager/manual/firefox/addons/enabledisableid.md,,,,,,
Force Installation of URL and File-Based Firefox Add-Ons,current,https://docs.netwrix.com/docs/policypak/components/applicationsettingsmanager/manual/firefox/addons/forceinstallation,docs/policypak/components/applicationsettingsmanager/manual/firefox/addons/forceinstallation.md,,,,,,
Add-Ons,current,https://docs.netwrix.com/docs/policypak/components/applicationsettingsmanager/manual/firefox/addons/overview,docs/policypak/components/applicationsettingsmanager/manual/firefox/addons/overview.md,,,,,,
Tips and Tricks,current,https://docs.netwrix.com/docs/policypak/components/applicationsettingsmanager/manual/firefox/addons/tipstricks,docs/policypak/components/applicationsettingsmanager/manual/firefox/addons/tipstricks.md,,,,,,
Using a Wildcard,current,https://docs.netwrix.com/docs/policypak/components/applicationsettingsmanager/manual/firefox/addons/wildcard,docs/policypak/components/applicationsettingsmanager/manual/firefox/addons/wildcard.md,,,,,,
Managing Application Handlers,current,https://docs.netwrix.com/docs/policypak/components/applicationsettingsmanager/manual/firefox/applicationhandlers,docs/policypak/components/applicationsettingsmanager/manual/firefox/applicationhandlers.md,,,,,,
Bookmarks,current,https://docs.netwrix.com/docs/policypak/components/applicationsettingsmanager/manual/firefox/bookmarks,docs/policypak/components/applicationsettingsmanager/manual/firefox/bookmarks.md,,,,,,
Certificates,current,https://docs.netwrix.com/docs/policypak/components/applicationsettingsmanager/manual/firefox/overview_1,docs/policypak/components/applicationsettingsmanager/manual/firefox/overview_1.md,,,,,,
Firefox AppSet,current,https://docs.netwrix.com/docs/policypak/components/applicationsettingsmanager/manual/firefox/overview,docs/policypak/components/applicationsettingsmanager/manual/firefox/overview.md,,,,,,
Permissions and Pop Ups,current,https://docs.netwrix.com/docs/policypak/components/applicationsettingsmanager/manual/firefox/permissions,docs/policypak/components/applicationsettingsmanager/manual/firefox/permissions.md,,,,,,
Hiding Preferences Pages and Other Special Elements,current,https://docs.netwrix.com/docs/policypak/components/applicationsettingsmanager/manual/firefox/preferences,docs/policypak/components/applicationsettingsmanager/manual/firefox/preferences.md,,,,,,
Special Features in the Firefox AppSet,current,https://docs.netwrix.com/docs/policypak/components/applicationsettingsmanager/manual/firefox/specialfeatures,docs/policypak/components/applicationsettingsmanager/manual/firefox/specialfeatures.md,,,,,,
How to Use Special Sections,current,https://docs.netwrix.com/docs/policypak/components/applicationsettingsmanager/manual/firefox/specialsections,docs/policypak/components/applicationsettingsmanager/manual/firefox/specialsections.md,,,,,,
UnInstalling the PolicyPak Application Settings Manager Firefox Functionality,current,https://docs.netwrix.com/docs/policypak/components/applicationsettingsmanager/manual/firefox/uninstall,docs/policypak/components/applicationsettingsmanager/manual/firefox/uninstall.md,,,,,,
Normal Sections in the IE AppSet,current,https://docs.netwrix.com/docs/policypak/components/applicationsettingsmanager/manual/internetexplorer/normalsections,docs/policypak/components/applicationsettingsmanager/manual/internetexplorer/normalsections.md,,,,,,
Internet Explorer AppSet,current,https://docs.netwrix.com/docs/policypak/components/applicationsettingsmanager/manual/internetexplorer/overview,docs/policypak/components/applicationsettingsmanager/manual/internetexplorer/overview.md,,,,,,
How to Use Special Sections,current,https://docs.netwrix.com/docs/policypak/components/applicationsettingsmanager/manual/internetexplorer/specialsections,docs/policypak/components/applicationsettingsmanager/manual/internetexplorer/specialsections.md,,,,,,
Advanced Tab,current,https://docs.netwrix.com/docs/policypak/components/applicationsettingsmanager/manual/internetexplorer/tab/advanced,docs/policypak/components/applicationsettingsmanager/manual/internetexplorer/tab/advanced.md,,,,,,
Compatibility View Tab,current,https://docs.netwrix.com/docs/policypak/components/applicationsettingsmanager/manual/internetexplorer/tab/compatibilityview,docs/policypak/components/applicationsettingsmanager/manual/internetexplorer/tab/compatibilityview.md,,,,,,
Connections Tab,current,https://docs.netwrix.com/docs/policypak/components/applicationsettingsmanager/manual/internetexplorer/tab/connections,docs/policypak/components/applicationsettingsmanager/manual/internetexplorer/tab/connections.md,,,,,,
Content Tab,current,https://docs.netwrix.com/docs/policypak/components/applicationsettingsmanager/manual/internetexplorer/tab/content,docs/policypak/components/applicationsettingsmanager/manual/internetexplorer/tab/content.md,,,,,,
Enterprise Mode,current,https://docs.netwrix.com/docs/policypak/components/applicationsettingsmanager/manual/internetexplorer/tab/enterprisemode,docs/policypak/components/applicationsettingsmanager/manual/internetexplorer/tab/enterprisemode.md,,,,,,
Extras Tab,current,https://docs.netwrix.com/docs/policypak/components/applicationsettingsmanager/manual/internetexplorer/tab/extras,docs/policypak/components/applicationsettingsmanager/manual/internetexplorer/tab/extras.md,,,,,,
Favorites and Links,current,https://docs.netwrix.com/docs/policypak/components/applicationsettingsmanager/manual/internetexplorer/tab/favoriteslinks,docs/policypak/components/applicationsettingsmanager/manual/internetexplorer/tab/favoriteslinks.md,,,,,,
General Tab,current,https://docs.netwrix.com/docs/policypak/components/applicationsettingsmanager/manual/internetexplorer/tab/general,docs/policypak/components/applicationsettingsmanager/manual/internetexplorer/tab/general.md,,,,,,
IE AppSet Tabs,current,https://docs.netwrix.com/docs/policypak/components/applicationsettingsmanager/manual/internetexplorer/tab/overview,docs/policypak/components/applicationsettingsmanager/manual/internetexplorer/tab/overview.md,,,,,,
Privacy Tab,current,https://docs.netwrix.com/docs/policypak/components/applicationsettingsmanager/manual/internetexplorer/tab/privacy,docs/policypak/components/applicationsettingsmanager/manual/internetexplorer/tab/privacy.md,,,,,,
Programs Tab,current,https://docs.netwrix.com/docs/policypak/components/applicationsettingsmanager/manual/internetexplorer/tab/programs,docs/policypak/components/applicationsettingsmanager/manual/internetexplorer/tab/programs.md,,,,,,
Security Tab,current,https://docs.netwrix.com/docs/policypak/components/applicationsettingsmanager/manual/internetexplorer/tab/security,docs/policypak/components/applicationsettingsmanager/manual/internetexplorer/tab/security.md,,,,,,
ACL Lockdown™ Mode,current,https://docs.netwrix.com/docs/policypak/components/applicationsettingsmanager/manual/modes/acllockdown,docs/policypak/components/applicationsettingsmanager/manual/modes/acllockdown.md,,,,,,
AppLock™ Modes,current,https://docs.netwrix.com/docs/policypak/components/applicationsettingsmanager/manual/modes/applock,docs/policypak/components/applicationsettingsmanager/manual/modes/applock.md,,,,,,
Delivering Settings and Values,current,https://docs.netwrix.com/docs/policypak/components/applicationsettingsmanager/manual/modes/deliversettingsvalues,docs/policypak/components/applicationsettingsmanager/manual/modes/deliversettingsvalues.md,,,,,,
Enforcement Modes,current,https://docs.netwrix.com/docs/policypak/components/applicationsettingsmanager/manual/modes/enforcement,docs/policypak/components/applicationsettingsmanager/manual/modes/enforcement.md,,,,,,
Special Mouse Shortcuts for Quick Enforcement of Modes,current,https://docs.netwrix.com/docs/policypak/components/applicationsettingsmanager/manual/modes/mouseshortcuts,docs/policypak/components/applicationsettingsmanager/manual/modes/mouseshortcuts.md,,,,,,
Modes,current,https://docs.netwrix.com/docs/policypak/components/applicationsettingsmanager/manual/modes/overview,docs/policypak/components/applicationsettingsmanager/manual/modes/overview.md,,,,,,
Reversion Mode,current,https://docs.netwrix.com/docs/policypak/components/applicationsettingsmanager/manual/modes/reversion,docs/policypak/components/applicationsettingsmanager/manual/modes/reversion.md,,,,,,
Settings Delivery and Reinforcement Options,current,https://docs.netwrix.com/docs/policypak/components/applicationsettingsmanager/manual/modes/settingsdeliveryreinforcementoptions,docs/policypak/components/applicationsettingsmanager/manual/modes/settingsdeliveryreinforcementoptions.md,,,,,,
Switched Mode,current,https://docs.netwrix.com/docs/policypak/components/applicationsettingsmanager/manual/modes/switched,docs/policypak/components/applicationsettingsmanager/manual/modes/switched.md,,,,,,
"Backup, Restore, and XML Export and Import",current,https://docs.netwrix.com/docs/policypak/components/applicationsettingsmanager/manual/overview_1,docs/policypak/components/applicationsettingsmanager/manual/overview_1.md,,,,,,
Application Settings Manager,current,https://docs.netwrix.com/docs/policypak/components/applicationsettingsmanager/manual/overview,docs/policypak/components/applicationsettingsmanager/manual/overview.md,,,,,,
Locking Down the Use of Application Settings Manager ACL Lockdown™,current,https://docs.netwrix.com/docs/policypak/components/applicationsettingsmanager/manual/quickstartwithprecon/acllockdown,docs/policypak/components/applicationsettingsmanager/manual/quickstartwithprecon/acllockdown.md,,,,,,
Automatic Reapplication of Changes,current,https://docs.netwrix.com/docs/policypak/components/applicationsettingsmanager/manual/quickstartwithprecon/automaticreapplicationchanges,docs/policypak/components/applicationsettingsmanager/manual/quickstartwithprecon/automaticreapplicationchanges.md,,,,,,
Leveraging an Existing Preconfigured AppSet,current,https://docs.netwrix.com/docs/policypak/components/applicationsettingsmanager/manual/quickstartwithprecon/leverageexisting,docs/policypak/components/applicationsettingsmanager/manual/quickstartwithprecon/leverageexisting.md,,,,,,
Reverting the AppSet,current,https://docs.netwrix.com/docs/policypak/components/applicationsettingsmanager/manual/quickstartwithprecon/revertappset,docs/policypak/components/applicationsettingsmanager/manual/quickstartwithprecon/revertappset.md,,,,,,
"Special Notes about the FireFox AppSet, Thunderbird AppSet, Java AppSet, and Internet Explorer AppSet",current,https://docs.netwrix.com/docs/policypak/components/applicationsettingsmanager/manual/quickstartwithprecon/specialnotes,docs/policypak/components/applicationsettingsmanager/manual/quickstartwithprecon/specialnotes.md,,,,,,
Testing the Application of a Preconfigured AppSet,current,https://docs.netwrix.com/docs/policypak/components/applicationsettingsmanager/manual/quickstartwithprecon/testapplication,docs/policypak/components/applicationsettingsmanager/manual/quickstartwithprecon/testapplication.md,,,,,,
Testing Your Application Settings Manager Settings on Your Client (Target) Machine,current,https://docs.netwrix.com/docs/policypak/components/applicationsettingsmanager/manual/quickstartwithprecon/testclient,docs/policypak/components/applicationsettingsmanager/manual/quickstartwithprecon/testclient.md,,,,,,
How AppSets and Settings are Delivered and Reverted,current,https://docs.netwrix.com/docs/policypak/components/applicationsettingsmanager/manual/underhood/deliveredreverted,docs/policypak/components/applicationsettingsmanager/manual/underhood/deliveredreverted.md,,,,,,
"Reporting and What's Happening ""Under the Hood""",current,https://docs.netwrix.com/docs/policypak/components/applicationsettingsmanager/manual/underhood/overview,docs/policypak/components/applicationsettingsmanager/manual/underhood/overview.md,,,,,,
Precedence,current,https://docs.netwrix.com/docs/policypak/components/applicationsettingsmanager/manual/underhood/precedence,docs/policypak/components/applicationsettingsmanager/manual/underhood/precedence.md,,,,,,
Reporting,current,https://docs.netwrix.com/docs/policypak/components/applicationsettingsmanager/manual/underhood/reporting,docs/policypak/components/applicationsettingsmanager/manual/underhood/reporting.md,,,,,,
Environment Variables and Shell Folders,current,https://docs.netwrix.com/docs/policypak/components/applicationsettingsmanager/manual/variables,docs/policypak/components/applicationsettingsmanager/manual/variables.md,,,,,,
What must I do to prepare for PolicyPak Tech Support to assist me with AppSet creation?,current,https://docs.netwrix.com/docs/policypak/components/applicationsettingsmanager/technotes/designstudio/creation,docs/policypak/components/applicationsettingsmanager/technotes/designstudio/creation.md,,,,,,
"Besides the installation of Design Studio, are there any additional components I need on my computer in order to create my own AppSets?",current,https://docs.netwrix.com/docs/policypak/components/applicationsettingsmanager/technotes/designstudio/designstudioadditional,docs/policypak/components/applicationsettingsmanager/technotes/designstudio/designstudioadditional.md,,,,,,
Can I store the DLL extensions in a central location AND locally on the machine I create my Paks on and if so which one is utilized?,current,https://docs.netwrix.com/docs/policypak/components/applicationsettingsmanager/technotes/dllstorage,docs/policypak/components/applicationsettingsmanager/technotes/dllstorage.md,,,,,,
How can I use the PolicyPakCentral store (if I was already using the PolicyPak Local store?),current,https://docs.netwrix.com/docs/policypak/components/applicationsettingsmanager/technotes/generalconfiguration/centralstore,docs/policypak/components/applicationsettingsmanager/technotes/generalconfiguration/centralstore.md,,,,,,
I am configuring the values for some settings for an application. Many of these settings involve checkmarks which are unchecked by default. How can I tell if an unchecked checkbox is being delivered or not?,current,https://docs.netwrix.com/docs/policypak/components/applicationsettingsmanager/technotes/generalconfiguration/checkmarks,docs/policypak/components/applicationsettingsmanager/technotes/generalconfiguration/checkmarks.md,,,,,,
Is there a particular naming scheme I need to use when compiling my Paks within Design Studio?,current,https://docs.netwrix.com/docs/policypak/components/applicationsettingsmanager/technotes/generalconfiguration/designstudio,docs/policypak/components/applicationsettingsmanager/technotes/generalconfiguration/designstudio.md,,,,,,
I installed Design Studio on a Windows 7 Laptop but there are still some XP and Vista stations in our network. Will the Paks I create work for all three operating system?,current,https://docs.netwrix.com/docs/policypak/components/applicationsettingsmanager/technotes/generalconfiguration/designstudiowindows7,docs/policypak/components/applicationsettingsmanager/technotes/generalconfiguration/designstudiowindows7.md,,,,,,
We upgraded our DLL files recently after creating a new Pak with Design Studio. After the implementation we would like to revert back to the original Pak. I have a local copy of the former DLL. Can I downgrade to the curre,current,https://docs.netwrix.com/docs/policypak/components/applicationsettingsmanager/technotes/generalconfiguration/downgrade,docs/policypak/components/applicationsettingsmanager/technotes/generalconfiguration/downgrade.md,,,,,,
What happens to a application setting when the GPO falls out of scope?,current,https://docs.netwrix.com/docs/policypak/components/applicationsettingsmanager/technotes/generalconfiguration/expires,docs/policypak/components/applicationsettingsmanager/technotes/generalconfiguration/expires.md,,,,,,
"I deselected the Applock feature, Disable whole tab in target application, but the elements are still grayed out. How can I fix this?",current,https://docs.netwrix.com/docs/policypak/components/applicationsettingsmanager/technotes/generalconfiguration/feature,docs/policypak/components/applicationsettingsmanager/technotes/generalconfiguration/feature.md,,,,,,
Should I backup my Pak files?,current,https://docs.netwrix.com/docs/policypak/components/applicationsettingsmanager/technotes/generalconfiguration/files,docs/policypak/components/applicationsettingsmanager/technotes/generalconfiguration/files.md,,,,,,
I'm trying to find a particular font setting in one of your Word Paks but I can't find it. Is the setting not supported?,current,https://docs.netwrix.com/docs/policypak/components/applicationsettingsmanager/technotes/generalconfiguration/fontsetting,docs/policypak/components/applicationsettingsmanager/technotes/generalconfiguration/fontsetting.md,,,,,,
What if I am having trouble getting the Licensing GPO installed?,current,https://docs.netwrix.com/docs/policypak/components/applicationsettingsmanager/technotes/generalconfiguration/gpo,docs/policypak/components/applicationsettingsmanager/technotes/generalconfiguration/gpo.md,,,,,,
What happens to Application Settings Manager settings when the PolicyPak license expires / if my company chooses not to renew?,current,https://docs.netwrix.com/docs/policypak/components/applicationsettingsmanager/technotes/generalconfiguration/gpooutofscope,docs/policypak/components/applicationsettingsmanager/technotes/generalconfiguration/gpooutofscope.md,,,,,,
Can I Export my GPO settings so that they can be used in the future to create similar GPOs?,current,https://docs.netwrix.com/docs/policypak/components/applicationsettingsmanager/technotes/generalconfiguration/gpos_1,docs/policypak/components/applicationsettingsmanager/technotes/generalconfiguration/gpos_1.md,,,,,,
Is there an easy way to back up the GPO's I configured with Application Manager?,current,https://docs.netwrix.com/docs/policypak/components/applicationsettingsmanager/technotes/generalconfiguration/gpos,docs/policypak/components/applicationsettingsmanager/technotes/generalconfiguration/gpos.md,,,,,,
"Does Application Manager work when the machine is NOT US-English (say, Italian or Russian?)",current,https://docs.netwrix.com/docs/policypak/components/applicationsettingsmanager/technotes/generalconfiguration/language,docs/policypak/components/applicationsettingsmanager/technotes/generalconfiguration/language.md,,,,,,
How can I keep abreast of the latest PolicyPak updates as they are released?,current,https://docs.netwrix.com/docs/policypak/components/applicationsettingsmanager/technotes/generalconfiguration/latestupdates,docs/policypak/components/applicationsettingsmanager/technotes/generalconfiguration/latestupdates.md,,,,,,
How many PolicyPak policies can I create within one Group Policy Object?,current,https://docs.netwrix.com/docs/policypak/components/applicationsettingsmanager/technotes/generalconfiguration/limitations,docs/policypak/components/applicationsettingsmanager/technotes/generalconfiguration/limitations.md,,,,,,
"I am selecting values for certain settings for the Lync client. On the Alerts tab, I am selecting and deselecting various radio buttons but none of these selections are being underlined. Why is this?",current,https://docs.netwrix.com/docs/policypak/components/applicationsettingsmanager/technotes/generalconfiguration/lyncclient,docs/policypak/components/applicationsettingsmanager/technotes/generalconfiguration/lyncclient.md,,,,,,
I need to modify the Pak (DLL file) of one of the applications I control with Application Manager. Will I lose my group policy settings after I modify the DLL file,current,https://docs.netwrix.com/docs/policypak/components/applicationsettingsmanager/technotes/generalconfiguration/modifydll,docs/policypak/components/applicationsettingsmanager/technotes/generalconfiguration/modifydll.md,,,,,,
Should I put lots of Paks (or other PP directives into one GPO?),current,https://docs.netwrix.com/docs/policypak/components/applicationsettingsmanager/technotes/generalconfiguration/onegpo,docs/policypak/components/applicationsettingsmanager/technotes/generalconfiguration/onegpo.md,,,,,,
Can I deploy the Application Manager settings I've configured as a one-time only deployment like Group Policy Preferences does?,current,https://docs.netwrix.com/docs/policypak/components/applicationsettingsmanager/technotes/generalconfiguration/onetime,docs/policypak/components/applicationsettingsmanager/technotes/generalconfiguration/onetime.md,,,,,,
Are there any required permission settings for a PolicyPakAdministrator to store PolicyPak Suite DLL Extensions to the central store?,current,https://docs.netwrix.com/docs/policypak/components/applicationsettingsmanager/technotes/generalconfiguration/permissions,docs/policypak/components/applicationsettingsmanager/technotes/generalconfiguration/permissions.md,,,,,,
"Can Application Manager help me in pushing, assigning or configuring printers?",current,https://docs.netwrix.com/docs/policypak/components/applicationsettingsmanager/technotes/generalconfiguration/printers,docs/policypak/components/applicationsettingsmanager/technotes/generalconfiguration/printers.md,,,,,,
Application Manager Roles and Responsibilities,current,https://docs.netwrix.com/docs/policypak/components/applicationsettingsmanager/technotes/generalconfiguration/rolesresponsibilities,docs/policypak/components/applicationsettingsmanager/technotes/generalconfiguration/rolesresponsibilities.md,,,,,,
Should I create PolicyPak Application Manager policies on the USER or COMPUTER side?,current,https://docs.netwrix.com/docs/policypak/components/applicationsettingsmanager/technotes/generalconfiguration/side,docs/policypak/components/applicationsettingsmanager/technotes/generalconfiguration/side.md,,,,,,
What is the difference between running the gp update (Microsoft) and ppupdate (PolicyPak) commands?,current,https://docs.netwrix.com/docs/policypak/components/applicationsettingsmanager/technotes/generalconfiguration/updatedcommands,docs/policypak/components/applicationsettingsmanager/technotes/generalconfiguration/updatedcommands.md,,,,,,
How do I upgrade Application Manager when I upgrade my DCs / servers?,current,https://docs.netwrix.com/docs/policypak/components/applicationsettingsmanager/technotes/generalconfiguration/upgrade,docs/policypak/components/applicationsettingsmanager/technotes/generalconfiguration/upgrade.md,,,,,,
How-to gain access of a remote computer using built-in Windows Remote Assistance application?,current,https://docs.netwrix.com/docs/policypak/components/applicationsettingsmanager/technotes/generalconfiguration/windowsremoteassistance,docs/policypak/components/applicationsettingsmanager/technotes/generalconfiguration/windowsremoteassistance.md,,,,,,
Knowledge Base,current,https://docs.netwrix.com/docs/policypak/components/applicationsettingsmanager/technotes/knowledgebase,docs/policypak/components/applicationsettingsmanager/technotes/knowledgebase.md,,,,,,
"Internet Explorer: I'm trying to use IE 11's Enterprise Mode, but it doesn't appear to be working?",current,https://docs.netwrix.com/docs/policypak/components/applicationsettingsmanager/technotes/preconfiguredappsets/11enterprisemode,docs/policypak/components/applicationsettingsmanager/technotes/preconfiguredappsets/11enterprisemode.md,,,,,,
Internet Explorer: Can I enable / disable add-ons for Internet Explorer?,current,https://docs.netwrix.com/docs/policypak/components/applicationsettingsmanager/technotes/preconfiguredappsets/addons_1,docs/policypak/components/applicationsettingsmanager/technotes/preconfiguredappsets/addons_1.md,,,,,,
Firefox: Can I enable / disable add-ons for Firefox?,current,https://docs.netwrix.com/docs/policypak/components/applicationsettingsmanager/technotes/preconfiguredappsets/addons,docs/policypak/components/applicationsettingsmanager/technotes/preconfiguredappsets/addons.md,,,,,,
"Firefox: How do I set ""Allow Now"", ""Allow and Remember"" or ""Block Plugin"" as plug-ins are requested?",current,https://docs.netwrix.com/docs/policypak/components/applicationsettingsmanager/technotes/preconfiguredappsets/allowremember,docs/policypak/components/applicationsettingsmanager/technotes/preconfiguredappsets/allowremember.md,,,,,,
Firefox: Why doesn't the Firefox Applications Handler function work as expected?,current,https://docs.netwrix.com/docs/policypak/components/applicationsettingsmanager/technotes/preconfiguredappsets/applicationshandlerfunction,docs/policypak/components/applicationsettingsmanager/technotes/preconfiguredappsets/applicationshandlerfunction.md,,,,,,
"Firefox: How can I deliver Certificates to ""Certificate Authority"" store and select ""websites"", ""mail users"" and ""software makers""?",current,https://docs.netwrix.com/docs/policypak/components/applicationsettingsmanager/technotes/preconfiguredappsets/authority,docs/policypak/components/applicationsettingsmanager/technotes/preconfiguredappsets/authority.md,,,,,,
Firefox: Why don't I see Bookmarks and Pop-Ups settings set when user has NEVER run Firefox before?,current,https://docs.netwrix.com/docs/policypak/components/applicationsettingsmanager/technotes/preconfiguredappsets/bookmarkpopups,docs/policypak/components/applicationsettingsmanager/technotes/preconfiguredappsets/bookmarkpopups.md,,,,,,
"Other: Is ""Internal Item-Level Targeting"" on by default?",current,https://docs.netwrix.com/docs/policypak/components/applicationsettingsmanager/technotes/preconfiguredappsets/bydefault,docs/policypak/components/applicationsettingsmanager/technotes/preconfiguredappsets/bydefault.md,,,,,,
Admin Console (Item Level Targeting): Why would I want to bypass Internal (pre-defined) Item Level Targeting?,current,https://docs.netwrix.com/docs/policypak/components/applicationsettingsmanager/technotes/preconfiguredappsets/bypassinternal,docs/policypak/components/applicationsettingsmanager/technotes/preconfiguredappsets/bypassinternal.md,,,,,,
Firefox: How do I troubleshoot adding Certificates with PolicyPak and Firefox?,current,https://docs.netwrix.com/docs/policypak/components/applicationsettingsmanager/technotes/preconfiguredappsets/certificates_1,docs/policypak/components/applicationsettingsmanager/technotes/preconfiguredappsets/certificates_1.md,,,,,,
"Firefox: Can I deliver, manage and/or revoke certificates directly to Firefox?",current,https://docs.netwrix.com/docs/policypak/components/applicationsettingsmanager/technotes/preconfiguredappsets/certificates_2,docs/policypak/components/applicationsettingsmanager/technotes/preconfiguredappsets/certificates_2.md,,,,,,
"Internet Explorer: Can I deliver, manage and/or revoke certificates directly to Internet Explorer?",current,https://docs.netwrix.com/docs/policypak/components/applicationsettingsmanager/technotes/preconfiguredappsets/certificates_3,docs/policypak/components/applicationsettingsmanager/technotes/preconfiguredappsets/certificates_3.md,,,,,,
Chrome: How do I manage certificates with Google Chrome?,current,https://docs.netwrix.com/docs/policypak/components/applicationsettingsmanager/technotes/preconfiguredappsets/certificates,docs/policypak/components/applicationsettingsmanager/technotes/preconfiguredappsets/certificates.md,,,,,,
Internet Explorer: How do I deploy custom settings to zones?,current,https://docs.netwrix.com/docs/policypak/components/applicationsettingsmanager/technotes/preconfiguredappsets/customsettings,docs/policypak/components/applicationsettingsmanager/technotes/preconfiguredappsets/customsettings.md,,,,,,
Firefox: How can I fix Dark Theme / Firefox 56 when using PolicyPak?,current,https://docs.netwrix.com/docs/policypak/components/applicationsettingsmanager/technotes/preconfiguredappsets/darktheme,docs/policypak/components/applicationsettingsmanager/technotes/preconfiguredappsets/darktheme.md,,,,,,
HowTo: One of my AppSet entry's settings is not getting delivered on target machines. What should be the first thing to look into?,current,https://docs.netwrix.com/docs/policypak/components/applicationsettingsmanager/technotes/preconfiguredappsets/entrysettings,docs/policypak/components/applicationsettingsmanager/technotes/preconfiguredappsets/entrysettings.md,,,,,,
Firefox: Is PolicyPak compatible with Firefox ESR?,current,https://docs.netwrix.com/docs/policypak/components/applicationsettingsmanager/technotes/preconfiguredappsets/esr,docs/policypak/components/applicationsettingsmanager/technotes/preconfiguredappsets/esr.md,,,,,,
Chrome: Why do I have extra tabs appear when I open Chrome on an endpoint?,current,https://docs.netwrix.com/docs/policypak/components/applicationsettingsmanager/technotes/preconfiguredappsets/extratabs,docs/policypak/components/applicationsettingsmanager/technotes/preconfiguredappsets/extratabs.md,,,,,,
Firefox: Is PolicyPak compatible with the Frontmotion packaged MSI version of Firefox?,current,https://docs.netwrix.com/docs/policypak/components/applicationsettingsmanager/technotes/preconfiguredappsets/frontmotion,docs/policypak/components/applicationsettingsmanager/technotes/preconfiguredappsets/frontmotion.md,,,,,,
Chrome: How to Configure Chrome HomePage using Application Manager,current,https://docs.netwrix.com/docs/policypak/components/applicationsettingsmanager/technotes/preconfiguredappsets/home,docs/policypak/components/applicationsettingsmanager/technotes/preconfiguredappsets/home.md,,,,,,
Chrome: Why Homepage button URL is not working for Google Chrome?,current,https://docs.netwrix.com/docs/policypak/components/applicationsettingsmanager/technotes/preconfiguredappsets/homebuttonurl,docs/policypak/components/applicationsettingsmanager/technotes/preconfiguredappsets/homebuttonurl.md,,,,,,
Internet Explorer: Why don't HTTP sites get added to the Trusted Site list?,current,https://docs.netwrix.com/docs/policypak/components/applicationsettingsmanager/technotes/preconfiguredappsets/httpsites,docs/policypak/components/applicationsettingsmanager/technotes/preconfiguredappsets/httpsites.md,,,,,,
"Other: What is ""Internal (pre-Defined)"" Item Level Targeting?",current,https://docs.netwrix.com/docs/policypak/components/applicationsettingsmanager/technotes/preconfiguredappsets/internalpredefined,docs/policypak/components/applicationsettingsmanager/technotes/preconfiguredappsets/internalpredefined.md,,,,,,
Java: I don't see that any changes are working at all. What can I try first?,current,https://docs.netwrix.com/docs/policypak/components/applicationsettingsmanager/technotes/preconfiguredappsets/issue_1,docs/policypak/components/applicationsettingsmanager/technotes/preconfiguredappsets/issue_1.md,,,,,,
HowTo: What do I do if I find a problem with a preconfigured AppSet?,current,https://docs.netwrix.com/docs/policypak/components/applicationsettingsmanager/technotes/preconfiguredappsets/issue,docs/policypak/components/applicationsettingsmanager/technotes/preconfiguredappsets/issue.md,,,,,,
"Other: I added a AppSet and some items are grayed out / not available. In other AppSets, everything seems available. What's happening?",current,https://docs.netwrix.com/docs/policypak/components/applicationsettingsmanager/technotes/preconfiguredappsets/itemsunavailable,docs/policypak/components/applicationsettingsmanager/technotes/preconfiguredappsets/itemsunavailable.md,,,,,,
"Firefox (and Java and Thunderbird): Why can't I seem to find (or perform) UI lockdown for Firefox, Java or Thunderbird ?",current,https://docs.netwrix.com/docs/policypak/components/applicationsettingsmanager/technotes/preconfiguredappsets/javathunderbird,docs/policypak/components/applicationsettingsmanager/technotes/preconfiguredappsets/javathunderbird.md,,,,,,
"Internet Explorer: Why Internet Explorer is not launching after I apply ""Perform ACL Lockdown""?",current,https://docs.netwrix.com/docs/policypak/components/applicationsettingsmanager/technotes/preconfiguredappsets/launchfail,docs/policypak/components/applicationsettingsmanager/technotes/preconfiguredappsets/launchfail.md,,,,,,
Internet Explorer: Why does IE fail to launch after I apply ACL lockdown or all of the IE AppSet STIG settings?,current,https://docs.netwrix.com/docs/policypak/components/applicationsettingsmanager/technotes/preconfiguredappsets/launchfailstig,docs/policypak/components/applicationsettingsmanager/technotes/preconfiguredappsets/launchfailstig.md,,,,,,
Chrome: How do I block Local File access to Google Chrome with PolicyPak?,current,https://docs.netwrix.com/docs/policypak/components/applicationsettingsmanager/technotes/preconfiguredappsets/localfileaccess,docs/policypak/components/applicationsettingsmanager/technotes/preconfiguredappsets/localfileaccess.md,,,,,,
Internet Explorer: When should I use Compatibility mode vs. Enterprise Mode for IE 11?,current,https://docs.netwrix.com/docs/policypak/components/applicationsettingsmanager/technotes/preconfiguredappsets/mode,docs/policypak/components/applicationsettingsmanager/technotes/preconfiguredappsets/mode.md,,,,,,
Firefox: Is PolicyPak compatible with Firefox when installed to non-standard (and portable) locations?,current,https://docs.netwrix.com/docs/policypak/components/applicationsettingsmanager/technotes/preconfiguredappsets/nonstandardlocation,docs/policypak/components/applicationsettingsmanager/technotes/preconfiguredappsets/nonstandardlocation.md,,,,,,
Firefox: How do I use the NTLM passthru (URIS) settings in the Firefox / about:config AppSets?,current,https://docs.netwrix.com/docs/policypak/components/applicationsettingsmanager/technotes/preconfiguredappsets/ntlmpassthru,docs/policypak/components/applicationsettingsmanager/technotes/preconfiguredappsets/ntlmpassthru.md,,,,,,
Chrome Policies don't appear to work when using PolicyPak Cloud.,current,https://docs.netwrix.com/docs/policypak/components/applicationsettingsmanager/technotes/preconfiguredappsets/policies,docs/policypak/components/applicationsettingsmanager/technotes/preconfiguredappsets/policies.md,,,,,,
Firefox: How can I prevent both automatic AND manual updates for Firefox?,current,https://docs.netwrix.com/docs/policypak/components/applicationsettingsmanager/technotes/preconfiguredappsets/preventupdates,docs/policypak/components/applicationsettingsmanager/technotes/preconfiguredappsets/preventupdates.md,,,,,,
Chrome: How do I manage the Proxy settings for Google Chrome?,current,https://docs.netwrix.com/docs/policypak/components/applicationsettingsmanager/technotes/preconfiguredappsets/proxysettings,docs/policypak/components/applicationsettingsmanager/technotes/preconfiguredappsets/proxysettings.md,,,,,,
"Firefox: How can I use PolicyPak to revert Firefox's Options back to the ""Old Style"" ?",current,https://docs.netwrix.com/docs/policypak/components/applicationsettingsmanager/technotes/preconfiguredappsets/revertoptions,docs/policypak/components/applicationsettingsmanager/technotes/preconfiguredappsets/revertoptions.md,,,,,,
"Java: How to disable Java prompt ""Do you want to run this application?""",current,https://docs.netwrix.com/docs/policypak/components/applicationsettingsmanager/technotes/preconfiguredappsets/runapplication,docs/policypak/components/applicationsettingsmanager/technotes/preconfiguredappsets/runapplication.md,,,,,,
Can I use Security.enterprise_roots.enabled as an alternate method for FF + Certificates?,current,https://docs.netwrix.com/docs/policypak/components/applicationsettingsmanager/technotes/preconfiguredappsets/securityenterpriseroots,docs/policypak/components/applicationsettingsmanager/technotes/preconfiguredappsets/securityenterpriseroots.md,,,,,,
"Java: Using the Pre-configured AppSet for Java, how do I prevent ""Java has discovered application components that could indicate a security concern."" Pop up?",current,https://docs.netwrix.com/docs/policypak/components/applicationsettingsmanager/technotes/preconfiguredappsets/securitypopup,docs/policypak/components/applicationsettingsmanager/technotes/preconfiguredappsets/securitypopup.md,,,,,,
"HowTo: Which ""side"" of GPO should I deploy AppSets to: User or Computer side?",current,https://docs.netwrix.com/docs/policypak/components/applicationsettingsmanager/technotes/preconfiguredappsets/side,docs/policypak/components/applicationsettingsmanager/technotes/preconfiguredappsets/side.md,,,,,,
Java: Java Site List Exceptions just stopped working. What can I do to fix this?,current,https://docs.netwrix.com/docs/policypak/components/applicationsettingsmanager/technotes/preconfiguredappsets/sitelistexceptions,docs/policypak/components/applicationsettingsmanager/technotes/preconfiguredappsets/sitelistexceptions.md,,,,,,
"Firefox: How do I stop the ""Firefox automatically sends some data to Mozilla so that we can improve your experience"" message?",current,https://docs.netwrix.com/docs/policypak/components/applicationsettingsmanager/technotes/preconfiguredappsets/stopsenddatamessage,docs/policypak/components/applicationsettingsmanager/technotes/preconfiguredappsets/stopsenddatamessage.md,,,,,,
AppSets: What is the official support policy for the pre-configured AppSets?,current,https://docs.netwrix.com/docs/policypak/components/applicationsettingsmanager/technotes/preconfiguredappsets/supportpolicy,docs/policypak/components/applicationsettingsmanager/technotes/preconfiguredappsets/supportpolicy.md,,,,,,
Java: How to disable Task tray notification balloon events?,current,https://docs.netwrix.com/docs/policypak/components/applicationsettingsmanager/technotes/preconfiguredappsets/tasktray,docs/policypak/components/applicationsettingsmanager/technotes/preconfiguredappsets/tasktray.md,,,,,,
Firefox: How do I make Application Settings Manager work with Firefox 115 and later (and how do I transition existing settings?,current,https://docs.netwrix.com/docs/policypak/components/applicationsettingsmanager/technotes/preconfiguredappsets/transition,docs/policypak/components/applicationsettingsmanager/technotes/preconfiguredappsets/transition.md,,,,,,
AppSets: Why are there some areas of the pre-configured AppSet greyed out or not accessable?,current,https://docs.netwrix.com/docs/policypak/components/applicationsettingsmanager/technotes/preconfiguredappsets/unavailable,docs/policypak/components/applicationsettingsmanager/technotes/preconfiguredappsets/unavailable.md,,,,,,
AppSets: How often do the AppSets for specific apps get updated?,current,https://docs.netwrix.com/docs/policypak/components/applicationsettingsmanager/technotes/preconfiguredappsets/updates,docs/policypak/components/applicationsettingsmanager/technotes/preconfiguredappsets/updates.md,,,,,,
Java: How to disable User Account Control prompt for Java Auto Updater?,current,https://docs.netwrix.com/docs/policypak/components/applicationsettingsmanager/technotes/preconfiguredappsets/useraccountcontrol,docs/policypak/components/applicationsettingsmanager/technotes/preconfiguredappsets/useraccountcontrol.md,,,,,,
Firefox: What versions of the PolicyPak CSE support managing certificates in what versions of Firefox?,current,https://docs.netwrix.com/docs/policypak/components/applicationsettingsmanager/technotes/preconfiguredappsets/version,docs/policypak/components/applicationsettingsmanager/technotes/preconfiguredappsets/version.md,,,,,,
"Java: How to disable prompt ""You Java version is insecure""?",current,https://docs.netwrix.com/docs/policypak/components/applicationsettingsmanager/technotes/preconfiguredappsets/versioninsecure,docs/policypak/components/applicationsettingsmanager/technotes/preconfiguredappsets/versioninsecure.md,,,,,,
"Java: How to disable prompt ""Your Java version is out of date.""?",current,https://docs.netwrix.com/docs/policypak/components/applicationsettingsmanager/technotes/preconfiguredappsets/versionoutofdate,docs/policypak/components/applicationsettingsmanager/technotes/preconfiguredappsets/versionoutofdate.md,,,,,,
"AppSets: Why do some AppSets have pre-defined Item Level Targeting for an EXACT version number, and others say ""Version 7 to 99"" (or similar)?",current,https://docs.netwrix.com/docs/policypak/components/applicationsettingsmanager/technotes/preconfiguredappsets/versions,docs/policypak/components/applicationsettingsmanager/technotes/preconfiguredappsets/versions.md,,,,,,
AppSets: How will I know that an existing AppSet will work with the version of the application I have today (and tomorrow)?,current,https://docs.netwrix.com/docs/policypak/components/applicationsettingsmanager/technotes/preconfiguredappsets/versionsupport,docs/policypak/components/applicationsettingsmanager/technotes/preconfiguredappsets/versionsupport.md,,,,,,
How do I know if Application Manager is not behaving properly versus the target application not behaving properly?,current,https://docs.netwrix.com/docs/policypak/components/applicationsettingsmanager/technotes/troubleshooting/applicationissue,docs/policypak/components/applicationsettingsmanager/technotes/troubleshooting/applicationissue.md,,,,,,
What are the two ways to export AppSet settings and why would I use one over the other?,current,https://docs.netwrix.com/docs/policypak/components/applicationsettingsmanager/technotes/troubleshooting/appset,docs/policypak/components/applicationsettingsmanager/technotes/troubleshooting/appset.md,,,,,,
Troubleshooting Application Manager – Basic Steps BEFORE calling or emailing Tech Support,current,https://docs.netwrix.com/docs/policypak/components/applicationsettingsmanager/technotes/troubleshooting/basicsteps,docs/policypak/components/applicationsettingsmanager/technotes/troubleshooting/basicsteps.md,,,,,,
"Why does Windows Remote Assistance (MSRA) report ""PPAppLockdr64.dll is not designed to run on Windows or it contains an error"" 0xc000428 ?",current,https://docs.netwrix.com/docs/policypak/components/applicationsettingsmanager/technotes/troubleshooting/code0xc000428,docs/policypak/components/applicationsettingsmanager/technotes/troubleshooting/code0xc000428.md,,,,,,
How do I turn AppLock off or on based upon the CSE version I'm using?,current,https://docs.netwrix.com/docs/policypak/components/applicationsettingsmanager/technotes/troubleshooting/disable,docs/policypak/components/applicationsettingsmanager/technotes/troubleshooting/disable.md,,,,,,
"When I use Forcepoint, Firefox takes 15 minutes to open. How can I fix this?",current,https://docs.netwrix.com/docs/policypak/components/applicationsettingsmanager/technotes/troubleshooting/forcepoint,docs/policypak/components/applicationsettingsmanager/technotes/troubleshooting/forcepoint.md,,,,,,
"Why do I see ""Extra Registry Settings"" in PolicyPak Application Settings Manager items in the GPMC?",current,https://docs.netwrix.com/docs/policypak/components/applicationsettingsmanager/technotes/troubleshooting/gpmc,docs/policypak/components/applicationsettingsmanager/technotes/troubleshooting/gpmc.md,,,,,,
I just upgraded my management station to 785. My LOCAL AppSets are now missing. What happened?,current,https://docs.netwrix.com/docs/policypak/components/applicationsettingsmanager/technotes/troubleshooting/localmissing,docs/policypak/components/applicationsettingsmanager/technotes/troubleshooting/localmissing.md,,,,,,
Why does Microsoft 365 Defender report suspicious encoded content in PolicyPak Application Settings Manager values?,current,https://docs.netwrix.com/docs/policypak/components/applicationsettingsmanager/technotes/troubleshooting/microsoftdefender,docs/policypak/components/applicationsettingsmanager/technotes/troubleshooting/microsoftdefender.md,,,,,,
"How to use Scripts Manager to workaround the ""PPAppLockdr64.dll is either not designed to run on Windows or it contains an error"" message when running Microsoft Remote Assistance (MSRA.exe) and the PolicyPak CSE is installed on Windows 10 1903",current,https://docs.netwrix.com/docs/policypak/components/applicationsettingsmanager/technotes/troubleshooting/microsoftremoteassistance,docs/policypak/components/applicationsettingsmanager/technotes/troubleshooting/microsoftremoteassistance.md,,,,,,
"The node for PolicyPak Application Settings Manager component is not loading in the MMC snap-in, and shows a ""The address is not valid"" message.",current,https://docs.netwrix.com/docs/policypak/components/applicationsettingsmanager/technotes/troubleshooting/mmc,docs/policypak/components/applicationsettingsmanager/technotes/troubleshooting/mmc.md,,,,,,
It appears that PolicyPak is processing AppSet entries from another Group Policy Object. How is this possible?,current,https://docs.netwrix.com/docs/policypak/components/applicationsettingsmanager/technotes/troubleshooting/other,docs/policypak/components/applicationsettingsmanager/technotes/troubleshooting/other.md,,,,,,
"PolicyPak should be reapplying my settings on application launch time. Why doesn't ""reapply on launch"" work ?",current,https://docs.netwrix.com/docs/policypak/components/applicationsettingsmanager/technotes/troubleshooting/reapplylaunch,docs/policypak/components/applicationsettingsmanager/technotes/troubleshooting/reapplylaunch.md,,,,,,
"How do I turn off ""Reapply on Launch"" for all applications if asked by tech support?",current,https://docs.netwrix.com/docs/policypak/components/applicationsettingsmanager/technotes/troubleshooting/reapplylaunchdisable,docs/policypak/components/applicationsettingsmanager/technotes/troubleshooting/reapplylaunchdisable.md,,,,,,
I'm using redirected folders and get un-expected results.,current,https://docs.netwrix.com/docs/policypak/components/applicationsettingsmanager/technotes/troubleshooting/redirectedfolder,docs/policypak/components/applicationsettingsmanager/technotes/troubleshooting/redirectedfolder.md,,,,,,
Are there any caveats about removing the PolicyPak CSE after it is deployed?,current,https://docs.netwrix.com/docs/policypak/components/applicationsettingsmanager/technotes/troubleshooting/removeclientsideextension,docs/policypak/components/applicationsettingsmanager/technotes/troubleshooting/removeclientsideextension.md,,,,,,
Troubleshooting Group Policy Replication Problems,current,https://docs.netwrix.com/docs/policypak/components/applicationsettingsmanager/technotes/troubleshooting/replication,docs/policypak/components/applicationsettingsmanager/technotes/troubleshooting/replication.md,,,,,,
How is Item Level Targeting handled in reports?,current,https://docs.netwrix.com/docs/policypak/components/applicationsettingsmanager/technotes/troubleshooting/reports,docs/policypak/components/applicationsettingsmanager/technotes/troubleshooting/reports.md,,,,,,
Which log file should I consult in order to troubleshoot when one or more settings are not getting applied to the Computer?,current,https://docs.netwrix.com/docs/policypak/components/applicationsettingsmanager/technotes/troubleshooting/settings,docs/policypak/components/applicationsettingsmanager/technotes/troubleshooting/settings.md,,,,,,
AppLock (UI lockdown) doesn't seem to work on some applications. Why?,current,https://docs.netwrix.com/docs/policypak/components/applicationsettingsmanager/technotes/troubleshooting/someapplications,docs/policypak/components/applicationsettingsmanager/technotes/troubleshooting/someapplications.md,,,,,,
I do not have access or ability to create the Central Store. What should the best practice to store AppSets be?,current,https://docs.netwrix.com/docs/policypak/components/applicationsettingsmanager/technotes/troubleshooting/storage,docs/policypak/components/applicationsettingsmanager/technotes/troubleshooting/storage.md,,,,,,
"Why does Symantec Endpoint Protection (or SEP for Small business) report that PolicyPak is ""tampering"" ?",current,https://docs.netwrix.com/docs/policypak/components/applicationsettingsmanager/technotes/troubleshooting/symantecendpointprotection,docs/policypak/components/applicationsettingsmanager/technotes/troubleshooting/symantecendpointprotection.md,,,,,,
Which application virtualization platforms are supported?,current,https://docs.netwrix.com/docs/policypak/components/applicationsettingsmanager/technotes/virtualizedapplications/applicationvirtualization,docs/policypak/components/applicationsettingsmanager/technotes/virtualizedapplications/applicationvirtualization.md,,,,,,
Do I need to do anything special to get Application Manager to deploy settings to Microsoft App-V Sequences?,current,https://docs.netwrix.com/docs/policypak/components/applicationsettingsmanager/technotes/virtualizedapplications/appvsequences,docs/policypak/components/applicationsettingsmanager/technotes/virtualizedapplications/appvsequences.md,,,,,,
"A ThinApp throws an ""Exception Error"". What can I do to fix it?",current,https://docs.netwrix.com/docs/policypak/components/applicationsettingsmanager/technotes/virtualizedapplications/exception,docs/policypak/components/applicationsettingsmanager/technotes/virtualizedapplications/exception.md,,,,,,
How can I manage a version of Java inside a ThinApp package ?,current,https://docs.netwrix.com/docs/policypak/components/applicationsettingsmanager/technotes/virtualizedapplications/thinapp,docs/policypak/components/applicationsettingsmanager/technotes/virtualizedapplications/thinapp.md,,,,,,
Can PolicyPak deliver settings for applications that are provided by XenAPP?,current,https://docs.netwrix.com/docs/policypak/components/applicationsettingsmanager/technotes/virtualizedapplications/xenapp_1,docs/policypak/components/applicationsettingsmanager/technotes/virtualizedapplications/xenapp_1.md,,,,,,
Are there any additional steps required to integrate PolicyPak Software with XenAPP applications?,current,https://docs.netwrix.com/docs/policypak/components/applicationsettingsmanager/technotes/virtualizedapplications/xenapp,docs/policypak/components/applicationsettingsmanager/technotes/virtualizedapplications/xenapp.md,,,,,,
Working with Others and using the Central Store,current,https://docs.netwrix.com/docs/policypak/components/applicationsettingsmanager/videos/centralstoresharing/centralstorework,docs/policypak/components/applicationsettingsmanager/videos/centralstoresharing/centralstorework.md,,,,,,
Understanding and fixing PolicyPak DLL Orphans,current,https://docs.netwrix.com/docs/policypak/components/applicationsettingsmanager/videos/centralstoresharing/dllorphans,docs/policypak/components/applicationsettingsmanager/videos/centralstoresharing/dllorphans.md,,,,,,
Reconnecting DLLs,current,https://docs.netwrix.com/docs/policypak/components/applicationsettingsmanager/videos/centralstoresharing/dllreconnect,docs/policypak/components/applicationsettingsmanager/videos/centralstoresharing/dllreconnect.md,,,,,,
How to manually update Paks,current,https://docs.netwrix.com/docs/policypak/components/applicationsettingsmanager/videos/centralstoresharing/manualupdate,docs/policypak/components/applicationsettingsmanager/videos/centralstoresharing/manualupdate.md,,,,,,
Using Shares to Store Your Paks (Share-Based Storage),current,https://docs.netwrix.com/docs/policypak/components/applicationsettingsmanager/videos/centralstoresharing/shares,docs/policypak/components/applicationsettingsmanager/videos/centralstoresharing/shares.md,,,,,,
GPOTouch Utility,current,https://docs.netwrix.com/docs/policypak/components/applicationsettingsmanager/videos/centralstoresharing/touchutility,docs/policypak/components/applicationsettingsmanager/videos/centralstoresharing/touchutility.md,,,,,,
PolicyPak Application Setting Manager (Understanding Trusted AppSets),current,https://docs.netwrix.com/docs/policypak/components/applicationsettingsmanager/videos/centralstoresharing/trustedappsets,docs/policypak/components/applicationsettingsmanager/videos/centralstoresharing/trustedappsets.md,,,,,,
Keeping Application Settings Manager and Paks up to date,current,https://docs.netwrix.com/docs/policypak/components/applicationsettingsmanager/videos/centralstoresharing/uptodate,docs/policypak/components/applicationsettingsmanager/videos/centralstoresharing/uptodate.md,,,,,,
PolicyPak and Chrome Incompatible apps,current,https://docs.netwrix.com/docs/policypak/components/applicationsettingsmanager/videos/chrome,docs/policypak/components/applicationsettingsmanager/videos/chrome.md,,,,,,
Manage Google Chrome Bookmarks,current,https://docs.netwrix.com/docs/policypak/components/applicationsettingsmanager/videos/chrome/bookmarks,docs/policypak/components/applicationsettingsmanager/videos/chrome/bookmarks.md,,,,,,
"Google Chrome: Clear Browsing History, Cookies, Password, Images and more",current,https://docs.netwrix.com/docs/policypak/components/applicationsettingsmanager/videos/chrome/clearbrowsing,docs/policypak/components/applicationsettingsmanager/videos/chrome/clearbrowsing.md,,,,,,
"Manage Google Chrome using Group Policy, SCCM or your own management utility",current,https://docs.netwrix.com/docs/policypak/components/applicationsettingsmanager/videos/chrome/gettingstarted,docs/policypak/components/applicationsettingsmanager/videos/chrome/gettingstarted.md,,,,,,
PolicyPak on Citrix: You Gotta Try This,current,https://docs.netwrix.com/docs/policypak/components/applicationsettingsmanager/videos/citrix/demo,docs/policypak/components/applicationsettingsmanager/videos/citrix/demo.md,,,,,,
CUGC Connect PolicyPak + Citrix Demo You Gotta Try This!,current,https://docs.netwrix.com/docs/policypak/components/applicationsettingsmanager/videos/citrix/demo2,docs/policypak/components/applicationsettingsmanager/videos/citrix/demo2.md,,,,,,
PolicyPak and Citrix: Better Together.. A quick introduction!,current,https://docs.netwrix.com/docs/policypak/components/applicationsettingsmanager/videos/citrix/integration,docs/policypak/components/applicationsettingsmanager/videos/citrix/integration.md,,,,,,
PolicyPak and Microsoft RDS and RemoteApp – Better Together to Manage Applications' settings,current,https://docs.netwrix.com/docs/policypak/components/applicationsettingsmanager/videos/citrix/rds,docs/policypak/components/applicationsettingsmanager/videos/citrix/rds.md,,,,,,
PolicyPak and Citrix: Webster Seal of Approval,current,https://docs.netwrix.com/docs/policypak/components/applicationsettingsmanager/videos/citrix/sealapproval,docs/policypak/components/applicationsettingsmanager/videos/citrix/sealapproval.md,,,,,,
PolicyPak enhances XenApp with Group Policy,current,https://docs.netwrix.com/docs/policypak/components/applicationsettingsmanager/videos/citrix/xenapp,docs/policypak/components/applicationsettingsmanager/videos/citrix/xenapp.md,,,,,,
PolicyPak & Citrix XenDesktop,current,https://docs.netwrix.com/docs/policypak/components/applicationsettingsmanager/videos/citrix/xendesktop,docs/policypak/components/applicationsettingsmanager/videos/citrix/xendesktop.md,,,,,,
Using DesignStudio to add elements from an alternate UI,current,https://docs.netwrix.com/docs/policypak/components/applicationsettingsmanager/videos/designstudio/addelements,docs/policypak/components/applicationsettingsmanager/videos/designstudio/addelements.md,,,,,,
PolicyPak Using PolicyPak DesignStudio to modify the Java Paks for XP,current,https://docs.netwrix.com/docs/policypak/components/applicationsettingsmanager/videos/designstudio/designstudiojava,docs/policypak/components/applicationsettingsmanager/videos/designstudio/designstudiojava.md,,,,,,
Manage Firefox Plug-ins using PolicyPakand the PolicyPak DesignStudio,current,https://docs.netwrix.com/docs/policypak/components/applicationsettingsmanager/videos/designstudio/firefox_plugins,docs/policypak/components/applicationsettingsmanager/videos/designstudio/firefox_plugins.md,,,,,,
Creating Your First Pak using PolicyPak Design Studio,current,https://docs.netwrix.com/docs/policypak/components/applicationsettingsmanager/videos/designstudio/firstpak,docs/policypak/components/applicationsettingsmanager/videos/designstudio/firstpak.md,,,,,,
Design Studio – FoxIT Printer Settings Tutorial,current,https://docs.netwrix.com/docs/policypak/components/applicationsettingsmanager/videos/designstudio/foxitprinter,docs/policypak/components/applicationsettingsmanager/videos/designstudio/foxitprinter.md,,,,,,
Use the DesignStudio to import existing registry keys,current,https://docs.netwrix.com/docs/policypak/components/applicationsettingsmanager/videos/designstudio/importregistry,docs/policypak/components/applicationsettingsmanager/videos/designstudio/importregistry.md,,,,,,
Predefined ILTs (Internal Filters),current,https://docs.netwrix.com/docs/policypak/components/applicationsettingsmanager/videos/designstudio/itemleveltargeting,docs/policypak/components/applicationsettingsmanager/videos/designstudio/itemleveltargeting.md,,,,,,
ACL Lockdown for Registry Based Applications,current,https://docs.netwrix.com/docs/policypak/components/applicationsettingsmanager/videos/featurestechsupport/acllockdown,docs/policypak/components/applicationsettingsmanager/videos/featurestechsupport/acllockdown.md,,,,,,
Re-Deploy Settings at application launch,current,https://docs.netwrix.com/docs/policypak/components/applicationsettingsmanager/videos/featurestechsupport/applicationlaunch,docs/policypak/components/applicationsettingsmanager/videos/featurestechsupport/applicationlaunch.md,,,,,,
Using Item Level Targeting,current,https://docs.netwrix.com/docs/policypak/components/applicationsettingsmanager/videos/featurestechsupport/itemleveltargeting,docs/policypak/components/applicationsettingsmanager/videos/featurestechsupport/itemleveltargeting.md,,,,,,
Bypassing Internal Item Level Targeting Filters,current,https://docs.netwrix.com/docs/policypak/components/applicationsettingsmanager/videos/featurestechsupport/itemleveltargetingbypass,docs/policypak/components/applicationsettingsmanager/videos/featurestechsupport/itemleveltargetingbypass.md,,,,,,
"Manage different proxy settings, even when offline",current,https://docs.netwrix.com/docs/policypak/components/applicationsettingsmanager/videos/featurestechsupport/proxysettings,docs/policypak/components/applicationsettingsmanager/videos/featurestechsupport/proxysettings.md,,,,,,
The Superpowers,current,https://docs.netwrix.com/docs/policypak/components/applicationsettingsmanager/videos/featurestechsupport/superpowers,docs/policypak/components/applicationsettingsmanager/videos/featurestechsupport/superpowers.md,,,,,,
Using Environment Variables in Paks,current,https://docs.netwrix.com/docs/policypak/components/applicationsettingsmanager/videos/featurestechsupport/variables,docs/policypak/components/applicationsettingsmanager/videos/featurestechsupport/variables.md,,,,,,
Manage Firefox Add-ons using Group Policy,current,https://docs.netwrix.com/docs/policypak/components/applicationsettingsmanager/videos/firefox/addons,docs/policypak/components/applicationsettingsmanager/videos/firefox/addons.md,,,,,,
Change Firefox application handler (like PDF) to Adobe Reader,current,https://docs.netwrix.com/docs/policypak/components/applicationsettingsmanager/videos/firefox/adobe,docs/policypak/components/applicationsettingsmanager/videos/firefox/adobe.md,,,,,,
Manage Firefox Bookmarks,current,https://docs.netwrix.com/docs/policypak/components/applicationsettingsmanager/videos/firefox/bookmarks,docs/policypak/components/applicationsettingsmanager/videos/firefox/bookmarks.md,,,,,,
How to Add and Remove Bookmarks folders from the Firefox menu and toolbar,current,https://docs.netwrix.com/docs/policypak/components/applicationsettingsmanager/videos/firefox/bookmarksmodify,docs/policypak/components/applicationsettingsmanager/videos/firefox/bookmarksmodify.md,,,,,,
Manage Firefox Certificates,current,https://docs.netwrix.com/docs/policypak/components/applicationsettingsmanager/videos/firefox/certificates,docs/policypak/components/applicationsettingsmanager/videos/firefox/certificates.md,,,,,,
Changing the Firefox Default Search Engine in one-click,current,https://docs.netwrix.com/docs/policypak/components/applicationsettingsmanager/videos/firefox/defaultsearch,docs/policypak/components/applicationsettingsmanager/videos/firefox/defaultsearch.md,,,,,,
"Disable the following about:config, about:addons, pages, Developer Menu, and any Preferences in one click",current,https://docs.netwrix.com/docs/policypak/components/applicationsettingsmanager/videos/firefox/disable,docs/policypak/components/applicationsettingsmanager/videos/firefox/disable.md,,,,,,
Force Install Firefox Extensions (from URL or file).,current,https://docs.netwrix.com/docs/policypak/components/applicationsettingsmanager/videos/firefox/extensions,docs/policypak/components/applicationsettingsmanager/videos/firefox/extensions.md,,,,,,
Remove Firefox's Extra Tabs at First Launch,current,https://docs.netwrix.com/docs/policypak/components/applicationsettingsmanager/videos/firefox/extratabs,docs/policypak/components/applicationsettingsmanager/videos/firefox/extratabs.md,,,,,,
"Manage Firefox using Group Policy, SCCM, or your own management tool",current,https://docs.netwrix.com/docs/policypak/components/applicationsettingsmanager/videos/firefox/gettingstarted,docs/policypak/components/applicationsettingsmanager/videos/firefox/gettingstarted.md,,,,,,
Manage Firefox Misc Settings and Buttons Using PolicyPak,current,https://docs.netwrix.com/docs/policypak/components/applicationsettingsmanager/videos/firefox/miscsettings,docs/policypak/components/applicationsettingsmanager/videos/firefox/miscsettings.md,,,,,,
Manage Firefox Pop-Ups and Permissions using Group Policy,current,https://docs.netwrix.com/docs/policypak/components/applicationsettingsmanager/videos/firefox/popups,docs/policypak/components/applicationsettingsmanager/videos/firefox/popups.md,,,,,,
Firefox Remove Specific Elements from about:preferences panel,current,https://docs.netwrix.com/docs/policypak/components/applicationsettingsmanager/videos/firefox/removeelements,docs/policypak/components/applicationsettingsmanager/videos/firefox/removeelements.md,,,,,,
Creating the Central Store for Group Policy andPolicyPak,current,https://docs.netwrix.com/docs/policypak/components/applicationsettingsmanager/videos/gettingstarted/centralstorecreate,docs/policypak/components/applicationsettingsmanager/videos/gettingstarted/centralstorecreate.md,,,,,,
Updating PolicyPak Central Store,current,https://docs.netwrix.com/docs/policypak/components/applicationsettingsmanager/videos/gettingstarted/centralstoreupdate,docs/policypak/components/applicationsettingsmanager/videos/gettingstarted/centralstoreupdate.md,,,,,,
PPGP Quick Rundown: Application Manager,current,https://docs.netwrix.com/docs/policypak/components/applicationsettingsmanager/videos/gettingstarted/quickrundown,docs/policypak/components/applicationsettingsmanager/videos/gettingstarted/quickrundown.md,,,,,,
Manage IE Certificates,current,https://docs.netwrix.com/docs/policypak/components/applicationsettingsmanager/videos/internetexplorer/certificates,docs/policypak/components/applicationsettingsmanager/videos/internetexplorer/certificates.md,,,,,,
Manage IE Connections tab,current,https://docs.netwrix.com/docs/policypak/components/applicationsettingsmanager/videos/internetexplorer/connectionstab,docs/policypak/components/applicationsettingsmanager/videos/internetexplorer/connectionstab.md,,,,,,
Manage IE Content tab,current,https://docs.netwrix.com/docs/policypak/components/applicationsettingsmanager/videos/internetexplorer/contenttab,docs/policypak/components/applicationsettingsmanager/videos/internetexplorer/contenttab.md,,,,,,
Managing Favorites in IE,current,https://docs.netwrix.com/docs/policypak/components/applicationsettingsmanager/videos/internetexplorer/favorites,docs/policypak/components/applicationsettingsmanager/videos/internetexplorer/favorites.md,,,,,,
Manage IE General tab,current,https://docs.netwrix.com/docs/policypak/components/applicationsettingsmanager/videos/internetexplorer/generaltab,docs/policypak/components/applicationsettingsmanager/videos/internetexplorer/generaltab.md,,,,,,
Getting Started Managing Internet Explorer,current,https://docs.netwrix.com/docs/policypak/components/applicationsettingsmanager/videos/internetexplorer/gettingstarted,docs/policypak/components/applicationsettingsmanager/videos/internetexplorer/gettingstarted.md,,,,,,
Manage IE Privacy tab,current,https://docs.netwrix.com/docs/policypak/components/applicationsettingsmanager/videos/internetexplorer/privacytab,docs/policypak/components/applicationsettingsmanager/videos/internetexplorer/privacytab.md,,,,,,
Manage IE Programs Tab,current,https://docs.netwrix.com/docs/policypak/components/applicationsettingsmanager/videos/internetexplorer/programstab,docs/policypak/components/applicationsettingsmanager/videos/internetexplorer/programstab.md,,,,,,
Manage Internet Explorer Security tab,current,https://docs.netwrix.com/docs/policypak/components/applicationsettingsmanager/videos/internetexplorer/securitytab,docs/policypak/components/applicationsettingsmanager/videos/internetexplorer/securitytab.md,,,,,,
Manage Internet Explorer Settings With PolicyPak Application Settings Manager,current,https://docs.netwrix.com/docs/policypak/components/applicationsettingsmanager/videos/internetexplorer/settings,docs/policypak/components/applicationsettingsmanager/videos/internetexplorer/settings.md,,,,,,
"How to quickly disable Java, everywhere (in an emergency)",current,https://docs.netwrix.com/docs/policypak/components/applicationsettingsmanager/videos/java/disable,docs/policypak/components/applicationsettingsmanager/videos/java/disable.md,,,,,,
Manage Java JRE Control Panel applet with Group Policy,current,https://docs.netwrix.com/docs/policypak/components/applicationsettingsmanager/videos/java/jre,docs/policypak/components/applicationsettingsmanager/videos/java/jre.md,,,,,,
Manage and Lock down Java Site List Exceptions,current,https://docs.netwrix.com/docs/policypak/components/applicationsettingsmanager/videos/java/lockdown,docs/policypak/components/applicationsettingsmanager/videos/java/lockdown.md,,,,,,
How to Manage the security slider in Java,current,https://docs.netwrix.com/docs/policypak/components/applicationsettingsmanager/videos/java/securityslider,docs/policypak/components/applicationsettingsmanager/videos/java/securityslider.md,,,,,,
Perform Desktop Lockdown using Microsoft Intune,current,https://docs.netwrix.com/docs/policypak/components/applicationsettingsmanager/videos/methods/microsoftintune,docs/policypak/components/applicationsettingsmanager/videos/methods/microsoftintune.md,,,,,,
Deploy and Manage WinZip with PDQ Deploy and PolicyPak,current,https://docs.netwrix.com/docs/policypak/components/applicationsettingsmanager/videos/methods/pdqdeploy,docs/policypak/components/applicationsettingsmanager/videos/methods/pdqdeploy.md,,,,,,
Deploy and Manage Firefox with PDQ Deploy and PolicyPak,current,https://docs.netwrix.com/docs/policypak/components/applicationsettingsmanager/videos/methods/pdqdeployfirefox,docs/policypak/components/applicationsettingsmanager/videos/methods/pdqdeployfirefox.md,,,,,,
Perform Desktop Lockdown using Microsoft SCCM and PolicyPak,current,https://docs.netwrix.com/docs/policypak/components/applicationsettingsmanager/videos/methods/sccmsoftwarecenter,docs/policypak/components/applicationsettingsmanager/videos/methods/sccmsoftwarecenter.md,,,,,,
PolicyPak Integrates with Specops Deploy,current,https://docs.netwrix.com/docs/policypak/components/applicationsettingsmanager/videos/methods/specops,docs/policypak/components/applicationsettingsmanager/videos/methods/specops.md,,,,,,
PolicyPak for Adobe Acrobat,current,https://docs.netwrix.com/docs/policypak/components/applicationsettingsmanager/videos/otherapplications/acrobat,docs/policypak/components/applicationsettingsmanager/videos/otherapplications/acrobat.md,,,,,,
PolicyPak for Adobe Flash Player,current,https://docs.netwrix.com/docs/policypak/components/applicationsettingsmanager/videos/otherapplications/flashplayer,docs/policypak/components/applicationsettingsmanager/videos/otherapplications/flashplayer.md,,,,,,
PolicyPak for IrfanView,current,https://docs.netwrix.com/docs/policypak/components/applicationsettingsmanager/videos/otherapplications/irfanview,docs/policypak/components/applicationsettingsmanager/videos/otherapplications/irfanview.md,,,,,,
PolicyPak for Microsoft Office 2013 and 2016,current,https://docs.netwrix.com/docs/policypak/components/applicationsettingsmanager/videos/otherapplications/office,docs/policypak/components/applicationsettingsmanager/videos/otherapplications/office.md,,,,,,
Netwrix PolicyPak can manage Netwrix Password Secure,current,https://docs.netwrix.com/docs/policypak/components/applicationsettingsmanager/videos/otherapplications/passwordsecure,docs/policypak/components/applicationsettingsmanager/videos/otherapplications/passwordsecure.md,,,,,,
PolicyPak for Microsoft Skype for Business (formerly Lync),current,https://docs.netwrix.com/docs/policypak/components/applicationsettingsmanager/videos/otherapplications/skype,docs/policypak/components/applicationsettingsmanager/videos/otherapplications/skype.md,,,,,,
Managing Teams Settings,current,https://docs.netwrix.com/docs/policypak/components/applicationsettingsmanager/videos/otherapplications/teams,docs/policypak/components/applicationsettingsmanager/videos/otherapplications/teams.md,,,,,,
PolicyPak for Thunderbird,current,https://docs.netwrix.com/docs/policypak/components/applicationsettingsmanager/videos/otherapplications/thunderbird,docs/policypak/components/applicationsettingsmanager/videos/otherapplications/thunderbird.md,,,,,,
Wipe Privdog (and other evil certificates) off your network using Group Policy and PolicyPak.,current,https://docs.netwrix.com/docs/policypak/components/applicationsettingsmanager/videos/tipsandtricks/certificatesevil,docs/policypak/components/applicationsettingsmanager/videos/tipsandtricks/certificatesevil.md,,,,,,
Deliver pre-configured Bookmarks in Chrome,current,https://docs.netwrix.com/docs/policypak/components/applicationsettingsmanager/videos/tipsandtricks/chromebookmarks,docs/policypak/components/applicationsettingsmanager/videos/tipsandtricks/chromebookmarks.md,,,,,,
Chrome Revert Tips (Pre-CSE 1260),current,https://docs.netwrix.com/docs/policypak/components/applicationsettingsmanager/videos/tipsandtricks/chromerevert,docs/policypak/components/applicationsettingsmanager/videos/tipsandtricks/chromerevert.md,,,,,,
Fix Chrome Revert with PP CSE 1260 or later,current,https://docs.netwrix.com/docs/policypak/components/applicationsettingsmanager/videos/tipsandtricks/chromerevertfix,docs/policypak/components/applicationsettingsmanager/videos/tipsandtricks/chromerevertfix.md,,,,,,
PPAM: Convert from 2 to 4 AppSet for Firefox About:Config AppSet,current,https://docs.netwrix.com/docs/policypak/components/applicationsettingsmanager/videos/tipsandtricks/firefoxabout,docs/policypak/components/applicationsettingsmanager/videos/tipsandtricks/firefoxabout.md,,,,,,
Manage Firefox Plug-ins Per Website,current,https://docs.netwrix.com/docs/policypak/components/applicationsettingsmanager/videos/tipsandtricks/firefoxplugins,docs/policypak/components/applicationsettingsmanager/videos/tipsandtricks/firefoxplugins.md,,,,,,
Managing IE Proxy server with Advanced settings,current,https://docs.netwrix.com/docs/policypak/components/applicationsettingsmanager/videos/tipsandtricks/ieproxyserver,docs/policypak/components/applicationsettingsmanager/videos/tipsandtricks/ieproxyserver.md,,,,,,
PolicyPak and Invincea Integration Demo,current,https://docs.netwrix.com/docs/policypak/components/applicationsettingsmanager/videos/tipsandtricks/invincea,docs/policypak/components/applicationsettingsmanager/videos/tipsandtricks/invincea.md,,,,,,
Transitioning to the Universal Oracle Java AppSet (7 thru 9),current,https://docs.netwrix.com/docs/policypak/components/applicationsettingsmanager/videos/tipsandtricks/oraclejava,docs/policypak/components/applicationsettingsmanager/videos/tipsandtricks/oraclejava.md,,,,,,
PolicyPak App Settings Manager: Finding items in big Paks,current,https://docs.netwrix.com/docs/policypak/components/applicationsettingsmanager/videos/tipsandtricks/paksbig,docs/policypak/components/applicationsettingsmanager/videos/tipsandtricks/paksbig.md,,,,,,
PolicyPak and VMware Horizon View – Dedicated VDI,current,https://docs.netwrix.com/docs/policypak/components/applicationsettingsmanager/videos/vdi/dedicated,docs/policypak/components/applicationsettingsmanager/videos/vdi/dedicated.md,,,,,,
PolicyPak and Microsoft VDI – Better Together to Manage Applications' settings,current,https://docs.netwrix.com/docs/policypak/components/applicationsettingsmanager/videos/vdi/integration,docs/policypak/components/applicationsettingsmanager/videos/vdi/integration.md,,,,,,
PolicyPak and VMware Horizon View – Local Mode VDI,current,https://docs.netwrix.com/docs/policypak/components/applicationsettingsmanager/videos/vdi/localmode,docs/policypak/components/applicationsettingsmanager/videos/vdi/localmode.md,,,,,,
PolicyPak and VMware Horizon View with ThinApp Assigned Packages,current,https://docs.netwrix.com/docs/policypak/components/applicationsettingsmanager/videos/vdi/thinapp,docs/policypak/components/applicationsettingsmanager/videos/vdi/thinapp.md,,,,,,
PolicyPak and VMware Horizon Workspace Applications and ThinApp Entitled Packages,current,https://docs.netwrix.com/docs/policypak/components/applicationsettingsmanager/videos/vdi/thinappworkspace,docs/policypak/components/applicationsettingsmanager/videos/vdi/thinappworkspace.md,,,,,,
PolicyPak and VMWare Horizon View,current,https://docs.netwrix.com/docs/policypak/components/applicationsettingsmanager/videos/vdi/vmware,docs/policypak/components/applicationsettingsmanager/videos/vdi/vmware.md,,,,,,
Video Learning Center,current,https://docs.netwrix.com/docs/policypak/components/applicationsettingsmanager/videos/videolearningcenter,docs/policypak/components/applicationsettingsmanager/videos/videolearningcenter.md,,,,,,
PolicyPak extends Group Policy to Microsoft App-V,current,https://docs.netwrix.com/docs/policypak/components/applicationsettingsmanager/videos/virtualization/appv,docs/policypak/components/applicationsettingsmanager/videos/virtualization/appv.md,,,,,,
PolicyPak extends Group Policy to Spoon / Novell ZENworks App Virtualization,current,https://docs.netwrix.com/docs/policypak/components/applicationsettingsmanager/videos/virtualization/spoonnovell,docs/policypak/components/applicationsettingsmanager/videos/virtualization/spoonnovell.md,,,,,,
PolicyPak & Symantec,current,https://docs.netwrix.com/docs/policypak/components/applicationsettingsmanager/videos/virtualization/symantec,docs/policypak/components/applicationsettingsmanager/videos/virtualization/symantec.md,,,,,,
Manage ThinApp Packages on Physical or VDI machines using PolicyPak,current,https://docs.netwrix.com/docs/policypak/components/applicationsettingsmanager/videos/virtualization/thinapp,docs/policypak/components/applicationsettingsmanager/videos/virtualization/thinapp.md,,,,,,
Microsoft User Experience Virtualization (UE-V) enhanced by PolicyPak,current,https://docs.netwrix.com/docs/policypak/components/applicationsettingsmanager/videos/virtualization/uev,docs/policypak/components/applicationsettingsmanager/videos/virtualization/uev.md,,,,,,
PolicyPak & Citrix XenApp,current,https://docs.netwrix.com/docs/policypak/components/applicationsettingsmanager/videos/virtualization/xenapp,docs/policypak/components/applicationsettingsmanager/videos/virtualization/xenapp.md,,,,,,
What is PolicyPak Application Manager (Cloud Edition),current,https://docs.netwrix.com/docs/policypak/components/applicationsettingsmanager/videos/whatdoesitdo/cloud,docs/policypak/components/applicationsettingsmanager/videos/whatdoesitdo/cloud.md,,,,,,
What is PolicyPak Application Manager (Group Policy Edition),current,https://docs.netwrix.com/docs/policypak/components/applicationsettingsmanager/videos/whatdoesitdo/grouppolicy,docs/policypak/components/applicationsettingsmanager/videos/whatdoesitdo/grouppolicy.md,,,,,,
PolicyPak Overview Video for Managers,current,https://docs.netwrix.com/docs/policypak/components/applicationsettingsmanager/videos/whatdoesitdo/managers,docs/policypak/components/applicationsettingsmanager/videos/whatdoesitdo/managers.md,,,,,,
Managing Application Settings on your MDM enrolled machines,current,https://docs.netwrix.com/docs/policypak/components/applicationsettingsmanager/videos/whatdoesitdo/mdm,docs/policypak/components/applicationsettingsmanager/videos/whatdoesitdo/mdm.md,,,,,,
PolicyPakOn-Premise QuickStart for PolicyPak Application Manager,current,https://docs.netwrix.com/docs/policypak/components/applicationsettingsmanager/videos/whatdoesitdo/onpremise,docs/policypak/components/applicationsettingsmanager/videos/whatdoesitdo/onpremise.md,,,,,,
PolicyPak Application Manager Overview,current,https://docs.netwrix.com/docs/policypak/components/applicationsettingsmanager/videos/whatdoesitdo/pak,docs/policypak/components/applicationsettingsmanager/videos/whatdoesitdo/pak.md,,,,,,
How-to manually install and enable PolicyPak Browser Router (PPBR) extension for Google Chrome?,current,https://docs.netwrix.com/docs/policypak/components/browserrouter/knowledgebase/installation/chromemanual,docs/policypak/components/browserrouter/knowledgebase/installation/chromemanual.md,,,,,,
"When I unlicense or remove PolicyPakBrowser Router from scope,PolicyPak Browser Router Agent still shows as OS ""default browser"". Why is that and is there a workaround?",current,https://docs.netwrix.com/docs/policypak/components/browserrouter/knowledgebase/installation/defaultbrowser,docs/policypak/components/browserrouter/knowledgebase/installation/defaultbrowser.md,,,,,,
"I launched IE and saw ""PPBRAGENTIExIE_01.dll"" or ""PPBRExplorerExtension.dll"" prompted for the user. What should I do?",current,https://docs.netwrix.com/docs/policypak/components/browserrouter/knowledgebase/installation/iepromptdll,docs/policypak/components/browserrouter/knowledgebase/installation/iepromptdll.md,,,,,,
I'm using SCCM to deploy the PP CSE. I want to ensure that Internet Explorer is closed during the installation of PPBR to prevent IE questions of users if they are logged in. What should I do?,current,https://docs.netwrix.com/docs/policypak/components/browserrouter/knowledgebase/installation/preventiequestions,docs/policypak/components/browserrouter/knowledgebase/installation/preventiequestions.md,,,,,,
Why doesn't PolicyPak Browser Router routes take effect the first time I log on to Windows 8.1 or Windows 10?,current,https://docs.netwrix.com/docs/policypak/components/browserrouter/knowledgebase/installation/twologons,docs/policypak/components/browserrouter/knowledgebase/installation/twologons.md,,,,,,
"Why does Windows 8 and 10 ask me ""How do you want to open this?"" and how do I make it go away?",current,https://docs.netwrix.com/docs/policypak/components/browserrouter/knowledgebase/installation/windowsopenprompt,docs/policypak/components/browserrouter/knowledgebase/installation/windowsopenprompt.md,,,,,,
Browser Router Technical Notes,current,https://docs.netwrix.com/docs/policypak/components/browserrouter/knowledgebase,docs/policypak/components/browserrouter/knowledgebase/knowledgebase.md,,,,,,
Which variables can I use in the Browser Router Advanced Blocking Message?,current,https://docs.netwrix.com/docs/policypak/components/browserrouter/knowledgebase/tipsandtricks/advancedblockingmessage,docs/policypak/components/browserrouter/knowledgebase/tipsandtricks/advancedblockingmessage.md,,,,,,
How to Configure Browser Router to use IE Document Modes in Edge IE TAB,current,https://docs.netwrix.com/docs/policypak/components/browserrouter/knowledgebase/tipsandtricks/browsermode,docs/policypak/components/browserrouter/knowledgebase/tipsandtricks/browsermode.md,,,,,,
"Does PolicyPak Manage Chrome or Edge ""Flags""?",current,https://docs.netwrix.com/docs/policypak/components/browserrouter/knowledgebase/tipsandtricks/commandlinearguments,docs/policypak/components/browserrouter/knowledgebase/tipsandtricks/commandlinearguments.md,,,,,,
"What is meant by ""Default Browser"" within PolicyPak Browser router?",current,https://docs.netwrix.com/docs/policypak/components/browserrouter/knowledgebase/tipsandtricks/defined,docs/policypak/components/browserrouter/knowledgebase/tipsandtricks/defined.md,,,,,,
What is PPBREdgePackage and When is it used?,current,https://docs.netwrix.com/docs/policypak/components/browserrouter/knowledgebase/tipsandtricks/edgelegacybrowser,docs/policypak/components/browserrouter/knowledgebase/tipsandtricks/edgelegacybrowser.md,,,,,,
How can I use PolicyPak Browser router to force people to always use the SAME browser?,current,https://docs.netwrix.com/docs/policypak/components/browserrouter/knowledgebase/tipsandtricks/forcebrowser,docs/policypak/components/browserrouter/knowledgebase/tipsandtricks/forcebrowser.md,,,,,,
How to remove the PolicyPak Browser Router Agent from the list of available Web Browser handlers under Default Apps in Windows 10,current,https://docs.netwrix.com/docs/policypak/components/browserrouter/knowledgebase/tipsandtricks/removeagent,docs/policypak/components/browserrouter/knowledgebase/tipsandtricks/removeagent.md,,,,,,
"Is it possible to prevent all Internet websites, but allow just a few? (Blacklist websites, whitelist some?)",current,https://docs.netwrix.com/docs/policypak/components/browserrouter/knowledgebase/tipsandtricks/securityzone,docs/policypak/components/browserrouter/knowledgebase/tipsandtricks/securityzone.md,,,,,,
How do I change the default icon for user-created shortcuts for my default browser?,current,https://docs.netwrix.com/docs/policypak/components/browserrouter/knowledgebase/tipsandtricks/shortcuticons,docs/policypak/components/browserrouter/knowledgebase/tipsandtricks/shortcuticons.md,,,,,,
How do I suppress the pop-up of the Browser Router Chrome Extension at First run?,current,https://docs.netwrix.com/docs/policypak/components/browserrouter/knowledgebase/tipsandtricks/suppresspopup,docs/policypak/components/browserrouter/knowledgebase/tipsandtricks/suppresspopup.md,,,,,,
Where does Browser Router store user selected browser (and how can I fake it if I need to) in versions 2536 and later?,current,https://docs.netwrix.com/docs/policypak/components/browserrouter/knowledgebase/tipsandtricks/useselectablebrowser,docs/policypak/components/browserrouter/knowledgebase/tipsandtricks/useselectablebrowser.md,,,,,,
Hyperlinks in Adobe documents do not work when Browser Router is set as the Default Browser,current,https://docs.netwrix.com/docs/policypak/components/browserrouter/knowledgebase/troubleshooting/adobelinks,docs/policypak/components/browserrouter/knowledgebase/troubleshooting/adobelinks.md,,,,,,
"How do I fix """">PolicyPak Browser Router Chromium Extension"" was automatically disabled."" message in Chrome or Edge?",current,https://docs.netwrix.com/docs/policypak/components/browserrouter/knowledgebase/troubleshooting/automaticallydisabled,docs/policypak/components/browserrouter/knowledgebase/troubleshooting/automaticallydisabled.md,,,,,,
Troubleshooting routing between browsers.,current,https://docs.netwrix.com/docs/policypak/components/browserrouter/knowledgebase/troubleshooting/betweenbrowsers,docs/policypak/components/browserrouter/knowledgebase/troubleshooting/betweenbrowsers.md,,,,,,
How can I use the only remaining PolicyPak published Chrome Extension with my older CSE? (CSE 18.7.1779.937 - 19.12.2283.849),current,https://docs.netwrix.com/docs/policypak/components/browserrouter/knowledgebase/troubleshooting/chromeextension,docs/policypak/components/browserrouter/knowledgebase/troubleshooting/chromeextension.md,,,,,,
What is the Chrome Extension ID for all the published versions of PolicyPak Browser Router Client Side Extension?,current,https://docs.netwrix.com/docs/policypak/components/browserrouter/knowledgebase/troubleshooting/chromeextensionid,docs/policypak/components/browserrouter/knowledgebase/troubleshooting/chromeextensionid.md,,,,,,
"An older CSE isn't routing from Chrome or Edge to other browsers, because the older CSE isn't downloading the latest Chrome extension. What can I do?",current,https://docs.netwrix.com/docs/policypak/components/browserrouter/knowledgebase/troubleshooting/chromerouting,docs/policypak/components/browserrouter/knowledgebase/troubleshooting/chromerouting.md,,,,,,
Chrome and Citrix problems,current,https://docs.netwrix.com/docs/policypak/components/browserrouter/knowledgebase/troubleshooting/citrixproblems,docs/policypak/components/browserrouter/knowledgebase/troubleshooting/citrixproblems.md,,,,,,
What does it mean when PolicyPak Browser Router gives a pop-up saying to contact support to my end-users?,current,https://docs.netwrix.com/docs/policypak/components/browserrouter/knowledgebase/troubleshooting/contactsupport,docs/policypak/components/browserrouter/knowledgebase/troubleshooting/contactsupport.md,,,,,,
"I'm having a ""Browser Router Emergency"" or some kind of critical website incompatibility. What can I do?",current,https://docs.netwrix.com/docs/policypak/components/browserrouter/knowledgebase/troubleshooting/criticalwebsiteincompatibility,docs/policypak/components/browserrouter/knowledgebase/troubleshooting/criticalwebsiteincompatibility.md,,,,,,
Why is Browser Router not showing up as the OS Default Browser since Feb24/March24 Monthly windows patches KB5035845?,current,https://docs.netwrix.com/docs/policypak/components/browserrouter/knowledgebase/troubleshooting/default,docs/policypak/components/browserrouter/knowledgebase/troubleshooting/default.md,,,,,,
PPBRAgentExeIE_01.DLL error message occurs about Internet Explorer enhanced security. What should I do?,current,https://docs.netwrix.com/docs/policypak/components/browserrouter/knowledgebase/troubleshooting/dllcompatible,docs/policypak/components/browserrouter/knowledgebase/troubleshooting/dllcompatible.md,,,,,,
Why does PolicyPak PPExtensionService.exe make a call out to DNS?,current,https://docs.netwrix.com/docs/policypak/components/browserrouter/knowledgebase/troubleshooting/dnscall,docs/policypak/components/browserrouter/knowledgebase/troubleshooting/dnscall.md,,,,,,
"I see the PolicyPak Browser Router Chrome Extension is being installed, but it's not active. What can I do?",current,https://docs.netwrix.com/docs/policypak/components/browserrouter/knowledgebase/troubleshooting/extensioninactive,docs/policypak/components/browserrouter/knowledgebase/troubleshooting/extensioninactive.md,,,,,,
Why don't routes work from Firefox to other browsers (in Firefox 49+) ?,current,https://docs.netwrix.com/docs/policypak/components/browserrouter/knowledgebase/troubleshooting/firefox,docs/policypak/components/browserrouter/knowledgebase/troubleshooting/firefox.md,,,,,,
PolicyPak Browser Router removes other Chrome ‘force installed' extensions. How can I work around this?,current,https://docs.netwrix.com/docs/policypak/components/browserrouter/knowledgebase/troubleshooting/forceinstall,docs/policypak/components/browserrouter/knowledgebase/troubleshooting/forceinstall.md,,,,,,
Why doesn't Edge to Other browser support work as expected?,current,https://docs.netwrix.com/docs/policypak/components/browserrouter/knowledgebase/troubleshooting/fromedgetootherbrowsers,docs/policypak/components/browserrouter/knowledgebase/troubleshooting/fromedgetootherbrowsers.md,,,,,,
Why don't routes work from IE to other browsers?,current,https://docs.netwrix.com/docs/policypak/components/browserrouter/knowledgebase/troubleshooting/fromietootherbrowsers,docs/policypak/components/browserrouter/knowledgebase/troubleshooting/fromietootherbrowsers.md,,,,,,
"What is the PPBR ""Keep original tab open when routing / Experimental Feature"" checkbox, and why must I turn it OFF for ALL routes if I'm having trouble with ONE website?",current,https://docs.netwrix.com/docs/policypak/components/browserrouter/knowledgebase/troubleshooting/keeporiginaltab,docs/policypak/components/browserrouter/knowledgebase/troubleshooting/keeporiginaltab.md,,,,,,
How to fix the Chrome / Edge Chromium launch issues?,current,https://docs.netwrix.com/docs/policypak/components/browserrouter/knowledgebase/troubleshooting/launch,docs/policypak/components/browserrouter/knowledgebase/troubleshooting/launch.md,,,,,,
"How to set ""Choose which browser opens web links in Office365"" so that Browser Router properly routes web links in Outlook",current,https://docs.netwrix.com/docs/policypak/components/browserrouter/knowledgebase/troubleshooting/office365,docs/policypak/components/browserrouter/knowledgebase/troubleshooting/office365.md,,,,,,
"Browser router doesn't seem to work when I use a pattern, and the URL has multiple redirects.",current,https://docs.netwrix.com/docs/policypak/components/browserrouter/knowledgebase/troubleshooting/pattern,docs/policypak/components/browserrouter/knowledgebase/troubleshooting/pattern.md,,,,,,
How to quickly troubleshoot PolicyPak Browser Router,current,https://docs.netwrix.com/docs/policypak/components/browserrouter/knowledgebase/troubleshooting/quick,docs/policypak/components/browserrouter/knowledgebase/troubleshooting/quick.md,,,,,,
How does Browser Router function when Internet Explorer is removed from the machine?,current,https://docs.netwrix.com/docs/policypak/components/browserrouter/knowledgebase/troubleshooting/removed,docs/policypak/components/browserrouter/knowledgebase/troubleshooting/removed.md,,,,,,
"How do I revert to ""Legacy Browser Router Method & Features"" if directed?",current,https://docs.netwrix.com/docs/policypak/components/browserrouter/knowledgebase/troubleshooting/revertlegacy,docs/policypak/components/browserrouter/knowledgebase/troubleshooting/revertlegacy.md,,,,,,
I'm attempting to use an older CSE but routing from Edge / Chrome to other browsers is not working. Why is this?,current,https://docs.netwrix.com/docs/policypak/components/browserrouter/knowledgebase/troubleshooting/routing,docs/policypak/components/browserrouter/knowledgebase/troubleshooting/routing.md,,,,,,
How can I stop websites automatically routing to Edge when I expect them to be shown in IE (and/or I get an endless loop). Why is this?,current,https://docs.netwrix.com/docs/policypak/components/browserrouter/knowledgebase/troubleshooting/stop,docs/policypak/components/browserrouter/knowledgebase/troubleshooting/stop.md,,,,,,
How-to resolve the IE-Tab Issues in Edge for PolicyPak Browser Router managed URLs,current,https://docs.netwrix.com/docs/policypak/components/browserrouter/knowledgebase/troubleshooting/tabissue,docs/policypak/components/browserrouter/knowledgebase/troubleshooting/tabissue.md,,,,,,
When does PolicyPak Browser Router write v1 or v2 Enterprise Mode site lists?,current,https://docs.netwrix.com/docs/policypak/components/browserrouter/knowledgebase/troubleshooting/versions,docs/policypak/components/browserrouter/knowledgebase/troubleshooting/versions.md,,,,,,
Why is my Wildcard rule not applying to top level WWW site?,current,https://docs.netwrix.com/docs/policypak/components/browserrouter/knowledgebase/troubleshooting/wildcardrule,docs/policypak/components/browserrouter/knowledgebase/troubleshooting/wildcardrule.md,,,,,,
Using Block Policies,current,https://docs.netwrix.com/docs/policypak/components/browserrouter/manual/configuration/block,docs/policypak/components/browserrouter/manual/configuration/block.md,,,,,,
Using Command Line Arguments,current,https://docs.netwrix.com/docs/policypak/components/browserrouter/manual/configuration/commandlinearguments,docs/policypak/components/browserrouter/manual/configuration/commandlinearguments.md,,,,,,
Using Custom Policies,current,https://docs.netwrix.com/docs/policypak/components/browserrouter/manual/configuration/custom,docs/policypak/components/browserrouter/manual/configuration/custom.md,,,,,,
Exporting Collections,current,https://docs.netwrix.com/docs/policypak/components/browserrouter/manual/configuration/exportcollections,docs/policypak/components/browserrouter/manual/configuration/exportcollections.md,,,,,,
Using Item-Level Targeting with Collections and Policies,current,https://docs.netwrix.com/docs/policypak/components/browserrouter/manual/configuration/itemleveltargeting,docs/policypak/components/browserrouter/manual/configuration/itemleveltargeting.md,,,,,,
Routing Using Ports,current,https://docs.netwrix.com/docs/policypak/components/browserrouter/manual/configuration/ports,docs/policypak/components/browserrouter/manual/configuration/ports.md,,,,,,
Understanding Processing Order and Precedence,current,https://docs.netwrix.com/docs/policypak/components/browserrouter/manual/configuration/processorderprecedence,docs/policypak/components/browserrouter/manual/configuration/processorderprecedence.md,,,,,,
Understanding Browser Router Rules,current,https://docs.netwrix.com/docs/policypak/components/browserrouter/manual/configuration/rules,docs/policypak/components/browserrouter/manual/configuration/rules.md,,,,,,
Getting to Know Browser Router,current,https://docs.netwrix.com/docs/policypak/components/browserrouter/manual/gettingtoknow/navigation,docs/policypak/components/browserrouter/manual/gettingtoknow/navigation.md,,,,,,
Understanding Default Browser Policies,current,https://docs.netwrix.com/docs/policypak/components/browserrouter/manual/gettingtoknow/overview_1,docs/policypak/components/browserrouter/manual/gettingtoknow/overview_1.md,,,,,,
Troubleshooting,current,https://docs.netwrix.com/docs/policypak/components/browserrouter/manual/gettingtoknow/overview_2,docs/policypak/components/browserrouter/manual/gettingtoknow/overview_2.md,,,,,,
Converting Existing IE Site List XMLs,current,https://docs.netwrix.com/docs/policypak/components/browserrouter/manual/internetexplorer/convertxmls,docs/policypak/components/browserrouter/manual/internetexplorer/convertxmls.md,,,,,,
Internet Explorer in Edge Mode,current,https://docs.netwrix.com/docs/policypak/components/browserrouter/manual/internetexplorer/edgemod,docs/policypak/components/browserrouter/manual/internetexplorer/edgemod.md,,,,,,
Understanding Browser Router and Internet Explorer,current,https://docs.netwrix.com/docs/policypak/components/browserrouter/manual/internetexplorer/overview,docs/policypak/components/browserrouter/manual/internetexplorer/overview.md,,,,,,
Using Special Policy Types for Internet Explorer,current,https://docs.netwrix.com/docs/policypak/components/browserrouter/manual/internetexplorer/specialtypes,docs/policypak/components/browserrouter/manual/internetexplorer/specialtypes.md,,,,,,
Browser Router Manual,current,https://docs.netwrix.com/docs/policypak/components/browserrouter/manual/overview,docs/policypak/components/browserrouter/manual/overview.md,,,,,,
"Using ""OS Web Browser Look & Feel""",current,https://docs.netwrix.com/docs/policypak/components/browserrouter/manual/understandingdefaultbrowser/osweb,docs/policypak/components/browserrouter/manual/understandingdefaultbrowser/osweb.md,,,,,,
Browser Router Overview,current,https://docs.netwrix.com/docs/policypak/components/browserrouter/overview,docs/policypak/components/browserrouter/overview.md,,,,,,
Using PP Browser Router on Citrix or RDS servers with published browser applications,current,https://docs.netwrix.com/docs/policypak/components/browserrouter/videolearningcenter/citrixvirtualapps/citrix,docs/policypak/components/browserrouter/videolearningcenter/citrixvirtualapps/citrix.md,,,,,,
Browser Router with Custom Browsers,current,https://docs.netwrix.com/docs/policypak/components/browserrouter/videolearningcenter/citrixvirtualapps/custombrowsers,docs/policypak/components/browserrouter/videolearningcenter/citrixvirtualapps/custombrowsers.md,,,,,,
Block web sites from opening in all browsers.,current,https://docs.netwrix.com/docs/policypak/components/browserrouter/videolearningcenter/gettingstarted/blockwebsites,docs/policypak/components/browserrouter/videolearningcenter/gettingstarted/blockwebsites.md,,,,,,
PolicyPak and Edge ‘Special' policies,current,https://docs.netwrix.com/docs/policypak/components/browserrouter/videolearningcenter/gettingstarted/edgespecial,docs/policypak/components/browserrouter/videolearningcenter/gettingstarted/edgespecial.md,,,,,,
Browser Router now with support for MS Edge,current,https://docs.netwrix.com/docs/policypak/components/browserrouter/videolearningcenter/gettingstarted/edgesupport,docs/policypak/components/browserrouter/videolearningcenter/gettingstarted/edgesupport.md,,,,,,
"Manage Internet Explorer 11 and Edge Compatibility, Enterprise Modes and IE-in-Edge Mode",current,https://docs.netwrix.com/docs/policypak/components/browserrouter/videolearningcenter/gettingstarted/ie,docs/policypak/components/browserrouter/videolearningcenter/gettingstarted/ie.md,,,,,,
PolicyPak Browser Router and Ports,current,https://docs.netwrix.com/docs/policypak/components/browserrouter/videolearningcenter/gettingstarted/ports,docs/policypak/components/browserrouter/videolearningcenter/gettingstarted/ports.md,,,,,,
Ensure users utilize the RIGHT browser for the right website !,current,https://docs.netwrix.com/docs/policypak/components/browserrouter/videolearningcenter/gettingstarted/rightbrowser,docs/policypak/components/browserrouter/videolearningcenter/gettingstarted/rightbrowser.md,,,,,,
PolicyPak Browser Router User-Selected Default,current,https://docs.netwrix.com/docs/policypak/components/browserrouter/videolearningcenter/gettingstarted/userselecteddefault,docs/policypak/components/browserrouter/videolearningcenter/gettingstarted/userselecteddefault.md,,,,,,
Use PP Cloud to Manage your browsers and manage your routes to domain joined and non domain joined machines,current,https://docs.netwrix.com/docs/policypak/components/browserrouter/videolearningcenter/methods/cloud,docs/policypak/components/browserrouter/videolearningcenter/methods/cloud.md,,,,,,
Map the Right Website to the Right Browser using your MDM service,current,https://docs.netwrix.com/docs/policypak/components/browserrouter/videolearningcenter/methods/mdm,docs/policypak/components/browserrouter/videolearningcenter/methods/mdm.md,,,,,,
Set the links to icons to actually show the default browser.,current,https://docs.netwrix.com/docs/policypak/components/browserrouter/videolearningcenter/tipsandtricks/browsericon,docs/policypak/components/browserrouter/videolearningcenter/tipsandtricks/browsericon.md,,,,,,
"Route all sites to Chrome, with some exceptions",current,https://docs.netwrix.com/docs/policypak/components/browserrouter/videolearningcenter/tipsandtricks/chrome,docs/policypak/components/browserrouter/videolearningcenter/tipsandtricks/chrome.md,,,,,,
Browser Router now supports Chrome on Non-Domain Joined machines,current,https://docs.netwrix.com/docs/policypak/components/browserrouter/videolearningcenter/tipsandtricks/chromenondomainjoined,docs/policypak/components/browserrouter/videolearningcenter/tipsandtricks/chromenondomainjoined.md,,,,,,
PolicyPak Browser Router: Set the Windows 10 Default Browser (once) then drift,current,https://docs.netwrix.com/docs/policypak/components/browserrouter/videolearningcenter/tipsandtricks/defaultwindows10,docs/policypak/components/browserrouter/videolearningcenter/tipsandtricks/defaultwindows10.md,,,,,,
Route all sites to Edge (with some exceptions),current,https://docs.netwrix.com/docs/policypak/components/browserrouter/videolearningcenter/tipsandtricks/edge,docs/policypak/components/browserrouter/videolearningcenter/tipsandtricks/edge.md,,,,,,
"Use Firefox as default for ALL pages, except some pages",current,https://docs.netwrix.com/docs/policypak/components/browserrouter/videolearningcenter/tipsandtricks/firefox,docs/policypak/components/browserrouter/videolearningcenter/tipsandtricks/firefox.md,,,,,,
PolicyPak Browser Router: Internet Explorer in Edge mode,current,https://docs.netwrix.com/docs/policypak/components/browserrouter/videolearningcenter/tipsandtricks/ieedgemode,docs/policypak/components/browserrouter/videolearningcenter/tipsandtricks/ieedgemode.md,,,,,,
Force all websites to IE (but have some exceptions),current,https://docs.netwrix.com/docs/policypak/components/browserrouter/videolearningcenter/tipsandtricks/ieforce,docs/policypak/components/browserrouter/videolearningcenter/tipsandtricks/ieforce.md,,,,,,
Internet Explorer to PolicyPak Browser Router Site lists,current,https://docs.netwrix.com/docs/policypak/components/browserrouter/videolearningcenter/tipsandtricks/iesitelists,docs/policypak/components/browserrouter/videolearningcenter/tipsandtricks/iesitelists.md,,,,,,
Browser Router Videos,current,https://docs.netwrix.com/docs/policypak/components/browserrouter/videolearningcenter,docs/policypak/components/browserrouter/videolearningcenter/videolearningcenter.md,,,,,,
Device Manager Technical Notes,current,https://docs.netwrix.com/docs/policypak/components/devicemanager/knowledgebase,docs/policypak/components/devicemanager/knowledgebase/knowledgebase.md,,,,,,
Troubleshooting,current,https://docs.netwrix.com/docs/policypak/components/devicemanager/knowledgebase/troubleshooting,docs/policypak/components/devicemanager/knowledgebase/troubleshooting.md,,,,,,
Device Manager Helper Tool,current,https://docs.netwrix.com/docs/policypak/components/devicemanager/manual/configuration/helpertool,docs/policypak/components/devicemanager/manual/configuration/helpertool.md,,,,,,
"Admin Approval, Branding, Customization and Automatically Createing Rules",current,https://docs.netwrix.com/docs/policypak/components/devicemanager/manual/configuration/rules,docs/policypak/components/devicemanager/manual/configuration/rules.md,,,,,,
Device Manager Policies,current,https://docs.netwrix.com/docs/policypak/components/devicemanager/manual/gettingtoknow/devicemanagerpolicies,docs/policypak/components/devicemanager/manual/gettingtoknow/devicemanagerpolicies.md,,,,,,
Global Device Manager Policies,current,https://docs.netwrix.com/docs/policypak/components/devicemanager/manual/gettingtoknow/globaldevicemanager,docs/policypak/components/devicemanager/manual/gettingtoknow/globaldevicemanager.md,,,,,,
Device Manager Manual,current,https://docs.netwrix.com/docs/policypak/components/devicemanager/manual/overview,docs/policypak/components/devicemanager/manual/overview.md,,,,,,
Device Manager Overview,current,https://docs.netwrix.com/docs/policypak/components/devicemanager/overview,docs/policypak/components/devicemanager/overview.md,,,,,,
Restrict access only to Bitlocker drives,current,https://docs.netwrix.com/docs/policypak/components/devicemanager/videolearningcenter/gettingstarted/bitlockerdrives,docs/policypak/components/devicemanager/videolearningcenter/gettingstarted/bitlockerdrives.md,,,,,,
Device Manager Admin Approval and Automatic Rules Creation,current,https://docs.netwrix.com/docs/policypak/components/devicemanager/videolearningcenter/gettingstarted/dmapprovalautorules,docs/policypak/components/devicemanager/videolearningcenter/gettingstarted/dmapprovalautorules.md,,,,,,
Device Manager Helper Tool,current,https://docs.netwrix.com/docs/policypak/components/devicemanager/videolearningcenter/gettingstarted/dmhelpertool,docs/policypak/components/devicemanager/videolearningcenter/gettingstarted/dmhelpertool.md,,,,,,
PolicyPak Device Manager and End-User Emails to Support,current,https://docs.netwrix.com/docs/policypak/components/devicemanager/videolearningcenter/gettingstarted/enduser,docs/policypak/components/devicemanager/videolearningcenter/gettingstarted/enduser.md,,,,,,
Permit specific devices by serial number,current,https://docs.netwrix.com/docs/policypak/components/devicemanager/videolearningcenter/gettingstarted/serialnumber,docs/policypak/components/devicemanager/videolearningcenter/gettingstarted/serialnumber.md,,,,,,
Instantly Put the smackdown on USB sticks and CD-ROMs,current,https://docs.netwrix.com/docs/policypak/components/devicemanager/videolearningcenter/gettingstarted/usbdrive,docs/policypak/components/devicemanager/videolearningcenter/gettingstarted/usbdrive.md,,,,,,
Allow ONE user (or group) access to USB and/or CD-ROM and DVDs,current,https://docs.netwrix.com/docs/policypak/components/devicemanager/videolearningcenter/gettingstarted/usbdriveallowuser,docs/policypak/components/devicemanager/videolearningcenter/gettingstarted/usbdriveallowuser.md,,,,,,
Authorize USB Sticks by VENDOR type,current,https://docs.netwrix.com/docs/policypak/components/devicemanager/videolearningcenter/gettingstarted/usbdriveallowvendor,docs/policypak/components/devicemanager/videolearningcenter/gettingstarted/usbdriveallowvendor.md,,,,,,
Block USB sticks using PolicyPak Cloud,current,https://docs.netwrix.com/docs/policypak/components/devicemanager/videolearningcenter/methods/cloud,docs/policypak/components/devicemanager/videolearningcenter/methods/cloud.md,,,,,,
Block and Allow USB and CD-ROMs with your MDM solution,current,https://docs.netwrix.com/docs/policypak/components/devicemanager/videolearningcenter/methods/mdm,docs/policypak/components/devicemanager/videolearningcenter/methods/mdm.md,,,,,,
Device Manager Videos,current,https://docs.netwrix.com/docs/policypak/components/devicemanager/videolearningcenter,docs/policypak/components/devicemanager/videolearningcenter/videolearningcenter.md,,,,,,
Getting Started with Collections,current,https://docs.netwrix.com/docs/policypak/components/featuremanager/manual/addremove/collections,docs/policypak/components/featuremanager/manual/addremove/collections.md,,,,,,
Quick Start - Adding and Removing Features,current,https://docs.netwrix.com/docs/policypak/components/featuremanager/manual/addremove/overview,docs/policypak/components/featuremanager/manual/addremove/overview.md,,,,,,
Creating Policies within Collections,current,https://docs.netwrix.com/docs/policypak/components/featuremanager/manual/addremove/policies,docs/policypak/components/featuremanager/manual/addremove/policies.md,,,,,,
Testing Your GPO,current,https://docs.netwrix.com/docs/policypak/components/featuremanager/manual/addremove/test,docs/policypak/components/featuremanager/manual/addremove/test.md,,,,,,
Creating a Collection within the Wizard,current,https://docs.netwrix.com/docs/policypak/components/featuremanager/manual/advanced/createcollection,docs/policypak/components/featuremanager/manual/advanced/createcollection.md,,,,,,
Deleting Policies,current,https://docs.netwrix.com/docs/policypak/components/featuremanager/manual/advanced/deletepolicies,docs/policypak/components/featuremanager/manual/advanced/deletepolicies.md,,,,,,
Editing a Collection,current,https://docs.netwrix.com/docs/policypak/components/featuremanager/manual/advanced/editcollection,docs/policypak/components/featuremanager/manual/advanced/editcollection.md,,,,,,
Editing a Policy,current,https://docs.netwrix.com/docs/policypak/components/featuremanager/manual/advanced/editpolicy,docs/policypak/components/featuremanager/manual/advanced/editpolicy.md,,,,,,
The Mixed Rule Wizard Path,current,https://docs.netwrix.com/docs/policypak/components/featuremanager/manual/advanced/mixedrule,docs/policypak/components/featuremanager/manual/advanced/mixedrule.md,,,,,,
Advanced Manipulations of Policies and Collections,current,https://docs.netwrix.com/docs/policypak/components/featuremanager/manual/advanced/overview,docs/policypak/components/featuremanager/manual/advanced/overview.md,,,,,,
Events,current,https://docs.netwrix.com/docs/policypak/components/featuremanager/manual/feature/events,docs/policypak/components/featuremanager/manual/feature/events.md,,,,,,
Logging Locations,current,https://docs.netwrix.com/docs/policypak/components/featuremanager/manual/feature/logs,docs/policypak/components/featuremanager/manual/feature/logs.md,,,,,,
Troubleshooting,current,https://docs.netwrix.com/docs/policypak/components/featuremanager/manual/feature/overview,docs/policypak/components/featuremanager/manual/feature/overview.md,,,,,,
Getting to Know Feature Manager for Windows,current,https://docs.netwrix.com/docs/policypak/components/featuremanager/manual/gettoknow,docs/policypak/components/featuremanager/manual/gettoknow.md,,,,,,
Exporting Collections,current,https://docs.netwrix.com/docs/policypak/components/featuremanager/manual/itemleveltargeting/exportcollections,docs/policypak/components/featuremanager/manual/itemleveltargeting/exportcollections.md,,,,,,
Using Item-Level Targeting with Collections and Policies,current,https://docs.netwrix.com/docs/policypak/components/featuremanager/manual/itemleveltargeting/overview,docs/policypak/components/featuremanager/manual/itemleveltargeting/overview.md,,,,,,
Understanding Processing Order and Precedence,current,https://docs.netwrix.com/docs/policypak/components/featuremanager/manual/itemleveltargeting/processorderprecedence,docs/policypak/components/featuremanager/manual/itemleveltargeting/processorderprecedence.md,,,,,,
Feature Manager for Windows,current,https://docs.netwrix.com/docs/policypak/components/featuremanager/manual/overview,docs/policypak/components/featuremanager/manual/overview.md,,,,,,
Using Feature Manager for Windows with Servers,current,https://docs.netwrix.com/docs/policypak/components/featuremanager/manual/windowsservers,docs/policypak/components/featuremanager/manual/windowsservers.md,,,,,,
PolicyPak Feature Manager for Windows doesn't appear to be working and we're getting error code 0x800f0954. What can I try?,current,https://docs.netwrix.com/docs/policypak/components/featuremanager/technotes/code0x800f0954,docs/policypak/components/featuremanager/technotes/code0x800f0954.md,,,,,,
Knowledge Base,current,https://docs.netwrix.com/docs/policypak/components/featuremanager/technotes/knowledgebase,docs/policypak/components/featuremanager/technotes/knowledgebase.md,,,,,,
Feature Manager for Windows + PolicyPak Cloud,current,https://docs.netwrix.com/docs/policypak/components/featuremanager/videos/allvideos/cloud,docs/policypak/components/featuremanager/videos/allvideos/cloud.md,,,,,,
Feature Manager for Windows + MDM,current,https://docs.netwrix.com/docs/policypak/components/featuremanager/videos/allvideos/mdm,docs/policypak/components/featuremanager/videos/allvideos/mdm.md,,,,,,
Feature Manager For Windows,current,https://docs.netwrix.com/docs/policypak/components/featuremanager/videos/allvideos/windows,docs/policypak/components/featuremanager/videos/allvideos/windows.md,,,,,,
Feature Manager For Windows Servers,current,https://docs.netwrix.com/docs/policypak/components/featuremanager/videos/allvideos/windowsservers,docs/policypak/components/featuremanager/videos/allvideos/windowsservers.md,,,,,,
Video Learning Center,current,https://docs.netwrix.com/docs/policypak/components/featuremanager/videos/videolearningcenter,docs/policypak/components/featuremanager/videos/videolearningcenter.md,,,,,,
File Associations Manager Technical Notes,current,https://docs.netwrix.com/docs/policypak/components/fileassociationsmanager/knowledgebase,docs/policypak/components/fileassociationsmanager/knowledgebase/knowledgebase.md,,,,,,
How can I make Cortana and other web searches to use system default browser instead of Microsoft Edge?,current,https://docs.netwrix.com/docs/policypak/components/fileassociationsmanager/knowledgebase/tipsandtricks/cortana,docs/policypak/components/fileassociationsmanager/knowledgebase/tipsandtricks/cortana.md,,,,,,
"How can I associate .HTM files with a specific browser, like Internet Explorer?",current,https://docs.netwrix.com/docs/policypak/components/fileassociationsmanager/knowledgebase/tipsandtricks/specificbrowser,docs/policypak/components/fileassociationsmanager/knowledgebase/tipsandtricks/specificbrowser.md,,,,,,
How can I open images with Windows Photo Viewer?,current,https://docs.netwrix.com/docs/policypak/components/fileassociationsmanager/knowledgebase/tipsandtricks/windowsphotoviewer,docs/policypak/components/fileassociationsmanager/knowledgebase/tipsandtricks/windowsphotoviewer.md,,,,,,
"Why is Browser Router's ""Default Browser"" or File Associations Manager's configuration not working when I also have a Default Associations Configuration file?",current,https://docs.netwrix.com/docs/policypak/components/fileassociationsmanager/knowledgebase/troubleshooting/defaultassociationsconfiguration,docs/policypak/components/fileassociationsmanager/knowledgebase/troubleshooting/defaultassociationsconfiguration.md,,,,,,
Can I use PolicyPakBrowser Router and/or PolicyPak File Associations Manager to set the default browser?,current,https://docs.netwrix.com/docs/policypak/components/fileassociationsmanager/knowledgebase/troubleshooting/defaultbrowser,docs/policypak/components/fileassociationsmanager/knowledgebase/troubleshooting/defaultbrowser.md,,,,,,
How does PP File Associations Manager merge between GPOs and/or Collections?,current,https://docs.netwrix.com/docs/policypak/components/fileassociationsmanager/knowledgebase/troubleshooting/gpos,docs/policypak/components/fileassociationsmanager/knowledgebase/troubleshooting/gpos.md,,,,,,
"How do I revert to ""Legacy File Associations Methods & Features"" if directed (especially for LTSB/LTSC)?",current,https://docs.netwrix.com/docs/policypak/components/fileassociationsmanager/knowledgebase/troubleshooting/legacy,docs/policypak/components/fileassociationsmanager/knowledgebase/troubleshooting/legacy.md,,,,,,
"What happens if I use MDT, or in-box Group Policy or MDM to set OEMDefaultAssociations.XML BEFORE PolicyPak File Associations Manager ?",current,https://docs.netwrix.com/docs/policypak/components/fileassociationsmanager/knowledgebase/troubleshooting/oemdefaultassociations,docs/policypak/components/fileassociationsmanager/knowledgebase/troubleshooting/oemdefaultassociations.md,,,,,,
"Apply Mode or ""Apply Once and Drift""",current,https://docs.netwrix.com/docs/policypak/components/fileassociationsmanager/manual/applymode,docs/policypak/components/fileassociationsmanager/manual/applymode.md,,,,,,
Logging Locations,current,https://docs.netwrix.com/docs/policypak/components/fileassociationsmanager/manual/configuration/logs,docs/policypak/components/fileassociationsmanager/manual/configuration/logs.md,,,,,,
Inspecting the FileAssociations.XML File,current,https://docs.netwrix.com/docs/policypak/components/fileassociationsmanager/manual/configuration/xmlfile,docs/policypak/components/fileassociationsmanager/manual/configuration/xmlfile.md,,,,,,
Using the Helper Utility,current,https://docs.netwrix.com/docs/policypak/components/fileassociationsmanager/manual/helperutility,docs/policypak/components/fileassociationsmanager/manual/helperutility.md,,,,,,
Advantages of Using File Associations Manager,current,https://docs.netwrix.com/docs/policypak/components/fileassociationsmanager/manual/insouts/advantages,docs/policypak/components/fileassociationsmanager/manual/insouts/advantages.md,,,,,,
Ins and Outs,current,https://docs.netwrix.com/docs/policypak/components/fileassociationsmanager/manual/insouts/overview,docs/policypak/components/fileassociationsmanager/manual/insouts/overview.md,,,,,,
Managing Windows 10 File Associations with the In-Box Method,current,https://docs.netwrix.com/docs/policypak/components/fileassociationsmanager/manual/insouts/windows10,docs/policypak/components/fileassociationsmanager/manual/insouts/windows10.md,,,,,,
Managing Windows 7 File Associations with Group Policy Preferences,current,https://docs.netwrix.com/docs/policypak/components/fileassociationsmanager/manual/insouts/windows7,docs/policypak/components/fileassociationsmanager/manual/insouts/windows7.md,,,,,,
Exporting Collections,current,https://docs.netwrix.com/docs/policypak/components/fileassociationsmanager/manual/itemleveltargeting/exportcollection,docs/policypak/components/fileassociationsmanager/manual/itemleveltargeting/exportcollection.md,,,,,,
Using Item-Level Targeting with Collections and Policies,current,https://docs.netwrix.com/docs/policypak/components/fileassociationsmanager/manual/itemleveltargeting/overview,docs/policypak/components/fileassociationsmanager/manual/itemleveltargeting/overview.md,,,,,,
Understanding Processing Order and Precedence,current,https://docs.netwrix.com/docs/policypak/components/fileassociationsmanager/manual/itemleveltargeting/processorderprecedence,docs/policypak/components/fileassociationsmanager/manual/itemleveltargeting/processorderprecedence.md,,,,,,
Quick Start - Mapping Extensions to Applications,current,https://docs.netwrix.com/docs/policypak/components/fileassociationsmanager/manual/mapextensions,docs/policypak/components/fileassociationsmanager/manual/mapextensions.md,,,,,,
File Associations Manager,current,https://docs.netwrix.com/docs/policypak/components/fileassociationsmanager/manual/overview,docs/policypak/components/fileassociationsmanager/manual/overview.md,,,,,,
Collections and Policies,current,https://docs.netwrix.com/docs/policypak/components/fileassociationsmanager/manual/policies,docs/policypak/components/fileassociationsmanager/manual/policies.md,,,,,,
Using Preconfigured Collections and File Associations,current,https://docs.netwrix.com/docs/policypak/components/fileassociationsmanager/manual/preconfigured,docs/policypak/components/fileassociationsmanager/manual/preconfigured.md,,,,,,
Add Policies for Product Wizard,current,https://docs.netwrix.com/docs/policypak/components/fileassociationsmanager/manual/productwizard,docs/policypak/components/fileassociationsmanager/manual/productwizard.md,,,,,,
Registered Extensions Versus Custom Application Mappings,current,https://docs.netwrix.com/docs/policypak/components/fileassociationsmanager/manual/registeredextensions,docs/policypak/components/fileassociationsmanager/manual/registeredextensions.md,,,,,,
File Associations Manager Overview,current,https://docs.netwrix.com/docs/policypak/components/fileassociationsmanager/overview,docs/policypak/components/fileassociationsmanager/overview.md,,,,,,
PolicyPak File Associations Manager: Apply once (and drift),current,https://docs.netwrix.com/docs/policypak/components/fileassociationsmanager/videolearningcenter/gettingstarted/applyonce,docs/policypak/components/fileassociationsmanager/videolearningcenter/gettingstarted/applyonce.md,,,,,,
PolicyPak File Associations Manager: Use our preconfigured advice,current,https://docs.netwrix.com/docs/policypak/components/fileassociationsmanager/videolearningcenter/gettingstarted/preconfiguredadvice,docs/policypak/components/fileassociationsmanager/videolearningcenter/gettingstarted/preconfiguredadvice.md,,,,,,
Associate Programs to Universal Windows Apps (Metro Apps),current,https://docs.netwrix.com/docs/policypak/components/fileassociationsmanager/videolearningcenter/gettingstarted/universalwindowsapps,docs/policypak/components/fileassociationsmanager/videolearningcenter/gettingstarted/universalwindowsapps.md,,,,,,
PolicyPak File Associations Manager: Manage Windows 10 & 11 File Associations,current,https://docs.netwrix.com/docs/policypak/components/fileassociationsmanager/videolearningcenter/gettingstarted/windows10,docs/policypak/components/fileassociationsmanager/videolearningcenter/gettingstarted/windows10.md,,,,,,
Manage all File Associations with the PPFAM Wizard,current,https://docs.netwrix.com/docs/policypak/components/fileassociationsmanager/videolearningcenter/gettingstarted/wizard,docs/policypak/components/fileassociationsmanager/videolearningcenter/gettingstarted/wizard.md,,,,,,
PolicyPak Cloud: Managing File Assocations,current,https://docs.netwrix.com/docs/policypak/components/fileassociationsmanager/videolearningcenter/methods/cloud,docs/policypak/components/fileassociationsmanager/videolearningcenter/methods/cloud.md,,,,,,
Using File Association Manager in the PolicyPak Cloud environment,current,https://docs.netwrix.com/docs/policypak/components/fileassociationsmanager/videolearningcenter/methods/cloudusage,docs/policypak/components/fileassociationsmanager/videolearningcenter/methods/cloudusage.md,,,,,,
Managing File Associations with an MDM service,current,https://docs.netwrix.com/docs/policypak/components/fileassociationsmanager/videolearningcenter/methods/mdm,docs/policypak/components/fileassociationsmanager/videolearningcenter/methods/mdm.md,,,,,,
Setting Default File Associations with PolicyPak and PDQ Deploy,current,https://docs.netwrix.com/docs/policypak/components/fileassociationsmanager/videolearningcenter/methods/pdqdeploy,docs/policypak/components/fileassociationsmanager/videolearningcenter/methods/pdqdeploy.md,,,,,,
PolicyPak File Associations Trick: Acro Reader AND Writer,current,https://docs.netwrix.com/docs/policypak/components/fileassociationsmanager/videolearningcenter/tipsandtricks/acroreader,docs/policypak/components/fileassociationsmanager/videolearningcenter/tipsandtricks/acroreader.md,,,,,,
Force IE to use Adobe Reader for PDFs,current,https://docs.netwrix.com/docs/policypak/components/fileassociationsmanager/videolearningcenter/tipsandtricks/adobereader,docs/policypak/components/fileassociationsmanager/videolearningcenter/tipsandtricks/adobereader.md,,,,,,
PolicyPak File Associations Manager: Understanding the First Login,current,https://docs.netwrix.com/docs/policypak/components/fileassociationsmanager/videolearningcenter/tipsandtricks/firstlogin,docs/policypak/components/fileassociationsmanager/videolearningcenter/tipsandtricks/firstlogin.md,,,,,,
PolicyPak File Associations Manager: Helper Application,current,https://docs.netwrix.com/docs/policypak/components/fileassociationsmanager/videolearningcenter/tipsandtricks/helperapplication,docs/policypak/components/fileassociationsmanager/videolearningcenter/tipsandtricks/helperapplication.md,,,,,,
File Associations Manager Helper Tool,current,https://docs.netwrix.com/docs/policypak/components/fileassociationsmanager/videolearningcenter/tipsandtricks/helpertool,docs/policypak/components/fileassociationsmanager/videolearningcenter/tipsandtricks/helpertool.md,,,,,,
PolicyPak: How to get mailto: to open in Office 365,current,https://docs.netwrix.com/docs/policypak/components/fileassociationsmanager/videolearningcenter/tipsandtricks/mailto,docs/policypak/components/fileassociationsmanager/videolearningcenter/tipsandtricks/mailto.md,,,,,,
"Windows 10 File Associations: Set, Change and Remove Easily",current,https://docs.netwrix.com/docs/policypak/components/fileassociationsmanager/videolearningcenter/tipsandtricks/windows10modify,docs/policypak/components/fileassociationsmanager/videolearningcenter/tipsandtricks/windows10modify.md,,,,,,
PolicyPak File Associations: Don't ask questions (even when you did it right),current,https://docs.netwrix.com/docs/policypak/components/fileassociationsmanager/videolearningcenter/tipsandtricks/windows10questions,docs/policypak/components/fileassociationsmanager/videolearningcenter/tipsandtricks/windows10questions.md,,,,,,
File Associations Manager Videos,current,https://docs.netwrix.com/docs/policypak/components/fileassociationsmanager/videolearningcenter,docs/policypak/components/fileassociationsmanager/videolearningcenter/videolearningcenter.md,,,,,,
Quick Start,current,https://docs.netwrix.com/docs/policypak/components/javaenterpriserules/manual/gettingstarted,docs/policypak/components/javaenterpriserules/manual/gettingstarted.md,,,,,,
Checking the Active Deployment Rule Set,current,https://docs.netwrix.com/docs/policypak/components/javaenterpriserules/manual/javaenterpriserules/deploymentruleset,docs/policypak/components/javaenterpriserules/manual/javaenterpriserules/deploymentruleset.md,,,,,,
Checking the Event Viewer,current,https://docs.netwrix.com/docs/policypak/components/javaenterpriserules/manual/javaenterpriserules/eventviewer,docs/policypak/components/javaenterpriserules/manual/javaenterpriserules/eventviewer.md,,,,,,
Checking Item-Level Targeting,current,https://docs.netwrix.com/docs/policypak/components/javaenterpriserules/manual/javaenterpriserules/itemleveltargeting,docs/policypak/components/javaenterpriserules/manual/javaenterpriserules/itemleveltargeting.md,,,,,,
Checking the License File,current,https://docs.netwrix.com/docs/policypak/components/javaenterpriserules/manual/javaenterpriserules/licensefile,docs/policypak/components/javaenterpriserules/manual/javaenterpriserules/licensefile.md,,,,,,
Checking the Log Files,current,https://docs.netwrix.com/docs/policypak/components/javaenterpriserules/manual/javaenterpriserules/logfiles,docs/policypak/components/javaenterpriserules/manual/javaenterpriserules/logfiles.md,,,,,,
Troubleshooting,current,https://docs.netwrix.com/docs/policypak/components/javaenterpriserules/manual/javaenterpriserules/overview,docs/policypak/components/javaenterpriserules/manual/javaenterpriserules/overview.md,,,,,,
Checking the Processing Order,current,https://docs.netwrix.com/docs/policypak/components/javaenterpriserules/manual/javaenterpriserules/processorder,docs/policypak/components/javaenterpriserules/manual/javaenterpriserules/processorder.md,,,,,,
Checking the Version,current,https://docs.netwrix.com/docs/policypak/components/javaenterpriserules/manual/javaenterpriserules/version,docs/policypak/components/javaenterpriserules/manual/javaenterpriserules/version.md,,,,,,
Type 2: Java Messages for Firefox,current,https://docs.netwrix.com/docs/policypak/components/javaenterpriserules/manual/prompts/firefox,docs/policypak/components/javaenterpriserules/manual/prompts/firefox.md,,,,,,
Type 1: Java Messages for Firefox and Internet Explorer,current,https://docs.netwrix.com/docs/policypak/components/javaenterpriserules/manual/prompts/firefoxinternetexplorer,docs/policypak/components/javaenterpriserules/manual/prompts/firefoxinternetexplorer.md,,,,,,
IE Message 1,current,https://docs.netwrix.com/docs/policypak/components/javaenterpriserules/manual/prompts/internetexplorer/message1,docs/policypak/components/javaenterpriserules/manual/prompts/internetexplorer/message1.md,,,,,,
IE Message 2,current,https://docs.netwrix.com/docs/policypak/components/javaenterpriserules/manual/prompts/internetexplorer/message2,docs/policypak/components/javaenterpriserules/manual/prompts/internetexplorer/message2.md,,,,,,
IE Message 3,current,https://docs.netwrix.com/docs/policypak/components/javaenterpriserules/manual/prompts/internetexplorer/message3,docs/policypak/components/javaenterpriserules/manual/prompts/internetexplorer/message3.md,,,,,,
Type 3: Java Messages for Internet Explorer,current,https://docs.netwrix.com/docs/policypak/components/javaenterpriserules/manual/prompts/internetexplorer/overview,docs/policypak/components/javaenterpriserules/manual/prompts/internetexplorer/overview.md,,,,,,
Overcoming Java Prompts,current,https://docs.netwrix.com/docs/policypak/components/javaenterpriserules/manual/prompts/overview,docs/policypak/components/javaenterpriserules/manual/prompts/overview.md,,,,,,
Theory of Operation and Moving Parts,current,https://docs.netwrix.com/docs/policypak/components/javaenterpriserules/manual/theory,docs/policypak/components/javaenterpriserules/manual/theory.md,,,,,,
Exporting Collections,current,https://docs.netwrix.com/docs/policypak/components/javaenterpriserules/manual/usage/exportcollections,docs/policypak/components/javaenterpriserules/manual/usage/exportcollections.md,,,,,,
Using Item-Level Targeting with Collections and Policies,current,https://docs.netwrix.com/docs/policypak/components/javaenterpriserules/manual/usage/itemleveltargeting,docs/policypak/components/javaenterpriserules/manual/usage/itemleveltargeting.md,,,,,,
Managing Java Rules,current,https://docs.netwrix.com/docs/policypak/components/javaenterpriserules/manual/usage/manageria,docs/policypak/components/javaenterpriserules/manual/usage/manageria.md,,,,,,
Understanding Processing Order and Precedence,current,https://docs.netwrix.com/docs/policypak/components/javaenterpriserules/manual/usage/processorderprecedence,docs/policypak/components/javaenterpriserules/manual/usage/processorderprecedence.md,,,,,,
Using Java Rules Manager,current,https://docs.netwrix.com/docs/policypak/components/javaenterpriserules/manual/usage,docs/policypak/components/javaenterpriserules/manual/usage/usage.md,,,,,,
Java Enterprise Rules Manager,current,https://docs.netwrix.com/docs/policypak/components/javaenterpriserules/overview,docs/policypak/components/javaenterpriserules/overview.md,,,,,,
How are URLs evaluated within PolicyPak Java Rules Manager?,current,https://docs.netwrix.com/docs/policypak/components/javaenterpriserules/technotes/gettingstarted/evaluateurls,docs/policypak/components/javaenterpriserules/technotes/gettingstarted/evaluateurls.md,,,,,,
"I'm using PolicyPak Java Rules Manager, but I still get Java prompts when visiting a webpage, or attempting to run a Java applet. What can I do?",current,https://docs.netwrix.com/docs/policypak/components/javaenterpriserules/technotes/gettingstarted/javaprompts,docs/policypak/components/javaenterpriserules/technotes/gettingstarted/javaprompts.md,,,,,,
Does PolicyPak Java Rules Manager work with 64-bit versions of Java?,current,https://docs.netwrix.com/docs/policypak/components/javaenterpriserules/technotes/gettingstarted/version64bit,docs/policypak/components/javaenterpriserules/technotes/gettingstarted/version64bit.md,,,,,,
What is the earliest version / what versions of Java are required for Java Rules Manager to work with?,current,https://docs.netwrix.com/docs/policypak/components/javaenterpriserules/technotes/gettingstarted/versionjava,docs/policypak/components/javaenterpriserules/technotes/gettingstarted/versionjava.md,,,,,,
Why is the latest Java version installed being used instead of the version specified by Java Rules Manager?,current,https://docs.netwrix.com/docs/policypak/components/javaenterpriserules/technotes/gettingstarted/versionlatest,docs/policypak/components/javaenterpriserules/technotes/gettingstarted/versionlatest.md,,,,,,
How does PolicyPak Java Rules Manager work with Virtualized Browsers and/or Java?,current,https://docs.netwrix.com/docs/policypak/components/javaenterpriserules/technotes/gettingstarted/virtualizedbrowsers,docs/policypak/components/javaenterpriserules/technotes/gettingstarted/virtualizedbrowsers.md,,,,,,
How are wildcards supported when used with IP addresses in the Java Rules Manager MMC console?,current,https://docs.netwrix.com/docs/policypak/components/javaenterpriserules/technotes/gettingstarted/wildcards,docs/policypak/components/javaenterpriserules/technotes/gettingstarted/wildcards.md,,,,,,
Knowledge Base,current,https://docs.netwrix.com/docs/policypak/components/javaenterpriserules/technotes/knowledgebase,docs/policypak/components/javaenterpriserules/technotes/knowledgebase.md,,,,,,
Block ALL Java (with some exceptions),current,https://docs.netwrix.com/docs/policypak/components/javaenterpriserules/videos/gettingstarted/block,docs/policypak/components/javaenterpriserules/videos/gettingstarted/block.md,,,,,,
PolicyPakJava Rules Manager and PolicyPak Browser Router: Better Together,current,https://docs.netwrix.com/docs/policypak/components/javaenterpriserules/videos/gettingstarted/browserrouter,docs/policypak/components/javaenterpriserules/videos/gettingstarted/browserrouter.md,,,,,,
Use Group Policy to dictate which version of Java for what website,current,https://docs.netwrix.com/docs/policypak/components/javaenterpriserules/videos/gettingstarted/gettingstartedv,docs/policypak/components/javaenterpriserules/videos/gettingstarted/gettingstartedv.md,,,,,,
Using item Level Targeting to Specify which version of Java to use,current,https://docs.netwrix.com/docs/policypak/components/javaenterpriserules/videos/gettingstarted/itemleveltargeting,docs/policypak/components/javaenterpriserules/videos/gettingstarted/itemleveltargeting.md,,,,,,
PolicyPak Java Rules Manager... Import from Oracle's Deployment Rule Sets,current,https://docs.netwrix.com/docs/policypak/components/javaenterpriserules/videos/gettingstarted/oracledeploymentrulesets,docs/policypak/components/javaenterpriserules/videos/gettingstarted/oracledeploymentrulesets.md,,,,,,
Use PolicyPak Cloud to choose which version of Java for what website,current,https://docs.netwrix.com/docs/policypak/components/javaenterpriserules/videos/methods/cloud,docs/policypak/components/javaenterpriserules/videos/methods/cloud.md,,,,,,
Manage Java with Java Rules Manager and your MDM service,current,https://docs.netwrix.com/docs/policypak/components/javaenterpriserules/videos/methods/mdm,docs/policypak/components/javaenterpriserules/videos/methods/mdm.md,,,,,,
Deploy and Manage Java with PDQ Deploy and PolicyPak,current,https://docs.netwrix.com/docs/policypak/components/javaenterpriserules/videos/methods/pdqdeploy,docs/policypak/components/javaenterpriserules/videos/methods/pdqdeploy.md,,,,,,
"Use SCCM, KACE, etc to specify different websites for different Java",current,https://docs.netwrix.com/docs/policypak/components/javaenterpriserules/videos/methods/sccm,docs/policypak/components/javaenterpriserules/videos/methods/sccm.md,,,,,,
Deploying Multiple Versions of Java to the Same Endpoint Using PolicyPak and PDQ Deploy,current,https://docs.netwrix.com/docs/policypak/components/javaenterpriserules/videos/methods/versionsmultiple,docs/policypak/components/javaenterpriserules/videos/methods/versionsmultiple.md,,,,,,
Video Learning Center,current,https://docs.netwrix.com/docs/policypak/components/javaenterpriserules/videos/videolearningcenter,docs/policypak/components/javaenterpriserules/videos/videolearningcenter.md,,,,,,
PolicyPak Java Rules Manager: XML Surgery,current,https://docs.netwrix.com/docs/policypak/components/javaenterpriserules/videos/xmlsurgery,docs/policypak/components/javaenterpriserules/videos/xmlsurgery.md,,,,,,
Least Privilege Manager Implementation QuickStart Guide,current,https://docs.netwrix.com/docs/policypak/components/leastprivilegemanager/implementationguide,docs/policypak/components/leastprivilegemanager/implementationguide.md,,,,,,
Using MacOS + Admin Approval (aka Application Launch + Challenge),current,https://docs.netwrix.com/docs/policypak/components/leastprivilegemanager/manual/macos/applicationlaunch,docs/policypak/components/leastprivilegemanager/manual/macos/applicationlaunch.md,,,,,,
How to Install the PolicyPak MacOS Client,current,https://docs.netwrix.com/docs/policypak/components/leastprivilegemanager/manual/macos/installclient,docs/policypak/components/leastprivilegemanager/manual/macos/installclient.md,,,,,,
Understanding Cloud.log,current,https://docs.netwrix.com/docs/policypak/components/leastprivilegemanager/manual/macos/mac/cloudlog,docs/policypak/components/leastprivilegemanager/manual/macos/mac/cloudlog.md,,,,,,
Setting Up PolicyPak Cloud Groups for Event Collection,current,https://docs.netwrix.com/docs/policypak/components/leastprivilegemanager/manual/macos/mac/eventcollectiion,docs/policypak/components/leastprivilegemanager/manual/macos/mac/eventcollectiion.md,,,,,,
Understanding Log Files on the Client,current,https://docs.netwrix.com/docs/policypak/components/leastprivilegemanager/manual/macos/mac/logs,docs/policypak/components/leastprivilegemanager/manual/macos/mac/logs.md,,,,,,
Troubleshooting + Logging the Mac OS Client,current,https://docs.netwrix.com/docs/policypak/components/leastprivilegemanager/manual/macos/mac/overview,docs/policypak/components/leastprivilegemanager/manual/macos/mac/overview.md,,,,,,
Reporting on Collected Events,current,https://docs.netwrix.com/docs/policypak/components/leastprivilegemanager/manual/macos/mac/reports,docs/policypak/components/leastprivilegemanager/manual/macos/mac/reports.md,,,,,,
Least Privilege Manager (MacOS using PolicyPak Cloud),current,https://docs.netwrix.com/docs/policypak/components/leastprivilegemanager/manual/macos/overview,docs/policypak/components/leastprivilegemanager/manual/macos/overview.md,,,,,,
Conditions,current,https://docs.netwrix.com/docs/policypak/components/leastprivilegemanager/manual/macos/scenarios/conditions,docs/policypak/components/leastprivilegemanager/manual/macos/scenarios/conditions.md,,,,,,
Application Launch Approval (aka Launch Control),current,https://docs.netwrix.com/docs/policypak/components/leastprivilegemanager/manual/macos/scenarios/launchcontrol,docs/policypak/components/leastprivilegemanager/manual/macos/scenarios/launchcontrol.md,,,,,,
Finder Policy,current,https://docs.netwrix.com/docs/policypak/components/leastprivilegemanager/manual/macos/scenarios/macfinder,docs/policypak/components/leastprivilegemanager/manual/macos/scenarios/macfinder.md,,,,,,
Privilege Elevation (aka Helper Policies),current,https://docs.netwrix.com/docs/policypak/components/leastprivilegemanager/manual/macos/scenarios/macprivhelper,docs/policypak/components/leastprivilegemanager/manual/macos/scenarios/macprivhelper.md,,,,,,
Mount / Unmount for USB and .DMG Files,current,https://docs.netwrix.com/docs/policypak/components/leastprivilegemanager/manual/macos/scenarios/mountunmount,docs/policypak/components/leastprivilegemanager/manual/macos/scenarios/mountunmount.md,,,,,,
Supported Scenarios and Policy Types,current,https://docs.netwrix.com/docs/policypak/components/leastprivilegemanager/manual/macos/scenarios/overview,docs/policypak/components/leastprivilegemanager/manual/macos/scenarios/overview.md,,,,,,
Package Installation Policy,current,https://docs.netwrix.com/docs/policypak/components/leastprivilegemanager/manual/macos/scenarios/packageinstallation,docs/policypak/components/leastprivilegemanager/manual/macos/scenarios/packageinstallation.md,,,,,,
SUDO,current,https://docs.netwrix.com/docs/policypak/components/leastprivilegemanager/manual/macos/scenarios/sudo,docs/policypak/components/leastprivilegemanager/manual/macos/scenarios/sudo.md,,,,,,
System Settings Policy,current,https://docs.netwrix.com/docs/policypak/components/leastprivilegemanager/manual/macos/scenarios/systemsettings,docs/policypak/components/leastprivilegemanager/manual/macos/scenarios/systemsettings.md,,,,,,
Admin Approval Additional Details,current,https://docs.netwrix.com/docs/policypak/components/leastprivilegemanager/manual/windows/adminapproval/additionaldetails,docs/policypak/components/leastprivilegemanager/manual/windows/adminapproval/additionaldetails.md,,,,,,
Avoid Pop-ups with Admin Approval,current,https://docs.netwrix.com/docs/policypak/components/leastprivilegemanager/manual/windows/adminapproval/avoidpopups,docs/policypak/components/leastprivilegemanager/manual/windows/adminapproval/avoidpopups.md,,,,,,
Getting Started with Admin Approval,current,https://docs.netwrix.com/docs/policypak/components/leastprivilegemanager/manual/windows/adminapproval/gettingstarted,docs/policypak/components/leastprivilegemanager/manual/windows/adminapproval/gettingstarted/gettingstarted.md,,,,,,
Creating the Secret Key,current,https://docs.netwrix.com/docs/policypak/components/leastprivilegemanager/manual/windows/adminapproval/gettingstarted/secretkey,docs/policypak/components/leastprivilegemanager/manual/windows/adminapproval/gettingstarted/secretkey.md,,,,,,
Securing the Secret Key When Using the Group Policy Method,current,https://docs.netwrix.com/docs/policypak/components/leastprivilegemanager/manual/windows/adminapproval/gettingstarted/secretkeysecure,docs/policypak/components/leastprivilegemanager/manual/windows/adminapproval/gettingstarted/secretkeysecure.md,,,,,,
Admin Approval,current,https://docs.netwrix.com/docs/policypak/components/leastprivilegemanager/manual/windows/adminapproval/overview,docs/policypak/components/leastprivilegemanager/manual/windows/adminapproval/overview.md,,,,,,
Using Email for Admin Approval,current,https://docs.netwrix.com/docs/policypak/components/leastprivilegemanager/manual/windows/adminapproval/useemail,docs/policypak/components/leastprivilegemanager/manual/windows/adminapproval/useemail.md,,,,,,
Apply on Demand Rules,current,https://docs.netwrix.com/docs/policypak/components/leastprivilegemanager/manual/windows/apply/ondemand,docs/policypak/components/leastprivilegemanager/manual/windows/apply/ondemand.md,,,,,,
Apply on Demand Rules and Self-Elevation Rules,current,https://docs.netwrix.com/docs/policypak/components/leastprivilegemanager/manual/windows/apply/overview,docs/policypak/components/leastprivilegemanager/manual/windows/apply/overview.md,,,,,,
Self-Elevation Rules,current,https://docs.netwrix.com/docs/policypak/components/leastprivilegemanager/manual/windows/apply/selfelevation,docs/policypak/components/leastprivilegemanager/manual/windows/apply/selfelevation.md,,,,,,
Automatic Rules Generator Tool,current,https://docs.netwrix.com/docs/policypak/components/leastprivilegemanager/manual/windows/automatic,docs/policypak/components/leastprivilegemanager/manual/windows/automatic.md,,,,,,
Branding and Customization,current,https://docs.netwrix.com/docs/policypak/components/leastprivilegemanager/manual/windows/brandcustomize,docs/policypak/components/leastprivilegemanager/manual/windows/brandcustomize.md,,,,,,
Creating Policy from Audit Event,current,https://docs.netwrix.com/docs/policypak/components/leastprivilegemanager/manual/windows/events/audit,docs/policypak/components/leastprivilegemanager/manual/windows/events/audit.md,,,,,,
Discovery for Elevated Apps with Local Admins,current,https://docs.netwrix.com/docs/policypak/components/leastprivilegemanager/manual/windows/events/auditingsettings/localadmins,docs/policypak/components/leastprivilegemanager/manual/windows/events/auditingsettings/localadmins.md,,,,,,
Auditing Settings,current,https://docs.netwrix.com/docs/policypak/components/leastprivilegemanager/manual/windows/events/auditingsettings/overview,docs/policypak/components/leastprivilegemanager/manual/windows/events/auditingsettings/overview.md,,,,,,
Discovery for Elevated Apps with Standard Users,current,https://docs.netwrix.com/docs/policypak/components/leastprivilegemanager/manual/windows/events/auditingsettings/standardusers,docs/policypak/components/leastprivilegemanager/manual/windows/events/auditingsettings/standardusers.md,,,,,,
Discovery of Untrusted Standard Apps,current,https://docs.netwrix.com/docs/policypak/components/leastprivilegemanager/manual/windows/events/auditingsettings/standardusersuntrusted,docs/policypak/components/leastprivilegemanager/manual/windows/events/auditingsettings/standardusersuntrusted.md,,,,,,
Client Events,current,https://docs.netwrix.com/docs/policypak/components/leastprivilegemanager/manual/windows/events/client,docs/policypak/components/leastprivilegemanager/manual/windows/events/client.md,,,,,,
Creating Policy from PolicyPak Cloud Events,current,https://docs.netwrix.com/docs/policypak/components/leastprivilegemanager/manual/windows/events/cloud,docs/policypak/components/leastprivilegemanager/manual/windows/events/cloud.md,,,,,,
Operational Events,current,https://docs.netwrix.com/docs/policypak/components/leastprivilegemanager/manual/windows/events/operational,docs/policypak/components/leastprivilegemanager/manual/windows/events/operational.md,,,,,,
"Discovery, Auditing, and Events",current,https://docs.netwrix.com/docs/policypak/components/leastprivilegemanager/manual/windows/events/overview,docs/policypak/components/leastprivilegemanager/manual/windows/events/overview.md,,,,,,
Troubleshooting,current,https://docs.netwrix.com/docs/policypak/components/leastprivilegemanager/manual/windows/overview_1,docs/policypak/components/leastprivilegemanager/manual/windows/overview_1.md,,,,,,
Least Privilege Manager (Windows),current,https://docs.netwrix.com/docs/policypak/components/leastprivilegemanager/manual/windows/overview,docs/policypak/components/leastprivilegemanager/manual/windows/overview.md,,,,,,
Understanding ACL Manage File System and Registry (ACL Traverse),current,https://docs.netwrix.com/docs/policypak/components/leastprivilegemanager/manual/windows/overviewmisc/acltraverse,docs/policypak/components/leastprivilegemanager/manual/windows/overviewmisc/acltraverse.md,,,,,,
"When to Use ""Apply to Child Processes""",current,https://docs.netwrix.com/docs/policypak/components/leastprivilegemanager/manual/windows/overviewmisc/bestpractices/childprocesses,docs/policypak/components/leastprivilegemanager/manual/windows/overviewmisc/bestpractices/childprocesses.md,,,,,,
Creating and Using Command Line Rules,current,https://docs.netwrix.com/docs/policypak/components/leastprivilegemanager/manual/windows/overviewmisc/bestpractices/commandline,docs/policypak/components/leastprivilegemanager/manual/windows/overviewmisc/bestpractices/commandline.md,,,,,,
"When to Use ""Don't Elevate Open/Save Dialog""",current,https://docs.netwrix.com/docs/policypak/components/leastprivilegemanager/manual/windows/overviewmisc/bestpractices/dontelevate,docs/policypak/components/leastprivilegemanager/manual/windows/overviewmisc/bestpractices/dontelevate.md,,,,,,
Deeper Dive on File Info,current,https://docs.netwrix.com/docs/policypak/components/leastprivilegemanager/manual/windows/overviewmisc/bestpractices/fileinfo,docs/policypak/components/leastprivilegemanager/manual/windows/overviewmisc/bestpractices/fileinfo.md,,,,,,
Best Practices,current,https://docs.netwrix.com/docs/policypak/components/leastprivilegemanager/manual/windows/overviewmisc/bestpractices/overview,docs/policypak/components/leastprivilegemanager/manual/windows/overviewmisc/bestpractices/overview.md,,,,,,
Exporting Policies and Collections,current,https://docs.netwrix.com/docs/policypak/components/leastprivilegemanager/manual/windows/overviewmisc/export,docs/policypak/components/leastprivilegemanager/manual/windows/overviewmisc/export.md,,,,,,
Item-Level Targeting with Collections and Policies,current,https://docs.netwrix.com/docs/policypak/components/leastprivilegemanager/manual/windows/overviewmisc/itemleveltargeting,docs/policypak/components/leastprivilegemanager/manual/windows/overviewmisc/itemleveltargeting.md,,,,,,
Best Practices and Miscellaneous Topics,current,https://docs.netwrix.com/docs/policypak/components/leastprivilegemanager/manual/windows/overviewmisc,docs/policypak/components/leastprivilegemanager/manual/windows/overviewmisc/overviewmisc.md,,,,,,
Understanding Parent Process Filter,current,https://docs.netwrix.com/docs/policypak/components/leastprivilegemanager/manual/windows/overviewmisc/parentprocessfilter,docs/policypak/components/leastprivilegemanager/manual/windows/overviewmisc/parentprocessfilter.md,,,,,,
Processing Order and Precedence within a GPO,current,https://docs.netwrix.com/docs/policypak/components/leastprivilegemanager/manual/windows/overviewmisc/processorderprecedence,docs/policypak/components/leastprivilegemanager/manual/windows/overviewmisc/processorderprecedence.md,,,,,,
Understanding Re-authentication & Justification Text,current,https://docs.netwrix.com/docs/policypak/components/leastprivilegemanager/manual/windows/overviewmisc/reauthentication,docs/policypak/components/leastprivilegemanager/manual/windows/overviewmisc/reauthentication.md,,,,,,
"Scenario 3: Running or Elevating Applications or Installers, but Blocking Other Admins from Running Them",current,https://docs.netwrix.com/docs/policypak/components/leastprivilegemanager/manual/windows/overviewmisc/scopefilters/blockadmins,docs/policypak/components/leastprivilegemanager/manual/windows/overviewmisc/scopefilters/blockadmins.md,,,,,,
"Scenario 2: Specific Rule to Block an App from Being Run, Even as Local System",current,https://docs.netwrix.com/docs/policypak/components/leastprivilegemanager/manual/windows/overviewmisc/scopefilters/blockapp,docs/policypak/components/leastprivilegemanager/manual/windows/overviewmisc/scopefilters/blockapp.md,,,,,,
"Scenario 2B: Block Powershell.exe Completely, but Allow Local System to Run a Specific .PS1 Script",current,https://docs.netwrix.com/docs/policypak/components/leastprivilegemanager/manual/windows/overviewmisc/scopefilters/blockpowershell,docs/policypak/components/leastprivilegemanager/manual/windows/overviewmisc/scopefilters/blockpowershell.md,,,,,,
Scenario 4: Elevating a Service Account,current,https://docs.netwrix.com/docs/policypak/components/leastprivilegemanager/manual/windows/overviewmisc/scopefilters/elevateserviceaccount,docs/policypak/components/leastprivilegemanager/manual/windows/overviewmisc/scopefilters/elevateserviceaccount.md,,,,,,
Scenario 1: Enhanced SecureRun / Prevent Untrusted Executables and Scripts from Running Even by LOCAL SYSTEM,current,https://docs.netwrix.com/docs/policypak/components/leastprivilegemanager/manual/windows/overviewmisc/scopefilters/enhancedsecurerun,docs/policypak/components/leastprivilegemanager/manual/windows/overviewmisc/scopefilters/enhancedsecurerun.md,,,,,,
Understanding Process Scoping & Filters,current,https://docs.netwrix.com/docs/policypak/components/leastprivilegemanager/manual/windows/overviewmisc/scopefilters/overview,docs/policypak/components/leastprivilegemanager/manual/windows/overviewmisc/scopefilters/overview.md,,,,,,
Understanding SecureCopy,current,https://docs.netwrix.com/docs/policypak/components/leastprivilegemanager/manual/windows/overviewmisc/securecopy,docs/policypak/components/leastprivilegemanager/manual/windows/overviewmisc/securecopy.md,,,,,,
Using Wildcards with Least Privilege Manager and Certificates,current,https://docs.netwrix.com/docs/policypak/components/leastprivilegemanager/manual/windows/overviewmisc/wildcards,docs/policypak/components/leastprivilegemanager/manual/windows/overviewmisc/wildcards.md,,,,,,
Preconfigured XMLs,current,https://docs.netwrix.com/docs/policypak/components/leastprivilegemanager/manual/windows/preconfiguredxmls,docs/policypak/components/leastprivilegemanager/manual/windows/preconfiguredxmls.md,,,,,,
Using Group Policy Preferences to Manage Local Admin Groups,current,https://docs.netwrix.com/docs/policypak/components/leastprivilegemanager/manual/windows/preferences,docs/policypak/components/leastprivilegemanager/manual/windows/preferences.md,,,,,,
Getting Started: Client,current,https://docs.netwrix.com/docs/policypak/components/leastprivilegemanager/manual/windows/privilegesecure/client,docs/policypak/components/leastprivilegemanager/manual/windows/privilegesecure/client.md,,,,,,
Getting Started: GUI,current,https://docs.netwrix.com/docs/policypak/components/leastprivilegemanager/manual/windows/privilegesecure/gui,docs/policypak/components/leastprivilegemanager/manual/windows/privilegesecure/gui.md,,,,,,
PolicyPak & Netwrix Privilege Secure,current,https://docs.netwrix.com/docs/policypak/components/leastprivilegemanager/manual/windows/privilegesecure/overview,docs/policypak/components/leastprivilegemanager/manual/windows/privilegesecure/overview.md,,,,,,
Credential Based Policy Match,current,https://docs.netwrix.com/docs/policypak/components/leastprivilegemanager/manual/windows/privilegesecure/policymatch,docs/policypak/components/leastprivilegemanager/manual/windows/privilegesecure/policymatch/policymatch.md,,,,,,
Credential Release Results,current,https://docs.netwrix.com/docs/policypak/components/leastprivilegemanager/manual/windows/privilegesecure/policymatch/releaseresults,docs/policypak/components/leastprivilegemanager/manual/windows/privilegesecure/policymatch/releaseresults.md,,,,,,
Setting up the PolicyPak Policy,current,https://docs.netwrix.com/docs/policypak/components/leastprivilegemanager/manual/windows/privilegesecure/policymatch/setuppolicy,docs/policypak/components/leastprivilegemanager/manual/windows/privilegesecure/policymatch/setuppolicy.md,,,,,,
Closing Brokered Processes,current,https://docs.netwrix.com/docs/policypak/components/leastprivilegemanager/manual/windows/privilegesecure/resourcebased/closingbrokeredprocesses,docs/policypak/components/leastprivilegemanager/manual/windows/privilegesecure/resourcebased/closingbrokeredprocesses.md,,,,,,
Resource Based Policy Match,current,https://docs.netwrix.com/docs/policypak/components/leastprivilegemanager/manual/windows/privilegesecure/resourcebased/policymatch_1,docs/policypak/components/leastprivilegemanager/manual/windows/privilegesecure/resourcebased/policymatch_1.md,,,,,,
Watching Stored Videos,current,https://docs.netwrix.com/docs/policypak/components/leastprivilegemanager/manual/windows/privilegesecure/resourcebased/storedvideos,docs/policypak/components/leastprivilegemanager/manual/windows/privilegesecure/resourcebased/storedvideos.md,,,,,,
Getting Started: Netwrix Privilege Secure + PolicyPak,current,https://docs.netwrix.com/docs/policypak/components/leastprivilegemanager/manual/windows/privilegesecure/together,docs/policypak/components/leastprivilegemanager/manual/windows/privilegesecure/together.md,,,,,,
Elevating ActiveX Items,current,https://docs.netwrix.com/docs/policypak/components/leastprivilegemanager/manual/windows/rules/activexitems,docs/policypak/components/leastprivilegemanager/manual/windows/rules/activexitems.md,,,,,,
Elevating COM / CSLID Class Items,current,https://docs.netwrix.com/docs/policypak/components/leastprivilegemanager/manual/windows/rules/com_cslidclass,docs/policypak/components/leastprivilegemanager/manual/windows/rules/com_cslidclass.md,,,,,,
Elevating Control Panel Applets,current,https://docs.netwrix.com/docs/policypak/components/leastprivilegemanager/manual/windows/rules/controlpanelapplets,docs/policypak/components/leastprivilegemanager/manual/windows/rules/controlpanelapplets.md,,,,,,
Run with Customized Token,current,https://docs.netwrix.com/docs/policypak/components/leastprivilegemanager/manual/windows/rules/customizedtoken,docs/policypak/components/leastprivilegemanager/manual/windows/rules/customizedtoken.md,,,,,,
Denying DLLs within Applications,current,https://docs.netwrix.com/docs/policypak/components/leastprivilegemanager/manual/windows/rules/deny/dlls,docs/policypak/components/leastprivilegemanager/manual/windows/rules/deny/dlls.md,,,,,,
"Denying Applications (Standard, UWP, and DLLs)",current,https://docs.netwrix.com/docs/policypak/components/leastprivilegemanager/manual/windows/rules/deny/overview,docs/policypak/components/leastprivilegemanager/manual/windows/rules/deny/overview.md,,,,,,
Denying Standard Applications,current,https://docs.netwrix.com/docs/policypak/components/leastprivilegemanager/manual/windows/rules/deny/standard,docs/policypak/components/leastprivilegemanager/manual/windows/rules/deny/standard.md,,,,,,
Denying UWP Applications,current,https://docs.netwrix.com/docs/policypak/components/leastprivilegemanager/manual/windows/rules/deny/windowsuniversal,docs/policypak/components/leastprivilegemanager/manual/windows/rules/deny/windowsuniversal.md,,,,,,
Elevating Executables,current,https://docs.netwrix.com/docs/policypak/components/leastprivilegemanager/manual/windows/rules/executables,docs/policypak/components/leastprivilegemanager/manual/windows/rules/executables.md,,,,,,
Elevating Java JAR Files,current,https://docs.netwrix.com/docs/policypak/components/leastprivilegemanager/manual/windows/rules/javajarfiles,docs/policypak/components/leastprivilegemanager/manual/windows/rules/javajarfiles.md,,,,,,
Elevating MSI Installer Files,current,https://docs.netwrix.com/docs/policypak/components/leastprivilegemanager/manual/windows/rules/msiinstallerfiles,docs/policypak/components/leastprivilegemanager/manual/windows/rules/msiinstallerfiles.md,,,,,,
Rules,current,https://docs.netwrix.com/docs/policypak/components/leastprivilegemanager/manual/windows/rules/overview,docs/policypak/components/leastprivilegemanager/manual/windows/rules/overview.md,,,,,,
Elevating Scripts,current,https://docs.netwrix.com/docs/policypak/components/leastprivilegemanager/manual/windows/rules/scripts,docs/policypak/components/leastprivilegemanager/manual/windows/rules/scripts.md,,,,,,
Creating Rules to Avoid UAC Prompts and Other Dialogs,current,https://docs.netwrix.com/docs/policypak/components/leastprivilegemanager/manual/windows/securerun/avoiduac,docs/policypak/components/leastprivilegemanager/manual/windows/securerun/avoiduac.md,,,,,,
SecureRun and Inline Commands,current,https://docs.netwrix.com/docs/policypak/components/leastprivilegemanager/manual/windows/securerun/inlinecommands,docs/policypak/components/leastprivilegemanager/manual/windows/securerun/inlinecommands.md,,,,,,
Quick Start - Using SecureRun™ to Block Threats and Unknown Software,current,https://docs.netwrix.com/docs/policypak/components/leastprivilegemanager/manual/windows/securerun/overview,docs/policypak/components/leastprivilegemanager/manual/windows/securerun/overview.md,,,,,,
Using the Least Privilege Manager ADMX Settings,current,https://docs.netwrix.com/docs/policypak/components/leastprivilegemanager/manual/windows/uacprompts/admx,docs/policypak/components/leastprivilegemanager/manual/windows/uacprompts/admx.md,,,,,,
Elevating Least Privilege Manager Helper Tools,current,https://docs.netwrix.com/docs/policypak/components/leastprivilegemanager/manual/windows/uacprompts/elevate,docs/policypak/components/leastprivilegemanager/manual/windows/uacprompts/elevate.md,,,,,,
Overcoming Common UAC Prompts with Helper Tools,current,https://docs.netwrix.com/docs/policypak/components/leastprivilegemanager/manual/windows/uacprompts,docs/policypak/components/leastprivilegemanager/manual/windows/uacprompts/uacprompts.md,,,,,,
Least Privilege Manager,current,https://docs.netwrix.com/docs/policypak/components/leastprivilegemanager/overview,docs/policypak/components/leastprivilegemanager/overview.md,,,,,,
"How can I make all files in a folder, or all files in all recursive folders Elevated, Blocked, or Allow & Log?",current,https://docs.netwrix.com/docs/policypak/components/leastprivilegemanager/technotes/allfiles,docs/policypak/components/leastprivilegemanager/technotes/allfiles.md,,,,,,
How to use Netwrix Auditor to Report on PolicyPak events,current,https://docs.netwrix.com/docs/policypak/components/leastprivilegemanager/technotes/eventing/reports,docs/policypak/components/leastprivilegemanager/technotes/eventing/reports.md,,,,,,
Does PolicyPak log sub-processes when launched from within CMD or Powershell?,current,https://docs.netwrix.com/docs/policypak/components/leastprivilegemanager/technotes/eventing/subprocesses,docs/policypak/components/leastprivilegemanager/technotes/eventing/subprocesses.md,,,,,,
How to forward interesting events for Least Privilege Manager (or anything else) to a centralized location using Windows Event Forwarding.,current,https://docs.netwrix.com/docs/policypak/components/leastprivilegemanager/technotes/eventing/windowseventforwarding,docs/policypak/components/leastprivilegemanager/technotes/eventing/windowseventforwarding.md,,,,,,
What is the difference between Least Privilege Manager Standard and Complete licenses?,current,https://docs.netwrix.com/docs/policypak/components/leastprivilegemanager/technotes/license,docs/policypak/components/leastprivilegemanager/technotes/license.md,,,,,,
Logging guide for Least Privilege Manager for Mac Clients,current,https://docs.netwrix.com/docs/policypak/components/leastprivilegemanager/technotes/logs,docs/policypak/components/leastprivilegemanager/technotes/logs.md,,,,,,
Configuring Netwrix PolicyPak to Run Programs with Elevated Privileges via Privilege Secure,current,https://docs.netwrix.com/docs/policypak/components/leastprivilegemanager/technotes/netwrixprivilegesecure/configuringprograms,docs/policypak/components/leastprivilegemanager/technotes/netwrixprivilegesecure/configuringprograms.md,,,,,,
How can I create PolicyPakLeast Privilege Manager policies with Netwrix Privilege Secure (even when the PolicyPak Client Side Extension is unlicensed?),current,https://docs.netwrix.com/docs/policypak/components/leastprivilegemanager/technotes/netwrixprivilegesecure/createpolicies,docs/policypak/components/leastprivilegemanager/technotes/netwrixprivilegesecure/createpolicies.md,,,,,,
How to Resolve Could not establish trust relationship for the SSL or TLS Secure Channel error message,current,https://docs.netwrix.com/docs/policypak/components/leastprivilegemanager/technotes/netwrixprivilegesecure/establishtrust,docs/policypak/components/leastprivilegemanager/technotes/netwrixprivilegesecure/establishtrust.md,,,,,,
How does the Netwrix Privilege Secure MMC UI relate to the PolicyPak MMC UI?,current,https://docs.netwrix.com/docs/policypak/components/leastprivilegemanager/technotes/netwrixprivilegesecure/mmc,docs/policypak/components/leastprivilegemanager/technotes/netwrixprivilegesecure/mmc.md,,,,,,
DLL Hijack Protection,current,https://docs.netwrix.com/docs/policypak/components/leastprivilegemanager/technotes/overview,docs/policypak/components/leastprivilegemanager/technotes/overview.md,,,,,,
How to Elevate applications with a .application extension using Least Privilege Manager,current,https://docs.netwrix.com/docs/policypak/components/leastprivilegemanager/technotes/tipsappsscenarios/applicationextension,docs/policypak/components/leastprivilegemanager/technotes/tipsappsscenarios/applicationextension.md,,,,,,
How to Block running PowerShell 2.0 using Least Privilege Manager,current,https://docs.netwrix.com/docs/policypak/components/leastprivilegemanager/technotes/tipsappsscenarios/block,docs/policypak/components/leastprivilegemanager/technotes/tipsappsscenarios/block.md,,,,,,
Allowing access/edit rights to specific files for standard users,current,https://docs.netwrix.com/docs/policypak/components/leastprivilegemanager/technotes/tipsappsscenarios/editrights,docs/policypak/components/leastprivilegemanager/technotes/tipsappsscenarios/editrights.md,,,,,,
"How do I elevate installers that are classified as Installers but not Applications? Like Ninite, 7z, or Self-Extract?",current,https://docs.netwrix.com/docs/policypak/components/leastprivilegemanager/technotes/tipsappsscenarios/installers,docs/policypak/components/leastprivilegemanager/technotes/tipsappsscenarios/installers.md,,,,,,
Install Windows Fonts for users or Elevate end-users to install fonts themselves,current,https://docs.netwrix.com/docs/policypak/components/leastprivilegemanager/technotes/tipsappsscenarios/installfonts,docs/policypak/components/leastprivilegemanager/technotes/tipsappsscenarios/installfonts.md,,,,,,
How do I elevate MMC snap ins without granting administrative rights?,current,https://docs.netwrix.com/docs/policypak/components/leastprivilegemanager/technotes/tipsappsscenarios/mmcsnapin,docs/policypak/components/leastprivilegemanager/technotes/tipsappsscenarios/mmcsnapin.md,,,,,,
How do I elevate .MSP files such as Adobe Acrobat updates?,current,https://docs.netwrix.com/docs/policypak/components/leastprivilegemanager/technotes/tipsappsscenarios/mspfiles,docs/policypak/components/leastprivilegemanager/technotes/tipsappsscenarios/mspfiles.md,,,,,,
How to Allow a Non-Admin user to manage a specific Service using SC.EXE with Least Privilege Manager,current,https://docs.netwrix.com/docs/policypak/components/leastprivilegemanager/technotes/tipsappsscenarios/nonadminuser,docs/policypak/components/leastprivilegemanager/technotes/tipsappsscenarios/nonadminuser.md,,,,,,
How do I use Least Privilege Manager to Elevate .reg files to allow import by standard users,current,https://docs.netwrix.com/docs/policypak/components/leastprivilegemanager/technotes/tipsappsscenarios/registry,docs/policypak/components/leastprivilegemanager/technotes/tipsappsscenarios/registry.md,,,,,,
"FTK Imager crashes with 'Server Busy' dialog box when ""Image Mounting"" while running elevated",current,https://docs.netwrix.com/docs/policypak/components/leastprivilegemanager/technotes/tipsappsscenarios/serverbusy,docs/policypak/components/leastprivilegemanager/technotes/tipsappsscenarios/serverbusy.md,,,,,,
How to create an LPM Policy for (SynTPEnh.exe) Synaptics Pointing Device Driver,current,https://docs.netwrix.com/docs/policypak/components/leastprivilegemanager/technotes/tipsappsscenarios/synapticspointingdevicedriver,docs/policypak/components/leastprivilegemanager/technotes/tipsappsscenarios/synapticspointingdevicedriver.md,,,,,,
How to Allow UiPath Assistant to run when running PowerShell is blocked for all Users,current,https://docs.netwrix.com/docs/policypak/components/leastprivilegemanager/technotes/tipsappsscenarios/uipathassistant,docs/policypak/components/leastprivilegemanager/technotes/tipsappsscenarios/uipathassistant.md,,,,,,
How-to elevate Windows Defender Firewall in Least Privilege Manager?,current,https://docs.netwrix.com/docs/policypak/components/leastprivilegemanager/technotes/tipsappsscenarios/windowsdefender,docs/policypak/components/leastprivilegemanager/technotes/tipsappsscenarios/windowsdefender.md,,,,,,
How do I install an Active X control if it is not digitally signed?,current,https://docs.netwrix.com/docs/policypak/components/leastprivilegemanager/technotes/tipsforadminapproval/activexcontrol,docs/policypak/components/leastprivilegemanager/technotes/tipsforadminapproval/activexcontrol.md,,,,,,
How does custom menu item text work after builds 23.8 and later?,current,https://docs.netwrix.com/docs/policypak/components/leastprivilegemanager/technotes/tipsforadminapproval/custommenuitemtext,docs/policypak/components/leastprivilegemanager/technotes/tipsforadminapproval/custommenuitemtext.md,,,,,,
"I elevated an application, but drag and drop between the elevated and other non-elevated applications isn't working anymore. What can I try?",current,https://docs.netwrix.com/docs/policypak/components/leastprivilegemanager/technotes/tipsforadminapproval/dragdrop,docs/policypak/components/leastprivilegemanager/technotes/tipsforadminapproval/dragdrop.md,,,,,,
How to Defend against malicious PowerShell attacks (DLLs)?,current,https://docs.netwrix.com/docs/policypak/components/leastprivilegemanager/technotes/tipsforadminapproval/maliciousattacks,docs/policypak/components/leastprivilegemanager/technotes/tipsforadminapproval/maliciousattacks.md,,,,,,
"How does the ""Show Pop-Up"" message checkbox work along side ""Force user re-authenticate"" and ""Justification text required"" checkboxes?",current,https://docs.netwrix.com/docs/policypak/components/leastprivilegemanager/technotes/tipsforadminapproval/optionsshowpopupmessage,docs/policypak/components/leastprivilegemanager/technotes/tipsforadminapproval/optionsshowpopupmessage.md,,,,,,
"Can I use Least Privilege Manager to LOWER / remove admin rights from Administrators from an application or process, like Internet Explorer?",current,https://docs.netwrix.com/docs/policypak/components/leastprivilegemanager/technotes/tipsforadminapproval/reduceadminrights,docs/policypak/components/leastprivilegemanager/technotes/tipsforadminapproval/reduceadminrights.md,,,,,,
How do I use the Filter section in Least Privilege Manager ?,current,https://docs.netwrix.com/docs/policypak/components/leastprivilegemanager/technotes/tipsforadminapproval/scope,docs/policypak/components/leastprivilegemanager/technotes/tipsforadminapproval/scope.md,,,,,,
Least Privilege Manager - How to create a Self-Elevation policy for local groups of Standalone computers,current,https://docs.netwrix.com/docs/policypak/components/leastprivilegemanager/technotes/tipsforadminapproval/selfelevation,docs/policypak/components/leastprivilegemanager/technotes/tipsforadminapproval/selfelevation.md,,,,,,
How can I integrate Least Privilege Manager and Servicenow (or any other help desk) via email?,current,https://docs.netwrix.com/docs/policypak/components/leastprivilegemanager/technotes/tipsforadminapproval/servicenow,docs/policypak/components/leastprivilegemanager/technotes/tipsforadminapproval/servicenow.md,,,,,,
How to elevate Print driver installation using Least Privilege Manager? (alternate method),current,https://docs.netwrix.com/docs/policypak/components/leastprivilegemanager/technotes/tipsold/printerdriverinstall,docs/policypak/components/leastprivilegemanager/technotes/tipsold/printerdriverinstall.md,,,,,,
Least Privilege Manager: How do I elevate single line commands (second batch file method)?,current,https://docs.netwrix.com/docs/policypak/components/leastprivilegemanager/technotes/tipsold/singlelinecommands,docs/policypak/components/leastprivilegemanager/technotes/tipsold/singlelinecommands.md,,,,,,
Which account does an elevated process run within?,current,https://docs.netwrix.com/docs/policypak/components/leastprivilegemanager/technotes/tipspplpm/accountelevatedprocess,docs/policypak/components/leastprivilegemanager/technotes/tipspplpm/accountelevatedprocess.md,,,,,,
Is Least Privilege Manager compatible alongside an existing installation of Microsoft Applocker?,current,https://docs.netwrix.com/docs/policypak/components/leastprivilegemanager/technotes/tipspplpm/applocker,docs/policypak/components/leastprivilegemanager/technotes/tipspplpm/applocker.md,,,,,,
How secure is it just to use the digital signature? Can someone spoof a digital signature?,current,https://docs.netwrix.com/docs/policypak/components/leastprivilegemanager/technotes/tipspplpm/digitalsignature,docs/policypak/components/leastprivilegemanager/technotes/tipspplpm/digitalsignature.md,,,,,,
Does Least Privilege Manager block Macro attacks?,current,https://docs.netwrix.com/docs/policypak/components/leastprivilegemanager/technotes/tipspplpm/macroattacks,docs/policypak/components/leastprivilegemanager/technotes/tipspplpm/macroattacks.md,,,,,,
"How can I change the behavior of ""Run as Admin"" with Least Privilege Manager and how has it changed from previous versions?",current,https://docs.netwrix.com/docs/policypak/components/leastprivilegemanager/technotes/tipspplpm/runasadmin,docs/policypak/components/leastprivilegemanager/technotes/tipspplpm/runasadmin.md,,,,,,
"How does the option ""Show Admin Approval dialog for untrusted application"" in Admin Approval work?",current,https://docs.netwrix.com/docs/policypak/components/leastprivilegemanager/technotes/tipssecurerun/adminapprovalwork,docs/policypak/components/leastprivilegemanager/technotes/tipssecurerun/adminapprovalwork.md,,,,,,
"How can I allow ""Inline commands"" blocked by SecureRun when a random path or filename is created each time?",current,https://docs.netwrix.com/docs/policypak/components/leastprivilegemanager/technotes/tipssecurerun/allowinlinecommands,docs/policypak/components/leastprivilegemanager/technotes/tipssecurerun/allowinlinecommands.md,,,,,,
Least Privilege Manager and SecureRun Implementation Best Practices,current,https://docs.netwrix.com/docs/policypak/components/leastprivilegemanager/technotes/tipssecurerun/bestpractices,docs/policypak/components/leastprivilegemanager/technotes/tipssecurerun/bestpractices.md,,,,,,
What is the supported list of BLOCKED script types for PolicyPak SecureRun™ ?,current,https://docs.netwrix.com/docs/policypak/components/leastprivilegemanager/technotes/tipssecurerun/blockedscripttypes,docs/policypak/components/leastprivilegemanager/technotes/tipssecurerun/blockedscripttypes.md,,,,,,
How do I allow a Chrome extension blocked by SecureRun to be installed?,current,https://docs.netwrix.com/docs/policypak/components/leastprivilegemanager/technotes/tipssecurerun/chromeextension,docs/policypak/components/leastprivilegemanager/technotes/tipssecurerun/chromeextension.md,,,,,,
"When PolicyPak SecureRun(TM) is turned on, PowerShell won't run. How can I re-enable this?",current,https://docs.netwrix.com/docs/policypak/components/leastprivilegemanager/technotes/tipssecurerun/enablepowershell,docs/policypak/components/leastprivilegemanager/technotes/tipssecurerun/enablepowershell.md,,,,,,
How to install and run MYKI Password Manager as regular user when SecureRun is enabled,current,https://docs.netwrix.com/docs/policypak/components/leastprivilegemanager/technotes/tipssecurerun/mykipasswordmanager,docs/policypak/components/leastprivilegemanager/technotes/tipssecurerun/mykipasswordmanager.md,,,,,,
How do I setup SecureRun when there are so many variables and still ensure my rules work no matter what version of the software I have I installed?,current,https://docs.netwrix.com/docs/policypak/components/leastprivilegemanager/technotes/tipssecurerun/setup,docs/policypak/components/leastprivilegemanager/technotes/tipssecurerun/setup.md,,,,,,
How to run WebEx Meeting as regular user when SecureRun is enabled,current,https://docs.netwrix.com/docs/policypak/components/leastprivilegemanager/technotes/tipssecurerun/webex,docs/policypak/components/leastprivilegemanager/technotes/tipssecurerun/webex.md,,,,,,
I want all the files in a folder to be ALLOWED when SecureRun is used. What is the correct syntax?,current,https://docs.netwrix.com/docs/policypak/components/leastprivilegemanager/technotes/troubleshooting/correctsyntax,docs/policypak/components/leastprivilegemanager/technotes/troubleshooting/correctsyntax.md,,,,,,
"What log can help me determine why an application (MSI, etc.) was ALLOWED, ELEVATED or BLOCKED?",current,https://docs.netwrix.com/docs/policypak/components/leastprivilegemanager/technotes/troubleshooting/determinewhy,docs/policypak/components/leastprivilegemanager/technotes/troubleshooting/determinewhy.md,,,,,,
How are DRIVE MAPS and UNC paths supported in Least Privilege Manager?,current,https://docs.netwrix.com/docs/policypak/components/leastprivilegemanager/technotes/troubleshooting/drivemaps,docs/policypak/components/leastprivilegemanager/technotes/troubleshooting/drivemaps.md,,,,,,
"Error message The element 'emailSettings' in namespace ""…AdminApproval"" has incomplete content encountered when editing Admin Approval policy",current,https://docs.netwrix.com/docs/policypak/components/leastprivilegemanager/technotes/troubleshooting/emailsettings,docs/policypak/components/leastprivilegemanager/technotes/troubleshooting/emailsettings.md,,,,,,
"How-to Fix EXPLORER.EXE crash when right-clicking document files, pdf, docx, xlsx, etc.?",current,https://docs.netwrix.com/docs/policypak/components/leastprivilegemanager/technotes/troubleshooting/explorercrash,docs/policypak/components/leastprivilegemanager/technotes/troubleshooting/explorercrash.md,,,,,,
"Why does PolicyPak SecureRun block ""inline commands"" and what can I do to overcome or revert the behavior ?",current,https://docs.netwrix.com/docs/policypak/components/leastprivilegemanager/technotes/troubleshooting/inlinecommands,docs/policypak/components/leastprivilegemanager/technotes/troubleshooting/inlinecommands.md,,,,,,
How-to troubleshoot LPM rules for Kaseya Agent Service?,current,https://docs.netwrix.com/docs/policypak/components/leastprivilegemanager/technotes/troubleshooting/kaseyaagentservice,docs/policypak/components/leastprivilegemanager/technotes/troubleshooting/kaseyaagentservice.md,,,,,,
How do I overcome OneDrive block prompts when SecureRun is on?,current,https://docs.netwrix.com/docs/policypak/components/leastprivilegemanager/technotes/troubleshooting/onedrive,docs/policypak/components/leastprivilegemanager/technotes/troubleshooting/onedrive.md,,,,,,
Restore Windows 11 Specific Right-Click Context Menu,current,https://docs.netwrix.com/docs/policypak/components/leastprivilegemanager/technotes/troubleshooting/restorecontextmenu,docs/policypak/components/leastprivilegemanager/technotes/troubleshooting/restorecontextmenu.md,,,,,,
"If multiple Least Privilege Manager rules would apply, which rule takes precedence?",current,https://docs.netwrix.com/docs/policypak/components/leastprivilegemanager/technotes/troubleshooting/ruleprecedence,docs/policypak/components/leastprivilegemanager/technotes/troubleshooting/ruleprecedence.md,,,,,,
Why does my LPM rule for Product Info not work when the MSI is on a NAS share?,current,https://docs.netwrix.com/docs/policypak/components/leastprivilegemanager/technotes/troubleshooting/ruleproductinfo,docs/policypak/components/leastprivilegemanager/technotes/troubleshooting/ruleproductinfo.md,,,,,,
How can I use Least Privilege Manager to get Sage 50 to work without admin rights?,current,https://docs.netwrix.com/docs/policypak/components/leastprivilegemanager/technotes/troubleshooting/sage50,docs/policypak/components/leastprivilegemanager/technotes/troubleshooting/sage50.md,,,,,,
Why is my File Info Deny rule for SQL MGMT Studio version 14.x and lower not working?,current,https://docs.netwrix.com/docs/policypak/components/leastprivilegemanager/technotes/troubleshooting/ssms,docs/policypak/components/leastprivilegemanager/technotes/troubleshooting/ssms.md,,,,,,
Why doesn't Least Privilege Manager work Windows 7 + SHA256 signed.JS and .VBS files ?,current,https://docs.netwrix.com/docs/policypak/components/leastprivilegemanager/technotes/troubleshooting/supportedenvironments,docs/policypak/components/leastprivilegemanager/technotes/troubleshooting/supportedenvironments.md,,,,,,
How are wildcards supported when used with Path and Command-line arguments in Least Privilege Manager?,current,https://docs.netwrix.com/docs/policypak/components/leastprivilegemanager/technotes/troubleshooting/wildcards,docs/policypak/components/leastprivilegemanager/technotes/troubleshooting/wildcards.md,,,,,,
Why is my File Info Deny rule for WinSCP Setup 17.x and lower not working?,current,https://docs.netwrix.com/docs/policypak/components/leastprivilegemanager/technotes/troubleshooting/winscp,docs/policypak/components/leastprivilegemanager/technotes/troubleshooting/winscp.md,,,,,,
PolicyPak: ACL Traverse to enable users to delete icons on desktop,current,https://docs.netwrix.com/docs/policypak/components/leastprivilegemanager/videolearningcenter/acltraverse/deleteicons,docs/policypak/components/leastprivilegemanager/videolearningcenter/acltraverse/deleteicons.md,,,,,,
PolicyPak and ACL Traverse: How to give rights to modify HOSTS files and similar,current,https://docs.netwrix.com/docs/policypak/components/leastprivilegemanager/videolearningcenter/acltraverse/modifyhosts,docs/policypak/components/leastprivilegemanager/videolearningcenter/acltraverse/modifyhosts.md,,,,,,
PolicyPak ACL and File Traverse: Let any application in Programfiles overcome NTFS permissions,current,https://docs.netwrix.com/docs/policypak/components/leastprivilegemanager/videolearningcenter/acltraverse/ntfspermissions,docs/policypak/components/leastprivilegemanager/videolearningcenter/acltraverse/ntfspermissions.md,,,,,,
PolicyPak: Overcome ACLs in Registry even as Standard User,current,https://docs.netwrix.com/docs/policypak/components/leastprivilegemanager/videolearningcenter/acltraverse/registry,docs/policypak/components/leastprivilegemanager/videolearningcenter/acltraverse/registry.md,,,,,,
Least Privilege Manager: Apply On Demand,current,https://docs.netwrix.com/docs/policypak/components/leastprivilegemanager/videolearningcenter/adminapproval/applyondemand,docs/policypak/components/leastprivilegemanager/videolearningcenter/adminapproval/applyondemand.md,,,,,,
Least Privilege Manager Automatic Rules Creation from Admin Approval Requests,current,https://docs.netwrix.com/docs/policypak/components/leastprivilegemanager/videolearningcenter/adminapproval/autorulesfromadmin,docs/policypak/components/leastprivilegemanager/videolearningcenter/adminapproval/autorulesfromadmin.md,,,,,,
Branding the UI and Dialogs,current,https://docs.netwrix.com/docs/policypak/components/leastprivilegemanager/videolearningcenter/adminapproval/branding,docs/policypak/components/leastprivilegemanager/videolearningcenter/adminapproval/branding.md,,,,,,
Admin Approval demo,current,https://docs.netwrix.com/docs/policypak/components/leastprivilegemanager/videolearningcenter/adminapproval/demo,docs/policypak/components/leastprivilegemanager/videolearningcenter/adminapproval/demo.md,,,,,,
Least Privilege Manager: Admin Approval Email method (with Notepad instead),current,https://docs.netwrix.com/docs/policypak/components/leastprivilegemanager/videolearningcenter/adminapproval/email,docs/policypak/components/leastprivilegemanager/videolearningcenter/adminapproval/email.md,,,,,,
Understand Enforce Admin Approval for all installers behavior,current,https://docs.netwrix.com/docs/policypak/components/leastprivilegemanager/videolearningcenter/adminapproval/enforce,docs/policypak/components/leastprivilegemanager/videolearningcenter/adminapproval/enforce.md,,,,,,
Remember Justification and Authentication,current,https://docs.netwrix.com/docs/policypak/components/leastprivilegemanager/videolearningcenter/adminapproval/justificationandauthentication,docs/policypak/components/leastprivilegemanager/videolearningcenter/adminapproval/justificationandauthentication.md,,,,,,
Using Email / Long Codes,current,https://docs.netwrix.com/docs/policypak/components/leastprivilegemanager/videolearningcenter/adminapproval/longcodes,docs/policypak/components/leastprivilegemanager/videolearningcenter/adminapproval/longcodes.md,,,,,,
Override Self Elevate Context Menu Action,current,https://docs.netwrix.com/docs/policypak/components/leastprivilegemanager/videolearningcenter/adminapproval/overrideselfelevate,docs/policypak/components/leastprivilegemanager/videolearningcenter/adminapproval/overrideselfelevate.md,,,,,,
Least Privilege Manager: Re-Authenticate with Self Elevate,current,https://docs.netwrix.com/docs/policypak/components/leastprivilegemanager/videolearningcenter/adminapproval/reauthenticate,docs/policypak/components/leastprivilegemanager/videolearningcenter/adminapproval/reauthenticate.md,,,,,,
SecureCopy(TM). Empower users to copy then elevate items,current,https://docs.netwrix.com/docs/policypak/components/leastprivilegemanager/videolearningcenter/adminapproval/securecopy,docs/policypak/components/leastprivilegemanager/videolearningcenter/adminapproval/securecopy.md,,,,,,
Changing Double-Click Behavior with Process Interception (Self Elevate / Admin Approval),current,https://docs.netwrix.com/docs/policypak/components/leastprivilegemanager/videolearningcenter/adminapproval/selfelevate,docs/policypak/components/leastprivilegemanager/videolearningcenter/adminapproval/selfelevate.md,,,,,,
Self Elevate Mode,current,https://docs.netwrix.com/docs/policypak/components/leastprivilegemanager/videolearningcenter/adminapproval/selfelevatedemo,docs/policypak/components/leastprivilegemanager/videolearningcenter/adminapproval/selfelevatedemo.md,,,,,,
Admin Approval Setup,current,https://docs.netwrix.com/docs/policypak/components/leastprivilegemanager/videolearningcenter/adminapproval/setup,docs/policypak/components/leastprivilegemanager/videolearningcenter/adminapproval/setup.md,,,,,,
PolicyPak Application Control with PP Least Privilege Manager,current,https://docs.netwrix.com/docs/policypak/components/leastprivilegemanager/videolearningcenter/basicsandgettingstarted/applicationcontrol,docs/policypak/components/leastprivilegemanager/videolearningcenter/basicsandgettingstarted/applicationcontrol.md,,,,,,
COM Support,current,https://docs.netwrix.com/docs/policypak/components/leastprivilegemanager/videolearningcenter/basicsandgettingstarted/comsupport,docs/policypak/components/leastprivilegemanager/videolearningcenter/basicsandgettingstarted/comsupport.md,,,,,,
Installing applications-and-Preconfigured-Rules,current,https://docs.netwrix.com/docs/policypak/components/leastprivilegemanager/videolearningcenter/basicsandgettingstarted/installapplications,docs/policypak/components/leastprivilegemanager/videolearningcenter/basicsandgettingstarted/installapplications.md,,,,,,
Kill Local Admin Rights (Run applications with Least Privilege),current,https://docs.netwrix.com/docs/policypak/components/leastprivilegemanager/videolearningcenter/basicsandgettingstarted/localadminrights,docs/policypak/components/leastprivilegemanager/videolearningcenter/basicsandgettingstarted/localadminrights.md,,,,,,
Use Group Policy to remove local admin rights (then PolicyPak to enable Least Privilege),current,https://docs.netwrix.com/docs/policypak/components/leastprivilegemanager/videolearningcenter/basicsandgettingstarted/removelocaladmin,docs/policypak/components/leastprivilegemanager/videolearningcenter/basicsandgettingstarted/removelocaladmin.md,,,,,,
Overcome UAC prompts for Active X controls,current,https://docs.netwrix.com/docs/policypak/components/leastprivilegemanager/videolearningcenter/basicsandgettingstarted/uacpromptsactivex,docs/policypak/components/leastprivilegemanager/videolearningcenter/basicsandgettingstarted/uacpromptsactivex.md,,,,,,
"Link to Computer, Filter by User",current,https://docs.netwrix.com/docs/policypak/components/leastprivilegemanager/videolearningcenter/basicsandgettingstarted/userfilter,docs/policypak/components/leastprivilegemanager/videolearningcenter/basicsandgettingstarted/userfilter.md,,,,,,
"Elevate apps as standard user, BLOCK other Admins",current,https://docs.netwrix.com/docs/policypak/components/leastprivilegemanager/videolearningcenter/bestpractices/appblock,docs/policypak/components/leastprivilegemanager/videolearningcenter/bestpractices/appblock.md,,,,,,
PPLPM Elevating UWP Applications,current,https://docs.netwrix.com/docs/policypak/components/leastprivilegemanager/videolearningcenter/bestpractices/elevateuwp,docs/policypak/components/leastprivilegemanager/videolearningcenter/bestpractices/elevateuwp.md,,,,,,
Best Practices for Elevating User-Based Installs,current,https://docs.netwrix.com/docs/policypak/components/leastprivilegemanager/videolearningcenter/bestpractices/elevatinguserbasedinstalls,docs/policypak/components/leastprivilegemanager/videolearningcenter/bestpractices/elevatinguserbasedinstalls.md,,,,,,
Best Practices of MSI installations from the Windows Store (UWP Applications),current,https://docs.netwrix.com/docs/policypak/components/leastprivilegemanager/videolearningcenter/bestpractices/msi,docs/policypak/components/leastprivilegemanager/videolearningcenter/bestpractices/msi.md,,,,,,
Increase security by reducing rights on Open/Save dialogs,current,https://docs.netwrix.com/docs/policypak/components/leastprivilegemanager/videolearningcenter/bestpractices/opensavedialogs,docs/policypak/components/leastprivilegemanager/videolearningcenter/bestpractices/opensavedialogs.md,,,,,,
"Block PowerShell in General, Open up for specific items",current,https://docs.netwrix.com/docs/policypak/components/leastprivilegemanager/videolearningcenter/bestpractices/powershellblock,docs/policypak/components/leastprivilegemanager/videolearningcenter/bestpractices/powershellblock.md,,,,,,
Security and Child Processes,current,https://docs.netwrix.com/docs/policypak/components/leastprivilegemanager/videolearningcenter/bestpractices/securitychildprocesses,docs/policypak/components/leastprivilegemanager/videolearningcenter/bestpractices/securitychildprocesses.md,,,,,,
PolicyPak Least Priv Manager: Self Elevate Mode,current,https://docs.netwrix.com/docs/policypak/components/leastprivilegemanager/videolearningcenter/bestpractices/selfelevatemode,docs/policypak/components/leastprivilegemanager/videolearningcenter/bestpractices/selfelevatemode.md,,,,,,
Reduce or specify Service Account Rights,current,https://docs.netwrix.com/docs/policypak/components/leastprivilegemanager/videolearningcenter/bestpractices/serviceaccountrights,docs/policypak/components/leastprivilegemanager/videolearningcenter/bestpractices/serviceaccountrights.md,,,,,,
Least Privilege Manager and Wildcards,current,https://docs.netwrix.com/docs/policypak/components/leastprivilegemanager/videolearningcenter/bestpractices/wildcards,docs/policypak/components/leastprivilegemanager/videolearningcenter/bestpractices/wildcards.md,,,,,,
PPLPM: Deny Wins Over Self Elevate (using Java installation as example),current,https://docs.netwrix.com/docs/policypak/components/leastprivilegemanager/videolearningcenter/businesssolutions/denyselfelevate,docs/policypak/components/leastprivilegemanager/videolearningcenter/businesssolutions/denyselfelevate.md,,,,,,
Microsoft WDAC recommended block rules Guidance,current,https://docs.netwrix.com/docs/policypak/components/leastprivilegemanager/videolearningcenter/businesssolutions/microsoftrecommendations,docs/policypak/components/leastprivilegemanager/videolearningcenter/businesssolutions/microsoftrecommendations.md,,,,,,
Overcome Print Nightmare Standard User UAC Prompts,current,https://docs.netwrix.com/docs/policypak/components/leastprivilegemanager/videolearningcenter/businesssolutions/printeruacprompts,docs/policypak/components/leastprivilegemanager/videolearningcenter/businesssolutions/printeruacprompts.md,,,,,,
PolicyPak and WinGet: Overcome UAC prompts when standard users use Windows Package Manager,current,https://docs.netwrix.com/docs/policypak/components/leastprivilegemanager/videolearningcenter/businesssolutions/winget,docs/policypak/components/leastprivilegemanager/videolearningcenter/businesssolutions/winget.md,,,,,,
DLL Hijack Protection Basics: Get to know the system with a simple example,current,https://docs.netwrix.com/docs/policypak/components/leastprivilegemanager/videolearningcenter/dllhijackprevention/basics,docs/policypak/components/leastprivilegemanager/videolearningcenter/dllhijackprevention/basics.md,,,,,,
DLL Hijack Protection Scenario 3: Protecting Installers,current,https://docs.netwrix.com/docs/policypak/components/leastprivilegemanager/videolearningcenter/dllhijackprevention/installers,docs/policypak/components/leastprivilegemanager/videolearningcenter/dllhijackprevention/installers.md,,,,,,
DLL Hijack Protection Demo 2: Poorly Designed Apps Protection,current,https://docs.netwrix.com/docs/policypak/components/leastprivilegemanager/videolearningcenter/dllhijackprevention/poorlydesignedapps,docs/policypak/components/leastprivilegemanager/videolearningcenter/dllhijackprevention/poorlydesignedapps.md,,,,,,
DLL Hijack Protection: Handling false positive block prompts after enabling the feature,current,https://docs.netwrix.com/docs/policypak/components/leastprivilegemanager/videolearningcenter/dllhijackprevention/popups,docs/policypak/components/leastprivilegemanager/videolearningcenter/dllhijackprevention/popups.md,,,,,,
PolicyPak Cloud + PPLPM + Events: Collect Events in the Cloud,current,https://docs.netwrix.com/docs/policypak/components/leastprivilegemanager/videolearningcenter/eventing/cloudevents,docs/policypak/components/leastprivilegemanager/videolearningcenter/eventing/cloudevents.md,,,,,,
Use Discovery to know what rules to make as you transition from Local Admin rights,current,https://docs.netwrix.com/docs/policypak/components/leastprivilegemanager/videolearningcenter/eventing/discovery,docs/policypak/components/leastprivilegemanager/videolearningcenter/eventing/discovery.md,,,,,,
Events,current,https://docs.netwrix.com/docs/policypak/components/leastprivilegemanager/videolearningcenter/eventing/events,docs/policypak/components/leastprivilegemanager/videolearningcenter/eventing/events.md,,,,,,
Auto-Create Policy from Global Audit event,current,https://docs.netwrix.com/docs/policypak/components/leastprivilegemanager/videolearningcenter/eventing/globalauditevent,docs/policypak/components/leastprivilegemanager/videolearningcenter/eventing/globalauditevent.md,,,,,,
Automatically Prevent 6210 and 6215 Events from Known Good Identities,current,https://docs.netwrix.com/docs/policypak/components/leastprivilegemanager/videolearningcenter/eventing/preventevents,docs/policypak/components/leastprivilegemanager/videolearningcenter/eventing/preventevents.md,,,,,,
Using Windows Event Forwarding to search for interesting events,current,https://docs.netwrix.com/docs/policypak/components/leastprivilegemanager/videolearningcenter/eventing/windowseventforwarding,docs/policypak/components/leastprivilegemanager/videolearningcenter/eventing/windowseventforwarding.md,,,,,,
Getting the helper tools as desktop shortcuts,current,https://docs.netwrix.com/docs/policypak/components/leastprivilegemanager/videolearningcenter/helperstoolsandtips/helperdesktopshortcut,docs/policypak/components/leastprivilegemanager/videolearningcenter/helperstoolsandtips/helperdesktopshortcut.md,,,,,,
Least Privilege Manager: Install Printers via Native NTPRINT Dialog,current,https://docs.netwrix.com/docs/policypak/components/leastprivilegemanager/videolearningcenter/helperstoolsandtips/ntprintdialog,docs/policypak/components/leastprivilegemanager/videolearningcenter/helperstoolsandtips/ntprintdialog.md,,,,,,
PolicyPak Least Priv Manager Tools Setup,current,https://docs.netwrix.com/docs/policypak/components/leastprivilegemanager/videolearningcenter/helperstoolsandtips/toolssetup,docs/policypak/components/leastprivilegemanager/videolearningcenter/helperstoolsandtips/toolssetup.md,,,,,,
"Overcome Network Card, Printer, and Remove Programs UAC prompts",current,https://docs.netwrix.com/docs/policypak/components/leastprivilegemanager/videolearningcenter/helperstoolsandtips/uacprompts,docs/policypak/components/leastprivilegemanager/videolearningcenter/helperstoolsandtips/uacprompts.md,,,,,,
Least Privilege Manager: Edit IP SETTINGS EDIT VIA WIN GUI,current,https://docs.netwrix.com/docs/policypak/components/leastprivilegemanager/videolearningcenter/helperstoolsandtips/wingui,docs/policypak/components/leastprivilegemanager/videolearningcenter/helperstoolsandtips/wingui.md,,,,,,
Least Privilege Manager: Deny Messages,current,https://docs.netwrix.com/docs/policypak/components/leastprivilegemanager/videolearningcenter/howtoandtechsupport/denymessages,docs/policypak/components/leastprivilegemanager/videolearningcenter/howtoandtechsupport/denymessages.md,,,,,,
Enable end-users to install their own fonts,current,https://docs.netwrix.com/docs/policypak/components/leastprivilegemanager/videolearningcenter/howtoandtechsupport/installfonts,docs/policypak/components/leastprivilegemanager/videolearningcenter/howtoandtechsupport/installfonts.md,,,,,,
Least Privilege Manager: Use Item Level Targeting to hone in when rules apply.,current,https://docs.netwrix.com/docs/policypak/components/leastprivilegemanager/videolearningcenter/howtoandtechsupport/itemleveltargeting,docs/policypak/components/leastprivilegemanager/videolearningcenter/howtoandtechsupport/itemleveltargeting.md,,,,,,
Prevent Edge from Launching,current,https://docs.netwrix.com/docs/policypak/components/leastprivilegemanager/videolearningcenter/howtoandtechsupport/preventedge,docs/policypak/components/leastprivilegemanager/videolearningcenter/howtoandtechsupport/preventedge.md,,,,,,
Prevent Users Running some commands with command lines,current,https://docs.netwrix.com/docs/policypak/components/leastprivilegemanager/videolearningcenter/howtoandtechsupport/preventusercommands,docs/policypak/components/leastprivilegemanager/videolearningcenter/howtoandtechsupport/preventusercommands.md,,,,,,
Elevate (or smack down) scripts and Java JAR files,current,https://docs.netwrix.com/docs/policypak/components/leastprivilegemanager/videolearningcenter/howtoandtechsupport/scripts,docs/policypak/components/leastprivilegemanager/videolearningcenter/howtoandtechsupport/scripts.md,,,,,,
More security with Combo Rules,current,https://docs.netwrix.com/docs/policypak/components/leastprivilegemanager/videolearningcenter/howtoandtechsupport/securitycomborules,docs/policypak/components/leastprivilegemanager/videolearningcenter/howtoandtechsupport/securitycomborules.md,,,,,,
"Manage, block and allow Windows Universal (UWP) applications",current,https://docs.netwrix.com/docs/policypak/components/leastprivilegemanager/videolearningcenter/howtoandtechsupport/windowsuniversalapplications,docs/policypak/components/leastprivilegemanager/videolearningcenter/howtoandtechsupport/windowsuniversalapplications.md,,,,,,
PolicyPak for Mac and Admin Approval,current,https://docs.netwrix.com/docs/policypak/components/leastprivilegemanager/videolearningcenter/macintegration/adminapproval,docs/policypak/components/leastprivilegemanager/videolearningcenter/macintegration/adminapproval.md,,,,,,
Application Launch Approval,current,https://docs.netwrix.com/docs/policypak/components/leastprivilegemanager/videolearningcenter/macintegration/applicationlaunch,docs/policypak/components/leastprivilegemanager/videolearningcenter/macintegration/applicationlaunch.md,,,,,,
PolicyPak Least Priv Manager for Macs Application Package Support,current,https://docs.netwrix.com/docs/policypak/components/leastprivilegemanager/videolearningcenter/macintegration/applicationpackage,docs/policypak/components/leastprivilegemanager/videolearningcenter/macintegration/applicationpackage.md,,,,,,
PolicyPakfor MacOS Installation (using PolicyPak Cloud),current,https://docs.netwrix.com/docs/policypak/components/leastprivilegemanager/videolearningcenter/macintegration/cloudinstall,docs/policypak/components/leastprivilegemanager/videolearningcenter/macintegration/cloudinstall.md,,,,,,
Collect Diagnostics,current,https://docs.netwrix.com/docs/policypak/components/leastprivilegemanager/videolearningcenter/macintegration/collectdiagnostics,docs/policypak/components/leastprivilegemanager/videolearningcenter/macintegration/collectdiagnostics.md,,,,,,
PolicyPak Cloud +Least Privilege Manager for Mac Events collector,current,https://docs.netwrix.com/docs/policypak/components/leastprivilegemanager/videolearningcenter/macintegration/eventscollector,docs/policypak/components/leastprivilegemanager/videolearningcenter/macintegration/eventscollector.md,,,,,,
PolicyPak MacOS: Mac Finder Policies,current,https://docs.netwrix.com/docs/policypak/components/leastprivilegemanager/videolearningcenter/macintegration/finder,docs/policypak/components/leastprivilegemanager/videolearningcenter/macintegration/finder.md,,,,,,
Mac and Jointoken,current,https://docs.netwrix.com/docs/policypak/components/leastprivilegemanager/videolearningcenter/macintegration/macjointoken,docs/policypak/components/leastprivilegemanager/videolearningcenter/macintegration/macjointoken.md,,,,,,
Least Privilege Manager for Mac: Mount / Unmount Part II,current,https://docs.netwrix.com/docs/policypak/components/leastprivilegemanager/videolearningcenter/macintegration/mountunmounpart2,docs/policypak/components/leastprivilegemanager/videolearningcenter/macintegration/mountunmounpart2.md,,,,,,
Least Privilege Manager for Mac: Mount / Unmount Part I,current,https://docs.netwrix.com/docs/policypak/components/leastprivilegemanager/videolearningcenter/macintegration/mountunmountpart1,docs/policypak/components/leastprivilegemanager/videolearningcenter/macintegration/mountunmountpart1.md,,,,,,
Mac Policy Candidates Admin Tool,current,https://docs.netwrix.com/docs/policypak/components/leastprivilegemanager/videolearningcenter/macintegration/policycandidates,docs/policypak/components/leastprivilegemanager/videolearningcenter/macintegration/policycandidates.md,,,,,,
PolicyPak LPM for MacOS: Privilege Policies (for Helper Apps),current,https://docs.netwrix.com/docs/policypak/components/leastprivilegemanager/videolearningcenter/macintegration/privilege,docs/policypak/components/leastprivilegemanager/videolearningcenter/macintegration/privilege.md,,,,,,
PolicyPak Cloud and SUDO support,current,https://docs.netwrix.com/docs/policypak/components/leastprivilegemanager/videolearningcenter/macintegration/sudosupport,docs/policypak/components/leastprivilegemanager/videolearningcenter/macintegration/sudosupport.md,,,,,,
PolicyPak for Mac / Least Priv Manager: System Settings policy,current,https://docs.netwrix.com/docs/policypak/components/leastprivilegemanager/videolearningcenter/macintegration/systemsettings,docs/policypak/components/leastprivilegemanager/videolearningcenter/macintegration/systemsettings.md,,,,,,
PolicyPak Cloud Mac + SUDO Using Wildcard Example,current,https://docs.netwrix.com/docs/policypak/components/leastprivilegemanager/videolearningcenter/macintegration/wildcards,docs/policypak/components/leastprivilegemanager/videolearningcenter/macintegration/wildcards.md,,,,,,
Use PolicyPak Cloud to deploy PP Least Privilege Manager rules,current,https://docs.netwrix.com/docs/policypak/components/leastprivilegemanager/videolearningcenter/methods/cloudrules,docs/policypak/components/leastprivilegemanager/videolearningcenter/methods/cloudrules.md,,,,,,
Using Least Privilege Manager with your MDM service,current,https://docs.netwrix.com/docs/policypak/components/leastprivilegemanager/videolearningcenter/methods/mdm,docs/policypak/components/leastprivilegemanager/videolearningcenter/methods/mdm.md,,,,,,
Deploying Apps that Require Admin Rights Using PolicyPak and PDQ Deploy,current,https://docs.netwrix.com/docs/policypak/components/leastprivilegemanager/videolearningcenter/methods/pdqdeploy,docs/policypak/components/leastprivilegemanager/videolearningcenter/methods/pdqdeploy.md,,,,,,
Blocking Malware with PolicyPak and PDQ Deploy,current,https://docs.netwrix.com/docs/policypak/components/leastprivilegemanager/videolearningcenter/methods/pdqdeployblockmalware,docs/policypak/components/leastprivilegemanager/videolearningcenter/methods/pdqdeployblockmalware.md,,,,,,
Netwrix Privilege Secure and LICENSING,current,https://docs.netwrix.com/docs/policypak/components/leastprivilegemanager/videolearningcenter/netwrixprivilegesecure/license,docs/policypak/components/leastprivilegemanager/videolearningcenter/netwrixprivilegesecure/license.md,,,,,,
Netwrix Privilege Secure Client - Getting Started with MMC with/without PolicyPak,current,https://docs.netwrix.com/docs/policypak/components/leastprivilegemanager/videolearningcenter/netwrixprivilegesecure/privilegesecure,docs/policypak/components/leastprivilegemanager/videolearningcenter/netwrixprivilegesecure/privilegesecure.md,,,,,,
Netwrix Privilege Secure and the NPS/PolicyPak Client,current,https://docs.netwrix.com/docs/policypak/components/leastprivilegemanager/videolearningcenter/netwrixprivilegesecure/privilegesecureclient,docs/policypak/components/leastprivilegemanager/videolearningcenter/netwrixprivilegesecure/privilegesecureclient.md,,,,,,
Least Privilege Manager: NPS Self Elevate Mode (Paid Feature),current,https://docs.netwrix.com/docs/policypak/components/leastprivilegemanager/videolearningcenter/netwrixprivilegesecure/selfelevatemode,docs/policypak/components/leastprivilegemanager/videolearningcenter/netwrixprivilegesecure/selfelevatemode.md,,,,,,
Auto Rules Generator Tool (with SecureRun),current,https://docs.netwrix.com/docs/policypak/components/leastprivilegemanager/videolearningcenter/securerun/autorulesgeneratortool,docs/policypak/components/leastprivilegemanager/videolearningcenter/securerun/autorulesgeneratortool.md,,,,,,
Using Least Privilege Manager's SecureRun Feature,current,https://docs.netwrix.com/docs/policypak/components/leastprivilegemanager/videolearningcenter/securerun/feature,docs/policypak/components/leastprivilegemanager/videolearningcenter/securerun/feature.md,,,,,,
Least Privilege Manager: Block All Unsigned with SecureRun,current,https://docs.netwrix.com/docs/policypak/components/leastprivilegemanager/videolearningcenter/securerun/preventunsigned,docs/policypak/components/leastprivilegemanager/videolearningcenter/securerun/preventunsigned.md,,,,,,
SecureRun to block User AND System executables,current,https://docs.netwrix.com/docs/policypak/components/leastprivilegemanager/videolearningcenter/securerun/usersystemexecutables,docs/policypak/components/leastprivilegemanager/videolearningcenter/securerun/usersystemexecutables.md,,,,,,
Video Learning Center,current,https://docs.netwrix.com/docs/policypak/components/leastprivilegemanager/videolearningcenter,docs/policypak/components/leastprivilegemanager/videolearningcenter/videolearningcenter.md,,,,,,
PolicyPak Network Security Manager,current,https://docs.netwrix.com/docs/policypak/components/networksecuritymanager/manual/overview,docs/policypak/components/networksecuritymanager/manual/overview.md,,,,,,
PolicyPak Network Security Manager - Applications and Ports,current,https://docs.netwrix.com/docs/policypak/components/networksecuritymanager/videos/gettingstarted/applicationsports,docs/policypak/components/networksecuritymanager/videos/gettingstarted/applicationsports.md,,,,,,
PolicyPak Network Security Manager - Auditing Events,current,https://docs.netwrix.com/docs/policypak/components/networksecuritymanager/videos/gettingstarted/auditingevents,docs/policypak/components/networksecuritymanager/videos/gettingstarted/auditingevents.md,,,,,,
PolicyPak Network Security Manager - The Basics,current,https://docs.netwrix.com/docs/policypak/components/networksecuritymanager/videos/gettingstarted/basics,docs/policypak/components/networksecuritymanager/videos/gettingstarted/basics.md,,,,,,
PolicyPak Network Security Manager - Using Domain Names,current,https://docs.netwrix.com/docs/policypak/components/networksecuritymanager/videos/gettingstarted/domainnames,docs/policypak/components/networksecuritymanager/videos/gettingstarted/domainnames.md,,,,,,
PolicyPak Network Security Manager - Global settings,current,https://docs.netwrix.com/docs/policypak/components/networksecuritymanager/videos/gettingstarted/globalsettings,docs/policypak/components/networksecuritymanager/videos/gettingstarted/globalsettings.md,,,,,,
Video Learning Center,current,https://docs.netwrix.com/docs/policypak/components/networksecuritymanager/videos/videolearningcenter,docs/policypak/components/networksecuritymanager/videos/videolearningcenter.md,,,,,,
Deploying MSIs to Your Target Machine,current,https://docs.netwrix.com/docs/policypak/components/preferencesmanager/manual/gettingstarted/deploymsis,docs/policypak/components/preferencesmanager/manual/gettingstarted/deploymsis.md,,,,,,
Quick Start,current,https://docs.netwrix.com/docs/policypak/components/preferencesmanager/manual/gettingstarted,docs/policypak/components/preferencesmanager/manual/gettingstarted/gettingstarted.md,,,,,,
Maintaining Compliance,current,https://docs.netwrix.com/docs/policypak/components/preferencesmanager/manual/gettingstarted/maintaincompliance,docs/policypak/components/preferencesmanager/manual/gettingstarted/maintaincompliance.md,,,,,,
Using the PolicyPak Exporter to Make MSIs,current,https://docs.netwrix.com/docs/policypak/components/preferencesmanager/manual/gettingstarted/makemsis,docs/policypak/components/preferencesmanager/manual/gettingstarted/makemsis.md,,,,,,
Item-Level Targeting,current,https://docs.netwrix.com/docs/policypak/components/preferencesmanager/manual/itemleveltargeting,docs/policypak/components/preferencesmanager/manual/itemleveltargeting.md,,,,,,
Preferences Manager,current,https://docs.netwrix.com/docs/policypak/components/preferencesmanager/manual/overview,docs/policypak/components/preferencesmanager/manual/overview.md,,,,,,
Applying Settings to Client Machines,current,https://docs.netwrix.com/docs/policypak/components/preferencesmanager/manual/preferences/clientmachines,docs/policypak/components/preferencesmanager/manual/preferences/clientmachines.md,,,,,,
Troubleshooting Logs,current,https://docs.netwrix.com/docs/policypak/components/preferencesmanager/manual/preferences/logs,docs/policypak/components/preferencesmanager/manual/preferences/logs.md,,,,,,
Enhanced Client Logging,current,https://docs.netwrix.com/docs/policypak/components/preferencesmanager/manual/preferences/logsenhanced,docs/policypak/components/preferencesmanager/manual/preferences/logsenhanced.md,,,,,,
Troubleshooting,current,https://docs.netwrix.com/docs/policypak/components/preferencesmanager/manual/preferences/overview,docs/policypak/components/preferencesmanager/manual/preferences/overview.md,,,,,,
Getting Set Up,current,https://docs.netwrix.com/docs/policypak/components/preferencesmanager/manual/setup,docs/policypak/components/preferencesmanager/manual/setup.md,,,,,,
Preferences Manager Overview,current,https://docs.netwrix.com/docs/policypak/components/preferencesmanager/overview,docs/policypak/components/preferencesmanager/overview.md,,,,,,
Knowledge Base,current,https://docs.netwrix.com/docs/policypak/components/remotedesktopprotocolmanager/knowledgebase,docs/policypak/components/remotedesktopprotocolmanager/knowledgebase/knowledgebase.md,,,,,,
RDP Manager Tech Notes,current,https://docs.netwrix.com/docs/policypak/components/remotedesktopprotocolmanager/knowledgebase/overview,docs/policypak/components/remotedesktopprotocolmanager/knowledgebase/overview.md,,,,,,
Exporting Collections,current,https://docs.netwrix.com/docs/policypak/components/remotedesktopprotocolmanager/manual/configuration/exportcollections,docs/policypak/components/remotedesktopprotocolmanager/manual/configuration/exportcollections.md,,,,,,
Using Item-Level Targeting with RDP Manager,current,https://docs.netwrix.com/docs/policypak/components/remotedesktopprotocolmanager/manual/configuration/itemleveltargeting,docs/policypak/components/remotedesktopprotocolmanager/manual/configuration/itemleveltargeting.md,,,,,,
Understanding Processing Order and Precedence,current,https://docs.netwrix.com/docs/policypak/components/remotedesktopprotocolmanager/manual/configuration/processorderprecedence,docs/policypak/components/remotedesktopprotocolmanager/manual/configuration/processorderprecedence.md,,,,,,
importrdpfile,current,https://docs.netwrix.com/docs/policypak/components/remotedesktopprotocolmanager/manual/gettingtoknow/importrdpfile,docs/policypak/components/remotedesktopprotocolmanager/manual/gettingtoknow/importrdpfile.md,,,,,,
Troubleshooting,current,https://docs.netwrix.com/docs/policypak/components/remotedesktopprotocolmanager/manual/gettingtoknow/overview_1,docs/policypak/components/remotedesktopprotocolmanager/manual/gettingtoknow/overview_1.md,,,,,,
Policies and Settings,current,https://docs.netwrix.com/docs/policypak/components/remotedesktopprotocolmanager/manual/gettingtoknow/policiessettings,docs/policypak/components/remotedesktopprotocolmanager/manual/gettingtoknow/policiessettings.md,,,,,,
Remote Desktop Protocol Manager Manual,current,https://docs.netwrix.com/docs/policypak/components/remotedesktopprotocolmanager/manual/overview,docs/policypak/components/remotedesktopprotocolmanager/manual/overview.md,,,,,,
Remote Desktop Protocol Manager Overview,current,https://docs.netwrix.com/docs/policypak/components/remotedesktopprotocolmanager/overview,docs/policypak/components/remotedesktopprotocolmanager/overview.md,,,,,,
Create and update .RDP files for end-users using PolicyPak Cloud Edition,current,https://docs.netwrix.com/docs/policypak/components/remotedesktopprotocolmanager/videolearningcenter/remoteworkandvdi/cloud,docs/policypak/components/remotedesktopprotocolmanager/videolearningcenter/remoteworkandvdi/cloud.md,,,,,,
Use Item Level Targeting to Deliver Targeted .RDP Files,current,https://docs.netwrix.com/docs/policypak/components/remotedesktopprotocolmanager/videolearningcenter/remoteworkandvdi/itemleveltargeting,docs/policypak/components/remotedesktopprotocolmanager/videolearningcenter/remoteworkandvdi/itemleveltargeting.md,,,,,,
Create and update .RDP files for end-users using PolicyPak MDM Edition,current,https://docs.netwrix.com/docs/policypak/components/remotedesktopprotocolmanager/videolearningcenter/remoteworkandvdi/mdm,docs/policypak/components/remotedesktopprotocolmanager/videolearningcenter/remoteworkandvdi/mdm.md,,,,,,
Create and update .RDP files for end-users for Remote Work and VDI scenarios,current,https://docs.netwrix.com/docs/policypak/components/remotedesktopprotocolmanager/videolearningcenter/remoteworkandvdi/vdiscenarios,docs/policypak/components/remotedesktopprotocolmanager/videolearningcenter/remoteworkandvdi/vdiscenarios.md,,,,,,
Video Learning Center,current,https://docs.netwrix.com/docs/policypak/components/remotedesktopprotocolmanager/videolearningcenter,docs/policypak/components/remotedesktopprotocolmanager/videolearningcenter/videolearningcenter.md,,,,,,
Remote Work Delivery Manager with PolicyPak Cloud and MDM Services,current,https://docs.netwrix.com/docs/policypak/components/remoteworkdeliverymanager/manual/cloudmdm,docs/policypak/components/remoteworkdeliverymanager/manual/cloudmdm.md,,,,,,
Exporting Collections,current,https://docs.netwrix.com/docs/policypak/components/remoteworkdeliverymanager/manual/exportcollections,docs/policypak/components/remoteworkdeliverymanager/manual/exportcollections.md,,,,,,
Using Collections for Groupings and Advanced Configuration,current,https://docs.netwrix.com/docs/policypak/components/remoteworkdeliverymanager/manual/gettoknow/collections,docs/policypak/components/remoteworkdeliverymanager/manual/gettoknow/collections.md,,,,,,
Using Remote Work Delivery Manager on the Computer Side,current,https://docs.netwrix.com/docs/policypak/components/remoteworkdeliverymanager/manual/gettoknow/computerside,docs/policypak/components/remoteworkdeliverymanager/manual/gettoknow/computerside.md,,,,,,
Quick Start - Using Remote Work Delivery Manager to Copy and Install a Single File,current,https://docs.netwrix.com/docs/policypak/components/remoteworkdeliverymanager/manual/gettoknow/gettingstarted/overview,docs/policypak/components/remoteworkdeliverymanager/manual/gettoknow/gettingstarted/overview.md,,,,,,
Getting Started with Standard Policies,current,https://docs.netwrix.com/docs/policypak/components/remoteworkdeliverymanager/manual/gettoknow/gettingstarted/policiesstandard,docs/policypak/components/remoteworkdeliverymanager/manual/gettoknow/gettingstarted/policiesstandard.md,,,,,,
Getting Started with Web Policies,current,https://docs.netwrix.com/docs/policypak/components/remoteworkdeliverymanager/manual/gettoknow/gettingstarted/policiesweb,docs/policypak/components/remoteworkdeliverymanager/manual/gettoknow/gettingstarted/policiesweb.md,,,,,,
Getting to Know Remote Work Delivery Manager,current,https://docs.netwrix.com/docs/policypak/components/remoteworkdeliverymanager/manual/gettoknow,docs/policypak/components/remoteworkdeliverymanager/manual/gettoknow/gettoknow.md,,,,,,
Advanced Standard Policies: Copying Multiple Files Wizard,current,https://docs.netwrix.com/docs/policypak/components/remoteworkdeliverymanager/manual/gettoknow/multiplefiles,docs/policypak/components/remoteworkdeliverymanager/manual/gettoknow/multiplefiles.md,,,,,,
Advanced Standard Policies: Copying Multiple Files with Recursion and Advanced Criteria,current,https://docs.netwrix.com/docs/policypak/components/remoteworkdeliverymanager/manual/gettoknow/recursion,docs/policypak/components/remoteworkdeliverymanager/manual/gettoknow/recursion.md,,,,,,
Ins and Outs of Remote Work Delivery Manager,current,https://docs.netwrix.com/docs/policypak/components/remoteworkdeliverymanager/manual/insouts,docs/policypak/components/remoteworkdeliverymanager/manual/insouts.md,,,,,,
Using Item-Level Targeting with Collections and Policies,current,https://docs.netwrix.com/docs/policypak/components/remoteworkdeliverymanager/manual/itemleveltargeting,docs/policypak/components/remoteworkdeliverymanager/manual/itemleveltargeting.md,,,,,,
Remote Work Delivery Manager,current,https://docs.netwrix.com/docs/policypak/components/remoteworkdeliverymanager/manual/overview,docs/policypak/components/remoteworkdeliverymanager/manual/overview.md,,,,,,
Understanding Processing Order and Precedence within a GPO,current,https://docs.netwrix.com/docs/policypak/components/remoteworkdeliverymanager/manual/processorderprecedence,docs/policypak/components/remoteworkdeliverymanager/manual/processorderprecedence.md,,,,,,
Events,current,https://docs.netwrix.com/docs/policypak/components/remoteworkdeliverymanager/manual/remoteworkdelivery/events,docs/policypak/components/remoteworkdeliverymanager/manual/remoteworkdelivery/events.md,,,,,,
Logging Locations,current,https://docs.netwrix.com/docs/policypak/components/remoteworkdeliverymanager/manual/remoteworkdelivery/logs,docs/policypak/components/remoteworkdeliverymanager/manual/remoteworkdelivery/logs.md,,,,,,
"Tips, Security, and Troubleshooting",current,https://docs.netwrix.com/docs/policypak/components/remoteworkdeliverymanager/manual/remoteworkdelivery/overview,docs/policypak/components/remoteworkdeliverymanager/manual/remoteworkdelivery/overview.md,,,,,,
Understanding Refresh Timing,current,https://docs.netwrix.com/docs/policypak/components/remoteworkdeliverymanager/manual/remoteworkdelivery/refreshtiming,docs/policypak/components/remoteworkdeliverymanager/manual/remoteworkdelivery/refreshtiming.md,,,,,,
Security Concerns,current,https://docs.netwrix.com/docs/policypak/components/remoteworkdeliverymanager/manual/remoteworkdelivery/securityconcerns,docs/policypak/components/remoteworkdeliverymanager/manual/remoteworkdelivery/securityconcerns.md,,,,,,
Tips: Wildcards and Variables,current,https://docs.netwrix.com/docs/policypak/components/remoteworkdeliverymanager/manual/remoteworkdelivery/tips/overview,docs/policypak/components/remoteworkdeliverymanager/manual/remoteworkdelivery/tips/overview.md,,,,,,
About Special Variables,current,https://docs.netwrix.com/docs/policypak/components/remoteworkdeliverymanager/manual/remoteworkdelivery/tips/specialvariables,docs/policypak/components/remoteworkdeliverymanager/manual/remoteworkdelivery/tips/specialvariables.md,,,,,,
About Wildcards,current,https://docs.netwrix.com/docs/policypak/components/remoteworkdeliverymanager/manual/remoteworkdelivery/tips/wildcards,docs/policypak/components/remoteworkdeliverymanager/manual/remoteworkdelivery/tips/wildcards.md,,,,,,
Save Time and Effort with PolicyPak File Delivery Manager,current,https://docs.netwrix.com/docs/policypak/components/remoteworkdeliverymanager/manual/savetime,docs/policypak/components/remoteworkdeliverymanager/manual/savetime.md,,,,,,
Remote Work Delivery Manager Overview,current,https://docs.netwrix.com/docs/policypak/components/remoteworkdeliverymanager/overview,docs/policypak/components/remoteworkdeliverymanager/overview.md,,,,,,
My Dropbox link won't verify in Remote Work Delivery Manager,current,https://docs.netwrix.com/docs/policypak/components/remoteworkdeliverymanager/technotes/dropboxlink,docs/policypak/components/remoteworkdeliverymanager/technotes/dropboxlink.md,,,,,,
Knowledge Base,current,https://docs.netwrix.com/docs/policypak/components/remoteworkdeliverymanager/technotes/knowledgebase,docs/policypak/components/remoteworkdeliverymanager/technotes/knowledgebase.md,,,,,,
How can I make applications install sequentially / in order (and how does it work?),current,https://docs.netwrix.com/docs/policypak/components/remoteworkdeliverymanager/technotes/tipsandtricks/installsequentially,docs/policypak/components/remoteworkdeliverymanager/technotes/tipsandtricks/installsequentially.md,,,,,,
How to Install UWP applications using PolicyPak Remote Work Delivery Manager,current,https://docs.netwrix.com/docs/policypak/components/remoteworkdeliverymanager/technotes/tipsandtricks/installuwp,docs/policypak/components/remoteworkdeliverymanager/technotes/tipsandtricks/installuwp.md,,,,,,
How To deploy a TCP/IP Printer using PolicyPak Remote Work Delivery Manager,current,https://docs.netwrix.com/docs/policypak/components/remoteworkdeliverymanager/technotes/tipsandtricks/printers,docs/policypak/components/remoteworkdeliverymanager/technotes/tipsandtricks/printers.md,,,,,,
How do I use PolicyPak Remote Work Delivery Manager to update the Client Side Extension?,current,https://docs.netwrix.com/docs/policypak/components/remoteworkdeliverymanager/technotes/tipsandtricks/updateclientsideextension,docs/policypak/components/remoteworkdeliverymanager/technotes/tipsandtricks/updateclientsideextension.md,,,,,,
What variables can I use in place for source or destination in Remote Work Delivery Manager?,current,https://docs.netwrix.com/docs/policypak/components/remoteworkdeliverymanager/technotes/tipsandtricks/variables,docs/policypak/components/remoteworkdeliverymanager/technotes/tipsandtricks/variables.md,,,,,,
Mass copy folders and files (with filters and recursion),current,https://docs.netwrix.com/docs/policypak/components/remoteworkdeliverymanager/videos/gettingstarted/masscopy,docs/policypak/components/remoteworkdeliverymanager/videos/gettingstarted/masscopy.md,,,,,,
Automatic Patching and Updates,current,https://docs.netwrix.com/docs/policypak/components/remoteworkdeliverymanager/videos/gettingstarted/patching,docs/policypak/components/remoteworkdeliverymanager/videos/gettingstarted/patching.md,,,,,,
Install software with SMB (standard share),current,https://docs.netwrix.com/docs/policypak/components/remoteworkdeliverymanager/videos/gettingstarted/smb,docs/policypak/components/remoteworkdeliverymanager/videos/gettingstarted/smb.md,,,,,,
Install software using web-based shares,current,https://docs.netwrix.com/docs/policypak/components/remoteworkdeliverymanager/videos/gettingstarted/webbasedshares,docs/policypak/components/remoteworkdeliverymanager/videos/gettingstarted/webbasedshares.md,,,,,,
Deploy software with PolicyPak Cloud,current,https://docs.netwrix.com/docs/policypak/components/remoteworkdeliverymanager/videos/methods/cloud,docs/policypak/components/remoteworkdeliverymanager/videos/methods/cloud.md,,,,,,
Copy files and keep them up to date with your MDM service,current,https://docs.netwrix.com/docs/policypak/components/remoteworkdeliverymanager/videos/methods/mdm,docs/policypak/components/remoteworkdeliverymanager/videos/methods/mdm.md,,,,,,
PolicyPak: Use Azure Blob Storage to Deploy and Patch your software,current,https://docs.netwrix.com/docs/policypak/components/remoteworkdeliverymanager/videos/tipsandtricks/azureblobstorage,docs/policypak/components/remoteworkdeliverymanager/videos/tipsandtricks/azureblobstorage.md,,,,,,
PolicyPak: Remote Work Delivery Manager Local File Copy Magic,current,https://docs.netwrix.com/docs/policypak/components/remoteworkdeliverymanager/videos/tipsandtricks/localfilecopy,docs/policypak/components/remoteworkdeliverymanager/videos/tipsandtricks/localfilecopy.md,,,,,,
Using Remote Work Delivery Manager to Update the PolicyPak Client Side Extension,current,https://docs.netwrix.com/docs/policypak/components/remoteworkdeliverymanager/videos/tipsandtricks/updateclientsideextension,docs/policypak/components/remoteworkdeliverymanager/videos/tipsandtricks/updateclientsideextension.md,,,,,,
Video Learning Center,current,https://docs.netwrix.com/docs/policypak/components/remoteworkdeliverymanager/videos/videolearningcenter,docs/policypak/components/remoteworkdeliverymanager/videos/videolearningcenter.md,,,,,,
Scripts and Triggers Manager Technical Notes,current,https://docs.netwrix.com/docs/policypak/components/scriptstriggers/knowledgebase,docs/policypak/components/scriptstriggers/knowledgebase/knowledgebase.md,,,,,,
How do I automate BitLocker deployment for my enterprise with Group Policy and PolicyPak?,current,https://docs.netwrix.com/docs/policypak/components/scriptstriggers/knowledgebase/tipsandtricks/bitlockerdeployment,docs/policypak/components/scriptstriggers/knowledgebase/tipsandtricks/bitlockerdeployment.md,,,,,,
Disabling Optional Connected Experiences in Office 365 Apps,current,https://docs.netwrix.com/docs/policypak/components/scriptstriggers/knowledgebase/tipsandtricks/disablingofficeconnectedexperiences,docs/policypak/components/scriptstriggers/knowledgebase/tipsandtricks/disablingofficeconnectedexperiences.md,,,,,,
How to Run Microsoft Edge Once at a User's 1st Logon using Scripts and Triggers Manager,current,https://docs.netwrix.com/docs/policypak/components/scriptstriggers/knowledgebase/tipsandtricks/edgefirstlogon,docs/policypak/components/scriptstriggers/knowledgebase/tipsandtricks/edgefirstlogon.md,,,,,,
How to use Scripts Manager Event Log Triggers to Map Network Drives when a VPN is Connected,current,https://docs.netwrix.com/docs/policypak/components/scriptstriggers/knowledgebase/tipsandtricks/eventlogtriggers,docs/policypak/components/scriptstriggers/knowledgebase/tipsandtricks/eventlogtriggers.md,,,,,,
How to Set the Password for a Local Account using Scripts Manager,current,https://docs.netwrix.com/docs/policypak/components/scriptstriggers/knowledgebase/tipsandtricks/localaccountpassword,docs/policypak/components/scriptstriggers/knowledgebase/tipsandtricks/localaccountpassword.md,,,,,,
How to Create a Local Scheduled Task to Reboot a PC every day at 9 AM,current,https://docs.netwrix.com/docs/policypak/components/scriptstriggers/knowledgebase/tipsandtricks/localscheduledtask,docs/policypak/components/scriptstriggers/knowledgebase/tipsandtricks/localscheduledtask.md,,,,,,
How to deliver network drive mappings with PowerShell using Scripts Manager,current,https://docs.netwrix.com/docs/policypak/components/scriptstriggers/knowledgebase/tipsandtricks/powershell,docs/policypak/components/scriptstriggers/knowledgebase/tipsandtricks/powershell.md,,,,,,
Can I get more details on how PolicyPak Scripts Manager processes run?,current,https://docs.netwrix.com/docs/policypak/components/scriptstriggers/knowledgebase/tipsandtricks/processesdetails,docs/policypak/components/scriptstriggers/knowledgebase/tipsandtricks/processesdetails.md,,,,,,
How to Reset Secure Channel for computers that have fallen out of sync with domain while working remotely by using Scripts Manager in PolicyPak Cloud,current,https://docs.netwrix.com/docs/policypak/components/scriptstriggers/knowledgebase/tipsandtricks/resetsecurechannel,docs/policypak/components/scriptstriggers/knowledgebase/tipsandtricks/resetsecurechannel.md,,,,,,
How do I user PolicyPak to set the screensaver to a custom slideshow?,current,https://docs.netwrix.com/docs/policypak/components/scriptstriggers/knowledgebase/tipsandtricks/screensavers,docs/policypak/components/scriptstriggers/knowledgebase/tipsandtricks/screensavers.md,,,,,,
How to create a shortcut under the Public Desktop using PolicyPak Scripts Manager,current,https://docs.netwrix.com/docs/policypak/components/scriptstriggers/knowledgebase/tipsandtricks/shortcutpublicdesktop,docs/policypak/components/scriptstriggers/knowledgebase/tipsandtricks/shortcutpublicdesktop.md,,,,,,
"How to silently install Firefox ESR, Chrome and WinZip 14.5 using PolicyPak Scripts Manager",current,https://docs.netwrix.com/docs/policypak/components/scriptstriggers/knowledgebase/tipsandtricks/silentbrowserinstall,docs/policypak/components/scriptstriggers/knowledgebase/tipsandtricks/silentbrowserinstall.md,,,,,,
How to run Microsoft Teams minimized to systray using PPScripts and PPAM,current,https://docs.netwrix.com/docs/policypak/components/scriptstriggers/knowledgebase/tipsandtricks/teamsminimized,docs/policypak/components/scriptstriggers/knowledgebase/tipsandtricks/teamsminimized.md,,,,,,
How-to change Temperature Unit from Fahrenheit to Celsius in Microsoft Outlook Calendar via Group Policy?,current,https://docs.netwrix.com/docs/policypak/components/scriptstriggers/knowledgebase/tipsandtricks/temperatureunit,docs/policypak/components/scriptstriggers/knowledgebase/tipsandtricks/temperatureunit.md,,,,,,
How do I use Scripts Manager to update the Registry on end-user workstations,current,https://docs.netwrix.com/docs/policypak/components/scriptstriggers/knowledgebase/tipsandtricks/updateregistry,docs/policypak/components/scriptstriggers/knowledgebase/tipsandtricks/updateregistry.md,,,,,,
How does PolicyPak Scripts & Triggers know when the VPN connection is made or lost?,current,https://docs.netwrix.com/docs/policypak/components/scriptstriggers/knowledgebase/tipsandtricks/vpnconnection,docs/policypak/components/scriptstriggers/knowledgebase/tipsandtricks/vpnconnection.md,,,,,,
What is the expected behavior on Windows 10 when you MODIFY an existing PolicyPak Scripts script?,current,https://docs.netwrix.com/docs/policypak/components/scriptstriggers/knowledgebase/tipsandtricks/windows10modifyscript,docs/policypak/components/scriptstriggers/knowledgebase/tipsandtricks/windows10modifyscript.md,,,,,,
How to import a WLAN / 802.11 / Wireless profile from Dropbox using PolicyPak Scripts Manager,current,https://docs.netwrix.com/docs/policypak/components/scriptstriggers/knowledgebase/tipsandtricks/wlandropbox,docs/policypak/components/scriptstriggers/knowledgebase/tipsandtricks/wlandropbox.md,,,,,,
How to import a WLAN / 802.11 / Wireless profile from a Network Share using PolicyPak Scripts Manager?,current,https://docs.netwrix.com/docs/policypak/components/scriptstriggers/knowledgebase/tipsandtricks/wlannetwork,docs/policypak/components/scriptstriggers/knowledgebase/tipsandtricks/wlannetwork.md,,,,,,
Upgrading MS Teams to latest version displays prompts for Admin Approval,current,https://docs.netwrix.com/docs/policypak/components/scriptstriggers/knowledgebase/troubleshooting/adminapproval,docs/policypak/components/scriptstriggers/knowledgebase/troubleshooting/adminapproval.md,,,,,,
What must I do in Cylance such that it will run Powershell scripts via PolicyPak Scripts Manager?,current,https://docs.netwrix.com/docs/policypak/components/scriptstriggers/knowledgebase/troubleshooting/cylance,docs/policypak/components/scriptstriggers/knowledgebase/troubleshooting/cylance.md,,,,,,
"What is the expected behavior after an PolicyPak Script ""ON/APPLY"" script is modified?",current,https://docs.netwrix.com/docs/policypak/components/scriptstriggers/knowledgebase/troubleshooting/onapplyscript,docs/policypak/components/scriptstriggers/knowledgebase/troubleshooting/onapplyscript.md,,,,,,
How do PolicyPak Scripts Manager PowerShell Scripts behave when PowerShell is blocked or disabled using the following methods?,current,https://docs.netwrix.com/docs/policypak/components/scriptstriggers/knowledgebase/troubleshooting/powershellscripts,docs/policypak/components/scriptstriggers/knowledgebase/troubleshooting/powershellscripts.md,,,,,,
Where do scripts run? How are they protected from unauthorized access? How can I change the location of where scripts are stored?,current,https://docs.netwrix.com/docs/policypak/components/scriptstriggers/knowledgebase/troubleshooting/scriptlocation,docs/policypak/components/scriptstriggers/knowledgebase/troubleshooting/scriptlocation.md,,,,,,
Why don't Batch and PowerShell scripts get blocked when SYSTEM processes are blocked,current,https://docs.netwrix.com/docs/policypak/components/scriptstriggers/knowledgebase/troubleshooting/systemprocesses,docs/policypak/components/scriptstriggers/knowledgebase/troubleshooting/systemprocesses.md,,,,,,
How to use Scripts Manager Triggers to Map Network Drives when a VPN is Connected,current,https://docs.netwrix.com/docs/policypak/components/scriptstriggers/knowledgebase/troubleshooting/vpn,docs/policypak/components/scriptstriggers/knowledgebase/troubleshooting/vpn.md,,,,,,
Which VPN Solutions are currently supported for use with Scripts Manager VPN Triggers?,current,https://docs.netwrix.com/docs/policypak/components/scriptstriggers/knowledgebase/troubleshooting/vpnsolutions,docs/policypak/components/scriptstriggers/knowledgebase/troubleshooting/vpnsolutions.md,,,,,,
How do I update Windows 7 machines to TLS 1.2 such that they work with PolicyPak Cloud?,current,https://docs.netwrix.com/docs/policypak/components/scriptstriggers/knowledgebase/troubleshooting/windows7tls,docs/policypak/components/scriptstriggers/knowledgebase/troubleshooting/windows7tls.md,,,,,,
Ins and Outs,current,https://docs.netwrix.com/docs/policypak/components/scriptstriggers/manual/configuration/insouts,docs/policypak/components/scriptstriggers/manual/configuration/insouts.md,,,,,,
Advantages of Using Scripts & Triggers Manager,current,https://docs.netwrix.com/docs/policypak/components/scriptstriggers/manual/gettingtoknow/advantages,docs/policypak/components/scriptstriggers/manual/gettingtoknow/advantages.md,,,,,,
Using PolicyPak Scripts on the Computer Side,current,https://docs.netwrix.com/docs/policypak/components/scriptstriggers/manual/gettingtoknow/computerside,docs/policypak/components/scriptstriggers/manual/gettingtoknow/computerside.md,,,,,,
Troubleshooting,current,https://docs.netwrix.com/docs/policypak/components/scriptstriggers/manual/gettingtoknow/overview_1,docs/policypak/components/scriptstriggers/manual/gettingtoknow/overview_1.md,,,,,,
Getting to Know Scripts & Triggers Manager,current,https://docs.netwrix.com/docs/policypak/components/scriptstriggers/manual/gettingtoknow/overview,docs/policypak/components/scriptstriggers/manual/gettingtoknow/overview.md,,,,,,
Quick Start - Making and Removing Shortcuts,current,https://docs.netwrix.com/docs/policypak/components/scriptstriggers/manual/gettingtoknow/shortcuts,docs/policypak/components/scriptstriggers/manual/gettingtoknow/shortcuts.md,,,,,,
Using PolicyPak Scripts and Triggers,current,https://docs.netwrix.com/docs/policypak/components/scriptstriggers/manual/gettingtoknow/usage,docs/policypak/components/scriptstriggers/manual/gettingtoknow/usage.md,,,,,,
Exporting Collections,current,https://docs.netwrix.com/docs/policypak/components/scriptstriggers/manual/itemleveltargeting/exportcollections,docs/policypak/components/scriptstriggers/manual/itemleveltargeting/exportcollections.md,,,,,,
Using Item-Level Targeting with Collections and Policies,current,https://docs.netwrix.com/docs/policypak/components/scriptstriggers/manual/itemleveltargeting/overview,docs/policypak/components/scriptstriggers/manual/itemleveltargeting/overview.md,,,,,,
Understanding Processing Order and Precedence,current,https://docs.netwrix.com/docs/policypak/components/scriptstriggers/manual/itemleveltargeting/processorderprecedence,docs/policypak/components/scriptstriggers/manual/itemleveltargeting/processorderprecedence.md,,,,,,
Scripts and Triggers Manager Manual,current,https://docs.netwrix.com/docs/policypak/components/scriptstriggers/manual/overview,docs/policypak/components/scriptstriggers/manual/overview.md,,,,,,
Scripts and Triggers Manager Overview,current,https://docs.netwrix.com/docs/policypak/components/scriptstriggers/overview,docs/policypak/components/scriptstriggers/overview.md,,,,,,
Deploy any script via the Cloud to domain joined and non-domain joined machines,current,https://docs.netwrix.com/docs/policypak/components/scriptstriggers/videolearningcenter/gettingstarted/cloud,docs/policypak/components/scriptstriggers/videolearningcenter/gettingstarted/cloud.md,,,,,,
Use with on-prem Group Policy,current,https://docs.netwrix.com/docs/policypak/components/scriptstriggers/videolearningcenter/gettingstarted/onpremise,docs/policypak/components/scriptstriggers/videolearningcenter/gettingstarted/onpremise.md,,,,,,
PolicyPak Scripts and YOUR MDM service: Un-real power,current,https://docs.netwrix.com/docs/policypak/components/scriptstriggers/videolearningcenter/methods/mdm,docs/policypak/components/scriptstriggers/videolearningcenter/methods/mdm.md,,,,,,
Removing Unwanted Windows Apps Using PolicyPak and PDQ Deploy,current,https://docs.netwrix.com/docs/policypak/components/scriptstriggers/videolearningcenter/methods/pdqdeploy,docs/policypak/components/scriptstriggers/videolearningcenter/methods/pdqdeploy.md,,,,,,
Implementing BitLocker through Group Policy Using PolicyPak Scripts Manager and Administrative Templates Manager,current,https://docs.netwrix.com/docs/policypak/components/scriptstriggers/videolearningcenter/tipsandtricks/bitlocker,docs/policypak/components/scriptstriggers/videolearningcenter/tipsandtricks/bitlocker.md,,,,,,
PolicyPak Scripts: Automate Software deployments with PP Scripts and Chocolaty.org,current,https://docs.netwrix.com/docs/policypak/components/scriptstriggers/videolearningcenter/tipsandtricks/chocolaty,docs/policypak/components/scriptstriggers/videolearningcenter/tipsandtricks/chocolaty.md,,,,,,
Policy Scripts Manager: Set Custom Default File Associations in Windows 10,current,https://docs.netwrix.com/docs/policypak/components/scriptstriggers/videolearningcenter/tipsandtricks/customdefaultfileassociations,docs/policypak/components/scriptstriggers/videolearningcenter/tipsandtricks/customdefaultfileassociations.md,,,,,,
Shared Printers without Loopback: Use PolicyPak Scripts and PowerShell to deploy and remove printers,current,https://docs.netwrix.com/docs/policypak/components/scriptstriggers/videolearningcenter/tipsandtricks/printers,docs/policypak/components/scriptstriggers/videolearningcenter/tipsandtricks/printers.md,,,,,,
Removing Unwanted Windows Apps Using PolicyPak Scripts & Triggers Manager,current,https://docs.netwrix.com/docs/policypak/components/scriptstriggers/videolearningcenter/tipsandtricks/unwantedapps,docs/policypak/components/scriptstriggers/videolearningcenter/tipsandtricks/unwantedapps.md,,,,,,
Replace the Windows 10 PRO Professional Lock screen,current,https://docs.netwrix.com/docs/policypak/components/scriptstriggers/videolearningcenter/tipsandtricks/windows10prolockscreen,docs/policypak/components/scriptstriggers/videolearningcenter/tipsandtricks/windows10prolockscreen.md,,,,,,
PolicyPak Scripts and AnyConnect: Run a script after you connect via VPN,current,https://docs.netwrix.com/docs/policypak/components/scriptstriggers/videolearningcenter/triggersexamples/anyconnect,docs/policypak/components/scriptstriggers/videolearningcenter/triggersexamples/anyconnect.md,,,,,,
PolicyPak Scripts & Triggers: Events !,current,https://docs.netwrix.com/docs/policypak/components/scriptstriggers/videolearningcenter/triggersexamples/events,docs/policypak/components/scriptstriggers/videolearningcenter/triggersexamples/events.md,,,,,,
PolicyPak Scripts + Triggers: Perform actions at LOCK and UNLOCK of session,current,https://docs.netwrix.com/docs/policypak/components/scriptstriggers/videolearningcenter/triggersexamples/lockunlocksession,docs/policypak/components/scriptstriggers/videolearningcenter/triggersexamples/lockunlocksession.md,,,,,,
PolicyPak Scripts + Triggers: Map a printer or drive when a process runs and un-map it when closed.,current,https://docs.netwrix.com/docs/policypak/components/scriptstriggers/videolearningcenter/triggersexamples/mapdrivetriggers,docs/policypak/components/scriptstriggers/videolearningcenter/triggersexamples/mapdrivetriggers.md,,,,,,
PolicyPak Scripts and Triggers: Get to understand login script trigger with GP and MDM systems !,current,https://docs.netwrix.com/docs/policypak/components/scriptstriggers/videolearningcenter/triggersexamples/scripttriggers,docs/policypak/components/scriptstriggers/videolearningcenter/triggersexamples/scripttriggers.md,,,,,,
PolicyPak Scripts + Triggers: Shutdown scripts on computer side,current,https://docs.netwrix.com/docs/policypak/components/scriptstriggers/videolearningcenter/triggersexamples/shutdownscripts,docs/policypak/components/scriptstriggers/videolearningcenter/triggersexamples/shutdownscripts.md,,,,,,
PolicyPak Scripts & Triggers: Perform Scripts on VPN Connect and VPN Disconnect,current,https://docs.netwrix.com/docs/policypak/components/scriptstriggers/videolearningcenter/triggersexamples/vpnconnect,docs/policypak/components/scriptstriggers/videolearningcenter/triggersexamples/vpnconnect.md,,,,,,
Scripts and Triggers Manager Videos,current,https://docs.netwrix.com/docs/policypak/components/scriptstriggers/videolearningcenter,docs/policypak/components/scriptstriggers/videolearningcenter/videolearningcenter.md,,,,,,
Using PolicyPak Cloud and Auditpol.exe to enable Advanced Auditing on non-domain joined computers,current,https://docs.netwrix.com/docs/policypak/components/scriptstriggers/videolearningcenter/withcloud/auditpol,docs/policypak/components/scriptstriggers/videolearningcenter/withcloud/auditpol.md,,,,,,
PolicyPakScripts .. Deploy Software via VPN or with PolicyPak Cloud,current,https://docs.netwrix.com/docs/policypak/components/scriptstriggers/videolearningcenter/withcloud/cloud,docs/policypak/components/scriptstriggers/videolearningcenter/withcloud/cloud.md,,,,,,
PolicyPak Cloud TCP/IP Printer setup using Scripts Manager,current,https://docs.netwrix.com/docs/policypak/components/scriptstriggers/videolearningcenter/withcloud/printersetup,docs/policypak/components/scriptstriggers/videolearningcenter/withcloud/printersetup.md,,,,,,
PolicyPak Cloud Scripts Manager: Distribute and Import X.509 certificates,current,https://docs.netwrix.com/docs/policypak/components/scriptstriggers/videolearningcenter/withcloud/x509certificates,docs/policypak/components/scriptstriggers/videolearningcenter/withcloud/x509certificates.md,,,,,,
Using the PolicyPak Security Settings Manager Export Wizard,current,https://docs.netwrix.com/docs/policypak/components/securitysettingsmanager/manual/exportwizard,docs/policypak/components/securitysettingsmanager/manual/exportwizard.md,,,,,,
Getting to Know PolicyPak Security Settings Manager,current,https://docs.netwrix.com/docs/policypak/components/securitysettingsmanager/manual/gettoknow,docs/policypak/components/securitysettingsmanager/manual/gettoknow.md,,,,,,
Security Settings Manager,current,https://docs.netwrix.com/docs/policypak/components/securitysettingsmanager/manual/overview,docs/policypak/components/securitysettingsmanager/manual/overview.md,,,,,,
Security Settings Manager Overview,current,https://docs.netwrix.com/docs/policypak/components/securitysettingsmanager/overview,docs/policypak/components/securitysettingsmanager/overview.md,,,,,,
Adding or Removing AppX Packages,current,https://docs.netwrix.com/docs/policypak/components/softwarepackage/manual/appx/addremovepackages,docs/policypak/components/softwarepackage/manual/appx/addremovepackages.md,,,,,,
Helper Tool,current,https://docs.netwrix.com/docs/policypak/components/softwarepackage/manual/appx/helpertool,docs/policypak/components/softwarepackage/manual/appx/helpertool.md,,,,,,
Install Package,current,https://docs.netwrix.com/docs/policypak/components/softwarepackage/manual/appx/installpackage,docs/policypak/components/softwarepackage/manual/appx/installpackage.md,,,,,,
AppX Policies and Settings,current,https://docs.netwrix.com/docs/policypak/components/softwarepackage/manual/appx/overview,docs/policypak/components/softwarepackage/manual/appx/overview.md,,,,,,
Remove Package,current,https://docs.netwrix.com/docs/policypak/components/softwarepackage/manual/appx/removepackage,docs/policypak/components/softwarepackage/manual/appx/removepackage.md,,,,,,
Exporting Collections,current,https://docs.netwrix.com/docs/policypak/components/softwarepackage/manual/exportcollections,docs/policypak/components/softwarepackage/manual/exportcollections.md,,,,,,
Using Item-Level Targeting with Policies and Collections,current,https://docs.netwrix.com/docs/policypak/components/softwarepackage/manual/itemleveltargeting,docs/policypak/components/softwarepackage/manual/itemleveltargeting.md,,,,,,
Software Package Manager,current,https://docs.netwrix.com/docs/policypak/components/softwarepackage/manual/overview,docs/policypak/components/softwarepackage/manual/overview.md,,,,,,
Understanding Processing Order and Precedence,current,https://docs.netwrix.com/docs/policypak/components/softwarepackage/manual/processorderprecedence,docs/policypak/components/softwarepackage/manual/processorderprecedence.md,,,,,,
Knowledge Base,current,https://docs.netwrix.com/docs/policypak/components/softwarepackage/technotes/knowledgebase,docs/policypak/components/softwarepackage/technotes/knowledgebase.md,,,,,,
How to install WinGet on a server that you are using as a management station (unsupported)?,current,https://docs.netwrix.com/docs/policypak/components/softwarepackage/technotes/winget,docs/policypak/components/softwarepackage/technotes/winget.md,,,,,,
PolicyPak Software Package Manager: AppX Manager,current,https://docs.netwrix.com/docs/policypak/components/softwarepackage/videos/appxpoliciesitems/appxmanager,docs/policypak/components/softwarepackage/videos/appxpoliciesitems/appxmanager.md,,,,,,
PolicyPak Software Package Manager PLUS Least Privilege Manager: Block any unwanted store apps !,current,https://docs.netwrix.com/docs/policypak/components/softwarepackage/videos/appxpoliciesitems/blockapps,docs/policypak/components/softwarepackage/videos/appxpoliciesitems/blockapps.md,,,,,,
PolicyPak: Remove built-in Windows 10 / 11 apps (including those in-the-box) included with Windows!,current,https://docs.netwrix.com/docs/policypak/components/softwarepackage/videos/appxpoliciesitems/removeapps,docs/policypak/components/softwarepackage/videos/appxpoliciesitems/removeapps.md,,,,,,
Software Package Manager - Extras Tool,current,https://docs.netwrix.com/docs/policypak/components/softwarepackage/videos/extrastool,docs/policypak/components/softwarepackage/videos/extrastool.md,,,,,,
PolicyPak Package Manager (AppX Policies): Add or Remove Microsoft Store using your MDM service.,current,https://docs.netwrix.com/docs/policypak/components/softwarepackage/videos/mdm,docs/policypak/components/softwarepackage/videos/mdm.md,,,,,,
Video Learning Center,current,https://docs.netwrix.com/docs/policypak/components/softwarepackage/videos/videolearningcenter,docs/policypak/components/softwarepackage/videos/videolearningcenter.md,,,,,,
Software Package Manager + Deploying Applications via WinGet,current,https://docs.netwrix.com/docs/policypak/components/softwarepackage/videos/wingetpolicies/deployapplications,docs/policypak/components/softwarepackage/videos/wingetpolicies/deployapplications.md,,,,,,
PolicyPak and WinGet-Run,current,https://docs.netwrix.com/docs/policypak/components/softwarepackage/videos/wingetpolicies/run,docs/policypak/components/softwarepackage/videos/wingetpolicies/run.md,,,,,,
"Collections, Policy Settings, and Item-Level Targeting",current,https://docs.netwrix.com/docs/policypak/components/startscreenandtaskbar/manual/collectionssettingsi/collectionssettingsilt,docs/policypak/components/startscreenandtaskbar/manual/collectionssettingsi/collectionssettingsilt.md,,,,,,
Expected Behavior When Policies No Longer Apply,current,https://docs.netwrix.com/docs/policypak/components/startscreenandtaskbar/manual/collectionssettingsi/expectedbehavior,docs/policypak/components/startscreenandtaskbar/manual/collectionssettingsi/expectedbehavior.md,,,,,,
Exporting Collections,current,https://docs.netwrix.com/docs/policypak/components/startscreenandtaskbar/manual/collectionssettingsi/exportcollections,docs/policypak/components/startscreenandtaskbar/manual/collectionssettingsi/exportcollections.md,,,,,,
Understanding Processing Order and Precedence,current,https://docs.netwrix.com/docs/policypak/components/startscreenandtaskbar/manual/collectionssettingsi/processorderprecedence,docs/policypak/components/startscreenandtaskbar/manual/collectionssettingsi/processorderprecedence.md,,,,,,
Understanding Group Action Modes,current,https://docs.netwrix.com/docs/policypak/components/startscreenandtaskbar/manual/collectionssettingsi/startscreen/groupaction,docs/policypak/components/startscreenandtaskbar/manual/collectionssettingsi/startscreen/groupaction.md,,,,,,
Start Screen Manager Settings,current,https://docs.netwrix.com/docs/policypak/components/startscreenandtaskbar/manual/collectionssettingsi/startscreen/overview,docs/policypak/components/startscreenandtaskbar/manual/collectionssettingsi/startscreen/overview.md,,,,,,
Understanding Placeholder Modes,current,https://docs.netwrix.com/docs/policypak/components/startscreenandtaskbar/manual/collectionssettingsi/startscreen/placeholder,docs/policypak/components/startscreenandtaskbar/manual/collectionssettingsi/startscreen/placeholder.md,,,,,,
Taskbar Manager Settings,current,https://docs.netwrix.com/docs/policypak/components/startscreenandtaskbar/manual/collectionssettingsi/taskbar,docs/policypak/components/startscreenandtaskbar/manual/collectionssettingsi/taskbar.md,,,,,,
Getting to Know Start Screen & Taskbar Manager,current,https://docs.netwrix.com/docs/policypak/components/startscreenandtaskbar/manual/gettoknow,docs/policypak/components/startscreenandtaskbar/manual/gettoknow.md,,,,,,
Using the Helper Utility,current,https://docs.netwrix.com/docs/policypak/components/startscreenandtaskbar/manual/helperutility,docs/policypak/components/startscreenandtaskbar/manual/helperutility.md,,,,,,
Advantages of Using Start Screen & Taskbar Manager,current,https://docs.netwrix.com/docs/policypak/components/startscreenandtaskbar/manual/insouts/advantages,docs/policypak/components/startscreenandtaskbar/manual/insouts/advantages.md,,,,,,
Ins and Outs,current,https://docs.netwrix.com/docs/policypak/components/startscreenandtaskbar/manual/insouts/overview,docs/policypak/components/startscreenandtaskbar/manual/insouts/overview.md,,,,,,
Managing Windows 10 Start Screen and Taskbar with the In-Box Method,current,https://docs.netwrix.com/docs/policypak/components/startscreenandtaskbar/manual/insouts/windows10,docs/policypak/components/startscreenandtaskbar/manual/insouts/windows10.md,,,,,,
Start Screen & Taskbar Manager,current,https://docs.netwrix.com/docs/policypak/components/startscreenandtaskbar/manual/overview,docs/policypak/components/startscreenandtaskbar/manual/overview.md,,,,,,
Adding Desktop Applications,current,https://docs.netwrix.com/docs/policypak/components/startscreenandtaskbar/manual/startscreen/desktopapplications,docs/policypak/components/startscreenandtaskbar/manual/startscreen/desktopapplications.md,,,,,,
Adding Edge Tiles,current,https://docs.netwrix.com/docs/policypak/components/startscreenandtaskbar/manual/startscreen/edgetiles,docs/policypak/components/startscreenandtaskbar/manual/startscreen/edgetiles.md,,,,,,
Quick Start - Start Screen Manager,current,https://docs.netwrix.com/docs/policypak/components/startscreenandtaskbar/manual/startscreen/overview,docs/policypak/components/startscreenandtaskbar/manual/startscreen/overview.md,,,,,,
Adding UWP Applications,current,https://docs.netwrix.com/docs/policypak/components/startscreenandtaskbar/manual/startscreen/uwpapplications,docs/policypak/components/startscreenandtaskbar/manual/startscreen/uwpapplications.md,,,,,,
Creating a Windows 10 Screen Collection and Group,current,https://docs.netwrix.com/docs/policypak/components/startscreenandtaskbar/manual/startscreen/windows10,docs/policypak/components/startscreenandtaskbar/manual/startscreen/windows10.md,,,,,,
User-Side and Computer-Side Logs,current,https://docs.netwrix.com/docs/policypak/components/startscreenandtaskbar/manual/startscreentaskbar/logsusercomputerside,docs/policypak/components/startscreenandtaskbar/manual/startscreentaskbar/logsusercomputerside.md,,,,,,
Troubleshooting,current,https://docs.netwrix.com/docs/policypak/components/startscreenandtaskbar/manual/startscreentaskbar/overview,docs/policypak/components/startscreenandtaskbar/manual/startscreentaskbar/overview.md,,,,,,
Inspecting the XML Files,current,https://docs.netwrix.com/docs/policypak/components/startscreenandtaskbar/manual/startscreentaskbar/xmlfiles,docs/policypak/components/startscreenandtaskbar/manual/startscreentaskbar/xmlfiles.md,,,,,,
Quick Start - Taskbar Manager,current,https://docs.netwrix.com/docs/policypak/components/startscreenandtaskbar/manual/taskbar,docs/policypak/components/startscreenandtaskbar/manual/taskbar.md,,,,,,
Knowledge Base,current,https://docs.netwrix.com/docs/policypak/components/startscreenandtaskbar/technotes/knowledgebase,docs/policypak/components/startscreenandtaskbar/technotes/knowledgebase.md,,,,,,
How can I add a link to the Control Panel to the Start Screen or Taskbar using PolicyPak Start Screen Manager?,current,https://docs.netwrix.com/docs/policypak/components/startscreenandtaskbar/technotes/tipsandtricks/addlink,docs/policypak/components/startscreenandtaskbar/technotes/tipsandtricks/addlink.md,,,,,,
Can Microsoft App-V applications work with PolicyPak Starts Screen and Taskbar Manager?,current,https://docs.netwrix.com/docs/policypak/components/startscreenandtaskbar/technotes/tipsandtricks/appv,docs/policypak/components/startscreenandtaskbar/technotes/tipsandtricks/appv.md,,,,,,
How do I add Explorer.exe to the taskbar using PolicyPak Start Screen & Taskbar Manager ?,current,https://docs.netwrix.com/docs/policypak/components/startscreenandtaskbar/technotes/tipsandtricks/explorer,docs/policypak/components/startscreenandtaskbar/technotes/tipsandtricks/explorer.md,,,,,,
How-To create a folder shortcut in Windows 10 Start Menu using PolicyPak Starts Screen Manager?,current,https://docs.netwrix.com/docs/policypak/components/startscreenandtaskbar/technotes/tipsandtricks/foldershortcut,docs/policypak/components/startscreenandtaskbar/technotes/tipsandtricks/foldershortcut.md,,,,,,
How do I add the Least Privilege Manager Helper tools to the Left and Right side of the Start Menu?,current,https://docs.netwrix.com/docs/policypak/components/startscreenandtaskbar/technotes/tipsandtricks/helpertools,docs/policypak/components/startscreenandtaskbar/technotes/tipsandtricks/helpertools.md,,,,,,
How to automatically kill explorer at 1st Logon to Bypass needing to logout and back in for Start Screen Manager to apply,current,https://docs.netwrix.com/docs/policypak/components/startscreenandtaskbar/technotes/tipsandtricks/logonworkaround,docs/policypak/components/startscreenandtaskbar/technotes/tipsandtricks/logonworkaround.md,,,,,,
How do I add the SCCM Software Center to the Start Screen or Taskbar?,current,https://docs.netwrix.com/docs/policypak/components/startscreenandtaskbar/technotes/tipsandtricks/sccmsoftwarecenter,docs/policypak/components/startscreenandtaskbar/technotes/tipsandtricks/sccmsoftwarecenter.md,,,,,,
"Why do I get the error ""This app can't run on your PC"" ?",current,https://docs.netwrix.com/docs/policypak/components/startscreenandtaskbar/technotes/troubleshooting/appcantrun,docs/policypak/components/startscreenandtaskbar/technotes/troubleshooting/appcantrun.md,,,,,,
"PolicyPak Start Screen & Taskbar Manager crashes, hangs or is slow when running Group Policy update. Why?",current,https://docs.netwrix.com/docs/policypak/components/startscreenandtaskbar/technotes/troubleshooting/crash,docs/policypak/components/startscreenandtaskbar/technotes/troubleshooting/crash.md,,,,,,
Custom icons for PolicyPak Start Screen & Taskbar Manager aren't working as expected. What can I do?,current,https://docs.netwrix.com/docs/policypak/components/startscreenandtaskbar/technotes/troubleshooting/customicons,docs/policypak/components/startscreenandtaskbar/technotes/troubleshooting/customicons.md,,,,,,
"I use Partial/Merge mode, and expected existing icons to be maintained, but instead they were wiped out. What happened?",current,https://docs.netwrix.com/docs/policypak/components/startscreenandtaskbar/technotes/troubleshooting/existingicons,docs/policypak/components/startscreenandtaskbar/technotes/troubleshooting/existingicons.md,,,,,,
"Why am I seeing an PolicyPak ""advertisement"" tile on my Start Screen (when I only use the TaskBar manager and NOT the Start Screen Manager?)",current,https://docs.netwrix.com/docs/policypak/components/startscreenandtaskbar/technotes/troubleshooting/linked,docs/policypak/components/startscreenandtaskbar/technotes/troubleshooting/linked.md,,,,,,
Why would it sometimes takes two logoffs and logons to see Start Screen or Taskbar changes?,current,https://docs.netwrix.com/docs/policypak/components/startscreenandtaskbar/technotes/troubleshooting/logons,docs/policypak/components/startscreenandtaskbar/technotes/troubleshooting/logons.md,,,,,,
"Does PolicyPak Start Screen Manager support pinning application icons in Windows Start Screen or Taskbar from a network location, i.e. Mapped Drives or UNC Paths?",current,https://docs.netwrix.com/docs/policypak/components/startscreenandtaskbar/technotes/troubleshooting/mappeddrives,docs/policypak/components/startscreenandtaskbar/technotes/troubleshooting/mappeddrives.md,,,,,,
PolicyPak Task Bar Manager differences between MERGE and REPLACE modes,current,https://docs.netwrix.com/docs/policypak/components/startscreenandtaskbar/technotes/troubleshooting/modes,docs/policypak/components/startscreenandtaskbar/technotes/troubleshooting/modes.md,,,,,,
"Why don't I see Office 2016, Office 2019, or Office 365 icons or tiles using Start Screen Manager?",current,https://docs.netwrix.com/docs/policypak/components/startscreenandtaskbar/technotes/troubleshooting/office365,docs/policypak/components/startscreenandtaskbar/technotes/troubleshooting/office365.md,,,,,,
"Why do I see a group named "">PolicyPakStart Screen manager"" on the left side in PolicyPak Start Screen & Taskbar Manager ?",current,https://docs.netwrix.com/docs/policypak/components/startscreenandtaskbar/technotes/troubleshooting/pinnedcollection,docs/policypak/components/startscreenandtaskbar/technotes/troubleshooting/pinnedcollection.md,,,,,,
How can I revert / rollback the Windows 10 Start Screen after I make an error (using Partial or Replace mode)?,current,https://docs.netwrix.com/docs/policypak/components/startscreenandtaskbar/technotes/troubleshooting/rollback,docs/policypak/components/startscreenandtaskbar/technotes/troubleshooting/rollback.md,,,,,,
Why aren't Taskbar manager policies working as expected on my Windows 10 machine?,current,https://docs.netwrix.com/docs/policypak/components/startscreenandtaskbar/technotes/troubleshooting/windows10,docs/policypak/components/startscreenandtaskbar/technotes/troubleshooting/windows10.md,,,,,,
"How to Disable the ""How do you want to open this? Keep using this app"" Notification in Windows 10",current,https://docs.netwrix.com/docs/policypak/components/startscreenandtaskbar/technotes/troubleshooting/windows10disablenotification,docs/policypak/components/startscreenandtaskbar/technotes/troubleshooting/windows10disablenotification.md,,,,,,
Windows default applications are not showing in Start Menu,current,https://docs.netwrix.com/docs/policypak/components/startscreenandtaskbar/technotes/troubleshooting/windowsdefault,docs/policypak/components/startscreenandtaskbar/technotes/troubleshooting/windowsdefault.md,,,,,,
"When does PolicyPak Start Screen & Taskbar Manager work on Server 2019, 2016, 2012 R2?",current,https://docs.netwrix.com/docs/policypak/components/startscreenandtaskbar/technotes/troubleshooting/windowserver,docs/policypak/components/startscreenandtaskbar/technotes/troubleshooting/windowserver.md,,,,,,
PolicyPak Taskbar Manager: Quick Demo,current,https://docs.netwrix.com/docs/policypak/components/startscreenandtaskbar/videos/gettingstarted/demotaskbar,docs/policypak/components/startscreenandtaskbar/videos/gettingstarted/demotaskbar.md,,,,,,
PolicyPak Start Screen and Taskbar Manager Helper Utility,current,https://docs.netwrix.com/docs/policypak/components/startscreenandtaskbar/videos/gettingstarted/helperutility,docs/policypak/components/startscreenandtaskbar/videos/gettingstarted/helperutility.md,,,,,,
PolicyPak Start Screen Manager: Using Item Level Targeting,current,https://docs.netwrix.com/docs/policypak/components/startscreenandtaskbar/videos/gettingstarted/itemleveltargeting,docs/policypak/components/startscreenandtaskbar/videos/gettingstarted/itemleveltargeting.md,,,,,,
PolicyPak Start Screen Manager: Add IE links,current,https://docs.netwrix.com/docs/policypak/components/startscreenandtaskbar/videos/gettingstarted/linksie,docs/policypak/components/startscreenandtaskbar/videos/gettingstarted/linksie.md,,,,,,
PolicyPak Start Screen Manager: Own the Win10 Start Menu,current,https://docs.netwrix.com/docs/policypak/components/startscreenandtaskbar/videos/gettingstarted/windows10startmenu,docs/policypak/components/startscreenandtaskbar/videos/gettingstarted/windows10startmenu.md,,,,,,
PP Start Screen and Taskbar manager with Citrix XenApp and XenDesktop,current,https://docs.netwrix.com/docs/policypak/components/startscreenandtaskbar/videos/methods/citrix,docs/policypak/components/startscreenandtaskbar/videos/methods/citrix.md,,,,,,
PolicyPak Start Screen & Taskbar Manager: Manage Windows 10 Start Screen & Taskbar with your MDM service (Basics with MDM),current,https://docs.netwrix.com/docs/policypak/components/startscreenandtaskbar/videos/methods/mdm,docs/policypak/components/startscreenandtaskbar/videos/methods/mdm.md,,,,,,
PolicyPak Start Screen Manager: Manage Windows 10 Start Screen & Taskbar with your MDM (Advanced scenarios with ILT),current,https://docs.netwrix.com/docs/policypak/components/startscreenandtaskbar/videos/methods/mdmitemleveltargeting,docs/policypak/components/startscreenandtaskbar/videos/methods/mdmitemleveltargeting.md,,,,,,
PolicyPakStart Screen & Taskbar Manager: Manage non-domain joined machines using PolicyPak Cloud,current,https://docs.netwrix.com/docs/policypak/components/startscreenandtaskbar/videos/methods/nondomainjoined,docs/policypak/components/startscreenandtaskbar/videos/methods/nondomainjoined.md,,,,,,
Taking Control of Your Taskbar and Start Menu with PolicyPak and PDQ Deploy,current,https://docs.netwrix.com/docs/policypak/components/startscreenandtaskbar/videos/methods/pdqdeploy,docs/policypak/components/startscreenandtaskbar/videos/methods/pdqdeploy.md,,,,,,
PolicyPakStart Screen and PolicyPak Scripts: Specify exact Start Menu experience one time,current,https://docs.netwrix.com/docs/policypak/components/startscreenandtaskbar/videos/onetime,docs/policypak/components/startscreenandtaskbar/videos/onetime.md,,,,,,
PolicyPak Start Screen Manager and Special Custom Icons,current,https://docs.netwrix.com/docs/policypak/components/startscreenandtaskbar/videos/troubleshooting/customicons,docs/policypak/components/startscreenandtaskbar/videos/troubleshooting/customicons.md,,,,,,
Using PP SCRIPTS to Revert Start Menu,current,https://docs.netwrix.com/docs/policypak/components/startscreenandtaskbar/videos/troubleshooting/revertstartmenu,docs/policypak/components/startscreenandtaskbar/videos/troubleshooting/revertstartmenu.md,,,,,,
Video Learning Center,current,https://docs.netwrix.com/docs/policypak/components/startscreenandtaskbar/videos/videolearningcenter,docs/policypak/components/startscreenandtaskbar/videos/videolearningcenter.md,,,,,,
How to install the PolicyPak Cloud Client for use in an Azure Virtual Desktop image,current,https://docs.netwrix.com/docs/policypak/deliverymethods/cloud/knowledgebase/clienttips/azurevirutaldesktop,docs/policypak/deliverymethods/cloud/knowledgebase/clienttips/azurevirutaldesktop.md,,,,,,
How do I deploy the PolicyPak Cloud Client via command line silently?,current,https://docs.netwrix.com/docs/policypak/deliverymethods/cloud/knowledgebase/clienttips/clientsilent,docs/policypak/deliverymethods/cloud/knowledgebase/clienttips/clientsilent.md,,,,,,
What are the most common questions about editing policies using the PolicyPakCloud policy editor (instead of using the MMC to upload to PolicyPak Cloud?),current,https://docs.netwrix.com/docs/policypak/deliverymethods/cloud/knowledgebase/clienttips/edit,docs/policypak/deliverymethods/cloud/knowledgebase/clienttips/edit.md,,,,,,
How can I move a computer from one PolicyPak Cloud group to another via command line?,current,https://docs.netwrix.com/docs/policypak/deliverymethods/cloud/knowledgebase/clienttips/groups,docs/policypak/deliverymethods/cloud/knowledgebase/clienttips/groups.md,,,,,,
Printers won't come back once removed by user,current,https://docs.netwrix.com/docs/policypak/deliverymethods/cloud/knowledgebase/clienttips/printers,docs/policypak/deliverymethods/cloud/knowledgebase/clienttips/printers.md,,,,,,
How do I configure Security Settings | Public Key Policies using PolicyPak Cloud?,current,https://docs.netwrix.com/docs/policypak/deliverymethods/cloud/knowledgebase/clienttips/publickeypoliciessettings,docs/policypak/deliverymethods/cloud/knowledgebase/clienttips/publickeypoliciessettings.md,,,,,,
How to use Remote Work Delivery Manager to apply Firewall policies,current,https://docs.netwrix.com/docs/policypak/deliverymethods/cloud/knowledgebase/clienttips/remoteworkdeliverymanager,docs/policypak/deliverymethods/cloud/knowledgebase/clienttips/remoteworkdeliverymanager.md,,,,,,
"If I want to totally stop using PolicyPakCloud on an endpoint, how would I remove the PolicyPak Cloud client pieces remotely?",current,https://docs.netwrix.com/docs/policypak/deliverymethods/cloud/knowledgebase/clienttips/removeendpoint,docs/policypak/deliverymethods/cloud/knowledgebase/clienttips/removeendpoint.md,,,,,,
When does PolicyPaksync to PolicyPak Cloud?,current,https://docs.netwrix.com/docs/policypak/deliverymethods/cloud/knowledgebase/clienttips/syncfrequency,docs/policypak/deliverymethods/cloud/knowledgebase/clienttips/syncfrequency.md,,,,,,
Using Targeting Editor in PolicyPak Cloud Settings,current,https://docs.netwrix.com/docs/policypak/deliverymethods/cloud/knowledgebase/clienttips/targetingeditor,docs/policypak/deliverymethods/cloud/knowledgebase/clienttips/targetingeditor.md,,,,,,
How do I transition from PolicyPakusing Group Policy or SCCM method to PolicyPak Cloud,current,https://docs.netwrix.com/docs/policypak/deliverymethods/cloud/knowledgebase/clienttips/transition,docs/policypak/deliverymethods/cloud/knowledgebase/clienttips/transition.md,,,,,,
Are PolicyPak Cloud policies processed on User or Computer side (and why do I only sometimes see User or Computer side ILT?),current,https://docs.netwrix.com/docs/policypak/deliverymethods/cloud/knowledgebase/clienttips/type,docs/policypak/deliverymethods/cloud/knowledgebase/clienttips/type.md,,,,,,
How to remove (unlink) all Example policies at once from the All-Built-in Group,current,https://docs.netwrix.com/docs/policypak/deliverymethods/cloud/knowledgebase/clienttips/unlink,docs/policypak/deliverymethods/cloud/knowledgebase/clienttips/unlink.md,,,,,,
How often does the PolicyPak cloud client pull down new or updated directives?,current,https://docs.netwrix.com/docs/policypak/deliverymethods/cloud/knowledgebase/clienttips/updatefrequency,docs/policypak/deliverymethods/cloud/knowledgebase/clienttips/updatefrequency.md,,,,,,
How to install and configure the PPC Client for a Non-Persistent VDI Image in VMware Horizon,current,https://docs.netwrix.com/docs/policypak/deliverymethods/cloud/knowledgebase/clienttips/vdisolutions,docs/policypak/deliverymethods/cloud/knowledgebase/clienttips/vdisolutions.md,,,,,,
How to find which PPCloud Client version & CSE version a registered computer is running from within the PolicyPak Cloud portal,current,https://docs.netwrix.com/docs/policypak/deliverymethods/cloud/knowledgebase/clienttips/version,docs/policypak/deliverymethods/cloud/knowledgebase/clienttips/version.md,,,,,,
"My cloud client lost it's join to PolicyPak Cloud , and a re-install of the cloud MSI I previously downloaded isn't working / re-syncing. What should I do?",current,https://docs.netwrix.com/docs/policypak/deliverymethods/cloud/knowledgebase/clienttroubleshooting/autoupdates,docs/policypak/deliverymethods/cloud/knowledgebase/clienttroubleshooting/autoupdates.md,,,,,,
I'm using Cisco Anyconnect and all the computers I register via PolicyPak Cloud are being overwritten. Why is this and what can I do?,current,https://docs.netwrix.com/docs/policypak/deliverymethods/cloud/knowledgebase/clienttroubleshooting/ciscoanyconnect,docs/policypak/deliverymethods/cloud/knowledgebase/clienttroubleshooting/ciscoanyconnect.md,,,,,,
"When rolling out PolicyPak Cloud, the Client Side Extension does not get installed with the Cloud Client on initial rollout",current,https://docs.netwrix.com/docs/policypak/deliverymethods/cloud/knowledgebase/clienttroubleshooting/clientsideextension,docs/policypak/deliverymethods/cloud/knowledgebase/clienttroubleshooting/clientsideextension.md,,,,,,
"PolicyPak Cloud shows ""The license certificate has expired"". Why is this?",current,https://docs.netwrix.com/docs/policypak/deliverymethods/cloud/knowledgebase/clienttroubleshooting/expired,docs/policypak/deliverymethods/cloud/knowledgebase/clienttroubleshooting/expired.md,,,,,,
How can I see the result of PolicyPak Cloud inside the Group Policy Editors?,current,https://docs.netwrix.com/docs/policypak/deliverymethods/cloud/knowledgebase/clienttroubleshooting/grouppolicyeditors,docs/policypak/deliverymethods/cloud/knowledgebase/clienttroubleshooting/grouppolicyeditors.md,,,,,,
My PolicyPak Cloud Client or Client Side Extension isn't completing the installation; How do I fix it?,current,https://docs.netwrix.com/docs/policypak/deliverymethods/cloud/knowledgebase/clienttroubleshooting/incomplete,docs/policypak/deliverymethods/cloud/knowledgebase/clienttroubleshooting/incomplete.md,,,,,,
"What is the PolicyPak Cloud client installation error ""The remote certificate is invalid according to the validation procedure.""",current,https://docs.netwrix.com/docs/policypak/deliverymethods/cloud/knowledgebase/clienttroubleshooting/invalidcertificate,docs/policypak/deliverymethods/cloud/knowledgebase/clienttroubleshooting/invalidcertificate.md,,,,,,
What happens if there is an outage on PolicyPak Cloud ?,current,https://docs.netwrix.com/docs/policypak/deliverymethods/cloud/knowledgebase/clienttroubleshooting/outage,docs/policypak/deliverymethods/cloud/knowledgebase/clienttroubleshooting/outage.md,,,,,,
How must my Proxy Server be configured to allow PolicyPak Cloud communication?,current,https://docs.netwrix.com/docs/policypak/deliverymethods/cloud/knowledgebase/clienttroubleshooting/proxyserver,docs/policypak/deliverymethods/cloud/knowledgebase/clienttroubleshooting/proxyserver.md,,,,,,
I always use a proxy and the cloud client cannot seem to make contact with the services (see FAQ Item #3 above first.) What else can I try?,current,https://docs.netwrix.com/docs/policypak/deliverymethods/cloud/knowledgebase/clienttroubleshooting/proxyservices,docs/policypak/deliverymethods/cloud/knowledgebase/clienttroubleshooting/proxyservices.md,,,,,,
Understanding and working within PolicyPak Clouds Computer registration limit.,current,https://docs.netwrix.com/docs/policypak/deliverymethods/cloud/knowledgebase/clienttroubleshooting/registrationlimit,docs/policypak/deliverymethods/cloud/knowledgebase/clienttroubleshooting/registrationlimit.md,,,,,,
"Why do I see duplicate computer entries in PolicyPak Cloud (Or, what is Loose, Strict and Advanced Registration)?",current,https://docs.netwrix.com/docs/policypak/deliverymethods/cloud/knowledgebase/clienttroubleshooting/registrationmode,docs/policypak/deliverymethods/cloud/knowledgebase/clienttroubleshooting/registrationmode.md,,,,,,
"I get the message ""At least one security token in the message could not be validated"" during PPCloud client installation. How do I work around this?",current,https://docs.netwrix.com/docs/policypak/deliverymethods/cloud/knowledgebase/clienttroubleshooting/securitytoken,docs/policypak/deliverymethods/cloud/knowledgebase/clienttroubleshooting/securitytoken.md,,,,,,
Troubleshoot communication from the Cloud Client and Cloud Service,current,https://docs.netwrix.com/docs/policypak/deliverymethods/cloud/knowledgebase/clienttroubleshooting/servicecommunication,docs/policypak/deliverymethods/cloud/knowledgebase/clienttroubleshooting/servicecommunication.md,,,,,,
"How to resolve error message ""Could not sync with cloud…"" caused by disabling TLS 1.0",current,https://docs.netwrix.com/docs/policypak/deliverymethods/cloud/knowledgebase/clienttroubleshooting/sync,docs/policypak/deliverymethods/cloud/knowledgebase/clienttroubleshooting/sync.md,,,,,,
"How can I see if an PolicyPak Cloud joined computer is syncing in the background, even if PPCLOUD /Sync appears to fail?",current,https://docs.netwrix.com/docs/policypak/deliverymethods/cloud/knowledgebase/clienttroubleshooting/syncfail,docs/policypak/deliverymethods/cloud/knowledgebase/clienttroubleshooting/syncfail.md,,,,,,
How do I transition from PolicyPakCloud to PolicyPak Group Policy Edition?,current,https://docs.netwrix.com/docs/policypak/deliverymethods/cloud/knowledgebase/clienttroubleshooting/transition,docs/policypak/deliverymethods/cloud/knowledgebase/clienttroubleshooting/transition.md,,,,,,
Two-factor Authentication: You're not receiving code for email-based two-factor authentication,current,https://docs.netwrix.com/docs/policypak/deliverymethods/cloud/knowledgebase/clienttroubleshooting/twofactorauthenticationcode,docs/policypak/deliverymethods/cloud/knowledgebase/clienttroubleshooting/twofactorauthenticationcode.md,,,,,,
How to enable verbose MSIEXEC logging for the installation of PolicyPak Cloud Client MSI/Client Side Extension MSI?,current,https://docs.netwrix.com/docs/policypak/deliverymethods/cloud/knowledgebase/clienttroubleshooting/verbose,docs/policypak/deliverymethods/cloud/knowledgebase/clienttroubleshooting/verbose.md,,,,,,
"I'm getting an error when installing the cloud client which says ""An error occured when verifying security for the message""",current,https://docs.netwrix.com/docs/policypak/deliverymethods/cloud/knowledgebase/clienttroubleshooting/verifysecurity,docs/policypak/deliverymethods/cloud/knowledgebase/clienttroubleshooting/verifysecurity.md,,,,,,
The Incorrect (non-matching) version of PPPUPDATE is installed on a PPC endpoint,current,https://docs.netwrix.com/docs/policypak/deliverymethods/cloud/knowledgebase/clienttroubleshooting/versions,docs/policypak/deliverymethods/cloud/knowledgebase/clienttroubleshooting/versions.md,,,,,,
PolicyPak Cloud Client: Why are computers appearing in WAITING LIST and how can I fix it?,current,https://docs.netwrix.com/docs/policypak/deliverymethods/cloud/knowledgebase/clienttroubleshooting/waitinglist,docs/policypak/deliverymethods/cloud/knowledgebase/clienttroubleshooting/waitinglist.md,,,,,,
PolicyPak Cloud Portal - Adding new company admins - Quickstart,current,https://docs.netwrix.com/docs/policypak/deliverymethods/cloud/knowledgebase/cloudportalsecurity/administrator,docs/policypak/deliverymethods/cloud/knowledgebase/cloudportalsecurity/administrator.md,,,,,,
"What data is stored in PolicyPak Cloud, and how is that data safely communicated and stored ?",current,https://docs.netwrix.com/docs/policypak/deliverymethods/cloud/knowledgebase/cloudportalsecurity/datasafety,docs/policypak/deliverymethods/cloud/knowledgebase/cloudportalsecurity/datasafety.md,,,,,,
How do I fully reset my Azure AD connection between Azure and PolicyPak Cloud to start over?,current,https://docs.netwrix.com/docs/policypak/deliverymethods/cloud/knowledgebase/entraid,docs/policypak/deliverymethods/cloud/knowledgebase/entraid.md,,,,,,
How can I keep the same or specify different parameters for Event Collection for child groups? How does a computer behave if a member of multiple groups?,current,https://docs.netwrix.com/docs/policypak/deliverymethods/cloud/knowledgebase/eventcollection/childgroups,docs/policypak/deliverymethods/cloud/knowledgebase/eventcollection/childgroups.md,,,,,,
How to use PolicyPak Cloud Event Collector to Report and generate policies from the events generated,current,https://docs.netwrix.com/docs/policypak/deliverymethods/cloud/knowledgebase/eventcollection/report,docs/policypak/deliverymethods/cloud/knowledgebase/eventcollection/report.md,,,,,,
PolicyPak Cloud Event Forwarding to Splunk,current,https://docs.netwrix.com/docs/policypak/deliverymethods/cloud/knowledgebase/eventcollection/splunk,docs/policypak/deliverymethods/cloud/knowledgebase/eventcollection/splunk.md,,,,,,
"Is there an ""Active Directory Connector"" to map on-prem OUs and Groups to PolicyPak Cloud?",current,https://docs.netwrix.com/docs/policypak/deliverymethods/cloud/knowledgebase/gettingstarted/activedirectory,docs/policypak/deliverymethods/cloud/knowledgebase/gettingstarted/activedirectory.md,,,,,,
When must I use the PolicyPakCloud Client installer versus the on-prem PolicyPak CSE?,current,https://docs.netwrix.com/docs/policypak/deliverymethods/cloud/knowledgebase/gettingstarted/client,docs/policypak/deliverymethods/cloud/knowledgebase/gettingstarted/client.md,,,,,,
Can I use an PolicyPak Cloud installer and license for domain-joined and non-domain joined machines?,current,https://docs.netwrix.com/docs/policypak/deliverymethods/cloud/knowledgebase/gettingstarted/clientdomainnondomain,docs/policypak/deliverymethods/cloud/knowledgebase/gettingstarted/clientdomainnondomain.md,,,,,,
What are the ways I can install the PolicyPak Cloud Client on Remote Machines?,current,https://docs.netwrix.com/docs/policypak/deliverymethods/cloud/knowledgebase/gettingstarted/clientremote,docs/policypak/deliverymethods/cloud/knowledgebase/gettingstarted/clientremote.md,,,,,,
What are the OS requirements for PolicyPak Cloud?,current,https://docs.netwrix.com/docs/policypak/deliverymethods/cloud/knowledgebase/gettingstarted/cloud,docs/policypak/deliverymethods/cloud/knowledgebase/gettingstarted/cloud.md,,,,,,
How do I start credit card billing with PolicyPak SaaS Edition?,current,https://docs.netwrix.com/docs/policypak/deliverymethods/cloud/knowledgebase/gettingstarted/creditcard,docs/policypak/deliverymethods/cloud/knowledgebase/gettingstarted/creditcard.md,,,,,,
"What editors are there in PolicyPak Cloud (and when would I need a ""Fake DC"" to do editing?)",current,https://docs.netwrix.com/docs/policypak/deliverymethods/cloud/knowledgebase/gettingstarted/fakedc,docs/policypak/deliverymethods/cloud/knowledgebase/gettingstarted/fakedc.md,,,,,,
How can I best install PolicyPak Cloud for remote clients over a slow link/internet connection?,current,https://docs.netwrix.com/docs/policypak/deliverymethods/cloud/knowledgebase/gettingstarted/slowinternet,docs/policypak/deliverymethods/cloud/knowledgebase/gettingstarted/slowinternet.md,,,,,,
How do I transition from PolicyPakusing Group Policy or SCCM method to PolicyPak Cloud,current,https://docs.netwrix.com/docs/policypak/deliverymethods/cloud/knowledgebase/gettingstarted/transition,docs/policypak/deliverymethods/cloud/knowledgebase/gettingstarted/transition.md,,,,,,
Knowledge Base,current,https://docs.netwrix.com/docs/policypak/deliverymethods/cloud/knowledgebase,docs/policypak/deliverymethods/cloud/knowledgebase/knowledgebase.md,,,,,,
What are the step by step instructions to install the MacOS Client for PolicyPak Cloud manually?,current,https://docs.netwrix.com/docs/policypak/deliverymethods/cloud/knowledgebase/macintegration/client,docs/policypak/deliverymethods/cloud/knowledgebase/macintegration/client.md,,,,,,
Where are log files for the PolicyPak MacOS?,current,https://docs.netwrix.com/docs/policypak/deliverymethods/cloud/knowledgebase/macintegration/mac,docs/policypak/deliverymethods/cloud/knowledgebase/macintegration/mac.md,,,,,,
How to get SHA of the package,current,https://docs.netwrix.com/docs/policypak/deliverymethods/cloud/knowledgebase/macintegration/sha,docs/policypak/deliverymethods/cloud/knowledgebase/macintegration/sha.md,,,,,,
How to get signature info from pkg installer?,current,https://docs.netwrix.com/docs/policypak/deliverymethods/cloud/knowledgebase/macintegration/signature,docs/policypak/deliverymethods/cloud/knowledgebase/macintegration/signature.md,,,,,,
How to get SigningID of the package?,current,https://docs.netwrix.com/docs/policypak/deliverymethods/cloud/knowledgebase/macintegration/signingid,docs/policypak/deliverymethods/cloud/knowledgebase/macintegration/signingid.md,,,,,,
Single Sign-On (SSO) — Customer Request Guide,current,https://docs.netwrix.com/docs/policypak/deliverymethods/cloud/knowledgebase/sso,docs/policypak/deliverymethods/cloud/knowledgebase/sso.md,,,,,,
How is PolicyPak Cloud usage counted and calculated toward my True-Up?,current,https://docs.netwrix.com/docs/policypak/deliverymethods/cloud/knowledgebase/usage,docs/policypak/deliverymethods/cloud/knowledgebase/usage.md,,,,,,
PolicyPakCloud: Upload and use your own ADMX files to PolicyPak Cloud,current,https://docs.netwrix.com/docs/policypak/deliverymethods/cloud/videos/gettingstarted/admxfiles,docs/policypak/deliverymethods/cloud/videos/gettingstarted/admxfiles.md,,,,,,
"PolicyPakCloud: Use in-cloud ADMX settings maintained by PolicyPak for Windows, Office, Chrome and more",current,https://docs.netwrix.com/docs/policypak/deliverymethods/cloud/videos/gettingstarted/admxsettings,docs/policypak/deliverymethods/cloud/videos/gettingstarted/admxsettings.md,,,,,,
PolicyPak Cloud with ARM Support (QuickStart),current,https://docs.netwrix.com/docs/policypak/deliverymethods/cloud/videos/gettingstarted/armsupport,docs/policypak/deliverymethods/cloud/videos/gettingstarted/armsupport.md,,,,,,
PolicyPakCloud: How to deploy PolicyPak specific settings (using in-cloud editors and exporting from on-prem),current,https://docs.netwrix.com/docs/policypak/deliverymethods/cloud/videos/gettingstarted/endpointpolicymanagersettings,docs/policypak/deliverymethods/cloud/videos/gettingstarted/endpointpolicymanagersettings.md,,,,,,
PolicyPakCloud: How to deploy Microsoft Group Policy Settings using PolicyPak Cloud,current,https://docs.netwrix.com/docs/policypak/deliverymethods/cloud/videos/gettingstarted/grouppolicysettings,docs/policypak/deliverymethods/cloud/videos/gettingstarted/grouppolicysettings.md,,,,,,
PolicyPak Cloud: Two minute introduction,current,https://docs.netwrix.com/docs/policypak/deliverymethods/cloud/videos/gettingstarted/introduction,docs/policypak/deliverymethods/cloud/videos/gettingstarted/introduction.md,,,,,,
PolicyPak Cloud: General Tips about On-Prem to PP Cloud Export,current,https://docs.netwrix.com/docs/policypak/deliverymethods/cloud/videos/gettingstarted/onpremiseexport,docs/policypak/deliverymethods/cloud/videos/gettingstarted/onpremiseexport.md,,,,,,
PolicyPak Cloud + GPPrefs (More examples),current,https://docs.netwrix.com/docs/policypak/deliverymethods/cloud/videos/gettingstarted/preferences,docs/policypak/deliverymethods/cloud/videos/gettingstarted/preferences.md,,,,,,
PolicyPak Cloud: QuickStart,current,https://docs.netwrix.com/docs/policypak/deliverymethods/cloud/videos/gettingstarted/quickstart,docs/policypak/deliverymethods/cloud/videos/gettingstarted/quickstart.md,,,,,,
PolicyPak Cloud and Security Settings (More examples),current,https://docs.netwrix.com/docs/policypak/deliverymethods/cloud/videos/gettingstarted/securitysettings,docs/policypak/deliverymethods/cloud/videos/gettingstarted/securitysettings.md,,,,,,
PolicyPak Cloud: Adding New Admins,current,https://docs.netwrix.com/docs/policypak/deliverymethods/cloud/videos/security/administrator,docs/policypak/deliverymethods/cloud/videos/security/administrator.md,,,,,,
PolicyPak Cloud Logs and Automatically Pushing via Email,current,https://docs.netwrix.com/docs/policypak/deliverymethods/cloud/videos/security/emaillogs,docs/policypak/deliverymethods/cloud/videos/security/emaillogs.md,,,,,,
PolicyPak Cloud: Security Features,current,https://docs.netwrix.com/docs/policypak/deliverymethods/cloud/videos/security/features,docs/policypak/deliverymethods/cloud/videos/security/features.md,,,,,,
PolicyPak Cloud: Immutable Log,current,https://docs.netwrix.com/docs/policypak/deliverymethods/cloud/videos/security/immutablelog,docs/policypak/deliverymethods/cloud/videos/security/immutablelog.md,,,,,,
How to create a DC for editing purposes,current,https://docs.netwrix.com/docs/policypak/deliverymethods/cloud/videos/testlabbestpractices/createdc,docs/policypak/deliverymethods/cloud/videos/testlabbestpractices/createdc.md,,,,,,
PolicyPak Cloud: On-Prem Test Lab (tying it all together),current,https://docs.netwrix.com/docs/policypak/deliverymethods/cloud/videos/testlabbestpractices/onpremise,docs/policypak/deliverymethods/cloud/videos/testlabbestpractices/onpremise.md,,,,,,
Testing and Troubleshooting By Renaming an endpoint Computer,current,https://docs.netwrix.com/docs/policypak/deliverymethods/cloud/videos/testlabbestpractices/renameendpoint,docs/policypak/deliverymethods/cloud/videos/testlabbestpractices/renameendpoint.md,,,,,,
PolicyPak Cloud: What you need to get Started,current,https://docs.netwrix.com/docs/policypak/deliverymethods/cloud/videos/testlabbestpractices/start,docs/policypak/deliverymethods/cloud/videos/testlabbestpractices/start.md,,,,,,
PolicyPak Cloud + Azure AD: Better Together for Computer ILT and Computer Policy Targeting,current,https://docs.netwrix.com/docs/policypak/deliverymethods/cloud/videos/tipsandtricks/entraid,docs/policypak/deliverymethods/cloud/videos/tipsandtricks/entraid.md,,,,,,
"PP Cloud + File Info Viewer: Get file info, without the MMC console",current,https://docs.netwrix.com/docs/policypak/deliverymethods/cloud/videos/tipsandtricks/fileinfoviewer,docs/policypak/deliverymethods/cloud/videos/tipsandtricks/fileinfoviewer.md,,,,,,
Install the PP Cloud client with a PP Least Priv Manager Rule,current,https://docs.netwrix.com/docs/policypak/deliverymethods/cloud/videos/tipsandtricks/leastprivilegemanagerrule,docs/policypak/deliverymethods/cloud/videos/tipsandtricks/leastprivilegemanagerrule.md,,,,,,
PolicyPak Cloud: Restricted Groups Editor,current,https://docs.netwrix.com/docs/policypak/deliverymethods/cloud/videos/tipsandtricks/restricted_groups_editor,docs/policypak/deliverymethods/cloud/videos/tipsandtricks/restricted_groups_editor.md,,,,,,
PolicyPak Cloud Groups CSE and Cloud Client Small-Scale Testing and Updates,current,https://docs.netwrix.com/docs/policypak/deliverymethods/cloud/videos/upkeepanddailyuse/groups,docs/policypak/deliverymethods/cloud/videos/upkeepanddailyuse/groups.md,,,,,,
How to import GPOs to PolicyPak Cloud,current,https://docs.netwrix.com/docs/policypak/deliverymethods/cloud/videos/upkeepanddailyuse/import,docs/policypak/deliverymethods/cloud/videos/upkeepanddailyuse/import.md,,,,,,
PolicyPak Cloud: Automatically Join Groups with JOINTOKEN,current,https://docs.netwrix.com/docs/policypak/deliverymethods/cloud/videos/upkeepanddailyuse/jointoken,docs/policypak/deliverymethods/cloud/videos/upkeepanddailyuse/jointoken.md,,,,,,
PolicyPak Cloud: Strict vs. Loose Computer Registration Mode,current,https://docs.netwrix.com/docs/policypak/deliverymethods/cloud/videos/upkeepanddailyuse/registrationmode,docs/policypak/deliverymethods/cloud/videos/upkeepanddailyuse/registrationmode.md,,,,,,
PolicyPak Cloud Reporting Demo,current,https://docs.netwrix.com/docs/policypak/deliverymethods/cloud/videos/upkeepanddailyuse/reports,docs/policypak/deliverymethods/cloud/videos/upkeepanddailyuse/reports.md,,,,,,
PolicyPak Cloud + MDM Services: Install Cloud Client + automatically join PPC Groups and get policy.,current,https://docs.netwrix.com/docs/policypak/deliverymethods/cloud/videos/usingwithothermethods/mdm,docs/policypak/deliverymethods/cloud/videos/usingwithothermethods/mdm.md,,,,,,
PolicyPakCloud and PolicyPak OnPremise – Together using PPCloud Licenses,current,https://docs.netwrix.com/docs/policypak/deliverymethods/cloud/videos/usingwithothermethods/onpremise,docs/policypak/deliverymethods/cloud/videos/usingwithothermethods/onpremise.md,,,,,,
Video Learning Center,current,https://docs.netwrix.com/docs/policypak/deliverymethods/cloud/videos/videolearningcenter,docs/policypak/deliverymethods/cloud/videos/videolearningcenter.md,,,,,,
How to insert User information in any Application via Group Policies?,current,https://docs.netwrix.com/docs/policypak/deliverymethods/grouppolicy/knowledgebase/insertuserinfo,docs/policypak/deliverymethods/grouppolicy/knowledgebase/insertuserinfo.md,,,,,,
Knowledge Base,current,https://docs.netwrix.com/docs/policypak/deliverymethods/grouppolicy/knowledgebase,docs/policypak/deliverymethods/grouppolicy/knowledgebase/knowledgebase.md,,,,,,
How to use PDQ Deploy to collect PPLOGS from remote computers then save them to a network location,current,https://docs.netwrix.com/docs/policypak/deliverymethods/grouppolicy/knowledgebase/pdqdeploy,docs/policypak/deliverymethods/grouppolicy/knowledgebase/pdqdeploy.md,,,,,,
How does caching of Item Level Targeting work when PolicyPak ILT (ILT 2.0 Engine) is used?,current,https://docs.netwrix.com/docs/policypak/deliverymethods/grouppolicy/knowledgebase/troubleshooting/cacheengine,docs/policypak/deliverymethods/grouppolicy/knowledgebase/troubleshooting/cacheengine.md,,,,,,
How does caching of item level targeting work when Microsoft ILT (Preferences ILT) is used?,current,https://docs.netwrix.com/docs/policypak/deliverymethods/grouppolicy/knowledgebase/troubleshooting/cachepreferences,docs/policypak/deliverymethods/grouppolicy/knowledgebase/troubleshooting/cachepreferences.md,,,,,,
How can I find the name of a GPO located within a PP Log file?,current,https://docs.netwrix.com/docs/policypak/deliverymethods/grouppolicy/knowledgebase/troubleshooting/guid,docs/policypak/deliverymethods/grouppolicy/knowledgebase/troubleshooting/guid.md,,,,,,
Microsoft August 2024 Updates Breaking New Item-Level Targeting in GPOs,current,https://docs.netwrix.com/docs/policypak/deliverymethods/grouppolicy/knowledgebase/troubleshooting/itemleveltargeting,docs/policypak/deliverymethods/grouppolicy/knowledgebase/troubleshooting/itemleveltargeting.md,,,,,,
How do I turn on Item Level Targeting (ILT) logging if asked by PolicyPak Tech Support (when using Preferences ILT engine)?,current,https://docs.netwrix.com/docs/policypak/deliverymethods/grouppolicy/knowledgebase/troubleshooting/preferences,docs/policypak/deliverymethods/grouppolicy/knowledgebase/troubleshooting/preferences.md,,,,,,
"The Group Policy ""Reporting ADM"" appears to stop functioning in one GPO. What can I do to fix it?",current,https://docs.netwrix.com/docs/policypak/deliverymethods/grouppolicy/knowledgebase/troubleshooting/reportingadm,docs/policypak/deliverymethods/grouppolicy/knowledgebase/troubleshooting/reportingadm.md,,,,,,
PolicyPak Explained: In about two minutes,current,https://docs.netwrix.com/docs/policypak/deliverymethods/grouppolicy/videos/gettingstarted/explained,docs/policypak/deliverymethods/grouppolicy/videos/gettingstarted/explained.md,,,,,,
PolicyPak with Group Policy Method: Getting Started,current,https://docs.netwrix.com/docs/policypak/deliverymethods/grouppolicy/videos/gettingstarted/gettingstartedv,docs/policypak/deliverymethods/grouppolicy/videos/gettingstarted/gettingstartedv.md,,,,,,
Admin Console And CSE Installation,current,https://docs.netwrix.com/docs/policypak/deliverymethods/grouppolicy/videos/gettingstarted/install,docs/policypak/deliverymethods/grouppolicy/videos/gettingstarted/install.md,,,,,,
"Integration with Group Policy (Basics: Installation, Backup, Restore and Reporting !)",current,https://docs.netwrix.com/docs/policypak/deliverymethods/grouppolicy/videos/gettingstarted/integration,docs/policypak/deliverymethods/grouppolicy/videos/gettingstarted/integration.md,,,,,,
Testing and Troubleshooting By Renaming an endpoint Computer,current,https://docs.netwrix.com/docs/policypak/deliverymethods/grouppolicy/videos/gettingstarted/renameendpoint,docs/policypak/deliverymethods/grouppolicy/videos/gettingstarted/renameendpoint.md,,,,,,
Manual editing Item Level Targeting to affect local Admins and other local accounts,current,https://docs.netwrix.com/docs/policypak/deliverymethods/grouppolicy/videos/tipsandtricks/editmanual,docs/policypak/deliverymethods/grouppolicy/videos/tipsandtricks/editmanual.md,,,,,,
Reduce GPOs (and/or export them for use with PolicyPak Cloud or with MDM),current,https://docs.netwrix.com/docs/policypak/deliverymethods/grouppolicy/videos/tipsandtricks/exportgpos,docs/policypak/deliverymethods/grouppolicy/videos/tipsandtricks/exportgpos.md,,,,,,
Expand Modular View of PolicyPak Components in the GPMC back to the Flat Legacy View,current,https://docs.netwrix.com/docs/policypak/deliverymethods/grouppolicy/videos/tipsandtricks/flatlegacyview,docs/policypak/deliverymethods/grouppolicy/videos/tipsandtricks/flatlegacyview.md,,,,,,
Trim the MMC console for OU admins,current,https://docs.netwrix.com/docs/policypak/deliverymethods/grouppolicy/videos/tipsandtricks/mmcconsole,docs/policypak/deliverymethods/grouppolicy/videos/tipsandtricks/mmcconsole.md,,,,,,
Prevent a Remote Desktop Connection Drop During GP Update,current,https://docs.netwrix.com/docs/policypak/deliverymethods/grouppolicy/videos/tipsandtricks/remotedesktopconnection,docs/policypak/deliverymethods/grouppolicy/videos/tipsandtricks/remotedesktopconnection.md,,,,,,
Video Learning Center,current,https://docs.netwrix.com/docs/policypak/deliverymethods/grouppolicy/videos/videolearningcenter,docs/policypak/deliverymethods/grouppolicy/videos/videolearningcenter.md,,,,,,
Knowledge Base,current,https://docs.netwrix.com/docs/policypak/deliverymethods/mdm/knowledgebase,docs/policypak/deliverymethods/mdm/knowledgebase/knowledgebase.md,,,,,,
"How can I ""stack"" PolicyPak MSIs so the XML items inside the MSI execute in a predictable order?",current,https://docs.netwrix.com/docs/policypak/deliverymethods/mdm/knowledgebase/stackmsi,docs/policypak/deliverymethods/mdm/knowledgebase/stackmsi.md,,,,,,
Deliver Group Policy Admin Templates Using Your MDM Service,current,https://docs.netwrix.com/docs/policypak/deliverymethods/mdm/videos/exportingtips/admintemplates,docs/policypak/deliverymethods/mdm/videos/exportingtips/admintemplates.md,,,,,,
Deploying PolicyPak directives without Group Policy (PolicyPak Exporter Utility),current,https://docs.netwrix.com/docs/policypak/deliverymethods/mdm/videos/exportingtips/exporterutility,docs/policypak/deliverymethods/mdm/videos/exportingtips/exporterutility.md,,,,,,
Reduce GPOs (and/or export them for use with PolicyPak Cloud or with MDM),current,https://docs.netwrix.com/docs/policypak/deliverymethods/mdm/videos/exportingtips/exportgpos,docs/policypak/deliverymethods/mdm/videos/exportingtips/exportgpos.md,,,,,,
PolicyPakand Citrix Endpoint Manager: Deploy real Group Policy and PolicyPak settings via CEM,current,https://docs.netwrix.com/docs/policypak/deliverymethods/mdm/videos/gettingstarted/citrixendpointmanager,docs/policypak/deliverymethods/mdm/videos/gettingstarted/citrixendpointmanager.md,,,,,,
PolicyPak and Microsoft Intune,current,https://docs.netwrix.com/docs/policypak/deliverymethods/mdm/videos/gettingstarted/microsoftintune,docs/policypak/deliverymethods/mdm/videos/gettingstarted/microsoftintune.md,,,,,,
PolicyPak and MobileIron MDM,current,https://docs.netwrix.com/docs/policypak/deliverymethods/mdm/videos/gettingstarted/mobileiron,docs/policypak/deliverymethods/mdm/videos/gettingstarted/mobileiron.md,,,,,,
Deploying Real Group Policy (and Extra PolicyPak Settings) Overview,current,https://docs.netwrix.com/docs/policypak/deliverymethods/mdm/videos/gettingstarted/realgrouppolicy,docs/policypak/deliverymethods/mdm/videos/gettingstarted/realgrouppolicy.md,,,,,,
PolicyPak and MDM walk before you run,current,https://docs.netwrix.com/docs/policypak/deliverymethods/mdm/videos/gettingstarted/testsample,docs/policypak/deliverymethods/mdm/videos/gettingstarted/testsample.md,,,,,,
PolicyPakand Workspace One (Airwatch) MDM: Deploy Group Policy and PolicyPak superpowers today,current,https://docs.netwrix.com/docs/policypak/deliverymethods/mdm/videos/gettingstarted/workspaceone,docs/policypak/deliverymethods/mdm/videos/gettingstarted/workspaceone.md,,,,,,
Determine the Azure AAD Group Membership for User or Computers,current,https://docs.netwrix.com/docs/policypak/deliverymethods/mdm/videos/iltwithscripts/entraid,docs/policypak/deliverymethods/mdm/videos/iltwithscripts/entraid.md,,,,,,
Use PP MDM to determine the Azure AAD Group Membership for User or Computers,current,https://docs.netwrix.com/docs/policypak/deliverymethods/mdm/videos/iltwithscripts/entraidgroupdetermine,docs/policypak/deliverymethods/mdm/videos/iltwithscripts/entraidgroupdetermine.md,,,,,,
Use PolicyPak cloud + Azure AAD Group Membership for User or Computers,current,https://docs.netwrix.com/docs/policypak/deliverymethods/mdm/videos/iltwithscripts/entraidgroupmembership,docs/policypak/deliverymethods/mdm/videos/iltwithscripts/entraidgroupmembership.md,,,,,,
Video Learning Center,current,https://docs.netwrix.com/docs/policypak/deliverymethods/mdm/videos/videolearningcenter,docs/policypak/deliverymethods/mdm/videos/videolearningcenter.md,,,,,,
Delivery Methods Overview,current,https://docs.netwrix.com/docs/policypak/deliverymethods/overview,docs/policypak/deliverymethods/overview.md,,,,,,
Introduction and Basic Concepts,current,https://docs.netwrix.com/docs/policypak/gettingstarted/basicconcepts,docs/policypak/gettingstarted/basicconcepts/basicconcepts.md,,,,,,
"Editions, Solutions, Paks, and Policies",current,https://docs.netwrix.com/docs/policypak/gettingstarted/basicconcepts/editions/overview,docs/policypak/gettingstarted/basicconcepts/editions/overview.md,,,,,,
Paks,current,https://docs.netwrix.com/docs/policypak/gettingstarted/basicconcepts/editions/paks,docs/policypak/gettingstarted/basicconcepts/editions/paks.md,,,,,,
Policies,current,https://docs.netwrix.com/docs/policypak/gettingstarted/basicconcepts/editions/policies,docs/policypak/gettingstarted/basicconcepts/editions/policies.md,,,,,,
Solution Methods,current,https://docs.netwrix.com/docs/policypak/gettingstarted/basicconcepts/editions/solutions,docs/policypak/gettingstarted/basicconcepts/editions/solutions.md,,,,,,
Licensing,current,https://docs.netwrix.com/docs/policypak/gettingstarted/basicconcepts/licensing,docs/policypak/gettingstarted/basicconcepts/licensing.md,,,,,,
"Concepts, Logons, and Downloads",current,https://docs.netwrix.com/docs/policypak/gettingstarted/cloudmanual/concepts,docs/policypak/gettingstarted/cloudmanual/concepts/concepts.md,,,,,,
Downloading On-Prem Software from the Portal,current,https://docs.netwrix.com/docs/policypak/gettingstarted/cloudmanual/concepts/downloads,docs/policypak/gettingstarted/cloudmanual/concepts/downloads.md,,,,,,
Logging On to PolicyPak Cloud for the First Time,current,https://docs.netwrix.com/docs/policypak/gettingstarted/cloudmanual/concepts/logons,docs/policypak/gettingstarted/cloudmanual/concepts/logons.md,,,,,,
Creating an PolicyPak Cloud On-Prem Test Lab,current,https://docs.netwrix.com/docs/policypak/gettingstarted/cloudmanual/concepts/testlab,docs/policypak/gettingstarted/cloudmanual/concepts/testlab.md,,,,,,
Getting Started,current,https://docs.netwrix.com/docs/policypak/gettingstarted/cloudmanual/gettingstarted,docs/policypak/gettingstarted/cloudmanual/gettingstarted.md,,,,,,
Billing,current,https://docs.netwrix.com/docs/policypak/gettingstarted/cloudmanual/interface/billing,docs/policypak/gettingstarted/cloudmanual/interface/billing.md,,,,,,
Add Company Admin,current,https://docs.netwrix.com/docs/policypak/gettingstarted/cloudmanual/interface/companydetails/addcompanyadmin,docs/policypak/gettingstarted/cloudmanual/interface/companydetails/addcompanyadmin.md,,,,,,
Change Email,current,https://docs.netwrix.com/docs/policypak/gettingstarted/cloudmanual/interface/companydetails/companyadministrator/generalinfo/changeemail,docs/policypak/gettingstarted/cloudmanual/interface/companydetails/companyadministrator/generalinfo/changeemail.md,,,,,,
Login Restrictions Editor,current,https://docs.netwrix.com/docs/policypak/gettingstarted/cloudmanual/interface/companydetails/companyadministrator/generalinfo/loginrestrictionseditor,docs/policypak/gettingstarted/cloudmanual/interface/companydetails/companyadministrator/generalinfo/loginrestrictionseditor.md,,,,,,
Notification Editor,current,https://docs.netwrix.com/docs/policypak/gettingstarted/cloudmanual/interface/companydetails/companyadministrator/generalinfo/notificationeditor,docs/policypak/gettingstarted/cloudmanual/interface/companydetails/companyadministrator/generalinfo/notificationeditor.md,,,,,,
General Info,current,https://docs.netwrix.com/docs/policypak/gettingstarted/cloudmanual/interface/companydetails/companyadministrator/generalinfo/overview,docs/policypak/gettingstarted/cloudmanual/interface/companydetails/companyadministrator/generalinfo/overview.md,,,,,,
Resend Welcome Letter,current,https://docs.netwrix.com/docs/policypak/gettingstarted/cloudmanual/interface/companydetails/companyadministrator/generalinfo/resendwelcomeletter,docs/policypak/gettingstarted/cloudmanual/interface/companydetails/companyadministrator/generalinfo/resendwelcomeletter.md,,,,,,
Company Administrators,current,https://docs.netwrix.com/docs/policypak/gettingstarted/cloudmanual/interface/companydetails/companyadministrator/overview,docs/policypak/gettingstarted/cloudmanual/interface/companydetails/companyadministrator/overview.md,,,,,,
Role Management,current,https://docs.netwrix.com/docs/policypak/gettingstarted/cloudmanual/interface/companydetails/companyadministrator/rolemanagement,docs/policypak/gettingstarted/cloudmanual/interface/companydetails/companyadministrator/rolemanagement.md,,,,,,
Two-Factor Options,current,https://docs.netwrix.com/docs/policypak/gettingstarted/cloudmanual/interface/companydetails/companyadministrator/twofactoroptions,docs/policypak/gettingstarted/cloudmanual/interface/companydetails/companyadministrator/twofactoroptions.md,,,,,,
Configure Azure AD Access,current,https://docs.netwrix.com/docs/policypak/gettingstarted/cloudmanual/interface/companydetails/configureentraidaccess,docs/policypak/gettingstarted/cloudmanual/interface/companydetails/configureentraidaccess.md,,,,,,
Customer Log,current,https://docs.netwrix.com/docs/policypak/gettingstarted/cloudmanual/interface/companydetails/customerlog,docs/policypak/gettingstarted/cloudmanual/interface/companydetails/customerlog.md,,,,,,
Downloads,current,https://docs.netwrix.com/docs/policypak/gettingstarted/cloudmanual/interface/companydetails/downloads,docs/policypak/gettingstarted/cloudmanual/interface/companydetails/downloads.md,,,,,,
Edit Customer-Level Portal Policies,current,https://docs.netwrix.com/docs/policypak/gettingstarted/cloudmanual/interface/companydetails/editcustomerlevelportalpolicies,docs/policypak/gettingstarted/cloudmanual/interface/companydetails/editcustomerlevelportalpolicies.md,,,,,,
Edit Notification Configuration,current,https://docs.netwrix.com/docs/policypak/gettingstarted/cloudmanual/interface/companydetails/editnotificationconfiguration,docs/policypak/gettingstarted/cloudmanual/interface/companydetails/editnotificationconfiguration.md,,,,,,
Export Company Certificate as .PFX,current,https://docs.netwrix.com/docs/policypak/gettingstarted/cloudmanual/interface/companydetails/exportcompanycertificatepfx,docs/policypak/gettingstarted/cloudmanual/interface/companydetails/exportcompanycertificatepfx.md,,,,,,
Login Restrictions,current,https://docs.netwrix.com/docs/policypak/gettingstarted/cloudmanual/interface/companydetails/loginrestrictions,docs/policypak/gettingstarted/cloudmanual/interface/companydetails/loginrestrictions.md,,,,,,
Company Details,current,https://docs.netwrix.com/docs/policypak/gettingstarted/cloudmanual/interface/companydetails/overview,docs/policypak/gettingstarted/cloudmanual/interface/companydetails/overview.md,,,,,,
Revoke Company's Certificate,current,https://docs.netwrix.com/docs/policypak/gettingstarted/cloudmanual/interface/companydetails/revokecompanycertificate,docs/policypak/gettingstarted/cloudmanual/interface/companydetails/revokecompanycertificate.md,,,,,,
Computer Groups,current,https://docs.netwrix.com/docs/policypak/gettingstarted/cloudmanual/interface/computergroups/overview,docs/policypak/gettingstarted/cloudmanual/interface/computergroups/overview.md,,,,,,
Working with Groups,current,https://docs.netwrix.com/docs/policypak/gettingstarted/cloudmanual/interface/computergroups/workingwith,docs/policypak/gettingstarted/cloudmanual/interface/computergroups/workingwith.md,,,,,,
File Box,current,https://docs.netwrix.com/docs/policypak/gettingstarted/cloudmanual/interface/filebox,docs/policypak/gettingstarted/cloudmanual/interface/filebox.md,,,,,,
License Status,current,https://docs.netwrix.com/docs/policypak/gettingstarted/cloudmanual/interface/licensestatus,docs/policypak/gettingstarted/cloudmanual/interface/licensestatus.md,,,,,,
Web Interface and Controls,current,https://docs.netwrix.com/docs/policypak/gettingstarted/cloudmanual/interface/overview,docs/policypak/gettingstarted/cloudmanual/interface/overview.md,,,,,,
Reports,current,https://docs.netwrix.com/docs/policypak/gettingstarted/cloudmanual/interface/reports,docs/policypak/gettingstarted/cloudmanual/interface/reports.md,,,,,,
Tools,current,https://docs.netwrix.com/docs/policypak/gettingstarted/cloudmanual/interface/tools,docs/policypak/gettingstarted/cloudmanual/interface/tools.md,,,,,,
Create Policy,current,https://docs.netwrix.com/docs/policypak/gettingstarted/cloudmanual/interface/xmldatafiles/createpolicy,docs/policypak/gettingstarted/cloudmanual/interface/xmldatafiles/createpolicy.md,,,,,,
Create Policy from Template,current,https://docs.netwrix.com/docs/policypak/gettingstarted/cloudmanual/interface/xmldatafiles/createpolicytemplate,docs/policypak/gettingstarted/cloudmanual/interface/xmldatafiles/createpolicytemplate.md,,,,,,
Delete,current,https://docs.netwrix.com/docs/policypak/gettingstarted/cloudmanual/interface/xmldatafiles/delete,docs/policypak/gettingstarted/cloudmanual/interface/xmldatafiles/delete.md,,,,,,
Download,current,https://docs.netwrix.com/docs/policypak/gettingstarted/cloudmanual/interface/xmldatafiles/download,docs/policypak/gettingstarted/cloudmanual/interface/xmldatafiles/download.md,,,,,,
Duplicate,current,https://docs.netwrix.com/docs/policypak/gettingstarted/cloudmanual/interface/xmldatafiles/duplicate,docs/policypak/gettingstarted/cloudmanual/interface/xmldatafiles/duplicate.md,,,,,,
Import Policies from GPO Backup,current,https://docs.netwrix.com/docs/policypak/gettingstarted/cloudmanual/interface/xmldatafiles/importpolicies,docs/policypak/gettingstarted/cloudmanual/interface/xmldatafiles/importpolicies.md,,,,,,
Item-Level Targeting and Collections,current,https://docs.netwrix.com/docs/policypak/gettingstarted/cloudmanual/interface/xmldatafiles/itemleveltargetingcollections,docs/policypak/gettingstarted/cloudmanual/interface/xmldatafiles/itemleveltargetingcollections.md,,,,,,
Modify,current,https://docs.netwrix.com/docs/policypak/gettingstarted/cloudmanual/interface/xmldatafiles/modify,docs/policypak/gettingstarted/cloudmanual/interface/xmldatafiles/modify.md,,,,,,
XML Data Files,current,https://docs.netwrix.com/docs/policypak/gettingstarted/cloudmanual/interface/xmldatafiles/overview,docs/policypak/gettingstarted/cloudmanual/interface/xmldatafiles/overview.md,,,,,,
Show Report,current,https://docs.netwrix.com/docs/policypak/gettingstarted/cloudmanual/interface/xmldatafiles/showreport,docs/policypak/gettingstarted/cloudmanual/interface/xmldatafiles/showreport.md,,,,,,
Upload XML Data File,current,https://docs.netwrix.com/docs/policypak/gettingstarted/cloudmanual/interface/xmldatafiles/upload,docs/policypak/gettingstarted/cloudmanual/interface/xmldatafiles/upload.md,,,,,,
Computer Account Deletion,current,https://docs.netwrix.com/docs/policypak/gettingstarted/cloudmanual/licensing/computeraccountdeletion,docs/policypak/gettingstarted/cloudmanual/licensing/computeraccountdeletion.md,,,,,,
License Management,current,https://docs.netwrix.com/docs/policypak/gettingstarted/cloudmanual/licensing/licensemanagement,docs/policypak/gettingstarted/cloudmanual/licensing/licensemanagement.md,,,,,,
Other Policy Delivery Mechanisms,current,https://docs.netwrix.com/docs/policypak/gettingstarted/cloudmanual/licensing/otherpolicydeliverymechanisms,docs/policypak/gettingstarted/cloudmanual/licensing/otherpolicydeliverymechanisms.md,,,,,,
Licensing with PolicyPak Cloud Components,current,https://docs.netwrix.com/docs/policypak/gettingstarted/cloudmanual/licensing/overview,docs/policypak/gettingstarted/cloudmanual/licensing/overview.md,,,,,,
Reconnection Period,current,https://docs.netwrix.com/docs/policypak/gettingstarted/cloudmanual/licensing/reconnectionperiod,docs/policypak/gettingstarted/cloudmanual/licensing/reconnectionperiod.md,,,,,,
Server (Session) Virtualization,current,https://docs.netwrix.com/docs/policypak/gettingstarted/cloudmanual/licensing/serversessionvirtualization,docs/policypak/gettingstarted/cloudmanual/licensing/serversessionvirtualization.md,,,,,,
vdi,current,https://docs.netwrix.com/docs/policypak/gettingstarted/cloudmanual/licensing/vdi,docs/policypak/gettingstarted/cloudmanual/licensing/vdi.md,,,,,,
PolicyPak Cloud Quick Start,current,https://docs.netwrix.com/docs/policypak/gettingstarted/cloudmanual/overview,docs/policypak/gettingstarted/cloudmanual/overview.md,,,,,,
"Setup, Download, Install, and Verify",current,https://docs.netwrix.com/docs/policypak/gettingstarted/cloudmanual/quickstart,docs/policypak/gettingstarted/cloudmanual/quickstart/quickstart.md,,,,,,
Verifying PolicyPak Cloud Is Working,current,https://docs.netwrix.com/docs/policypak/gettingstarted/cloudmanual/quickstart/verify,docs/policypak/gettingstarted/cloudmanual/quickstart/verify.md,,,,,,
About Security,current,https://docs.netwrix.com/docs/policypak/gettingstarted/cloudmanual/security,docs/policypak/gettingstarted/cloudmanual/security.md,,,,,,
PolicyPak Cloud Client Commands,current,https://docs.netwrix.com/docs/policypak/gettingstarted/cloudmanual/underhood/clientcommands,docs/policypak/gettingstarted/cloudmanual/underhood/clientcommands.md,,,,,,
Troubleshooting Installation,current,https://docs.netwrix.com/docs/policypak/gettingstarted/cloudmanual/underhood/installation,docs/policypak/gettingstarted/cloudmanual/underhood/installation.md,,,,,,
Underneath the Hood and Troubleshooting,current,https://docs.netwrix.com/docs/policypak/gettingstarted/cloudmanual/underhood/overview,docs/policypak/gettingstarted/cloudmanual/underhood/overview.md,,,,,,
XML Data Storage,current,https://docs.netwrix.com/docs/policypak/gettingstarted/cloudmanual/underhood/xmldatastorage,docs/policypak/gettingstarted/cloudmanual/underhood/xmldatastorage.md,,,,,,
PolicyPak Cloud Uninstallation,current,https://docs.netwrix.com/docs/policypak/gettingstarted/cloudmanual/uninstall,docs/policypak/gettingstarted/cloudmanual/uninstall.md,,,,,,
PolicyPak Support and Resources,current,https://docs.netwrix.com/docs/policypak/gettingstarted/fastest,docs/policypak/gettingstarted/fastest.md,,,,,,
MDM and UEM Tools Quick Start,current,https://docs.netwrix.com/docs/policypak/gettingstarted/mdmmanual/gettingstarted,docs/policypak/gettingstarted/mdmmanual/gettingstarted.md,,,,,,
MDM & UEM Tools,current,https://docs.netwrix.com/docs/policypak/gettingstarted/mdmmanual/overview,docs/policypak/gettingstarted/mdmmanual/overview.md,,,,,,
Copying and Pasting Valid PolicyPak Items,current,https://docs.netwrix.com/docs/policypak/gettingstarted/mdmmanual/tips/copypaste,docs/policypak/gettingstarted/mdmmanual/tips/copypaste.md,,,,,,
Enabling Priority Mode for Multiple XML Items,current,https://docs.netwrix.com/docs/policypak/gettingstarted/mdmmanual/tips/enableprioritymode,docs/policypak/gettingstarted/mdmmanual/tips/enableprioritymode.md,,,,,,
Manually Placing XML Data and Licensing Files on Target Computers,current,https://docs.netwrix.com/docs/policypak/gettingstarted/mdmmanual/tips/manual,docs/policypak/gettingstarted/mdmmanual/tips/manual.md,,,,,,
Modifying Existing MSI Files with PolicyPak Exporter,current,https://docs.netwrix.com/docs/policypak/gettingstarted/mdmmanual/tips/modify,docs/policypak/gettingstarted/mdmmanual/tips/modify.md,,,,,,
"PolicyPak Exporter Tips, Tricks, and Notes",current,https://docs.netwrix.com/docs/policypak/gettingstarted/mdmmanual/tips/overview,docs/policypak/gettingstarted/mdmmanual/tips/overview.md,,,,,,
Understanding Processing Order of XML Data Files,current,https://docs.netwrix.com/docs/policypak/gettingstarted/mdmmanual/tips/processorder,docs/policypak/gettingstarted/mdmmanual/tips/processorder.md,,,,,,
Recycling the User Lists within PolicyPak Exporter,current,https://docs.netwrix.com/docs/policypak/gettingstarted/mdmmanual/tips/recycle,docs/policypak/gettingstarted/mdmmanual/tips/recycle.md,,,,,,
Ensuring MDM Enrollment,current,https://docs.netwrix.com/docs/policypak/gettingstarted/mdmmanual/uemtools/mdm/ensuringenrollment,docs/policypak/gettingstarted/mdmmanual/uemtools/mdm/ensuringenrollment.md,,,,,,
Installing by Hand,current,https://docs.netwrix.com/docs/policypak/gettingstarted/mdmmanual/uemtools/mdm/installhand,docs/policypak/gettingstarted/mdmmanual/uemtools/mdm/installhand.md,,,,,,
Troubleshooting,current,https://docs.netwrix.com/docs/policypak/gettingstarted/mdmmanual/uemtools/mdm/overview,docs/policypak/gettingstarted/mdmmanual/uemtools/mdm/overview.md,,,,,,
Checking Success Events,current,https://docs.netwrix.com/docs/policypak/gettingstarted/mdmmanual/uemtools/mdm/successevents,docs/policypak/gettingstarted/mdmmanual/uemtools/mdm/successevents.md,,,,,,
PolicyPak and Microsoft Intune MDM,current,https://docs.netwrix.com/docs/policypak/gettingstarted/mdmmanual/uemtools/service/microsoftintune,docs/policypak/gettingstarted/mdmmanual/uemtools/service/microsoftintune.md,,,,,,
PolicyPak and MobileIron MDM,current,https://docs.netwrix.com/docs/policypak/gettingstarted/mdmmanual/uemtools/service/mobileiron,docs/policypak/gettingstarted/mdmmanual/uemtools/service/mobileiron.md,,,,,,
Using PolicyPak with any MDM Service,current,https://docs.netwrix.com/docs/policypak/gettingstarted/mdmmanual/uemtools/service/overview,docs/policypak/gettingstarted/mdmmanual/uemtools/service/overview.md,,,,,,
PolicyPak and VMware Workspace ONE MDM,current,https://docs.netwrix.com/docs/policypak/gettingstarted/mdmmanual/uemtools/service/vmwareworkspaceone,docs/policypak/gettingstarted/mdmmanual/uemtools/service/vmwareworkspaceone.md,,,,,,
Using PolicyPak with MDM and UEM Tools,current,https://docs.netwrix.com/docs/policypak/gettingstarted/mdmmanual/uemtools,docs/policypak/gettingstarted/mdmmanual/uemtools/uemtools.md,,,,,,
XML Data Files from PolicyPak Admin Templates Manager,current,https://docs.netwrix.com/docs/policypak/gettingstarted/mdmmanual/xmldatafiles/administrativetemplates,docs/policypak/gettingstarted/mdmmanual/xmldatafiles/administrativetemplates.md,,,,,,
XML Data Files from PolicyPak Applications Settings Manager,current,https://docs.netwrix.com/docs/policypak/gettingstarted/mdmmanual/xmldatafiles/applicationssettings,docs/policypak/gettingstarted/mdmmanual/xmldatafiles/applicationssettings.md,,,,,,
XML Data Files from PolicyPak Browser Router,current,https://docs.netwrix.com/docs/policypak/gettingstarted/mdmmanual/xmldatafiles/browserrouter,docs/policypak/gettingstarted/mdmmanual/xmldatafiles/browserrouter.md,,,,,,
XML Data Files from PolicyPak Feature Manager,current,https://docs.netwrix.com/docs/policypak/gettingstarted/mdmmanual/xmldatafiles/feature,docs/policypak/gettingstarted/mdmmanual/xmldatafiles/feature.md,,,,,,
XML Data Files from PolicyPak File Associations Manager,current,https://docs.netwrix.com/docs/policypak/gettingstarted/mdmmanual/xmldatafiles/fileassociations,docs/policypak/gettingstarted/mdmmanual/xmldatafiles/fileassociations.md,,,,,,
XML Data Files from PolicyPak Java Enterprise Rules Manager,current,https://docs.netwrix.com/docs/policypak/gettingstarted/mdmmanual/xmldatafiles/javaenterpriserules,docs/policypak/gettingstarted/mdmmanual/xmldatafiles/javaenterpriserules.md,,,,,,
XML Data Files from Least Privilege Manager,current,https://docs.netwrix.com/docs/policypak/gettingstarted/mdmmanual/xmldatafiles/leastprivilegemanager,docs/policypak/gettingstarted/mdmmanual/xmldatafiles/leastprivilegemanager.md,,,,,,
Exporting Directives as XML Data Files,current,https://docs.netwrix.com/docs/policypak/gettingstarted/mdmmanual/xmldatafiles/overview,docs/policypak/gettingstarted/mdmmanual/xmldatafiles/overview.md,,,,,,
XML Data Files from PolicyPak Preferences Manager,current,https://docs.netwrix.com/docs/policypak/gettingstarted/mdmmanual/xmldatafiles/preferences,docs/policypak/gettingstarted/mdmmanual/xmldatafiles/preferences.md,,,,,,
XML Data Files from PolicyPak Scripts Manager,current,https://docs.netwrix.com/docs/policypak/gettingstarted/mdmmanual/xmldatafiles/scripts,docs/policypak/gettingstarted/mdmmanual/xmldatafiles/scripts.md,,,,,,
XML Data Files from PolicyPak Security Settings Manager,current,https://docs.netwrix.com/docs/policypak/gettingstarted/mdmmanual/xmldatafiles/securitysettings,docs/policypak/gettingstarted/mdmmanual/xmldatafiles/securitysettings.md,,,,,,
XML Data Files from PolicyPak Start Screen Manager,current,https://docs.netwrix.com/docs/policypak/gettingstarted/mdmmanual/xmldatafiles/startscreen,docs/policypak/gettingstarted/mdmmanual/xmldatafiles/startscreen.md,,,,,,
XML Data Files from PolicyPak Taskbar Manager,current,https://docs.netwrix.com/docs/policypak/gettingstarted/mdmmanual/xmldatafiles/taskbar,docs/policypak/gettingstarted/mdmmanual/xmldatafiles/taskbar.md,,,,,,
Getting Started,current,https://docs.netwrix.com/docs/policypak/gettingstarted/overview,docs/policypak/gettingstarted/overview.md,,,,,,
Step 1: Get the download and inspect its contents,current,https://docs.netwrix.com/docs/policypak/gettingstarted/overviewinstall/downloadcontents,docs/policypak/gettingstarted/overviewinstall/downloadcontents.md,,,,,,
Installation Quick Start,current,https://docs.netwrix.com/docs/policypak/gettingstarted/overviewinstall,docs/policypak/gettingstarted/overviewinstall/overviewinstall.md,,,,,,
Step 2: Prepare an endpoint machine to receive PolicyPak policies,current,https://docs.netwrix.com/docs/policypak/gettingstarted/overviewinstall/prepareendpoint,docs/policypak/gettingstarted/overviewinstall/prepareendpoint.md,,,,,,
Step 3: Prepare a management station to create PolicyPak policies,current,https://docs.netwrix.com/docs/policypak/gettingstarted/overviewinstall/preparemanagementsta/preparemanagementstation,docs/policypak/gettingstarted/overviewinstall/preparemanagementsta/preparemanagementstation.md,,,,,,
"Step 4: Getting Started with specific components (PolicyPakLeast Privilege Manager, PolicyPak Device Manager, etc.)",current,https://docs.netwrix.com/docs/policypak/gettingstarted/overviewinstall/specificcomponents,docs/policypak/gettingstarted/overviewinstall/specificcomponents.md,,,,,,
PolicyPak Cloud Delivery Quick Start,current,https://docs.netwrix.com/docs/policypak/gettingstarted/quickstart/cloud,docs/policypak/gettingstarted/quickstart/cloud.md,,,,,,
Group Policy Delivery Quick Start,current,https://docs.netwrix.com/docs/policypak/gettingstarted/quickstart/grouppolicy,docs/policypak/gettingstarted/quickstart/grouppolicy.md,,,,,,
MDM / Intune Delivery Quick Start,current,https://docs.netwrix.com/docs/policypak/gettingstarted/quickstart/mdm,docs/policypak/gettingstarted/quickstart/mdm.md,,,,,,
Netwrix PolicyPak Quick Start,current,https://docs.netwrix.com/docs/policypak/gettingstarted/quickstart/overview,docs/policypak/gettingstarted/quickstart/overview.md,,,,,,
Troubleshooting with ADMX or Registry Entries,current,https://docs.netwrix.com/docs/policypak/gpcompliancereporter/manual/admxregistry,docs/policypak/gpcompliancereporter/manual/admxregistry.md,,,,,,
Troubleshooting Auditing Problems,current,https://docs.netwrix.com/docs/policypak/gpcompliancereporter/manual/auditing,docs/policypak/gpcompliancereporter/manual/auditing.md,,,,,,
Troubleshooting Client and Endpoint Problems,current,https://docs.netwrix.com/docs/policypak/gpcompliancereporter/manual/clientendpoint,docs/policypak/gpcompliancereporter/manual/clientendpoint.md,,,,,,
Concepts and Quick Start,current,https://docs.netwrix.com/docs/policypak/gpcompliancereporter/manual/concepts,docs/policypak/gpcompliancereporter/manual/concepts/concepts.md,,,,,,
Microsoft Group Policy Results Report,current,https://docs.netwrix.com/docs/policypak/gpcompliancereporter/manual/concepts/grouppolicyresults,docs/policypak/gpcompliancereporter/manual/concepts/grouppolicyresults.md,,,,,,
Pull and Push Modes,current,https://docs.netwrix.com/docs/policypak/gpcompliancereporter/manual/concepts/overview,docs/policypak/gpcompliancereporter/manual/concepts/overview.md,,,,,,
Client (Admin Console) Installation,current,https://docs.netwrix.com/docs/policypak/gpcompliancereporter/manual/concepts/prepare/client,docs/policypak/gpcompliancereporter/manual/concepts/prepare/client.md,,,,,,
Configuration Wizard,current,https://docs.netwrix.com/docs/policypak/gpcompliancereporter/manual/concepts/prepare/configurationwizard,docs/policypak/gpcompliancereporter/manual/concepts/prepare/configurationwizard.md,,,,,,
Licensing Information,current,https://docs.netwrix.com/docs/policypak/gpcompliancereporter/manual/concepts/prepare/licensing,docs/policypak/gpcompliancereporter/manual/concepts/prepare/licensing.md,,,,,,
Getting Ready,current,https://docs.netwrix.com/docs/policypak/gpcompliancereporter/manual/concepts/prepare/overview,docs/policypak/gpcompliancereporter/manual/concepts/prepare/overview.md,,,,,,
Enabling Trial Mode,current,https://docs.netwrix.com/docs/policypak/gpcompliancereporter/manual/concepts/prepare/trialmode,docs/policypak/gpcompliancereporter/manual/concepts/prepare/trialmode.md,,,,,,
History,current,https://docs.netwrix.com/docs/policypak/gpcompliancereporter/manual/concepts/pull/history,docs/policypak/gpcompliancereporter/manual/concepts/pull/history.md,,,,,,
Standalone (Pull) Mode Quick Start,current,https://docs.netwrix.com/docs/policypak/gpcompliancereporter/manual/concepts/pull/overview,docs/policypak/gpcompliancereporter/manual/concepts/pull/overview.md,,,,,,
Results Pane,current,https://docs.netwrix.com/docs/policypak/gpcompliancereporter/manual/concepts/pull/results,docs/policypak/gpcompliancereporter/manual/concepts/pull/results.md,,,,,,
Snapshots Pane,current,https://docs.netwrix.com/docs/policypak/gpcompliancereporter/manual/concepts/pull/snapshots,docs/policypak/gpcompliancereporter/manual/concepts/pull/snapshots.md,,,,,,
Tests Pane,current,https://docs.netwrix.com/docs/policypak/gpcompliancereporter/manual/concepts/pull/tests,docs/policypak/gpcompliancereporter/manual/concepts/pull/tests.md,,,,,,
Understanding Ordering of Tests and the RCT,current,https://docs.netwrix.com/docs/policypak/gpcompliancereporter/manual/concepts/testsrctorder,docs/policypak/gpcompliancereporter/manual/concepts/testsrctorder.md,,,,,,
Event Logs,current,https://docs.netwrix.com/docs/policypak/gpcompliancereporter/manual/eventlogs,docs/policypak/gpcompliancereporter/manual/eventlogs.md,,,,,,
Tuning and Troubleshooting,current,https://docs.netwrix.com/docs/policypak/gpcompliancereporter/manual/overview,docs/policypak/gpcompliancereporter/manual/overview.md,,,,,,
Using Clientless Auditing,current,https://docs.netwrix.com/docs/policypak/gpcompliancereporter/manual/push/clientlessauditing,docs/policypak/gpcompliancereporter/manual/push/clientlessauditing.md,,,,,,
Push Mode Concepts,current,https://docs.netwrix.com/docs/policypak/gpcompliancereporter/manual/push/concepts,docs/policypak/gpcompliancereporter/manual/push/concepts.md,,,,,,
Installation and Uninstallation,current,https://docs.netwrix.com/docs/policypak/gpcompliancereporter/manual/push/install,docs/policypak/gpcompliancereporter/manual/push/install.md,,,,,,
Server with Push Mode,current,https://docs.netwrix.com/docs/policypak/gpcompliancereporter/manual/push/overview,docs/policypak/gpcompliancereporter/manual/push/overview.md,,,,,,
Producing Results Reports with Push Mode,current,https://docs.netwrix.com/docs/policypak/gpcompliancereporter/manual/push/resultsreports,docs/policypak/gpcompliancereporter/manual/push/resultsreports.md,,,,,,
Specify Auditor Path,current,https://docs.netwrix.com/docs/policypak/gpcompliancereporter/manual/push/setup/auditorpath,docs/policypak/gpcompliancereporter/manual/push/setup/auditorpath.md,,,,,,
Setup and Clientless Auditing,current,https://docs.netwrix.com/docs/policypak/gpcompliancereporter/manual/push/setup/overview,docs/policypak/gpcompliancereporter/manual/push/setup/overview.md,,,,,,
Select Audited Computers,current,https://docs.netwrix.com/docs/policypak/gpcompliancereporter/manual/push/setup/selectauditedcomputers,docs/policypak/gpcompliancereporter/manual/push/setup/selectauditedcomputers.md,,,,,,
Specify Server,current,https://docs.netwrix.com/docs/policypak/gpcompliancereporter/manual/push/setup/specifyserver,docs/policypak/gpcompliancereporter/manual/push/setup/specifyserver.md,,,,,,
Set Up Task Delivery,current,https://docs.netwrix.com/docs/policypak/gpcompliancereporter/manual/push/setup/taskdelivery,docs/policypak/gpcompliancereporter/manual/push/setup/taskdelivery.md,,,,,,
Switching from Standalone Mode to Server Mode within the Client,current,https://docs.netwrix.com/docs/policypak/gpcompliancereporter/manual/push/switchmode,docs/policypak/gpcompliancereporter/manual/push/switchmode.md,,,,,,
Troubleshooting Scheduled Tasks,current,https://docs.netwrix.com/docs/policypak/gpcompliancereporter/manual/scheduledtasks,docs/policypak/gpcompliancereporter/manual/scheduledtasks.md,,,,,,
Troubleshooting Server Problems,current,https://docs.netwrix.com/docs/policypak/gpcompliancereporter/manual/server,docs/policypak/gpcompliancereporter/manual/server.md,,,,,,
Using ADMX Files to Tune the Auditor,current,https://docs.netwrix.com/docs/policypak/gpcompliancereporter/manual/tuning/admx,docs/policypak/gpcompliancereporter/manual/tuning/admx.md,,,,,,
Tuning Group Policy Compliance Reporter,current,https://docs.netwrix.com/docs/policypak/gpcompliancereporter/manual/tuning/overview,docs/policypak/gpcompliancereporter/manual/tuning/overview.md,,,,,,
GP Compliance Reporter Overview,current,https://docs.netwrix.com/docs/policypak/gpcompliancereporter/overview,docs/policypak/gpcompliancereporter/overview.md,,,,,,
Is PolicyPak Group Policy Compliance Reporter licensed on a per-user basis or a per-computer basis?,current,https://docs.netwrix.com/docs/policypak/gpcompliancereporter/technotes/gettinglicensed/basis,docs/policypak/gpcompliancereporter/technotes/gettinglicensed/basis.md,,,,,,
I want to generate Compliance reports on Microsoft GP Preferences/Admin Templates and/or Security Settings. Which license do I need?,current,https://docs.netwrix.com/docs/policypak/gpcompliancereporter/technotes/gettinglicensed/compliancereports,docs/policypak/gpcompliancereporter/technotes/gettinglicensed/compliancereports.md,,,,,,
"What's the difference between Pull Mode, Push Mode and Standalone and Server components in the Group Policy Compliance Reporter?",current,https://docs.netwrix.com/docs/policypak/gpcompliancereporter/technotes/gettinglicensed/difference,docs/policypak/gpcompliancereporter/technotes/gettinglicensed/difference.md,,,,,,
What happens if I try to use PolicyPakGroup Policy Compliance Reporter in unlicensed places? What happens if the PolicyPak Group Policy Compliance Reporter license expires?,current,https://docs.netwrix.com/docs/policypak/gpcompliancereporter/technotes/gettinglicensed/expire,docs/policypak/gpcompliancereporter/technotes/gettinglicensed/expire.md,,,,,,
Is there a minimum purchase for PolicyPak Group Policy Compliance Reporter?,current,https://docs.netwrix.com/docs/policypak/gpcompliancereporter/technotes/gettinglicensed/minimum,docs/policypak/gpcompliancereporter/technotes/gettinglicensed/minimum.md,,,,,,
What if I pay for multiple years of PolicyPak Group Policy Compliance Reporter in advance?,current,https://docs.netwrix.com/docs/policypak/gpcompliancereporter/technotes/gettinglicensed/multiyear,docs/policypak/gpcompliancereporter/technotes/gettinglicensed/multiyear.md,,,,,,
"Can I share Compliance Reports, tests and history across my team?",current,https://docs.netwrix.com/docs/policypak/gpcompliancereporter/technotes/gettinglicensed/shareacrossteam,docs/policypak/gpcompliancereporter/technotes/gettinglicensed/shareacrossteam.md,,,,,,
"What if I don't run the license tool to ""True-Up"" my PolicyPak Group Policy Compliance Reporter every year?",current,https://docs.netwrix.com/docs/policypak/gpcompliancereporter/technotes/gettinglicensed/tool,docs/policypak/gpcompliancereporter/technotes/gettinglicensed/tool.md,,,,,,
How does Trial mode for PolicyPak Group Policy Compliance Reporter work?,current,https://docs.netwrix.com/docs/policypak/gpcompliancereporter/technotes/gettinglicensed/trial,docs/policypak/gpcompliancereporter/technotes/gettinglicensed/trial.md,,,,,,
"What is ""Truing Up"" for On-Premise products?",current,https://docs.netwrix.com/docs/policypak/gpcompliancereporter/technotes/gettinglicensed/trueup,docs/policypak/gpcompliancereporter/technotes/gettinglicensed/trueup.md,,,,,,
What kinds of licenses are there for PolicyPak Group Policy Compliance Reporter?,current,https://docs.netwrix.com/docs/policypak/gpcompliancereporter/technotes/gettinglicensed/types,docs/policypak/gpcompliancereporter/technotes/gettinglicensed/types.md,,,,,,
How many people can use PolicyPak Group Policy Compliance Reporter?,current,https://docs.netwrix.com/docs/policypak/gpcompliancereporter/technotes/gettinglicensed/userlimit,docs/policypak/gpcompliancereporter/technotes/gettinglicensed/userlimit.md,,,,,,
"Do I need the Group Policy Compliance Reporter product if I use PolicyPakCloud or PolicyPak MDM? (Or, how do I get delivery reports for Group Policy, Cloud or MDM directives?)",current,https://docs.netwrix.com/docs/policypak/gpcompliancereporter/technotes/gettingstarted/deliveryreports,docs/policypak/gpcompliancereporter/technotes/gettingstarted/deliveryreports.md,,,,,,
Installing and Configuring PolicyPak GPCR for use with SQL Server using SQL Authentication,current,https://docs.netwrix.com/docs/policypak/gpcompliancereporter/technotes/gettingstarted/install,docs/policypak/gpcompliancereporter/technotes/gettingstarted/install.md,,,,,,
What scenarios is PPGPCR not well suited for today?,current,https://docs.netwrix.com/docs/policypak/gpcompliancereporter/technotes/gettingstarted/scenarios,docs/policypak/gpcompliancereporter/technotes/gettingstarted/scenarios.md,,,,,,
What are the storage requirements when using PPGPCR with SQL server?,current,https://docs.netwrix.com/docs/policypak/gpcompliancereporter/technotes/gettingstarted/sqlserver,docs/policypak/gpcompliancereporter/technotes/gettingstarted/sqlserver.md,,,,,,
Knowledge Base,current,https://docs.netwrix.com/docs/policypak/gpcompliancereporter/technotes/knowledgebase,docs/policypak/gpcompliancereporter/technotes/knowledgebase.md,,,,,,
How can I use Group Policy Compliance Reporter with multiple domains?,current,https://docs.netwrix.com/docs/policypak/gpcompliancereporter/technotes/troubleshooting/domainmultiple,docs/policypak/gpcompliancereporter/technotes/troubleshooting/domainmultiple.md,,,,,,
How do I turn on enhanced logging for PolicyPak Group Policy Compliance Reporter if asked to do so?,current,https://docs.netwrix.com/docs/policypak/gpcompliancereporter/technotes/troubleshooting/logenhanced,docs/policypak/gpcompliancereporter/technotes/troubleshooting/logenhanced.md,,,,,,
When does the Auditor process send up events to the server?,current,https://docs.netwrix.com/docs/policypak/gpcompliancereporter/technotes/troubleshooting/processauditor,docs/policypak/gpcompliancereporter/technotes/troubleshooting/processauditor.md,,,,,,
What Server-side items should I send to Tech Support if asked?,current,https://docs.netwrix.com/docs/policypak/gpcompliancereporter/technotes/troubleshooting/serverside,docs/policypak/gpcompliancereporter/technotes/troubleshooting/serverside.md,,,,,,
"GPCR Snapshot fails with error ""System.InvalidOperationException"" when using a remote SQL server and one is a clone of the other",current,https://docs.netwrix.com/docs/policypak/gpcompliancereporter/technotes/troubleshooting/systeminvalidoperationexception,docs/policypak/gpcompliancereporter/technotes/troubleshooting/systeminvalidoperationexception.md,,,,,,
"When using a remote SQL Server, GPCR Snapshot fails with error ""System.InvalidOperationException"" and ""MSDTC has been disabled"" in Debug log",current,https://docs.netwrix.com/docs/policypak/gpcompliancereporter/technotes/troubleshooting/systeminvalidoperationexceptionmsdtc,docs/policypak/gpcompliancereporter/technotes/troubleshooting/systeminvalidoperationexceptionmsdtc.md,,,,,,
"What does ""Unsupported item"" mean in PPGPCR reports and tests?",current,https://docs.netwrix.com/docs/policypak/gpcompliancereporter/technotes/troubleshooting/unsupporteditem,docs/policypak/gpcompliancereporter/technotes/troubleshooting/unsupporteditem.md,,,,,,
Open required firewall ports,current,https://docs.netwrix.com/docs/policypak/gpcompliancereporter/videos/firewallports,docs/policypak/gpcompliancereporter/videos/firewallports.md,,,,,,
Installing Compliance Reporter Server and Client,current,https://docs.netwrix.com/docs/policypak/gpcompliancereporter/videos/gettingstarted/install,docs/policypak/gpcompliancereporter/videos/gettingstarted/install.md,,,,,,
Using Pull Mode (with or without PPGPCR server),current,https://docs.netwrix.com/docs/policypak/gpcompliancereporter/videos/gettingstarted/modepull,docs/policypak/gpcompliancereporter/videos/gettingstarted/modepull.md,,,,,,
Setting up Client-less Endpoint Auditing (Push Mode with Server),current,https://docs.netwrix.com/docs/policypak/gpcompliancereporter/videos/gettingstarted/modepush,docs/policypak/gpcompliancereporter/videos/gettingstarted/modepush.md,,,,,,
Enhanced Security for Server,current,https://docs.netwrix.com/docs/policypak/gpcompliancereporter/videos/gettingstarted/securityenhanced,docs/policypak/gpcompliancereporter/videos/gettingstarted/securityenhanced.md,,,,,,
PolicyPak GP Compliance Reporter: Using an Existing GPO as a test,current,https://docs.netwrix.com/docs/policypak/gpcompliancereporter/videos/using/existinggpos,docs/policypak/gpcompliancereporter/videos/using/existinggpos.md,,,,,,
Take existing GPOs and quickly bring them into PPGPCR (and keep them updated),current,https://docs.netwrix.com/docs/policypak/gpcompliancereporter/videos/using/importgpos,docs/policypak/gpcompliancereporter/videos/using/importgpos.md,,,,,,
Import STIG files to make your applications more secure,current,https://docs.netwrix.com/docs/policypak/gpcompliancereporter/videos/using/importstig,docs/policypak/gpcompliancereporter/videos/using/importstig.md,,,,,,
Video Learning Center,current,https://docs.netwrix.com/docs/policypak/gpcompliancereporter/videos/videolearningcenter,docs/policypak/gpcompliancereporter/videos/videolearningcenter.md,,,,,,
Server Mode,current,https://docs.netwrix.com/docs/policypak/gpcompliancereporter/videos/whatdoesitdo/modeserver,docs/policypak/gpcompliancereporter/videos/whatdoesitdo/modeserver.md,,,,,,
Standalone Mode,current,https://docs.netwrix.com/docs/policypak/gpcompliancereporter/videos/whatdoesitdo/modestandalone,docs/policypak/gpcompliancereporter/videos/whatdoesitdo/modestandalone.md,,,,,,
2 Minute Quick Overview for Managers,current,https://docs.netwrix.com/docs/policypak/gpcompliancereporter/videos/whatdoesitdo/overviewmanager,docs/policypak/gpcompliancereporter/videos/whatdoesitdo/overviewmanager.md,,,,,,
7 Minute Technical Overview for IT Pros,current,https://docs.netwrix.com/docs/policypak/gpcompliancereporter/videos/whatdoesitdo/overviewtechnical,docs/policypak/gpcompliancereporter/videos/whatdoesitdo/overviewtechnical.md,,,,,,
Netwrix PolicyPak Documentation,current,https://docs.netwrix.com/docs/policypak,docs/policypak/index.md,,,,,,
Does PolicyPak admin console need to be installed on Domain Controller (DC)?,current,https://docs.netwrix.com/docs/policypak/installation/knowledgebase/gpoinitialinstall/adminconsole,docs/policypak/installation/knowledgebase/gpoinitialinstall/adminconsole.md,,,,,,
What are the two ways that can I install the GPMC on my Admin Station (Server or Windows 10) machine?,current,https://docs.netwrix.com/docs/policypak/installation/knowledgebase/gpoinitialinstall/methods,docs/policypak/installation/knowledgebase/gpoinitialinstall/methods.md,,,,,,
"I installed the Admin Console MSI, but I don't see the PolicyPak node when I go to edit a GPO. Why?",current,https://docs.netwrix.com/docs/policypak/installation/knowledgebase/gpoinitialinstall/node,docs/policypak/installation/knowledgebase/gpoinitialinstall/node.md,,,,,,
"When I edit the GPO, the settings don't seem to ""stick""",current,https://docs.netwrix.com/docs/policypak/installation/knowledgebase/gpoinitialinstall/savesettings,docs/policypak/installation/knowledgebase/gpoinitialinstall/savesettings.md,,,,,,
The removal of the assignment of application PolicyPak Client-Side Extension (32bit) from policy failed,current,https://docs.netwrix.com/docs/policypak/installation/knowledgebase/installandupgrade/assignmentremovalfailed,docs/policypak/installation/knowledgebase/installandupgrade/assignmentremovalfailed.md,,,,,,
How do I enable a STANDARD USER to see the COMPUTER SIDE RsOP ?,current,https://docs.netwrix.com/docs/policypak/installation/knowledgebase/installandupgrade/computersidersop,docs/policypak/installation/knowledgebase/installandupgrade/computersidersop.md,,,,,,
"I am getting an error about ""GPSVC failed at sign-in"". This error occurs exactly one time. What does this mean?",current,https://docs.netwrix.com/docs/policypak/installation/knowledgebase/installandupgrade/gpsvcfailed,docs/policypak/installation/knowledgebase/installandupgrade/gpsvcfailed.md,,,,,,
What can I do if I installed a new CSE version and it's causing problems (slowdowns or other issues?),current,https://docs.netwrix.com/docs/policypak/installation/knowledgebase/installandupgrade/newversionissues,docs/policypak/installation/knowledgebase/installandupgrade/newversionissues.md,,,,,,
"How do I troubleshoot slow logins (or other login problems), user profile issues, explorer.exe or other Windows problems? What if I'm having problems on ONE (or very few PCs)?",current,https://docs.netwrix.com/docs/policypak/installation/knowledgebase/installandupgrade/slowlogins,docs/policypak/installation/knowledgebase/installandupgrade/slowlogins.md,,,,,,
The CSE won't uninstall or allow in-place upgrade. What should I do?,current,https://docs.netwrix.com/docs/policypak/installation/knowledgebase/installandupgrade/uninstall,docs/policypak/installation/knowledgebase/installandupgrade/uninstall.md,,,,,,
Knowledge Base,current,https://docs.netwrix.com/docs/policypak/installation/knowledgebase,docs/policypak/installation/knowledgebase/knowledgebase.md,,,,,,
What if I accidentally install the 32 bit version of PolicyPak on a 64 bit machine or vice versa?,current,https://docs.netwrix.com/docs/policypak/installation/knowledgebase/miscquestions/bitversion,docs/policypak/installation/knowledgebase/miscquestions/bitversion.md,,,,,,
How can I fix Outlook To-Do bar flashing when GP or PolicyPak does a background refresh?,current,https://docs.netwrix.com/docs/policypak/installation/knowledgebase/miscquestions/outlook,docs/policypak/installation/knowledgebase/miscquestions/outlook.md,,,,,,
Why does PolicyPak require a CSE / client installation piece? I want to do it all using what Microsoft ships in the box but don't want to install anything else.,current,https://docs.netwrix.com/docs/policypak/installation/knowledgebase/miscquestions/why,docs/policypak/installation/knowledgebase/miscquestions/why.md,,,,,,
What must I install on Windows 7 to make PolicyPak work as expected?,current,https://docs.netwrix.com/docs/policypak/installation/knowledgebase/miscquestions/windows7,docs/policypak/installation/knowledgebase/miscquestions/windows7.md,,,,,,
Managing Group Policy using PolicyPak and PDQ Deploy,current,https://docs.netwrix.com/docs/policypak/installation/knowledgebase/pdqdeploy,docs/policypak/installation/knowledgebase/pdqdeploy.md,,,,,,
PolicyPak details with GPO contents appear deleted. How can I restore them?,current,https://docs.netwrix.com/docs/policypak/installation/knowledgebase/restoredetails,docs/policypak/installation/knowledgebase/restoredetails.md,,,,,,
How do I deploy the PolicyPak CSE via SCCM (or other systems management system) ?,current,https://docs.netwrix.com/docs/policypak/installation/knowledgebase/sccm,docs/policypak/installation/knowledgebase/sccm.md,,,,,,
How to Rollback CSE version from newer to older using PowerShell,current,https://docs.netwrix.com/docs/policypak/installation/knowledgebase/uninstallation/rollback,docs/policypak/installation/knowledgebase/uninstallation/rollback.md,,,,,,
How can I uninstall the Least Privilege Manager client for MacOS?,current,https://docs.netwrix.com/docs/policypak/installation/knowledgebase/uninstallation/uninstall_1,docs/policypak/installation/knowledgebase/uninstallation/uninstall_1.md,,,,,,
How do I uninstall PolicyPak?,current,https://docs.netwrix.com/docs/policypak/installation/knowledgebase/uninstallation/uninstall,docs/policypak/installation/knowledgebase/uninstallation/uninstall.md,,,,,,
CSE Autoupdate Update.Config file Usage and Parameters (before CSE 2725),current,https://docs.netwrix.com/docs/policypak/installation/knowledgebase/updating/config,docs/policypak/installation/knowledgebase/updating/config.md,,,,,,
How can I use the PolicyPakPowerShell module to know which GPOs have any PolicyPak data or directives?,current,https://docs.netwrix.com/docs/policypak/installation/knowledgebase/updating/datadirectives,docs/policypak/installation/knowledgebase/updating/datadirectives.md,,,,,,
How can I roll out the latest PolicyPak CSE with Active Directory in a controlled manner using Rings ?,current,https://docs.netwrix.com/docs/policypak/installation/knowledgebase/updating/ringsupgrade,docs/policypak/installation/knowledgebase/updating/ringsupgrade.md,,,,,,
Auto-updating the CSE,current,https://docs.netwrix.com/docs/policypak/installation/videolearningcenter/autoupdate,docs/policypak/installation/videolearningcenter/autoupdate.md,,,,,,
Video Learning Center,current,https://docs.netwrix.com/docs/policypak/installation/videolearningcenter,docs/policypak/installation/videolearningcenter/videolearningcenter.md,,,,,,
What happens to each component when PolicyPak gets unlicensed or the GPO or policy no longer applies?,current,https://docs.netwrix.com/docs/policypak/licensing/knowledgebase/activedirectorygposccm/components_2,docs/policypak/licensing/knowledgebase/activedirectorygposccm/components_2.md,,,,,,
What if I want to unlicense specific components via ADMX or PolicyPak Cloud?,current,https://docs.netwrix.com/docs/policypak/licensing/knowledgebase/activedirectorygposccm/componentscloud,docs/policypak/licensing/knowledgebase/activedirectorygposccm/componentscloud.md,,,,,,
How do I specifically exclude or prevent a component from performing processing by modifying the license file?,current,https://docs.netwrix.com/docs/policypak/licensing/knowledgebase/activedirectorygposccm/componentsexclude,docs/policypak/licensing/knowledgebase/activedirectorygposccm/componentsexclude.md,,,,,,
I just installed new license files / new GPOs. Should I keep or delete the old license files / GPOs?,current,https://docs.netwrix.com/docs/policypak/licensing/knowledgebase/activedirectorygposccm/fileold,docs/policypak/licensing/knowledgebase/activedirectorygposccm/fileold.md,,,,,,
"Why is PolicyPak Preferences (original version) ""forced disabled"" by default?",current,https://docs.netwrix.com/docs/policypak/licensing/knowledgebase/activedirectorygposccm/forceddisabled,docs/policypak/licensing/knowledgebase/activedirectorygposccm/forceddisabled.md,,,,,,
My organization doesn't permit me to run the LT (PolicyPak Licensing Tool) or provide the XML information it produces. What are my other options?,current,https://docs.netwrix.com/docs/policypak/licensing/knowledgebase/activedirectorygposccm/options,docs/policypak/licensing/knowledgebase/activedirectorygposccm/options.md,,,,,,
"How can I verify, test and/or reset my Domain Join (aka SecureChannel) from the endpoint to domain controller?",current,https://docs.netwrix.com/docs/policypak/licensing/knowledgebase/activedirectorygposccm/reset,docs/policypak/licensing/knowledgebase/activedirectorygposccm/reset.md,,,,,,
Does the Licensing Tool (LT.exe) count disabled Active Directory computer accounts ?,current,https://docs.netwrix.com/docs/policypak/licensing/knowledgebase/faqactivedirectory/disabledcomputer,docs/policypak/licensing/knowledgebase/faqactivedirectory/disabledcomputer.md,,,,,,
"I want to license the whole domain (or main OU), but I don't want to pay for every computer in that domain (or main OU)",current,https://docs.netwrix.com/docs/policypak/licensing/knowledgebase/faqactivedirectory/domain,docs/policypak/licensing/knowledgebase/faqactivedirectory/domain.md,,,,,,
I have multiple domains. How is that licensed?,current,https://docs.netwrix.com/docs/policypak/licensing/knowledgebase/faqactivedirectory/domainmultiple,docs/policypak/licensing/knowledgebase/faqactivedirectory/domainmultiple.md,,,,,,
I'm an OU admin and not a domain administrator. Can I use PolicyPak in my OU and not the whole domain?,current,https://docs.netwrix.com/docs/policypak/licensing/knowledgebase/faqactivedirectory/domainou,docs/policypak/licensing/knowledgebase/faqactivedirectory/domainou.md,,,,,,
"Licence Tool recommends I enforce the links on the licensing GPOs. Should I do this, and why is this recommended?",current,https://docs.netwrix.com/docs/policypak/licensing/knowledgebase/faqactivedirectory/enforced,docs/policypak/licensing/knowledgebase/faqactivedirectory/enforced.md,,,,,,
I can only EDIT GPOs and not create them. Can I still use PolicyPak?,current,https://docs.netwrix.com/docs/policypak/licensing/knowledgebase/faqactivedirectory/gpoedit,docs/policypak/licensing/knowledgebase/faqactivedirectory/gpoedit.md,,,,,,
"What if we license one OU, say, Sales Computers OU, then during the year we also want to license a peer OU, like Marketing Computers OU?",current,https://docs.netwrix.com/docs/policypak/licensing/knowledgebase/faqactivedirectory/ou,docs/policypak/licensing/knowledgebase/faqactivedirectory/ou.md,,,,,,
We purchased our PolicyPak license for a parent OU in our Active Directory structure. What happens if we need to add additional sub-OUs inside of the parent one? How will this affect our licensing?,current,https://docs.netwrix.com/docs/policypak/licensing/knowledgebase/faqactivedirectory/ousub,docs/policypak/licensing/knowledgebase/faqactivedirectory/ousub.md,,,,,,
Why does License Tool ask Who am I and Where do I want to use PolicyPak?,current,https://docs.netwrix.com/docs/policypak/licensing/knowledgebase/faqactivedirectory/scope,docs/policypak/licensing/knowledgebase/faqactivedirectory/scope.md,,,,,,
Will I need a license server to manage my PolicyPak licenses?,current,https://docs.netwrix.com/docs/policypak/licensing/knowledgebase/faqactivedirectory/server,docs/policypak/licensing/knowledgebase/faqactivedirectory/server.md,,,,,,
Does LT count users?,current,https://docs.netwrix.com/docs/policypak/licensing/knowledgebase/faqactivedirectory/users,docs/policypak/licensing/knowledgebase/faqactivedirectory/users.md,,,,,,
"The License Tool (LT) isn't permitting me to install License Files (or I am using AGPM, GPA, or GPOAdmin.) What should I try?",current,https://docs.netwrix.com/docs/policypak/licensing/knowledgebase/faqactivedirectory/wizard,docs/policypak/licensing/knowledgebase/faqactivedirectory/wizard.md,,,,,,
How exactly does monthly billing work with PolicyPak SaaS Edition?,current,https://docs.netwrix.com/docs/policypak/licensing/knowledgebase/faqcloud/billing,docs/policypak/licensing/knowledgebase/faqcloud/billing.md,,,,,,
How do I understand my cloud licenses?,current,https://docs.netwrix.com/docs/policypak/licensing/knowledgebase/faqcloud/licensestatus,docs/policypak/licensing/knowledgebase/faqcloud/licensestatus.md,,,,,,
"How do I stop getting emails which say : ""You have less than X% of your PolicyPak licenses available for your company""",current,https://docs.netwrix.com/docs/policypak/licensing/knowledgebase/faqcloud/notifications,docs/policypak/licensing/knowledgebase/faqcloud/notifications.md,,,,,,
How do I license machines to work on-premise if I'm an PolicyPak Cloud Customer?,current,https://docs.netwrix.com/docs/policypak/licensing/knowledgebase/faqcloud/onpremise,docs/policypak/licensing/knowledgebase/faqcloud/onpremise.md,,,,,,
What happens if PPCloud computers are offline for more than 7 days?,current,https://docs.netwrix.com/docs/policypak/licensing/knowledgebase/faqcloud/reclaimed,docs/policypak/licensing/knowledgebase/faqcloud/reclaimed.md,,,,,,
I received multiple license files back from the Sales team (one for each PolicyPak component.) Should I install all of them?,current,https://docs.netwrix.com/docs/policypak/licensing/knowledgebase/installing/filemultiple,docs/policypak/licensing/knowledgebase/installing/filemultiple.md,,,,,,
What is the best way to roll out New Universal licenses if I already have Original licenses?,current,https://docs.netwrix.com/docs/policypak/licensing/knowledgebase/installing/universal,docs/policypak/licensing/knowledgebase/installing/universal.md,,,,,,
Knowledge Base,current,https://docs.netwrix.com/docs/policypak/licensing/knowledgebase,docs/policypak/licensing/knowledgebase/knowledgebase.md,,,,,,
"What items and components are licensed, and what components are free?",current,https://docs.netwrix.com/docs/policypak/licensing/knowledgebase/miscquestions/components_1,docs/policypak/licensing/knowledgebase/miscquestions/components_1.md,,,,,,
Why must I transition from Legacy to Universal licenses (and what are the differences?),current,https://docs.netwrix.com/docs/policypak/licensing/knowledgebase/miscquestions/transition,docs/policypak/licensing/knowledgebase/miscquestions/transition.md,,,,,,
When and why would I license PolicyPak on servers?,current,https://docs.netwrix.com/docs/policypak/licensing/knowledgebase/miscquestions/whenwhy,docs/policypak/licensing/knowledgebase/miscquestions/whenwhy.md,,,,,,
What are the most common questions about editing policies using the PolicyPakCloud policy editor (instead of using the MMC to upload to PolicyPak Cloud?),current,https://docs.netwrix.com/docs/policypak/licensing/knowledgebase/requestingall/editpolicies,docs/policypak/licensing/knowledgebase/requestingall/editpolicies.md,,,,,,
"How do I manually count the number of computers in Intune, and manually acquire the Intune ""Company Name?""",current,https://docs.netwrix.com/docs/policypak/licensing/knowledgebase/requestingall/intune,docs/policypak/licensing/knowledgebase/requestingall/intune.md,,,,,,
What Logs do I need to send for troubleshooting LT (License Tool) or other MMC / .Net related functions?,current,https://docs.netwrix.com/docs/policypak/licensing/knowledgebase/requestingall/logs,docs/policypak/licensing/knowledgebase/requestingall/logs.md,,,,,,
Why do I have to run the licensing tool / what information is gathered and sent to PolicyPak for my trial (or becoming a customer?),current,https://docs.netwrix.com/docs/policypak/licensing/knowledgebase/requestingall/tool,docs/policypak/licensing/knowledgebase/requestingall/tool.md,,,,,,
"What is the fastest way to get started in an PolicyPak trial, without running the License Request Tool?",current,https://docs.netwrix.com/docs/policypak/licensing/knowledgebase/requestingall/trial,docs/policypak/licensing/knowledgebase/requestingall/trial.md,,,,,,
Why does the PolicyPak Licensing Tool (LT.EXE) require admin rights to query for Intune / Azure data?,current,https://docs.netwrix.com/docs/policypak/licensing/knowledgebase/requestingmdm/adminrights,docs/policypak/licensing/knowledgebase/requestingmdm/adminrights.md,,,,,,
How do I license Autopilot pre-provisioning foouser and autopilot user for my Intune MDM service?,current,https://docs.netwrix.com/docs/policypak/licensing/knowledgebase/requestingmdm/autopilot,docs/policypak/licensing/knowledgebase/requestingmdm/autopilot.md,,,,,,
What if I have multiple domain names within the MDM I want to license?,current,https://docs.netwrix.com/docs/policypak/licensing/knowledgebase/requestingmdm/domainmultiple,docs/policypak/licensing/knowledgebase/requestingmdm/domainmultiple.md,,,,,,
"If I have both Azure joined and Hybrid Azure AD joined machines, how do I count the exact number of licenses I need?",current,https://docs.netwrix.com/docs/policypak/licensing/knowledgebase/requestingmdm/entraid,docs/policypak/licensing/knowledgebase/requestingmdm/entraid.md,,,,,,
How do I license PolicyPak if I use Azure / Azure Active Directory / Azure Active Directory Domain Services / AD Domain Controllers in Azure?,current,https://docs.netwrix.com/docs/policypak/licensing/knowledgebase/requestingmdm/hybrid,docs/policypak/licensing/knowledgebase/requestingmdm/hybrid.md,,,,,,
"How are BYOD ""Workplace Joined"" (aka Intune Registered) counted toward licensing?",current,https://docs.netwrix.com/docs/policypak/licensing/knowledgebase/requestingmdm/jointype,docs/policypak/licensing/knowledgebase/requestingmdm/jointype.md,,,,,,
What is the difference if I license my MDM machines' CSE using COMPANY NAME vs. UPN name?,current,https://docs.netwrix.com/docs/policypak/licensing/knowledgebase/requestingmdm/name,docs/policypak/licensing/knowledgebase/requestingmdm/name.md,,,,,,
"When licensing PolicyPakwith an MDM provider, what do I need to send in to PolicyPak?",current,https://docs.netwrix.com/docs/policypak/licensing/knowledgebase/requestingmdm/setup,docs/policypak/licensing/knowledgebase/requestingmdm/setup.md,,,,,,
I'm having trouble running the Licensing Tool (LT) and counting computers with Intune. What troubleshooting information can I send PolicyPak support?,current,https://docs.netwrix.com/docs/policypak/licensing/knowledgebase/requestingmdm/tool,docs/policypak/licensing/knowledgebase/requestingmdm/tool.md,,,,,,
"How can I tell how a machine is licensed (by GPO, MDM, or XML file), and also know for what components it is licensed?",current,https://docs.netwrix.com/docs/policypak/licensing/knowledgebase/troubleshooting/components,docs/policypak/licensing/knowledgebase/troubleshooting/components.md,,,,,,
"Action Recommended PolicyPak Customers to transition from ""Enterprise"" Licenses to ""Enterprise Full"" licenses.",current,https://docs.netwrix.com/docs/policypak/licensing/knowledgebase/troubleshooting/enterprisefull,docs/policypak/licensing/knowledgebase/troubleshooting/enterprisefull.md,,,,,,
"I have a pop-up saying ""License expires soon"" or ""Licenses expire in X days"" when editing a GPO. What do I do?",current,https://docs.netwrix.com/docs/policypak/licensing/knowledgebase/troubleshooting/expires,docs/policypak/licensing/knowledgebase/troubleshooting/expires.md,,,,,,
How do I make the Grace Period licensing pop-up go away?,current,https://docs.netwrix.com/docs/policypak/licensing/knowledgebase/troubleshooting/graceperiod,docs/policypak/licensing/knowledgebase/troubleshooting/graceperiod.md,,,,,,
Action Required for PolicyPak Customers using Legacy Licenses,current,https://docs.netwrix.com/docs/policypak/licensing/knowledgebase/troubleshooting/legacy,docs/policypak/licensing/knowledgebase/troubleshooting/legacy.md,,,,,,
How do I turn on MMC Snap in Logs (for troubleshooting MMC Editing or Licensing Import)?,current,https://docs.netwrix.com/docs/policypak/licensing/knowledgebase/troubleshooting/mmcsnapinlogs,docs/policypak/licensing/knowledgebase/troubleshooting/mmcsnapinlogs.md,,,,,,
Gathering License Tool logs (LT.exe),current,https://docs.netwrix.com/docs/policypak/licensing/knowledgebase/troubleshooting/toollogs,docs/policypak/licensing/knowledgebase/troubleshooting/toollogs.md,,,,,,
"I unlicensed my machine by removing a universal license, my machine still appears licensed. Why is this?",current,https://docs.netwrix.com/docs/policypak/licensing/knowledgebase/troubleshooting/universal,docs/policypak/licensing/knowledgebase/troubleshooting/universal.md,,,,,,
"What must I show to prove my current RDS and/or Citrix, or other Multi-Session windows concurrent license count for PolicyPak Cloud (or if on-prem LT cannot auto-discover them)?",current,https://docs.netwrix.com/docs/policypak/licensing/knowledgebase/vertualizationcitrix/count,docs/policypak/licensing/knowledgebase/vertualizationcitrix/count.md,,,,,,
Are there any special PolicyPak licensing issues for virtual desktops?,current,https://docs.netwrix.com/docs/policypak/licensing/knowledgebase/vertualizationcitrix/desktops,docs/policypak/licensing/knowledgebase/vertualizationcitrix/desktops.md,,,,,,
"How do I license my Citrix, RDS, WVD, VDI or other multi-session Windows version with PolicyPak Cloud ?",current,https://docs.netwrix.com/docs/policypak/licensing/knowledgebase/vertualizationcitrix/multisession,docs/policypak/licensing/knowledgebase/vertualizationcitrix/multisession.md,,,,,,
How are Terminal Services and/or Citrix connections licensed?,current,https://docs.netwrix.com/docs/policypak/licensing/knowledgebase/vertualizationcitrix/terminalservices,docs/policypak/licensing/knowledgebase/vertualizationcitrix/terminalservices.md,,,,,,
Why must I run LT from a Windows Server if I want to properly count Citrix / Terminal Services / RDS connections?,current,https://docs.netwrix.com/docs/policypak/licensing/knowledgebase/vertualizationcitrix/tool_1,docs/policypak/licensing/knowledgebase/vertualizationcitrix/tool_1.md,,,,,,
"How to install UNIVERSAL licenses for NEW Customers (via GPO, SCCM or MDM)",current,https://docs.netwrix.com/docs/policypak/licensing/videolearningcenter/installuniversal,docs/policypak/licensing/videolearningcenter/installuniversal.md,,,,,,
"How to Request Licenses from PolicyPak by Creating a ""License Request Key""",current,https://docs.netwrix.com/docs/policypak/licensing/videolearningcenter/licenserequestkey,docs/policypak/licensing/videolearningcenter/licenserequestkey.md,,,,,,
Using LT for license cleanup,current,https://docs.netwrix.com/docs/policypak/licensing/videolearningcenter/troubleshooting/cleanup,docs/policypak/licensing/videolearningcenter/troubleshooting/cleanup.md,,,,,,
"Legacy License Retirement Guidance (for Feb 28, 2023)",current,https://docs.netwrix.com/docs/policypak/licensing/videolearningcenter/troubleshooting/legacy,docs/policypak/licensing/videolearningcenter/troubleshooting/legacy.md,,,,,,
PolicyPak LT Tool Problems,current,https://docs.netwrix.com/docs/policypak/licensing/videolearningcenter/troubleshooting/lttool,docs/policypak/licensing/videolearningcenter/troubleshooting/lttool.md,,,,,,
MDM Intune company name troubleshooting,current,https://docs.netwrix.com/docs/policypak/licensing/videolearningcenter/troubleshooting/mdm,docs/policypak/licensing/videolearningcenter/troubleshooting/mdm.md,,,,,,
Testing and Troubleshooting By Renaming an Endpoint Computer,current,https://docs.netwrix.com/docs/policypak/licensing/videolearningcenter/troubleshooting/renameendpoint,docs/policypak/licensing/videolearningcenter/troubleshooting/renameendpoint.md,,,,,,
How to Un-License any PolicyPakComponent via ADMX or PolicyPak Cloud,current,https://docs.netwrix.com/docs/policypak/licensing/videolearningcenter/troubleshooting/unlicense,docs/policypak/licensing/videolearningcenter/troubleshooting/unlicense.md,,,,,,
PolicyPak: Universal and Original Licensing Installation and Upgrades for Existing Customers,current,https://docs.netwrix.com/docs/policypak/licensing/videolearningcenter/upgrades,docs/policypak/licensing/videolearningcenter/upgrades.md,,,,,,
Video Learning Center,current,https://docs.netwrix.com/docs/policypak/licensing/videolearningcenter,docs/policypak/licensing/videolearningcenter/videolearningcenter.md,,,,,,
Understanding the Difference Between PolicyPak and GPO Change Management Tools,current,https://docs.netwrix.com/docs/policypak/misc/knowledgebase/changemanagementtools,docs/policypak/misc/knowledgebase/changemanagementtools.md,,,,,,
PolicyPak ARM Support Supportability Statement,current,https://docs.netwrix.com/docs/policypak/misc/knowledgebase/gettingstarted/arm,docs/policypak/misc/knowledgebase/gettingstarted/arm.md,,,,,,
Does PolicyPak have a Quick Start Guide?,current,https://docs.netwrix.com/docs/policypak/misc/knowledgebase/gettingstarted/guide,docs/policypak/misc/knowledgebase/gettingstarted/guide.md,,,,,,
Does PolicyPak have an Installation Quick Start Guide?,current,https://docs.netwrix.com/docs/policypak/misc/knowledgebase/gettingstarted/guideinstall,docs/policypak/misc/knowledgebase/gettingstarted/guideinstall.md,,,,,,
How has PolicyPak Evolved over the years?,current,https://docs.netwrix.com/docs/policypak/misc/knowledgebase/gettingstarted/history,docs/policypak/misc/knowledgebase/gettingstarted/history.md,,,,,,
How must I prepare for my PolicyPak QuickStart / Onboarding?,current,https://docs.netwrix.com/docs/policypak/misc/knowledgebase/gettingstarted/prepare,docs/policypak/misc/knowledgebase/gettingstarted/prepare.md,,,,,,
"How does PolicyPakhandle right-click menus in Windows 11 / Why does ""Copy with PolicyPak SecureCopy™"" always show in Windows 11?",current,https://docs.netwrix.com/docs/policypak/misc/knowledgebase/gettingstarted/rightclick,docs/policypak/misc/knowledgebase/gettingstarted/rightclick.md,,,,,,
How does PolicyPak support (and not support) Windows 11?,current,https://docs.netwrix.com/docs/policypak/misc/knowledgebase/gettingstarted/windows11,docs/policypak/misc/knowledgebase/gettingstarted/windows11.md,,,,,,
How does PolicyPak support (and not support) Windows 7?,current,https://docs.netwrix.com/docs/policypak/misc/knowledgebase/gettingstarted/windows7,docs/policypak/misc/knowledgebase/gettingstarted/windows7.md,,,,,,
Knowledge Base,current,https://docs.netwrix.com/docs/policypak/misc/knowledgebase,docs/policypak/misc/knowledgebase/knowledgebase.md,,,,,,
How do I configure the MMC snap-in to open GPOs in Netwrix Auditor?,current,https://docs.netwrix.com/docs/policypak/misc/knowledgebase/netwrixauditor/mmcsnapin,docs/policypak/misc/knowledgebase/netwrixauditor/mmcsnapin.md,,,,,,
How can I minimize or eliminate requests to authenticate to Netwrix Auditor (and what permissions are needed to see PolicyPak's Netwrix Auditor Reports?),current,https://docs.netwrix.com/docs/policypak/misc/knowledgebase/netwrixauditor/permissions,docs/policypak/misc/knowledgebase/netwrixauditor/permissions.md,,,,,,
"Which items in Chrome will, and will not work when non-domain joined?",current,https://docs.netwrix.com/docs/policypak/misc/knowledgebase/nondomainjoined/chrome,docs/policypak/misc/knowledgebase/nondomainjoined/chrome.md,,,,,,
How to use Scripts Manager to manually install and enable PolicyPak Browser Router for new Edge Chromium?,current,https://docs.netwrix.com/docs/policypak/misc/knowledgebase/nondomainjoined/edge,docs/policypak/misc/knowledgebase/nondomainjoined/edge.md,,,,,,
Which PolicyPak items will not work when the computer is non-domain joined (or the computer is NEVER connected to the Internet)?,current,https://docs.netwrix.com/docs/policypak/misc/knowledgebase/nondomainjoined/limitations,docs/policypak/misc/knowledgebase/nondomainjoined/limitations.md,,,,,,
"How do I create a Secondary (or Accounting) contact within the Portal to enable another person to participate in PolicyPak (including downloads, updates, etc.)?",current,https://docs.netwrix.com/docs/policypak/misc/knowledgebase/portalquestions/adduser,docs/policypak/misc/knowledgebase/portalquestions/adduser.md,,,,,,
How can I use a checksum to validate the PolicyPak download?,current,https://docs.netwrix.com/docs/policypak/misc/knowledgebase/portalquestions/cheksum,docs/policypak/misc/knowledgebase/portalquestions/cheksum.md,,,,,,
Why can't I opt out of Emails when I'm an PolicyPak Customer?,current,https://docs.netwrix.com/docs/policypak/misc/knowledgebase/portalquestions/emailoptout,docs/policypak/misc/knowledgebase/portalquestions/emailoptout.md,,,,,,
Portal login troubleshooting,current,https://docs.netwrix.com/docs/policypak/misc/knowledgebase/portalquestions/login,docs/policypak/misc/knowledgebase/portalquestions/login.md,,,,,,
Changing a portal users information,current,https://docs.netwrix.com/docs/policypak/misc/knowledgebase/portalquestions/profileupdate,docs/policypak/misc/knowledgebase/portalquestions/profileupdate.md,,,,,,
Two-Factor Authentication in the PolicyPak Portal,current,https://docs.netwrix.com/docs/policypak/misc/knowledgebase/portalquestions/twofactorauthentication,docs/policypak/misc/knowledgebase/portalquestions/twofactorauthentication.md,,,,,,
How can use Item Level Targeting to apply a Group Policy Preferences or PolicyPak item when the user is not a member of Domain Admins and also is not a member of the local Admin group?,current,https://docs.netwrix.com/docs/policypak/misc/knowledgebase/tipstricksandfaqs/applypreferences,docs/policypak/misc/knowledgebase/tipstricksandfaqs/applypreferences.md,,,,,,
Which PolicyPak emails can / can't I opt out of ?,current,https://docs.netwrix.com/docs/policypak/misc/knowledgebase/tipstricksandfaqs/emailoptout,docs/policypak/misc/knowledgebase/tipstricksandfaqs/emailoptout.md,,,,,,
"Can I embed the PolicyPakClient Side Extension and/or PolicyPak Cloud client into a master image for VDI, MDT, Ghost, Citrix, etc?",current,https://docs.netwrix.com/docs/policypak/misc/knowledgebase/tipstricksandfaqs/embedclient,docs/policypak/misc/knowledgebase/tipstricksandfaqs/embedclient.md,,,,,,
How can I use Item Level Targeting to query Azure AD Groups?,current,https://docs.netwrix.com/docs/policypak/misc/knowledgebase/tipstricksandfaqs/entraidgroups,docs/policypak/misc/knowledgebase/tipstricksandfaqs/entraidgroups.md,,,,,,
How do I get Azure AD SIDs and use them with Item Level Targeting?,current,https://docs.netwrix.com/docs/policypak/misc/knowledgebase/tipstricksandfaqs/entraidsids,docs/policypak/misc/knowledgebase/tipstricksandfaqs/entraidsids.md,,,,,,
List of PolicyPak Event Categories and IDs,current,https://docs.netwrix.com/docs/policypak/misc/knowledgebase/tipstricksandfaqs/eventcategories,docs/policypak/misc/knowledgebase/tipstricksandfaqs/eventcategories.md,,,,,,
Windows 10 (and Server) Event Logs to Azure Log Analytics Walkthru,current,https://docs.netwrix.com/docs/policypak/misc/knowledgebase/tipstricksandfaqs/eventlogs,docs/policypak/misc/knowledgebase/tipstricksandfaqs/eventlogs.md,,,,,,
"How does PolicyPak perform Folder Redirection or OneDrive Known Folder Move (KFM) with PolicyPak Group Policy, PolicyPakMDM or PolicyPak Cloud?",current,https://docs.netwrix.com/docs/policypak/misc/knowledgebase/tipstricksandfaqs/folderredirection,docs/policypak/misc/knowledgebase/tipstricksandfaqs/folderredirection.md,,,,,,
How can I fix MMC display problems when my admin console uses high DPI?,current,https://docs.netwrix.com/docs/policypak/misc/knowledgebase/tipstricksandfaqs/mmcdisplay,docs/policypak/misc/knowledgebase/tipstricksandfaqs/mmcdisplay.md,,,,,,
Can I use both PolicyPakOn Premise mode and PolicyPak Cloud simultaneously? Do they clash?,current,https://docs.netwrix.com/docs/policypak/misc/knowledgebase/tipstricksandfaqs/onpremisecloud,docs/policypak/misc/knowledgebase/tipstricksandfaqs/onpremisecloud.md,,,,,,
Which components within the PolicyPak product family will work with what operating system?,current,https://docs.netwrix.com/docs/policypak/misc/knowledgebase/tipstricksandfaqs/operatingsystem,docs/policypak/misc/knowledgebase/tipstricksandfaqs/operatingsystem.md,,,,,,
Is the Security Group Item Level Targeting (ILT) option recursive or not?,current,https://docs.netwrix.com/docs/policypak/misc/knowledgebase/tipstricksandfaqs/securitygroup,docs/policypak/misc/knowledgebase/tipstricksandfaqs/securitygroup.md,,,,,,
Are the services installed with PolicyPak required? Can I disable them if I'm only using a single component?,current,https://docs.netwrix.com/docs/policypak/misc/knowledgebase/tipstricksandfaqs/services,docs/policypak/misc/knowledgebase/tipstricksandfaqs/services.md,,,,,,
SYSPREP Error with PolicyPak Client-Side Extension,current,https://docs.netwrix.com/docs/policypak/misc/knowledgebase/tipstricksandfaqs/syspreperror,docs/policypak/misc/knowledgebase/tipstricksandfaqs/syspreperror.md,,,,,,
How does PolicyPak handle STIGs and/or CIS Benchmarks and/or other 3rd party Advice?,current,https://docs.netwrix.com/docs/policypak/misc/knowledgebase/tipstricksandfaqs/thirdpartyadvice,docs/policypak/misc/knowledgebase/tipstricksandfaqs/thirdpartyadvice.md,,,,,,
Set and Manage the Uninstallation Password for PolicyPak Client-Side Extension,current,https://docs.netwrix.com/docs/policypak/misc/knowledgebase/tipstricksandfaqs/uninstallpassword,docs/policypak/misc/knowledgebase/tipstricksandfaqs/uninstallpassword.md,,,,,,
How can I use Item Level Targeting to specify Windows Virtual Desktops (WVD) Multi-session Windows?,current,https://docs.netwrix.com/docs/policypak/misc/knowledgebase/tipstricksandfaqs/virtualdesktops,docs/policypak/misc/knowledgebase/tipstricksandfaqs/virtualdesktops.md,,,,,,
Which Windows Client and Server are currently supported by PolicyPak?,current,https://docs.netwrix.com/docs/policypak/misc/knowledgebase/tipstricksandfaqs/windows,docs/policypak/misc/knowledgebase/tipstricksandfaqs/windows.md,,,,,,
How can I use Item Level Targeting to specify a specific Windows 10 build and/or LTSC/LTSB?,current,https://docs.netwrix.com/docs/policypak/misc/knowledgebase/tipstricksandfaqs/windows11,docs/policypak/misc/knowledgebase/tipstricksandfaqs/windows11.md,,,,,,
How do I make an Item Level Target for Windows 10 or Windows 11 endpoints,current,https://docs.netwrix.com/docs/policypak/misc/knowledgebase/tipstricksandfaqs/windowsendpoint,docs/policypak/misc/knowledgebase/tipstricksandfaqs/windowsendpoint.md,,,,,,
"How do I make an Item Level Target for Server 2016 or Server 2019 (on-prem, MDM or PolicyPak Cloud) ?",current,https://docs.netwrix.com/docs/policypak/misc/knowledgebase/tipstricksandfaqs/windowsserver2019,docs/policypak/misc/knowledgebase/tipstricksandfaqs/windowsserver2019.md,,,,,,
Why does my mail anti-virus service claim that the PolicyPak download ISO or ZIP has a virus?,current,https://docs.netwrix.com/docs/policypak/misc/knowledgebase/troubleshooting/antivirus,docs/policypak/misc/knowledgebase/troubleshooting/antivirus.md,,,,,,
"Why do I get "">PolicyPakBrowser Router couldn't connect to PolicyPak extension service. Please contact support""?",current,https://docs.netwrix.com/docs/policypak/misc/knowledgebase/troubleshooting/browserrouter,docs/policypak/misc/knowledgebase/troubleshooting/browserrouter.md,,,,,,
During CSE installation on a VM the following message is displayed indicating a reboot will be needed,current,https://docs.netwrix.com/docs/policypak/misc/knowledgebase/troubleshooting/clientsideextension,docs/policypak/misc/knowledgebase/troubleshooting/clientsideextension.md,,,,,,
"What is the processing order of all policies and how are conflicts resolved (and how can I see the final RsOP) of those policies (between GPO, Cloud, XML, etc)?",current,https://docs.netwrix.com/docs/policypak/misc/knowledgebase/troubleshooting/conflictresolved,docs/policypak/misc/knowledgebase/troubleshooting/conflictresolved.md,,,,,,
How can I present a custom dialog (or no dialog) if Browser Router (or the CSE) stops working or crashes?,current,https://docs.netwrix.com/docs/policypak/misc/knowledgebase/troubleshooting/customdialog,docs/policypak/misc/knowledgebase/troubleshooting/customdialog.md,,,,,,
How do I turn on Debug logging if asked?,current,https://docs.netwrix.com/docs/policypak/misc/knowledgebase/troubleshooting/debug,docs/policypak/misc/knowledgebase/troubleshooting/debug.md,,,,,,
Troubleshooting Item Level Targeting (ILT) Evaluations when using the PolicyPak ILT Engine,current,https://docs.netwrix.com/docs/policypak/misc/knowledgebase/troubleshooting/evaluations,docs/policypak/misc/knowledgebase/troubleshooting/evaluations.md,,,,,,
What must I send to PolicyPak support in order to get the FASTEST support?,current,https://docs.netwrix.com/docs/policypak/misc/knowledgebase/troubleshooting/fastsupport,docs/policypak/misc/knowledgebase/troubleshooting/fastsupport.md,,,,,,
Why do I get crashes and blue screens when using PolicyPak with Forcepoint DLP?,current,https://docs.netwrix.com/docs/policypak/misc/knowledgebase/troubleshooting/forepointdlp,docs/policypak/misc/knowledgebase/troubleshooting/forepointdlp.md,,,,,,
"What CSEs are contained within PolicyPak, what are their CSE GUIDs, and in what release did they appear?",current,https://docs.netwrix.com/docs/policypak/misc/knowledgebase/troubleshooting/guids,docs/policypak/misc/knowledgebase/troubleshooting/guids.md,,,,,,
How do I submit a process dump (PROCDUMP) and Process Monitor (PROCMON) capture of a hanging process?,current,https://docs.netwrix.com/docs/policypak/misc/knowledgebase/troubleshooting/hangingprocess,docs/policypak/misc/knowledgebase/troubleshooting/hangingprocess.md,,,,,,
Intel Driver and Support Assistant,current,https://docs.netwrix.com/docs/policypak/misc/knowledgebase/troubleshooting/intelgraphicdriver,docs/policypak/misc/knowledgebase/troubleshooting/intelgraphicdriver.md,,,,,,
How do I manually collect logs if PPLOGS as User or Admin does not launch?,current,https://docs.netwrix.com/docs/policypak/misc/knowledgebase/troubleshooting/manual,docs/policypak/misc/knowledgebase/troubleshooting/manual.md,,,,,,
How can I increase the depth of what PolicyPak reports (minidump files).,current,https://docs.netwrix.com/docs/policypak/misc/knowledgebase/troubleshooting/minidumpfiles,docs/policypak/misc/knowledgebase/troubleshooting/minidumpfiles.md,,,,,,
How can I use Powershell to automatically say yes to the PPLOGS prompt?,current,https://docs.netwrix.com/docs/policypak/misc/knowledgebase/troubleshooting/pplogsprompt,docs/policypak/misc/knowledgebase/troubleshooting/pplogsprompt.md,,,,,,
How to use ProcMon to track changes over time to specific registry keys,current,https://docs.netwrix.com/docs/policypak/misc/knowledgebase/troubleshooting/procmon,docs/policypak/misc/knowledgebase/troubleshooting/procmon.md,,,,,,
What are the advanced CSE troubleshooting registry debugging items?,current,https://docs.netwrix.com/docs/policypak/misc/knowledgebase/troubleshooting/registrydebug,docs/policypak/misc/knowledgebase/troubleshooting/registrydebug.md,,,,,,
What are the services installed by PolicyPak?,current,https://docs.netwrix.com/docs/policypak/misc/knowledgebase/troubleshooting/services,docs/policypak/misc/knowledgebase/troubleshooting/services.md,,,,,,
"How do I ensure that settings will revert when the policy no longer applies (by Group Policy, File, or PolicyPak Cloud)?",current,https://docs.netwrix.com/docs/policypak/misc/knowledgebase/troubleshooting/settingsrevert,docs/policypak/misc/knowledgebase/troubleshooting/settingsrevert.md,,,,,,
"I see many instances of the PolicyPak Watcher service running on my clients, is that normal?",current,https://docs.netwrix.com/docs/policypak/misc/knowledgebase/troubleshooting/watcherservice,docs/policypak/misc/knowledgebase/troubleshooting/watcherservice.md,,,,,,
Cameyo and PolicyPak Application Settings Manager,current,https://docs.netwrix.com/docs/policypak/misc/videos/cameyo/applicationsettings,docs/policypak/misc/videos/cameyo/applicationsettings.md,,,,,,
PolicyPak Browser Router + Cameyo: Right Browser for the Right Website,current,https://docs.netwrix.com/docs/policypak/misc/videos/cameyo/browserright,docs/policypak/misc/videos/cameyo/browserright.md,,,,,,
PolicyPak and Cameyo: Start Screen and Taskbar Magic Tricks,current,https://docs.netwrix.com/docs/policypak/misc/videos/cameyo/startscreen,docs/policypak/misc/videos/cameyo/startscreen.md,,,,,,
PolicyPak + Cameyo: Overcoming UAC prompts for Published Applications,current,https://docs.netwrix.com/docs/policypak/misc/videos/cameyo/uacprompts,docs/policypak/misc/videos/cameyo/uacprompts.md,,,,,,
PolicyPak and AGPM,current,https://docs.netwrix.com/docs/policypak/misc/videos/changemanagementutilities/advancedgrouppolicymanagement,docs/policypak/misc/videos/changemanagementutilities/advancedgrouppolicymanagement.md,,,,,,
PolicyPak and Quest's GPOADmin Tool,current,https://docs.netwrix.com/docs/policypak/misc/videos/changemanagementutilities/gpoadmintool,docs/policypak/misc/videos/changemanagementutilities/gpoadmintool.md,,,,,,
PolicyPak MMC: Showing History of items you create,current,https://docs.netwrix.com/docs/policypak/misc/videos/changemanagementutilities/history,docs/policypak/misc/videos/changemanagementutilities/history.md,,,,,,
PolicyPak Integrates with NetIQ GPA,current,https://docs.netwrix.com/docs/policypak/misc/videos/changemanagementutilities/netiq,docs/policypak/misc/videos/changemanagementutilities/netiq.md,,,,,,
PolicyPak and Quest (ScriptLogic) ActiveAdministrator,current,https://docs.netwrix.com/docs/policypak/misc/videos/changemanagementutilities/scriptlogicactiveadministrator,docs/policypak/misc/videos/changemanagementutilities/scriptlogicactiveadministrator.md,,,,,,
PolicyPak and SDM CHANGE MANAGER,current,https://docs.netwrix.com/docs/policypak/misc/videos/changemanagementutilities/sdmchangemanager,docs/policypak/misc/videos/changemanagementutilities/sdmchangemanager.md,,,,,,
PolicyPak + FSLogix ... Managing your Browsers with App Masking.,current,https://docs.netwrix.com/docs/policypak/misc/videos/fslogix/appmasking,docs/policypak/misc/videos/fslogix/appmasking.md,,,,,,
PolicyPak + FSLogix: The Right Browser for the Right Website,current,https://docs.netwrix.com/docs/policypak/misc/videos/fslogix/broswerright,docs/policypak/misc/videos/fslogix/broswerright.md,,,,,,
PolicyPak + FSLogix: Setting browser configuration based upon which browser you actually have.,current,https://docs.netwrix.com/docs/policypak/misc/videos/fslogix/browserconfiguration,docs/policypak/misc/videos/fslogix/browserconfiguration.md,,,,,,
PolicyPak + FSLogix: Set default browser based upon if the browser is masked or revealed,current,https://docs.netwrix.com/docs/policypak/misc/videos/fslogix/browserdefault,docs/policypak/misc/videos/fslogix/browserdefault.md,,,,,,
PolicyPak + FSLogix: Elevating applications when needed (and available by FSLogix),current,https://docs.netwrix.com/docs/policypak/misc/videos/fslogix/elevatingapplications,docs/policypak/misc/videos/fslogix/elevatingapplications.md,,,,,,
PolicyPak and FSLogix Profiles: Better Together,current,https://docs.netwrix.com/docs/policypak/misc/videos/fslogix/profiles,docs/policypak/misc/videos/fslogix/profiles.md,,,,,,
PolicyPak + FSLogix: Manage the Windows 10 Start Menu,current,https://docs.netwrix.com/docs/policypak/misc/videos/fslogix/startmenu,docs/policypak/misc/videos/fslogix/startmenu.md,,,,,,
EndpPolicyPak CSE and Admin console with ARM machines,current,https://docs.netwrix.com/docs/policypak/misc/videos/gettingstartedmisc/arm,docs/policypak/misc/videos/gettingstartedmisc/arm.md,,,,,,
PolicyPak Standalone Editor Introduction,current,https://docs.netwrix.com/docs/policypak/misc/videos/gettingstartedmisc/editor,docs/policypak/misc/videos/gettingstartedmisc/editor.md,,,,,,
PolicyPakPortal: How to download PolicyPak and get free training,current,https://docs.netwrix.com/docs/policypak/misc/videos/gettingstartedmisc/freetraining,docs/policypak/misc/videos/gettingstartedmisc/freetraining.md,,,,,,
PolicyPak Extras: SID EXPORTER,current,https://docs.netwrix.com/docs/policypak/misc/videos/gettingstartedmisc/sidexporter,docs/policypak/misc/videos/gettingstartedmisc/sidexporter.md,,,,,,
"PolicyPakSolution Methods: Group Policy, MDM, UEM Tools, and PolicyPak Cloud compared",current,https://docs.netwrix.com/docs/policypak/misc/videos/gettingstartedmisc/solutionmethods,docs/policypak/misc/videos/gettingstartedmisc/solutionmethods.md,,,,,,
Deploying PolicyPak directives without Group Policy (PolicyPak Exporter Utility),current,https://docs.netwrix.com/docs/policypak/misc/videos/methods/exporterutility,docs/policypak/misc/videos/methods/exporterutility.md,,,,,,
Deploy PolicyPak Settings Using SCCM or Other Management System!,current,https://docs.netwrix.com/docs/policypak/misc/videos/methods/sccmendpointpolicymanager,docs/policypak/misc/videos/methods/sccmendpointpolicymanager.md,,,,,,
Deploy Real Group Policy using SCCM or Other Management System!,current,https://docs.netwrix.com/docs/policypak/misc/videos/methods/sccmgrouppolicy,docs/policypak/misc/videos/methods/sccmgrouppolicy.md,,,,,,
PolicyPak and Netwrix Auditor - Demo,current,https://docs.netwrix.com/docs/policypak/misc/videos/netwrixauditor/auditordemo,docs/policypak/misc/videos/netwrixauditor/auditordemo.md,,,,,,
PolicyPak and Netwrix Auditor - Setup Steps,current,https://docs.netwrix.com/docs/policypak/misc/videos/netwrixauditor/auditorsetup,docs/policypak/misc/videos/netwrixauditor/auditorsetup.md,,,,,,
PolicyPak: Exclude Processes via ADMX,current,https://docs.netwrix.com/docs/policypak/misc/videos/troubleshooting/admx,docs/policypak/misc/videos/troubleshooting/admx.md,,,,,,
Troubleshooting with ADMX files,current,https://docs.netwrix.com/docs/policypak/misc/videos/troubleshooting/admxfiles,docs/policypak/misc/videos/troubleshooting/admxfiles.md,,,,,,
How to make a GPO backup for us to use at PolicyPak,current,https://docs.netwrix.com/docs/policypak/misc/videos/troubleshooting/gpobackup,docs/policypak/misc/videos/troubleshooting/gpobackup.md,,,,,,
Troubleshooting ILT with the ILT Validator Tool,current,https://docs.netwrix.com/docs/policypak/misc/videos/troubleshooting/itemleveltargeting,docs/policypak/misc/videos/troubleshooting/itemleveltargeting.md,,,,,,
Gathering and Uploading Logs,current,https://docs.netwrix.com/docs/policypak/misc/videos/troubleshooting/logs,docs/policypak/misc/videos/troubleshooting/logs.md,,,,,,
Testing and Troubleshooting By Renaming an endpoint Computer,current,https://docs.netwrix.com/docs/policypak/misc/videos/troubleshooting/mdm,docs/policypak/misc/videos/troubleshooting/mdm.md,,,,,,
PolicyPak User PowerShell to find all PolicyPak GPOs,current,https://docs.netwrix.com/docs/policypak/misc/videos/troubleshooting/powershell,docs/policypak/misc/videos/troubleshooting/powershell.md,,,,,,
Process Monitor 101,current,https://docs.netwrix.com/docs/policypak/misc/videos/troubleshooting/processmonitor,docs/policypak/misc/videos/troubleshooting/processmonitor.md,,,,,,
"PolicyPak CSE Troubleshooting: Unlicense all components, and re-license the one to isolate",current,https://docs.netwrix.com/docs/policypak/misc/videos/troubleshooting/unlicense,docs/policypak/misc/videos/troubleshooting/unlicense.md,,,,,,
"PolicyPak Application Settings Manager: Backup, Restore, Export, Import",current,https://docs.netwrix.com/docs/policypak/misc/videos/upgradingmaintenance/backup,docs/policypak/misc/videos/upgradingmaintenance/backup.md,,,,,,
PolicyPak: Backup and Restore Options to Recover from nearly any problem,current,https://docs.netwrix.com/docs/policypak/misc/videos/upgradingmaintenance/backupoptions,docs/policypak/misc/videos/upgradingmaintenance/backupoptions.md,,,,,,
Video Learning Center,current,https://docs.netwrix.com/docs/policypak/misc/videos/videolearningcenter,docs/policypak/misc/videos/videolearningcenter.md,,,,,,
PolicyPak + WVD: Reducing number of GPOs and using GPOs with Brains,current,https://docs.netwrix.com/docs/policypak/misc/videos/windowsvirtualdesktops/admintemplatemanager,docs/policypak/misc/videos/windowsvirtualdesktops/admintemplatemanager.md,,,,,,
PolicyPak + WVD: Manage Applications Settings,current,https://docs.netwrix.com/docs/policypak/misc/videos/windowsvirtualdesktops/applicationsettings,docs/policypak/misc/videos/windowsvirtualdesktops/applicationsettings.md,,,,,,
PolicyPak + WVD: Browser Router ... the right browser for the right website,current,https://docs.netwrix.com/docs/policypak/misc/videos/windowsvirtualdesktops/browserrouter,docs/policypak/misc/videos/windowsvirtualdesktops/browserrouter.md,,,,,,
PolicyPak + WVD: Elevate application inside WVD and bypass UAC prompts,current,https://docs.netwrix.com/docs/policypak/misc/videos/windowsvirtualdesktops/elevateapplication,docs/policypak/misc/videos/windowsvirtualdesktops/elevateapplication.md,,,,,,
PolicyPak + WVD: Elevate the installation of the Remote Deskop app,current,https://docs.netwrix.com/docs/policypak/misc/videos/windowsvirtualdesktops/elevateinstall,docs/policypak/misc/videos/windowsvirtualdesktops/elevateinstall.md,,,,,,
PolicyPak & WVD (Windows Virtual Desktop) Getting Started,current,https://docs.netwrix.com/docs/policypak/misc/videos/windowsvirtualdesktops/gettingstarted,docs/policypak/misc/videos/windowsvirtualdesktops/gettingstarted.md,,,,,,
Least Privilege Manager + Windows Virtual Desktop,current,https://docs.netwrix.com/docs/policypak/misc/videos/windowsvirtualdesktops/leastprivilege,docs/policypak/misc/videos/windowsvirtualdesktops/leastprivilege.md,,,,,,
PolicyPak + WVD: Manage the Start Screen and Taskbar,current,https://docs.netwrix.com/docs/policypak/misc/videos/windowsvirtualdesktops/startscreen,docs/policypak/misc/videos/windowsvirtualdesktops/startscreen.md,,,,,,
PolicyPak + Windows Virtual Desktop .. Better Together Tour,current,https://docs.netwrix.com/docs/policypak/misc/videos/windowsvirtualdesktops/tour,docs/policypak/misc/videos/windowsvirtualdesktops/tour.md,,,,,,
Deploying the Client-Side Extension to Multiple Clients,current,https://docs.netwrix.com/docs/policypak/tipstricksandfaqs/clientsideextension,docs/policypak/tipstricksandfaqs/clientsideextension.md,,,,,,
PolicyPak and PowerShell,current,https://docs.netwrix.com/docs/policypak/tipstricksandfaqs/powershell,docs/policypak/tipstricksandfaqs/powershell.md,,,,,,
How must I configure my Anti-virus or system-level software to work with PolicyPak CSE?,current,https://docs.netwrix.com/docs/policypak/upgrademaintenance/antivirussystemsoftware/antivirus,docs/policypak/upgrademaintenance/antivirussystemsoftware/antivirus.md,,,,,,
I want to use PolicyPakwith Citrix App Layering (aka Unidesk). At which layer should I implement the PolicyPak Client Side Extension?,current,https://docs.netwrix.com/docs/policypak/upgrademaintenance/antivirussystemsoftware/citrixapplayering,docs/policypak/upgrademaintenance/antivirussystemsoftware/citrixapplayering.md,,,,,,
Why am I prompted about a Digitally Signed Driver for PolicyPak CSE (and how do I work around it)?,current,https://docs.netwrix.com/docs/policypak/upgrademaintenance/antivirussystemsoftware/digitallysigneddriver,docs/policypak/upgrademaintenance/antivirussystemsoftware/digitallysigneddriver.md,,,,,,
AntiVirus and System Software Overview,current,https://docs.netwrix.com/docs/policypak/upgrademaintenance/antivirussystemsoftware/overview,docs/policypak/upgrademaintenance/antivirussystemsoftware/overview.md,,,,,,
"Why won't the PolicyPak services start, with an error like (or similar to) ""Verify that you have sufficient privileges to start system services.""?",current,https://docs.netwrix.com/docs/policypak/upgrademaintenance/antivirussystemsoftware/sufficientprivileges,docs/policypak/upgrademaintenance/antivirussystemsoftware/sufficientprivileges.md,,,,,,
How to trigger an update of the PolicyPakClient Side Extension and Cloud Client via command line using PolicyPak Cloud versus Group Policy (OnPrem) Edition,current,https://docs.netwrix.com/docs/policypak/upgrademaintenance/bestpractices/commandline,docs/policypak/upgrademaintenance/bestpractices/commandline.md,,,,,,
"How often is PolicyPak updated? And, must I update to the latest version? Are all versions supported?",current,https://docs.netwrix.com/docs/policypak/upgrademaintenance/bestpractices/frequency_1,docs/policypak/upgrademaintenance/bestpractices/frequency_1.md,,,,,,
When should I upgrade or not upgrade the PolicyPak CSE?,current,https://docs.netwrix.com/docs/policypak/upgrademaintenance/bestpractices/frequency,docs/policypak/upgrademaintenance/bestpractices/frequency.md,,,,,,
Best Practices Overview,current,https://docs.netwrix.com/docs/policypak/upgrademaintenance/bestpractices/overview,docs/policypak/upgrademaintenance/bestpractices/overview.md,,,,,,
Using Rings to Test and Update the PolicyPak Client-Side Extension and/or Cloud Client (And How to Stay Supported),current,https://docs.netwrix.com/docs/policypak/upgrademaintenance/bestpractices/rings,docs/policypak/upgrademaintenance/bestpractices/rings.md,,,,,,
What are the PolicyPak Build and Version numbers?,current,https://docs.netwrix.com/docs/policypak/upgrademaintenance/bestpractices/versions,docs/policypak/upgrademaintenance/bestpractices/versions.md,,,,,,
Upgrade & Maintenance Overview,current,https://docs.netwrix.com/docs/policypak/upgrademaintenance/overview,docs/policypak/upgrademaintenance/overview.md,,,,,,
How would I verify if PolicyPak Client Side Extension is / is not causing high or CPU disk slowdowns?,current,https://docs.netwrix.com/docs/policypak/upgrademaintenance/performancequestions/cpuslowdown,docs/policypak/upgrademaintenance/performancequestions/cpuslowdown.md,,,,,,
Performance Questions Overview,current,https://docs.netwrix.com/docs/policypak/upgrademaintenance/performancequestions/overview,docs/policypak/upgrademaintenance/performancequestions/overview.md,,,,,,
"I see many instances of the PolicyPak Watcher (ppWatcher) service running on my clients, is that normal? And how can I check memory usage?",current,https://docs.netwrix.com/docs/policypak/upgrademaintenance/performancequestions/watcherservicememoryusage,docs/policypak/upgrademaintenance/performancequestions/watcherservicememoryusage.md,,,,,,
Upgrade Guidance,current,https://docs.netwrix.com/docs/policypak/upgrademaintenance/upgrade/overview,docs/policypak/upgrademaintenance/upgrade/overview.md,,,,,,
Rings with PolicyPak and Active Directory,current,https://docs.netwrix.com/docs/policypak/upgrademaintenance/upgrade/rings/activedirectory,docs/policypak/upgrademaintenance/upgrade/rings/activedirectory.md,,,,,,
Rings with PolicyPak Cloud,current,https://docs.netwrix.com/docs/policypak/upgrademaintenance/upgrade/rings/cloud,docs/policypak/upgrademaintenance/upgrade/rings/cloud.md,,,,,,
Final Thoughts on Rings,current,https://docs.netwrix.com/docs/policypak/upgrademaintenance/upgrade/rings/finalthoughts,docs/policypak/upgrademaintenance/upgrade/rings/finalthoughts.md,,,,,,
Rings with PolicyPak and an MDM Service,current,https://docs.netwrix.com/docs/policypak/upgrademaintenance/upgrade/rings/mdm,docs/policypak/upgrademaintenance/upgrade/rings/mdm.md,,,,,,
Understanding Rings,current,https://docs.netwrix.com/docs/policypak/upgrademaintenance/upgrade/rings/overview,docs/policypak/upgrademaintenance/upgrade/rings/overview.md,,,,,,
Specific Upgrades for Application Settings Manager,current,https://docs.netwrix.com/docs/policypak/upgrademaintenance/upgrade/settings,docs/policypak/upgrademaintenance/upgrade/settings.md,,,,,,
Upgrading Tips,current,https://docs.netwrix.com/docs/policypak/upgrademaintenance/upgrade/tips,docs/policypak/upgrademaintenance/upgrade/tips.md,,,,,,
