document_title,version,live_page_url,source_path,duplicates,reviewer,audited,fixed,notes
Access Certification Page,25.12,https://docs.netwrix.com/docs/privilegesecure/25_12/admin/AuditReporting/accesscertification,docs/privilegesecure/25.12/admin/AuditReporting/accesscertification/accesscertification.md,,,,,
Add Access Certification Task,25.12,https://docs.netwrix.com/docs/privilegesecure/25_12/admin/AuditReporting/accesscertification/accesscertificationtask,docs/privilegesecure/25.12/admin/AuditReporting/accesscertification/accesscertificationtask.md,4.2,,,,
Users Tab for Access Certification,25.12,https://docs.netwrix.com/docs/privilegesecure/25_12/admin/AuditReporting/accesscertification/users,docs/privilegesecure/25.12/admin/AuditReporting/accesscertification/users.md,,,,,
Activity Log Page,25.12,https://docs.netwrix.com/docs/privilegesecure/25_12/admin/AuditReporting/activitylog,docs/privilegesecure/25.12/admin/AuditReporting/activitylog.md,4.2,,,,
DB Change History Page,25.12,https://docs.netwrix.com/docs/privilegesecure/25_12/admin/AuditReporting/dbchangehistory,docs/privilegesecure/25.12/admin/AuditReporting/dbchangehistory.md,4.2,,,,
Events Page,25.12,https://docs.netwrix.com/docs/privilegesecure/25_12/admin/AuditReporting/events,docs/privilegesecure/25.12/admin/AuditReporting/events.md,,,,,
Log File Options Pages,25.12,https://docs.netwrix.com/docs/privilegesecure/25_12/admin/AuditReporting/logfiles/logfileoptions,docs/privilegesecure/25.12/admin/AuditReporting/logfiles/logfileoptions.md,4.2,,,,
Log Files Page,25.12,https://docs.netwrix.com/docs/privilegesecure/25_12/admin/AuditReporting/logfiles,docs/privilegesecure/25.12/admin/AuditReporting/logfiles/logfiles.md,4.2,,,,
Reporting,25.12,https://docs.netwrix.com/docs/privilegesecure/25_12/admin/AuditReporting/reporting,docs/privilegesecure/25.12/admin/AuditReporting/reporting.md,,,,,
Authentication Page,25.12,https://docs.netwrix.com/docs/privilegesecure/25_12/admin/configuration/authentication,docs/privilegesecure/25.12/admin/configuration/authentication/authentication.md,,,,,
Bring Your Own Vault (BYOV) Connector Configuration,25.12,https://docs.netwrix.com/docs/privilegesecure/25_12/admin/configuration/integrationconnector/integrationbyov/byovconnectorconfig,docs/privilegesecure/25.12/admin/configuration/integrationconnector/integrationbyov/byovconnectorconfig.md,,,,,
Integration Connectors Page,25.12,https://docs.netwrix.com/docs/privilegesecure/25_12/admin/configuration/integrationconnector/integrationconnectors,docs/privilegesecure/25.12/admin/configuration/integrationconnector/integrationconnectors.md,,,,,
Password Secure Integration,25.12,https://docs.netwrix.com/docs/privilegesecure/25_12/admin/configuration/integrationconnector/integrationpasswordsecure,docs/privilegesecure/25.12/admin/configuration/integrationconnector/integrationpasswordsecure.md,,,,,
Configuration Interface,25.12,https://docs.netwrix.com/docs/privilegesecure/25_12/admin/configuration/interface_1,docs/privilegesecure/25.12/admin/configuration/interface_1.md,4.2,,,,
Microsoft Entra ID App Registration,25.12,https://docs.netwrix.com/docs/privilegesecure/25_12/admin/configuration/serviceaccounts/entraidappregistration,docs/privilegesecure/25.12/admin/configuration/serviceaccounts/entraidappregistration.md,,,,,
Service Accounts Page,25.12,https://docs.netwrix.com/docs/privilegesecure/25_12/admin/configuration/serviceaccounts,docs/privilegesecure/25.12/admin/configuration/serviceaccounts/serviceaccounts.md,,,,,
Scheduled Tasks Page,25.12,https://docs.netwrix.com/docs/privilegesecure/25_12/admin/configuration/servicenodes/scheduledtasks,docs/privilegesecure/25.12/admin/configuration/servicenodes/scheduledtasks.md,4.2,,,,
Service Nodes Page,25.12,https://docs.netwrix.com/docs/privilegesecure/25_12/admin/configuration/servicenodes/servicenodes,docs/privilegesecure/25.12/admin/configuration/servicenodes/servicenodes/servicenodes.md,,,,,
SIEM Server Page,25.12,https://docs.netwrix.com/docs/privilegesecure/25_12/admin/configuration/siempages/siemserver,docs/privilegesecure/25.12/admin/configuration/siempages/siemserver.md,,,,,
SIEM Templates Page,25.12,https://docs.netwrix.com/docs/privilegesecure/25_12/admin/configuration/siempages/siemtemplates,docs/privilegesecure/25.12/admin/configuration/siempages/siemtemplates.md,,,,,
Action Service Settings Page,25.12,https://docs.netwrix.com/docs/privilegesecure/25_12/admin/configuration/systemsettingspages/actionservicesettings,docs/privilegesecure/25.12/admin/configuration/systemsettingspages/actionservicesettings.md,4.2,,,,
Database Page,25.12,https://docs.netwrix.com/docs/privilegesecure/25_12/admin/configuration/systemsettingspages/database,docs/privilegesecure/25.12/admin/configuration/systemsettingspages/database.md,4.2,,,,
Email Configuration Page,25.12,https://docs.netwrix.com/docs/privilegesecure/25_12/admin/configuration/systemsettingspages/emailconfiguration,docs/privilegesecure/25.12/admin/configuration/systemsettingspages/emailconfiguration.md,4.2,,,,
Global Settings Page,25.12,https://docs.netwrix.com/docs/privilegesecure/25_12/admin/configuration/systemsettingspages/globalsettings,docs/privilegesecure/25.12/admin/configuration/systemsettingspages/globalsettings.md,,,,,
Local Account Password Options Page,25.12,https://docs.netwrix.com/docs/privilegesecure/25_12/admin/configuration/systemsettingspages/localaccountpasswordoptions,docs/privilegesecure/25.12/admin/configuration/systemsettingspages/localaccountpasswordoptions.md,4.2,,,,
Password History Options Page,25.12,https://docs.netwrix.com/docs/privilegesecure/25_12/admin/configuration/systemsettingspages/passwordhistoryoptions,docs/privilegesecure/25.12/admin/configuration/systemsettingspages/passwordhistoryoptions.md,4.2,,,,
Services Page,25.12,https://docs.netwrix.com/docs/privilegesecure/25_12/admin/configuration/systemsettingspages/services,docs/privilegesecure/25.12/admin/configuration/systemsettingspages/services.md,,,,,
Active Dashboard,25.12,https://docs.netwrix.com/docs/privilegesecure/25_12/admin/dashboard/active,docs/privilegesecure/25.12/admin/dashboard/active/active.md,,,,,
Lock Session,25.12,https://docs.netwrix.com/docs/privilegesecure/25_12/admin/dashboard/active/locksession,docs/privilegesecure/25.12/admin/dashboard/active/locksession.md,,,,,
Terminate Proxy Session Window,25.12,https://docs.netwrix.com/docs/privilegesecure/25_12/admin/dashboard/active/terminateproxysession,docs/privilegesecure/25.12/admin/dashboard/active/terminateproxysession.md,4.2,,,,
Approvals Dashboard,25.12,https://docs.netwrix.com/docs/privilegesecure/25_12/admin/dashboard/approvals,docs/privilegesecure/25.12/admin/dashboard/approvals.md,,,,,
Credentials Dashboard,25.12,https://docs.netwrix.com/docs/privilegesecure/25_12/admin/dashboard/credentials,docs/privilegesecure/25.12/admin/dashboard/credentials.md,,,,,
Historical Dashboard,25.12,https://docs.netwrix.com/docs/privilegesecure/25_12/admin/dashboard/historical,docs/privilegesecure/25.12/admin/dashboard/historical/historical.md,,,,,
Resources Dashboard,25.12,https://docs.netwrix.com/docs/privilegesecure/25_12/admin/dashboard/resources,docs/privilegesecure/25.12/admin/dashboard/resources.md,,,,,
Scheduled Dashboard,25.12,https://docs.netwrix.com/docs/privilegesecure/25_12/admin/dashboard/scheduled,docs/privilegesecure/25.12/admin/dashboard/scheduled.md,,,,,
Users Dashboard,25.12,https://docs.netwrix.com/docs/privilegesecure/25_12/admin/dashboard/users,docs/privilegesecure/25.12/admin/dashboard/users.md,4.2,,,,
Access Policy Page,25.12,https://docs.netwrix.com/docs/privilegesecure/25_12/admin/interface/accesspolicy,docs/privilegesecure/25.12/admin/interface/accesspolicy/accesspolicy.md,,,,,
Add Activity Token Complexity Policy,25.12,https://docs.netwrix.com/docs/privilegesecure/25_12/admin/interface/accesspolicy/activitytokencomplex/activitytokencomplexity_1,docs/privilegesecure/25.12/admin/interface/accesspolicy/activitytokencomplex/activitytokencomplexity_1.md,4.2,,,,
Activity Token Complexity Page,25.12,https://docs.netwrix.com/docs/privilegesecure/25_12/admin/interface/accesspolicy/activitytokencomplex/activitytokencomplexity,docs/privilegesecure/25.12/admin/interface/accesspolicy/activitytokencomplex/activitytokencomplexity.md,,,,,
Add Access Policy,25.12,https://docs.netwrix.com/docs/privilegesecure/25_12/admin/interface/accesspolicy/addaccesspolicy,docs/privilegesecure/25.12/admin/interface/accesspolicy/addaccesspolicy.md,,,,,
Add Connection Profile,25.12,https://docs.netwrix.com/docs/privilegesecure/25_12/admin/interface/accesspolicy/connectionprofiles/connectionprofile,docs/privilegesecure/25.12/admin/interface/accesspolicy/connectionprofiles/connectionprofile.md,,,,,
Add Approval Workflow,25.12,https://docs.netwrix.com/docs/privilegesecure/25_12/admin/interface/accesspolicy/connectionprofiles/connectionprofileapproval,docs/privilegesecure/25.12/admin/interface/accesspolicy/connectionprofiles/connectionprofileapproval.md,,,,,
Connection Profiles Page,25.12,https://docs.netwrix.com/docs/privilegesecure/25_12/admin/interface/accesspolicy/connectionprofiles,docs/privilegesecure/25.12/admin/interface/accesspolicy/connectionprofiles/connectionprofiles.md,,,,,
Credential Based Access Policies,25.12,https://docs.netwrix.com/docs/privilegesecure/25_12/admin/interface/accesspolicy/credentials,docs/privilegesecure/25.12/admin/interface/accesspolicy/credentials.md,,,,,
Activities Tab for Resource Based Access Policies,25.12,https://docs.netwrix.com/docs/privilegesecure/25_12/admin/interface/accesspolicy/resourcebasedpolicyt/activities,docs/privilegesecure/25.12/admin/interface/accesspolicy/resourcebasedpolicyt/activities/activities.md,4.2,,,,
Add Activities and Activity Groups Window,25.12,https://docs.netwrix.com/docs/privilegesecure/25_12/admin/interface/accesspolicy/resourcebasedpolicyt/activities/addactivitiesandactivitygroups,docs/privilegesecure/25.12/admin/interface/accesspolicy/resourcebasedpolicyt/activities/addactivitiesandactivitygroups.md,,,,,
Add Resources and Resource Groups Window,25.12,https://docs.netwrix.com/docs/privilegesecure/25_12/admin/interface/accesspolicy/resourcebasedpolicyt/resources/addresourcesandresourcegroups,docs/privilegesecure/25.12/admin/interface/accesspolicy/resourcebasedpolicyt/resources/addresourcesandresourcegroups.md,,,,,
Resources Tab for Resource Based Access Policies,25.12,https://docs.netwrix.com/docs/privilegesecure/25_12/admin/interface/accesspolicy/resourcebasedpolicyt/resources,docs/privilegesecure/25.12/admin/interface/accesspolicy/resourcebasedpolicyt/resources/resources.md,4.2,,,,
Users Tab for Resource Based Access Policies,25.12,https://docs.netwrix.com/docs/privilegesecure/25_12/admin/interface/accesspolicy/resourcebasedpolicyt/users,docs/privilegesecure/25.12/admin/interface/accesspolicy/resourcebasedpolicyt/users.md,,,,,
SSH Command Restriction,25.12,https://docs.netwrix.com/docs/privilegesecure/25_12/admin/interface/accesspolicy/sshcommands,docs/privilegesecure/25.12/admin/interface/accesspolicy/sshcommands.md,,,,,
Activities Page,25.12,https://docs.netwrix.com/docs/privilegesecure/25_12/admin/interface/activities,docs/privilegesecure/25.12/admin/interface/activities/activities.md,,,,,
Add Activity,25.12,https://docs.netwrix.com/docs/privilegesecure/25_12/admin/interface/activities/activity,docs/privilegesecure/25.12/admin/interface/activities/activity/activity.md,,,,,
Login Account Templates,25.12,https://docs.netwrix.com/docs/privilegesecure/25_12/admin/interface/activities/activity/activityloginaccounttemplates,docs/privilegesecure/25.12/admin/interface/activities/activity/activityloginaccounttemplates.md,,,,,
Add Activity Groups,25.12,https://docs.netwrix.com/docs/privilegesecure/25_12/admin/interface/activities/activitygroups/activitygroup,docs/privilegesecure/25.12/admin/interface/activities/activitygroups/activitygroup.md,4.2,,,,
Activity Groups Page,25.12,https://docs.netwrix.com/docs/privilegesecure/25_12/admin/interface/activities/activitygroups,docs/privilegesecure/25.12/admin/interface/activities/activitygroups/activitygroups.md,,,,,
Add Activities Window,25.12,https://docs.netwrix.com/docs/privilegesecure/25_12/admin/interface/activities/activitygroups/addactivities,docs/privilegesecure/25.12/admin/interface/activities/activitygroups/addactivities.md,,,,,
Action Types,25.12,https://docs.netwrix.com/docs/privilegesecure/25_12/admin/interface/activities/addaction/activityactiontypes,docs/privilegesecure/25.12/admin/interface/activities/addaction/activityactiontypes.md,,,,,
Add Action Window,25.12,https://docs.netwrix.com/docs/privilegesecure/25_12/admin/interface/activities/addaction,docs/privilegesecure/25.12/admin/interface/activities/addaction/addaction.md,,,,,
Account Dependencies Window,25.12,https://docs.netwrix.com/docs/privilegesecure/25_12/admin/interface/credentials/accountdependencies,docs/privilegesecure/25.12/admin/interface/credentials/accountdependencies.md,,,,,
Add Credentials Window,25.12,https://docs.netwrix.com/docs/privilegesecure/25_12/admin/interface/credentials/credentialgroups/addcredentials,docs/privilegesecure/25.12/admin/interface/credentials/credentialgroups/addcredentials.md,4.2,,,,
Add Credential Groups,25.12,https://docs.netwrix.com/docs/privilegesecure/25_12/admin/interface/credentials/credentialgroups/credentialgroup,docs/privilegesecure/25.12/admin/interface/credentials/credentialgroups/credentialgroup.md,4.2,,,,
Credential Groups Page,25.12,https://docs.netwrix.com/docs/privilegesecure/25_12/admin/interface/credentials/credentialgroups,docs/privilegesecure/25.12/admin/interface/credentials/credentialgroups/credentialgroups.md,,,,,
Add Credential Policy Override,25.12,https://docs.netwrix.com/docs/privilegesecure/25_12/admin/interface/credentials/credentialpolicyover/credentialpolicyoverrides_1,docs/privilegesecure/25.12/admin/interface/credentials/credentialpolicyover/credentialpolicyoverrides_1.md,4.2,,,,
Credential Policy Overrides Page,25.12,https://docs.netwrix.com/docs/privilegesecure/25_12/admin/interface/credentials/credentialpolicyover/credentialpolicyoverrides,docs/privilegesecure/25.12/admin/interface/credentials/credentialpolicyover/credentialpolicyoverrides.md,,,,,
Rotation Methods,25.12,https://docs.netwrix.com/docs/privilegesecure/25_12/admin/interface/credentials/credentialrotationmethod,docs/privilegesecure/25.12/admin/interface/credentials/credentialrotationmethod.md,4.2,,,,
Credentials Page,25.12,https://docs.netwrix.com/docs/privilegesecure/25_12/admin/interface/credentials,docs/privilegesecure/25.12/admin/interface/credentials/credentials.md,,,,,
Manage Internal Service Accounts,25.12,https://docs.netwrix.com/docs/privilegesecure/25_12/admin/interface/credentials/manageinternalserviceaccount,docs/privilegesecure/25.12/admin/interface/credentials/manageinternalserviceaccount.md,,,,,
Password History Window,25.12,https://docs.netwrix.com/docs/privilegesecure/25_12/admin/interface/credentials/passwordhistory,docs/privilegesecure/25.12/admin/interface/credentials/passwordhistory.md,4.2,,,,
View Password Window,25.12,https://docs.netwrix.com/docs/privilegesecure/25_12/admin/interface/credentials/viewpassword,docs/privilegesecure/25.12/admin/interface/credentials/viewpassword.md,4.2,,,,
Policy Interface,25.12,https://docs.netwrix.com/docs/privilegesecure/25_12/admin/interface,docs/privilegesecure/25.12/admin/interface/interface.md,,,,,
Platforms Page,25.12,https://docs.netwrix.com/docs/privilegesecure/25_12/admin/interface/platforms/overview,docs/privilegesecure/25.12/admin/interface/platforms/overview.md,4.2,,,,
Add Password Complexity Policy,25.12,https://docs.netwrix.com/docs/privilegesecure/25_12/admin/interface/platforms/passwordcomplexity/passwordcomplexity_1,docs/privilegesecure/25.12/admin/interface/platforms/passwordcomplexity/passwordcomplexity_1.md,4.2,,,,
Password Complexity Page,25.12,https://docs.netwrix.com/docs/privilegesecure/25_12/admin/interface/platforms/passwordcomplexity,docs/privilegesecure/25.12/admin/interface/platforms/passwordcomplexity/passwordcomplexity.md,,,,,
Active Directory Platform Policy Configuration,25.12,https://docs.netwrix.com/docs/privilegesecure/25_12/admin/interface/platforms/platforms/activedirectory,docs/privilegesecure/25.12/admin/interface/platforms/platforms/activedirectory.md,,,,,
Cisco Platform Policy Configuration,25.12,https://docs.netwrix.com/docs/privilegesecure/25_12/admin/interface/platforms/platforms/cisco,docs/privilegesecure/25.12/admin/interface/platforms/platforms/cisco.md,,,,,
Microsoft Entra ID Platform Policy Configuration,25.12,https://docs.netwrix.com/docs/privilegesecure/25_12/admin/interface/platforms/platforms/entraid,docs/privilegesecure/25.12/admin/interface/platforms/platforms/entraid.md,,,,,
Linux Platform Policy Configuration,25.12,https://docs.netwrix.com/docs/privilegesecure/25_12/admin/interface/platforms/platforms/linux,docs/privilegesecure/25.12/admin/interface/platforms/platforms/linux.md,,,,,
Microsoft SQL Server Platform Policy Configuration,25.12,https://docs.netwrix.com/docs/privilegesecure/25_12/admin/interface/platforms/platforms/mssql,docs/privilegesecure/25.12/admin/interface/platforms/platforms/mssql.md,,,,,
Oracle Platform Policy Configuration,25.12,https://docs.netwrix.com/docs/privilegesecure/25_12/admin/interface/platforms/platforms/oracle,docs/privilegesecure/25.12/admin/interface/platforms/platforms/oracle.md,,,,,
Secret Vault Platform Policy Configuration,25.12,https://docs.netwrix.com/docs/privilegesecure/25_12/admin/interface/platforms/platforms/secretvault,docs/privilegesecure/25.12/admin/interface/platforms/platforms/secretvault.md,,,,,
Web Site Platform Policy Configuration,25.12,https://docs.netwrix.com/docs/privilegesecure/25_12/admin/interface/platforms/platforms/website,docs/privilegesecure/25.12/admin/interface/platforms/platforms/website.md,,,,,
Windows Platform Policy Configuration,25.12,https://docs.netwrix.com/docs/privilegesecure/25_12/admin/interface/platforms/platforms/windows,docs/privilegesecure/25.12/admin/interface/platforms/platforms/windows.md,,,,,
Schedule Policies Page,25.12,https://docs.netwrix.com/docs/privilegesecure/25_12/admin/interface/platforms/schedulepolicies,docs/privilegesecure/25.12/admin/interface/platforms/schedulepolicies/schedulepolicies.md,4.2,,,,
Edit Schedule Policy,25.12,https://docs.netwrix.com/docs/privilegesecure/25_12/admin/interface/platforms/schedulepolicies/schedulepolicy_1,docs/privilegesecure/25.12/admin/interface/platforms/schedulepolicies/schedulepolicy_1.md,,,,,
Add Schedule Policy,25.12,https://docs.netwrix.com/docs/privilegesecure/25_12/admin/interface/platforms/schedulepolicies/schedulepolicy,docs/privilegesecure/25.12/admin/interface/platforms/schedulepolicies/schedulepolicy.md,,,,,
Allowed Members Tab for Protection Policies,25.12,https://docs.netwrix.com/docs/privilegesecure/25_12/admin/interface/protectionpolicies/allowedmembers,docs/privilegesecure/25.12/admin/interface/protectionpolicies/allowedmembers.md,,,,,
Protection Policies Page,25.12,https://docs.netwrix.com/docs/privilegesecure/25_12/admin/interface/protectionpolicies,docs/privilegesecure/25.12/admin/interface/protectionpolicies/protectionpolicies.md,,,,,
Add Protection Policy,25.12,https://docs.netwrix.com/docs/privilegesecure/25_12/admin/interface/protectionpolicies/protectionpolicy,docs/privilegesecure/25.12/admin/interface/protectionpolicies/protectionpolicy.md,4.2,,,,
Add Resources Window for Protected Policy,25.12,https://docs.netwrix.com/docs/privilegesecure/25_12/admin/interface/protectionpolicies/resources/addresources,docs/privilegesecure/25.12/admin/interface/protectionpolicies/resources/addresources.md,,,,,
Resources Tab for Protection Policies,25.12,https://docs.netwrix.com/docs/privilegesecure/25_12/admin/interface/protectionpolicies/resources,docs/privilegesecure/25.12/admin/interface/protectionpolicies/resources/resources.md,4.2,,,,
Schedule Tab for Protection Policies,25.12,https://docs.netwrix.com/docs/privilegesecure/25_12/admin/interface/protectionpolicies/schedule,docs/privilegesecure/25.12/admin/interface/protectionpolicies/schedule.md,4.2,,,,
Add Resources Window,25.12,https://docs.netwrix.com/docs/privilegesecure/25_12/admin/interface/resources/addserver/addsourcesonboard,docs/privilegesecure/25.12/admin/interface/resources/addserver/addsourcesonboard.md,,,,,
Create Resource Import CSV File,25.12,https://docs.netwrix.com/docs/privilegesecure/25_12/admin/interface/resources/addserver/resourceimportcsv,docs/privilegesecure/25.12/admin/interface/resources/addserver/resourceimportcsv.md,,,,,
Add Database,25.12,https://docs.netwrix.com/docs/privilegesecure/25_12/admin/interface/resources/database,docs/privilegesecure/25.12/admin/interface/resources/database.md,,,,,
Databases Tab,25.12,https://docs.netwrix.com/docs/privilegesecure/25_12/admin/interface/resources/detailspages/databases/databases_1,docs/privilegesecure/25.12/admin/interface/resources/detailspages/databases/databases_1.md,4.2,,,,
Database Details Page,25.12,https://docs.netwrix.com/docs/privilegesecure/25_12/admin/interface/resources/detailspages/databases,docs/privilegesecure/25.12/admin/interface/resources/detailspages/databases/databases.md,,,,,
Computers Tab for Domain,25.12,https://docs.netwrix.com/docs/privilegesecure/25_12/admin/interface/resources/detailspages/domain/computersdomain,docs/privilegesecure/25.12/admin/interface/resources/detailspages/domain/computersdomain/computersdomain.md,4.2,,,,
Enroll Hosts in Management Window,25.12,https://docs.netwrix.com/docs/privilegesecure/25_12/admin/interface/resources/detailspages/domain/computersdomain/enrollhostsinmanagement,docs/privilegesecure/25.12/admin/interface/resources/detailspages/domain/computersdomain/enrollhostsinmanagement.md,4.2,,,,
Domain Details Page,25.12,https://docs.netwrix.com/docs/privilegesecure/25_12/admin/interface/resources/detailspages/domain,docs/privilegesecure/25.12/admin/interface/resources/detailspages/domain/domain.md,,,,,
Groups Tab for Domain,25.12,https://docs.netwrix.com/docs/privilegesecure/25_12/admin/interface/resources/detailspages/domain/groupsdomain,docs/privilegesecure/25.12/admin/interface/resources/detailspages/domain/groupsdomain.md,4.2,,,,
History Tab for Domain,25.12,https://docs.netwrix.com/docs/privilegesecure/25_12/admin/interface/resources/detailspages/domain/historydomain,docs/privilegesecure/25.12/admin/interface/resources/detailspages/domain/historydomain.md,4.2,,,,
Sync Errors Tab for Domain,25.12,https://docs.netwrix.com/docs/privilegesecure/25_12/admin/interface/resources/detailspages/domain/syncerrorsdomain,docs/privilegesecure/25.12/admin/interface/resources/detailspages/domain/syncerrorsdomain.md,4.2,,,,
Users Tab for Domain,25.12,https://docs.netwrix.com/docs/privilegesecure/25_12/admin/interface/resources/detailspages/domain/usersdomain,docs/privilegesecure/25.12/admin/interface/resources/detailspages/domain/usersdomain.md,,,,,
Access Policies Tab for Microsoft Entra ID,25.12,https://docs.netwrix.com/docs/privilegesecure/25_12/admin/interface/resources/detailspages/entraid/accesspoliciesentraid,docs/privilegesecure/25.12/admin/interface/resources/detailspages/entraid/accesspoliciesentraid.md,4.2,,,,
Applications Tab for Microsoft Entra ID,25.12,https://docs.netwrix.com/docs/privilegesecure/25_12/admin/interface/resources/detailspages/entraid/applicationsentraid,docs/privilegesecure/25.12/admin/interface/resources/detailspages/entraid/applicationsentraid.md,4.2,,,,
Microsoft Entra ID Details Page,25.12,https://docs.netwrix.com/docs/privilegesecure/25_12/admin/interface/resources/detailspages/entraid,docs/privilegesecure/25.12/admin/interface/resources/detailspages/entraid/entraid.md,,,,,
Groups Tab for Microsoft Entra ID,25.12,https://docs.netwrix.com/docs/privilegesecure/25_12/admin/interface/resources/detailspages/entraid/groupsentraid,docs/privilegesecure/25.12/admin/interface/resources/detailspages/entraid/groupsentraid.md,,,,,
History Tab for Microsoft Entra ID,25.12,https://docs.netwrix.com/docs/privilegesecure/25_12/admin/interface/resources/detailspages/entraid/historyentraid,docs/privilegesecure/25.12/admin/interface/resources/detailspages/entraid/historyentraid.md,4.2,,,,
Sessions Tab for Microsoft Entra ID,25.12,https://docs.netwrix.com/docs/privilegesecure/25_12/admin/interface/resources/detailspages/entraid/sessionsentraid,docs/privilegesecure/25.12/admin/interface/resources/detailspages/entraid/sessionsentraid.md,4.2,,,,
URLs Tab for Microsoft Entra ID,25.12,https://docs.netwrix.com/docs/privilegesecure/25_12/admin/interface/resources/detailspages/entraid/urlsentraid,docs/privilegesecure/25.12/admin/interface/resources/detailspages/entraid/urlsentraid.md,,,,,
Users Tab for Microsoft Entra ID,25.12,https://docs.netwrix.com/docs/privilegesecure/25_12/admin/interface/resources/detailspages/entraid/usersentraid,docs/privilegesecure/25.12/admin/interface/resources/detailspages/entraid/usersentraid.md,,,,,
Access Policies Tab for Host,25.12,https://docs.netwrix.com/docs/privilegesecure/25_12/admin/interface/resources/detailspages/host/accesspolicieshost,docs/privilegesecure/25.12/admin/interface/resources/detailspages/host/accesspolicieshost.md,,,,,
Configure Secure WinRM Connection Window,25.12,https://docs.netwrix.com/docs/privilegesecure/25_12/admin/interface/resources/detailspages/host/configuresecurewinrmconnection,docs/privilegesecure/25.12/admin/interface/resources/detailspages/host/configuresecurewinrmconnection.md,,,,,
Groups Tab for Host,25.12,https://docs.netwrix.com/docs/privilegesecure/25_12/admin/interface/resources/detailspages/host/groupshost,docs/privilegesecure/25.12/admin/interface/resources/detailspages/host/groupshost.md,4.2,,,,
History Tab for Host,25.12,https://docs.netwrix.com/docs/privilegesecure/25_12/admin/interface/resources/detailspages/host/historyhost,docs/privilegesecure/25.12/admin/interface/resources/detailspages/host/historyhost.md,4.2,,,,
Host Details Page,25.12,https://docs.netwrix.com/docs/privilegesecure/25_12/admin/interface/resources/detailspages/host,docs/privilegesecure/25.12/admin/interface/resources/detailspages/host/host.md,,,,,
Installed Software Tab for Host,25.12,https://docs.netwrix.com/docs/privilegesecure/25_12/admin/interface/resources/detailspages/host/installedsoftwarehost,docs/privilegesecure/25.12/admin/interface/resources/detailspages/host/installedsoftwarehost.md,4.2,,,,
Protection Policies Tab for Host,25.12,https://docs.netwrix.com/docs/privilegesecure/25_12/admin/interface/resources/detailspages/host/protectionpolicieshost,docs/privilegesecure/25.12/admin/interface/resources/detailspages/host/protectionpolicieshost.md,4.2,,,,
Scheduled Tasks Tab for Host,25.12,https://docs.netwrix.com/docs/privilegesecure/25_12/admin/interface/resources/detailspages/host/scheduledtaskshost,docs/privilegesecure/25.12/admin/interface/resources/detailspages/host/scheduledtaskshost.md,4.2,,,,
Services Tab for Host,25.12,https://docs.netwrix.com/docs/privilegesecure/25_12/admin/interface/resources/detailspages/host/serviceshost,docs/privilegesecure/25.12/admin/interface/resources/detailspages/host/serviceshost.md,4.2,,,,
Sessions Tab for Host,25.12,https://docs.netwrix.com/docs/privilegesecure/25_12/admin/interface/resources/detailspages/host/sessionshost,docs/privilegesecure/25.12/admin/interface/resources/detailspages/host/sessionshost.md,,,,,
Test Resource Connectivity Window,25.12,https://docs.netwrix.com/docs/privilegesecure/25_12/admin/interface/resources/detailspages/host/testresourceconnectivity,docs/privilegesecure/25.12/admin/interface/resources/detailspages/host/testresourceconnectivity.md,,,,,
Users Tab for Host,25.12,https://docs.netwrix.com/docs/privilegesecure/25_12/admin/interface/resources/detailspages/host/usershost,docs/privilegesecure/25.12/admin/interface/resources/detailspages/host/usershost.md,,,,,
Secrets Vault Details Page,25.12,https://docs.netwrix.com/docs/privilegesecure/25_12/admin/interface/resources/detailspages/secretvault,docs/privilegesecure/25.12/admin/interface/resources/detailspages/secretvault.md,,,,,
Access Policies Tab for Website,25.12,https://docs.netwrix.com/docs/privilegesecure/25_12/admin/interface/resources/detailspages/website/accesspolicieswebsite,docs/privilegesecure/25.12/admin/interface/resources/detailspages/website/accesspolicieswebsite.md,4.2,,,,
History Tab for Website,25.12,https://docs.netwrix.com/docs/privilegesecure/25_12/admin/interface/resources/detailspages/website/historywebsite,docs/privilegesecure/25.12/admin/interface/resources/detailspages/website/historywebsite.md,4.2,,,,
Sessions Tab for Website,25.12,https://docs.netwrix.com/docs/privilegesecure/25_12/admin/interface/resources/detailspages/website/sessionswebsite,docs/privilegesecure/25.12/admin/interface/resources/detailspages/website/sessionswebsite.md,4.2,,,,
Add Website URL Window,25.12,https://docs.netwrix.com/docs/privilegesecure/25_12/admin/interface/resources/detailspages/website/urlswebsite/addwebsiteurl,docs/privilegesecure/25.12/admin/interface/resources/detailspages/website/urlswebsite/addwebsiteurl.md,,,,,
URLs Tab for Website,25.12,https://docs.netwrix.com/docs/privilegesecure/25_12/admin/interface/resources/detailspages/website/urlswebsite,docs/privilegesecure/25.12/admin/interface/resources/detailspages/website/urlswebsite/urlswebsite.md,,,,,
Add a Managed User Window,25.12,https://docs.netwrix.com/docs/privilegesecure/25_12/admin/interface/resources/detailspages/website/userswebsite/addamanageduser,docs/privilegesecure/25.12/admin/interface/resources/detailspages/website/userswebsite/addamanageduser.md,,,,,
Users Tab for Website,25.12,https://docs.netwrix.com/docs/privilegesecure/25_12/admin/interface/resources/detailspages/website/userswebsite,docs/privilegesecure/25.12/admin/interface/resources/detailspages/website/userswebsite/userswebsite.md,4.2,,,,
Website Details Page,25.12,https://docs.netwrix.com/docs/privilegesecure/25_12/admin/interface/resources/detailspages/website,docs/privilegesecure/25.12/admin/interface/resources/detailspages/website/website.md,,,,,
Add Domain,25.12,https://docs.netwrix.com/docs/privilegesecure/25_12/admin/interface/resources/domain,docs/privilegesecure/25.12/admin/interface/resources/domain.md,,,,,
Add Microsoft Entra ID Tenant,25.12,https://docs.netwrix.com/docs/privilegesecure/25_12/admin/interface/resources/entraidtenant,docs/privilegesecure/25.12/admin/interface/resources/entraidtenant.md,,,,,
Remove Resource Window,25.12,https://docs.netwrix.com/docs/privilegesecure/25_12/admin/interface/resources/removeresource,docs/privilegesecure/25.12/admin/interface/resources/removeresource.md,,,,,
Add a Resource Group,25.12,https://docs.netwrix.com/docs/privilegesecure/25_12/admin/interface/resources/resourcegroups/resourcegroup,docs/privilegesecure/25.12/admin/interface/resources/resourcegroups/resourcegroup.md,,,,,
Resource Groups Page,25.12,https://docs.netwrix.com/docs/privilegesecure/25_12/admin/interface/resources/resourcegroups,docs/privilegesecure/25.12/admin/interface/resources/resourcegroups/resourcegroups.md,,,,,
Resource Group Tabs,25.12,https://docs.netwrix.com/docs/privilegesecure/25_12/admin/interface/resources/resourcegroups/tabs,docs/privilegesecure/25.12/admin/interface/resources/resourcegroups/tabs.md,,,,,
Resources Page,25.12,https://docs.netwrix.com/docs/privilegesecure/25_12/admin/interface/resources,docs/privilegesecure/25.12/admin/interface/resources/resources.md,,,,,
Add Secret Vault,25.12,https://docs.netwrix.com/docs/privilegesecure/25_12/admin/interface/resources/secretvault,docs/privilegesecure/25.12/admin/interface/resources/secretvault.md,,,,,
Add Website,25.12,https://docs.netwrix.com/docs/privilegesecure/25_12/admin/interface/resources/website,docs/privilegesecure/25.12/admin/interface/resources/website.md,,,,,
Add Users & Groups Window,25.12,https://docs.netwrix.com/docs/privilegesecure/25_12/admin/interface/usersgroups/add/addusersandgroups,docs/privilegesecure/25.12/admin/interface/usersgroups/add/addusersandgroups.md,,,,,
Add Application,25.12,https://docs.netwrix.com/docs/privilegesecure/25_12/admin/interface/usersgroups/add/application,docs/privilegesecure/25.12/admin/interface/usersgroups/add/application.md,,,,,
Add Local User,25.12,https://docs.netwrix.com/docs/privilegesecure/25_12/admin/interface/usersgroups/add/localuser,docs/privilegesecure/25.12/admin/interface/usersgroups/add/localuser.md,,,,,
Add Administrators Window,25.12,https://docs.netwrix.com/docs/privilegesecure/25_12/admin/interface/usersgroups/rolemanagement/addadministrators,docs/privilegesecure/25.12/admin/interface/usersgroups/rolemanagement/addadministrators.md,,,,,
Add Auditor Permissions and Auditors Window,25.12,https://docs.netwrix.com/docs/privilegesecure/25_12/admin/interface/usersgroups/rolemanagement/addauditors,docs/privilegesecure/25.12/admin/interface/usersgroups/rolemanagement/addauditors.md,,,,,
Add Reviewers Window,25.12,https://docs.netwrix.com/docs/privilegesecure/25_12/admin/interface/usersgroups/rolemanagement/addreviewers,docs/privilegesecure/25.12/admin/interface/usersgroups/rolemanagement/addreviewers.md,,,,,
Custom Access Role,25.12,https://docs.netwrix.com/docs/privilegesecure/25_12/admin/interface/usersgroups/rolemanagement/customroles/customaccessrole,docs/privilegesecure/25.12/admin/interface/usersgroups/rolemanagement/customroles/customaccessrole.md,,,,,
Custom Audit Role,25.12,https://docs.netwrix.com/docs/privilegesecure/25_12/admin/interface/usersgroups/rolemanagement/customroles/customauditrole,docs/privilegesecure/25.12/admin/interface/usersgroups/rolemanagement/customroles/customauditrole.md,,,,,
Custom Credential Role,25.12,https://docs.netwrix.com/docs/privilegesecure/25_12/admin/interface/usersgroups/rolemanagement/customroles/customcredentialrole,docs/privilegesecure/25.12/admin/interface/usersgroups/rolemanagement/customroles/customcredentialrole.md,,,,,
Custom Roles,25.12,https://docs.netwrix.com/docs/privilegesecure/25_12/admin/interface/usersgroups/rolemanagement/customroles/rolemanagementcustom,docs/privilegesecure/25.12/admin/interface/usersgroups/rolemanagement/customroles/rolemanagementcustom.md,,,,,
Role Management Page,25.12,https://docs.netwrix.com/docs/privilegesecure/25_12/admin/interface/usersgroups/rolemanagement,docs/privilegesecure/25.12/admin/interface/usersgroups/rolemanagement/rolemanagement.md,,,,,
Authentication Tab,25.12,https://docs.netwrix.com/docs/privilegesecure/25_12/admin/interface/usersgroups/usergroupapplication/authentication,docs/privilegesecure/25.12/admin/interface/usersgroups/usergroupapplication/authentication.md,,,,,
Authentication Connector Tab,25.12,https://docs.netwrix.com/docs/privilegesecure/25_12/admin/interface/usersgroups/usergroupapplication/authenticationconnector,docs/privilegesecure/25.12/admin/interface/usersgroups/usergroupapplication/authenticationconnector.md,4.2,,,,
Group Roles Tab,25.12,https://docs.netwrix.com/docs/privilegesecure/25_12/admin/interface/usersgroups/usergroupapplication/grouproles,docs/privilegesecure/25.12/admin/interface/usersgroups/usergroupapplication/grouproles.md,,,,,
History Tab,25.12,https://docs.netwrix.com/docs/privilegesecure/25_12/admin/interface/usersgroups/usergroupapplication/history,docs/privilegesecure/25.12/admin/interface/usersgroups/usergroupapplication/history.md,4.2,,,,
Local Rights Tab,25.12,https://docs.netwrix.com/docs/privilegesecure/25_12/admin/interface/usersgroups/usergroupapplication/localrights,docs/privilegesecure/25.12/admin/interface/usersgroups/usergroupapplication/localrights.md,4.2,,,,
Members Tab,25.12,https://docs.netwrix.com/docs/privilegesecure/25_12/admin/interface/usersgroups/usergroupapplication/members,docs/privilegesecure/25.12/admin/interface/usersgroups/usergroupapplication/members.md,4.2,,,,
Add Account to Policies Window,25.12,https://docs.netwrix.com/docs/privilegesecure/25_12/admin/interface/usersgroups/usergroupapplication/policies/addaccounttopolicies,docs/privilegesecure/25.12/admin/interface/usersgroups/usergroupapplication/policies/addaccounttopolicies.md,4.2,,,,
Policies Tab,25.12,https://docs.netwrix.com/docs/privilegesecure/25_12/admin/interface/usersgroups/usergroupapplication/policies,docs/privilegesecure/25.12/admin/interface/usersgroups/usergroupapplication/policies/policies.md,4.2,,,,
Properties Tab,25.12,https://docs.netwrix.com/docs/privilegesecure/25_12/admin/interface/usersgroups/usergroupapplication/properties,docs/privilegesecure/25.12/admin/interface/usersgroups/usergroupapplication/properties.md,4.2,,,,
Reset User MFA,25.12,https://docs.netwrix.com/docs/privilegesecure/25_12/admin/interface/usersgroups/usergroupapplication/resetmfa,docs/privilegesecure/25.12/admin/interface/usersgroups/usergroupapplication/resetmfa.md,,,,,
Sessions Tab,25.12,https://docs.netwrix.com/docs/privilegesecure/25_12/admin/interface/usersgroups/usergroupapplication/sessions,docs/privilegesecure/25.12/admin/interface/usersgroups/usergroupapplication/sessions.md,,,,,
"User, Group, & Application Details Page",25.12,https://docs.netwrix.com/docs/privilegesecure/25_12/admin/interface/usersgroups/usergroupapplication,docs/privilegesecure/25.12/admin/interface/usersgroups/usergroupapplication/usergroupapplication.md,,,,,
User Roles Tab,25.12,https://docs.netwrix.com/docs/privilegesecure/25_12/admin/interface/usersgroups/usergroupapplication/userroles,docs/privilegesecure/25.12/admin/interface/usersgroups/usergroupapplication/userroles.md,,,,,
User and Group Collections Page,25.12,https://docs.netwrix.com/docs/privilegesecure/25_12/admin/interface/usersgroups/usergroupcollections,docs/privilegesecure/25.12/admin/interface/usersgroups/usergroupcollections.md,,,,,
Users & Groups Page,25.12,https://docs.netwrix.com/docs/privilegesecure/25_12/admin/interface/usersgroups,docs/privilegesecure/25.12/admin/interface/usersgroups/usersgroups.md,,,,,
Access > My Activities Page,25.12,https://docs.netwrix.com/docs/privilegesecure/25_12/admin/myactivities,docs/privilegesecure/25.12/admin/myactivities/myactivities.md,,,,,
About Page,25.12,https://docs.netwrix.com/docs/privilegesecure/25_12/admin/navigation/aboutpage,docs/privilegesecure/25.12/admin/navigation/aboutpage.md,,,,,
Navigation,25.12,https://docs.netwrix.com/docs/privilegesecure/25_12/admin/navigation,docs/privilegesecure/25.12/admin/navigation/navigation.md,,,,,
Session Timeout,25.12,https://docs.netwrix.com/docs/privilegesecure/25_12/admin/sessiontimeout,docs/privilegesecure/25.12/admin/sessiontimeout.md,,,,,
Browser Extension Interface,25.12,https://docs.netwrix.com/docs/privilegesecure/25_12/enduser/browserextension/interface,docs/privilegesecure/25.12/enduser/browserextension/interface/interface.md,,,,,
Historical Dashboard: Auditor,25.12,https://docs.netwrix.com/docs/privilegesecure/25_12/enduser/dashboard/historicalauditor/historical,docs/privilegesecure/25.12/enduser/dashboard/historicalauditor/historical.md,,,,,
My Activities Page,25.12,https://docs.netwrix.com/docs/privilegesecure/25_12/enduser/myactivities,docs/privilegesecure/25.12/enduser/myactivities/myactivities.md,,,,,
Getting Started,25.12,https://docs.netwrix.com/docs/privilegesecure/25_12/gettingstarted,docs/privilegesecure/25.12/gettingstarted.md,,,,,
First Launch,25.12,https://docs.netwrix.com/docs/privilegesecure/25_12/install/firstlaunch,docs/privilegesecure/25.12/install/firstlaunch.md,,,,,
Log Into the Privilege Secure Console,25.12,https://docs.netwrix.com/docs/privilegesecure/25_12/install/login,docs/privilegesecure/25.12/install/login.md,,,,,
Install Remote Desktop Monitor Service on Target RDP Hosts,25.12,https://docs.netwrix.com/docs/privilegesecure/25_12/install/servicesonadditional/rdpmonitor,docs/privilegesecure/25.12/install/servicesonadditional/rdpmonitor.md,,,,,
Troubleshooting,25.12,https://docs.netwrix.com/docs/privilegesecure/25_12/install/troubleshooting,docs/privilegesecure/25.12/install/troubleshooting.md,,,,,
Application Server,25.12,https://docs.netwrix.com/docs/privilegesecure/25_12/requirements/applicationserver,docs/privilegesecure/25.12/requirements/applicationserver.md,4.2,,,,
Client,25.12,https://docs.netwrix.com/docs/privilegesecure/25_12/requirements/client,docs/privilegesecure/25.12/requirements/client.md,4.2,,,,
Requirements,25.12,https://docs.netwrix.com/docs/privilegesecure/25_12/requirements/overview,docs/privilegesecure/25.12/requirements/overview.md,4.2,,,,
Access Policy,26.03,https://docs.netwrix.com/docs/privilegesecure/26_03/admin/accesspolicy,docs/privilegesecure/26.03/admin/accesspolicy/accesspolicy.md,,,,,
Add Activity Token Complexity Policy,26.03,https://docs.netwrix.com/docs/privilegesecure/26_03/admin/accesspolicy/activitytokencomplex/activitytokencomplexity_1,docs/privilegesecure/26.03/admin/accesspolicy/activitytokencomplex/activitytokencomplexity_1.md,,,,,
Activity Token Complexity,26.03,https://docs.netwrix.com/docs/privilegesecure/26_03/admin/accesspolicy/activitytokencomplex/activitytokencomplexity,docs/privilegesecure/26.03/admin/accesspolicy/activitytokencomplex/activitytokencomplexity.md,,,,,
Add Access Policy,26.03,https://docs.netwrix.com/docs/privilegesecure/26_03/admin/accesspolicy/addaccesspolicy,docs/privilegesecure/26.03/admin/accesspolicy/addaccesspolicy.md,,,,,
Add Connection Profile,26.03,https://docs.netwrix.com/docs/privilegesecure/26_03/admin/accesspolicy/connectionprofiles/connectionprofile,docs/privilegesecure/26.03/admin/accesspolicy/connectionprofiles/connectionprofile.md,,,,,
Add Approval Workflow,26.03,https://docs.netwrix.com/docs/privilegesecure/26_03/admin/accesspolicy/connectionprofiles/connectionprofileapproval,docs/privilegesecure/26.03/admin/accesspolicy/connectionprofiles/connectionprofileapproval.md,,,,,
Connection Profiles,26.03,https://docs.netwrix.com/docs/privilegesecure/26_03/admin/accesspolicy/connectionprofiles,docs/privilegesecure/26.03/admin/accesspolicy/connectionprofiles/connectionprofiles.md,,,,,
Credential Based Access Policies,26.03,https://docs.netwrix.com/docs/privilegesecure/26_03/admin/accesspolicy/credentials,docs/privilegesecure/26.03/admin/accesspolicy/credentials.md,,,,,
Resource Based Policy,26.03,https://docs.netwrix.com/docs/privilegesecure/26_03/admin/accesspolicy/resourcebasedpolicyt/resourcebasedpolicy,docs/privilegesecure/26.03/admin/accesspolicy/resourcebasedpolicyt/resourcebasedpolicy.md,,,,,
SSH Command Restriction,26.03,https://docs.netwrix.com/docs/privilegesecure/26_03/admin/accesspolicy/sshcommands,docs/privilegesecure/26.03/admin/accesspolicy/sshcommands.md,,,,,
Activities,26.03,https://docs.netwrix.com/docs/privilegesecure/26_03/admin/activities,docs/privilegesecure/26.03/admin/activities/activities.md,,,,,
Add Activity,26.03,https://docs.netwrix.com/docs/privilegesecure/26_03/admin/activities/activity,docs/privilegesecure/26.03/admin/activities/activity/activity.md,,,,,
Login Account Templates,26.03,https://docs.netwrix.com/docs/privilegesecure/26_03/admin/activities/activity/activityloginaccounttemplates,docs/privilegesecure/26.03/admin/activities/activity/activityloginaccounttemplates.md,,,,,
Add Activity Groups,26.03,https://docs.netwrix.com/docs/privilegesecure/26_03/admin/activities/activitygroups/activitygroup,docs/privilegesecure/26.03/admin/activities/activitygroups/activitygroup.md,,,,,
Activity Groups,26.03,https://docs.netwrix.com/docs/privilegesecure/26_03/admin/activities/activitygroups,docs/privilegesecure/26.03/admin/activities/activitygroups/activitygroups.md,,,,,
Add Activities Window,26.03,https://docs.netwrix.com/docs/privilegesecure/26_03/admin/activities/activitygroups/addactivities,docs/privilegesecure/26.03/admin/activities/activitygroups/addactivities.md,,,,,
Action Types,26.03,https://docs.netwrix.com/docs/privilegesecure/26_03/admin/activities/addaction/activityactiontypes,docs/privilegesecure/26.03/admin/activities/addaction/activityactiontypes.md,,,,,
Add Action Window,26.03,https://docs.netwrix.com/docs/privilegesecure/26_03/admin/activities/addaction,docs/privilegesecure/26.03/admin/activities/addaction/addaction.md,,,,,
Access Certification,26.03,https://docs.netwrix.com/docs/privilegesecure/26_03/admin/AuditReporting/accesscertification,docs/privilegesecure/26.03/admin/AuditReporting/accesscertification/accesscertification.md,,,,,
Add Access Certification Task,26.03,https://docs.netwrix.com/docs/privilegesecure/26_03/admin/AuditReporting/accesscertification/accesscertificationtask,docs/privilegesecure/26.03/admin/AuditReporting/accesscertification/accesscertificationtask.md,,,,,
Entitlements Tab for Access Certification,26.03,https://docs.netwrix.com/docs/privilegesecure/26_03/admin/AuditReporting/accesscertification/entitlements,docs/privilegesecure/26.03/admin/AuditReporting/accesscertification/entitlements.md,25.12,,,,
Users Tab for Access Certification,26.03,https://docs.netwrix.com/docs/privilegesecure/26_03/admin/AuditReporting/accesscertification/users,docs/privilegesecure/26.03/admin/AuditReporting/accesscertification/users.md,,,,,
Activity Log,26.03,https://docs.netwrix.com/docs/privilegesecure/26_03/admin/AuditReporting/activitylog,docs/privilegesecure/26.03/admin/AuditReporting/activitylog.md,,,,,
DB Change History,26.03,https://docs.netwrix.com/docs/privilegesecure/26_03/admin/AuditReporting/dbchangehistory,docs/privilegesecure/26.03/admin/AuditReporting/dbchangehistory.md,,,,,
Events,26.03,https://docs.netwrix.com/docs/privilegesecure/26_03/admin/AuditReporting/events,docs/privilegesecure/26.03/admin/AuditReporting/events.md,,,,,
Audit & Reporting Interface,26.03,https://docs.netwrix.com/docs/privilegesecure/26_03/admin/AuditReporting/interface_2,docs/privilegesecure/26.03/admin/AuditReporting/interface_2.md,"25.12, 4.2",,,,
Log File Options,26.03,https://docs.netwrix.com/docs/privilegesecure/26_03/admin/AuditReporting/logfiles/logfileoptions,docs/privilegesecure/26.03/admin/AuditReporting/logfiles/logfileoptions.md,,,,,
Log Files,26.03,https://docs.netwrix.com/docs/privilegesecure/26_03/admin/AuditReporting/logfiles,docs/privilegesecure/26.03/admin/AuditReporting/logfiles/logfiles.md,,,,,
Reporting,26.03,https://docs.netwrix.com/docs/privilegesecure/26_03/admin/AuditReporting/reporting,docs/privilegesecure/26.03/admin/AuditReporting/reporting.md,,,,,
Authentication,26.03,https://docs.netwrix.com/docs/privilegesecure/26_03/admin/configuration/authentication,docs/privilegesecure/26.03/admin/configuration/authentication/authentication.md,,,,,
Add Authentication Connector,26.03,https://docs.netwrix.com/docs/privilegesecure/26_03/admin/configuration/authentication/authenticationconnector,docs/privilegesecure/26.03/admin/configuration/authentication/authenticationconnector.md,25.12,,,,
OpenID Connect Authentication,26.03,https://docs.netwrix.com/docs/privilegesecure/26_03/admin/configuration/authentication/openidconnectconfigu/openidconnectauthentication,docs/privilegesecure/26.03/admin/configuration/authentication/openidconnectconfigu/openidconnectauthentication.md,25.12,,,,
OpenID Connect Configuration Wizard,26.03,https://docs.netwrix.com/docs/privilegesecure/26_03/admin/configuration/authentication/openidconnectconfigu/openidconnectconfiguration,docs/privilegesecure/26.03/admin/configuration/authentication/openidconnectconfigu/openidconnectconfiguration.md,25.12,,,,
SAML Configuration Wizard,26.03,https://docs.netwrix.com/docs/privilegesecure/26_03/admin/configuration/authentication/samlconfiguration,docs/privilegesecure/26.03/admin/configuration/authentication/samlconfiguration.md,25.12,,,,
Enterprise Auditor Integration,26.03,https://docs.netwrix.com/docs/privilegesecure/26_03/admin/configuration/integrationconnector/integrationaccessanalyzer,docs/privilegesecure/26.03/admin/configuration/integrationconnector/integrationaccessanalyzer.md,"25.12, 4.2",,,,
Bring Your Own Vault (BYOV) Connector Configuration,26.03,https://docs.netwrix.com/docs/privilegesecure/26_03/admin/configuration/integrationconnector/integrationbyov/byovconnectorconfig,docs/privilegesecure/26.03/admin/configuration/integrationconnector/integrationbyov/byovconnectorconfig.md,,,,,
Bring Your Own Vault (BYOV) Integration,26.03,https://docs.netwrix.com/docs/privilegesecure/26_03/admin/configuration/integrationconnector/integrationbyov,docs/privilegesecure/26.03/admin/configuration/integrationconnector/integrationbyov/integrationbyov.md,25.12,,,,
Integration Connectors,26.03,https://docs.netwrix.com/docs/privilegesecure/26_03/admin/configuration/integrationconnector/integrationconnectors,docs/privilegesecure/26.03/admin/configuration/integrationconnector/integrationconnectors.md,,,,,
Advanced CyberArk Settings,26.03,https://docs.netwrix.com/docs/privilegesecure/26_03/admin/configuration/integrationconnector/integrationcyberark/cyberark,docs/privilegesecure/26.03/admin/configuration/integrationconnector/integrationcyberark/cyberark.md,25.12,,,,
CyberArk Integration,26.03,https://docs.netwrix.com/docs/privilegesecure/26_03/admin/configuration/integrationconnector/integrationcyberark,docs/privilegesecure/26.03/admin/configuration/integrationconnector/integrationcyberark/integrationcyberark.md,"25.12, 4.2",,,,
HashiCorp Integration,26.03,https://docs.netwrix.com/docs/privilegesecure/26_03/admin/configuration/integrationconnector/integrationhashicorp,docs/privilegesecure/26.03/admin/configuration/integrationconnector/integrationhashicorp.md,"25.12, 4.2",,,,
LAPS Integration,26.03,https://docs.netwrix.com/docs/privilegesecure/26_03/admin/configuration/integrationconnector/integrationlaps,docs/privilegesecure/26.03/admin/configuration/integrationconnector/integrationlaps.md,"25.12, 4.2",,,,
Password Secure Integration,26.03,https://docs.netwrix.com/docs/privilegesecure/26_03/admin/configuration/integrationconnector/integrationpasswordsecure,docs/privilegesecure/26.03/admin/configuration/integrationconnector/integrationpasswordsecure.md,,,,,
Configuration Interface,26.03,https://docs.netwrix.com/docs/privilegesecure/26_03/admin/configuration/interface_1,docs/privilegesecure/26.03/admin/configuration/interface_1.md,,,,,
Add Service Account,26.03,https://docs.netwrix.com/docs/privilegesecure/26_03/admin/configuration/serviceaccounts/serviceaccount,docs/privilegesecure/26.03/admin/configuration/serviceaccounts/serviceaccount.md,"25.12, 4.2",,,,
Service Accounts,26.03,https://docs.netwrix.com/docs/privilegesecure/26_03/admin/configuration/serviceaccounts,docs/privilegesecure/26.03/admin/configuration/serviceaccounts/serviceaccounts.md,,,,,
Scheduled Tasks,26.03,https://docs.netwrix.com/docs/privilegesecure/26_03/admin/configuration/servicenodes/scheduledtasks,docs/privilegesecure/26.03/admin/configuration/servicenodes/scheduledtasks.md,,,,,
Action Service,26.03,https://docs.netwrix.com/docs/privilegesecure/26_03/admin/configuration/servicenodes/servicenodes/action,docs/privilegesecure/26.03/admin/configuration/servicenodes/servicenodes/action.md,25.12,,,,
Email Service,26.03,https://docs.netwrix.com/docs/privilegesecure/26_03/admin/configuration/servicenodes/servicenodes/email,docs/privilegesecure/26.03/admin/configuration/servicenodes/servicenodes/email.md,25.12,,,,
Host Scan Service,26.03,https://docs.netwrix.com/docs/privilegesecure/26_03/admin/configuration/servicenodes/servicenodes/hostscan,docs/privilegesecure/26.03/admin/configuration/servicenodes/servicenodes/hostscan.md,25.12,,,,
Proxy Service,26.03,https://docs.netwrix.com/docs/privilegesecure/26_03/admin/configuration/servicenodes/servicenodes/proxy,docs/privilegesecure/26.03/admin/configuration/servicenodes/servicenodes/proxy.md,25.12,,,,
Scheduler Service,26.03,https://docs.netwrix.com/docs/privilegesecure/26_03/admin/configuration/servicenodes/servicenodes/scheduler,docs/privilegesecure/26.03/admin/configuration/servicenodes/servicenodes/scheduler.md,25.12,,,,
Service Nodes,26.03,https://docs.netwrix.com/docs/privilegesecure/26_03/admin/configuration/servicenodes/servicenodes,docs/privilegesecure/26.03/admin/configuration/servicenodes/servicenodes/servicenodes.md,,,,,
SIEM Service,26.03,https://docs.netwrix.com/docs/privilegesecure/26_03/admin/configuration/servicenodes/servicenodes/siem,docs/privilegesecure/26.03/admin/configuration/servicenodes/servicenodes/siem.md,25.12,,,,
SIEM Server,26.03,https://docs.netwrix.com/docs/privilegesecure/26_03/admin/configuration/siemserver,docs/privilegesecure/26.03/admin/configuration/siemserver.md,,,,,
SIEM Templates,26.03,https://docs.netwrix.com/docs/privilegesecure/26_03/admin/configuration/siemtemplates,docs/privilegesecure/26.03/admin/configuration/siemtemplates.md,,,,,
Account Dependencies Window,26.03,https://docs.netwrix.com/docs/privilegesecure/26_03/admin/credentials/accountdependencies,docs/privilegesecure/26.03/admin/credentials/accountdependencies.md,,,,,
Add Credentials Window,26.03,https://docs.netwrix.com/docs/privilegesecure/26_03/admin/credentials/credentialgroups/addcredentials,docs/privilegesecure/26.03/admin/credentials/credentialgroups/addcredentials.md,,,,,
Add Credential Groups,26.03,https://docs.netwrix.com/docs/privilegesecure/26_03/admin/credentials/credentialgroups/credentialgroup,docs/privilegesecure/26.03/admin/credentials/credentialgroups/credentialgroup.md,,,,,
Credential Groups,26.03,https://docs.netwrix.com/docs/privilegesecure/26_03/admin/credentials/credentialgroups,docs/privilegesecure/26.03/admin/credentials/credentialgroups/credentialgroups.md,,,,,
Add Credential Policy Override,26.03,https://docs.netwrix.com/docs/privilegesecure/26_03/admin/credentials/credentialpolicyover/credentialpolicyoverrides_1,docs/privilegesecure/26.03/admin/credentials/credentialpolicyover/credentialpolicyoverrides_1.md,,,,,
Credential Policy Overrides,26.03,https://docs.netwrix.com/docs/privilegesecure/26_03/admin/credentials/credentialpolicyover/credentialpolicyoverrides,docs/privilegesecure/26.03/admin/credentials/credentialpolicyover/credentialpolicyoverrides.md,,,,,
Rotation Methods,26.03,https://docs.netwrix.com/docs/privilegesecure/26_03/admin/credentials/credentialrotationmethod,docs/privilegesecure/26.03/admin/credentials/credentialrotationmethod.md,,,,,
Credentials,26.03,https://docs.netwrix.com/docs/privilegesecure/26_03/admin/credentials,docs/privilegesecure/26.03/admin/credentials/credentials.md,,,,,
Manage Internal Service Accounts,26.03,https://docs.netwrix.com/docs/privilegesecure/26_03/admin/credentials/manageinternalserviceaccount,docs/privilegesecure/26.03/admin/credentials/manageinternalserviceaccount.md,,,,,
Password History Window,26.03,https://docs.netwrix.com/docs/privilegesecure/26_03/admin/credentials/passwordhistory,docs/privilegesecure/26.03/admin/credentials/passwordhistory.md,,,,,
View Password Window,26.03,https://docs.netwrix.com/docs/privilegesecure/26_03/admin/credentials/viewpassword,docs/privilegesecure/26.03/admin/credentials/viewpassword.md,,,,,
Active Dashboard,26.03,https://docs.netwrix.com/docs/privilegesecure/26_03/admin/dashboard/active,docs/privilegesecure/26.03/admin/dashboard/active/active.md,,,,,
Create Activity Session,26.03,https://docs.netwrix.com/docs/privilegesecure/26_03/admin/dashboard/active/createsession,docs/privilegesecure/26.03/admin/dashboard/active/createsession.md,"25.12, 4.2",,,,
Live Session Viewer Window,26.03,https://docs.netwrix.com/docs/privilegesecure/26_03/admin/dashboard/active/liveviewer,docs/privilegesecure/26.03/admin/dashboard/active/liveviewer.md,25.12,,,,
Lock Session,26.03,https://docs.netwrix.com/docs/privilegesecure/26_03/admin/dashboard/active/locksession,docs/privilegesecure/26.03/admin/dashboard/active/locksession.md,,,,,
Start Activity Session,26.03,https://docs.netwrix.com/docs/privilegesecure/26_03/admin/dashboard/active/startsession,docs/privilegesecure/26.03/admin/dashboard/active/startsession.md,25.12,,,,
Terminate Proxy Session Window,26.03,https://docs.netwrix.com/docs/privilegesecure/26_03/admin/dashboard/active/terminateproxysession,docs/privilegesecure/26.03/admin/dashboard/active/terminateproxysession.md,,,,,
Approvals Dashboard,26.03,https://docs.netwrix.com/docs/privilegesecure/26_03/admin/dashboard/approvals,docs/privilegesecure/26.03/admin/dashboard/approvals.md,,,,,
Credentials Dashboard,26.03,https://docs.netwrix.com/docs/privilegesecure/26_03/admin/dashboard/credentials,docs/privilegesecure/26.03/admin/dashboard/credentials.md,,,,,
Historical Dashboard,26.03,https://docs.netwrix.com/docs/privilegesecure/26_03/admin/dashboard/historical,docs/privilegesecure/26.03/admin/dashboard/historical/historical.md,,,,,
Replay Viewer Window,26.03,https://docs.netwrix.com/docs/privilegesecure/26_03/admin/dashboard/historical/replayviewer,docs/privilegesecure/26.03/admin/dashboard/historical/replayviewer.md,25.12,,,,
Session Logs Window,26.03,https://docs.netwrix.com/docs/privilegesecure/26_03/admin/dashboard/historical/sessionlogs,docs/privilegesecure/26.03/admin/dashboard/historical/sessionlogs.md,"25.12, 4.2",,,,
Dashboard Interface,26.03,https://docs.netwrix.com/docs/privilegesecure/26_03/admin/dashboard/overview,docs/privilegesecure/26.03/admin/dashboard/overview.md,"25.12, 4.2",,,,
Resources Dashboard,26.03,https://docs.netwrix.com/docs/privilegesecure/26_03/admin/dashboard/resources,docs/privilegesecure/26.03/admin/dashboard/resources.md,,,,,
Scheduled Dashboard,26.03,https://docs.netwrix.com/docs/privilegesecure/26_03/admin/dashboard/scheduled,docs/privilegesecure/26.03/admin/dashboard/scheduled.md,,,,,
Users Dashboard,26.03,https://docs.netwrix.com/docs/privilegesecure/26_03/admin/dashboard/users,docs/privilegesecure/26.03/admin/dashboard/users.md,,,,,
Create My Activity Session,26.03,https://docs.netwrix.com/docs/privilegesecure/26_03/admin/myactivities/createsession,docs/privilegesecure/26.03/admin/myactivities/createsession.md,25.12,,,,
Access > My Activities,26.03,https://docs.netwrix.com/docs/privilegesecure/26_03/admin/myactivities,docs/privilegesecure/26.03/admin/myactivities/myactivities.md,,,,,
About,26.03,https://docs.netwrix.com/docs/privilegesecure/26_03/admin/navigation/aboutpage,docs/privilegesecure/26.03/admin/navigation/aboutpage.md,,,,,
Import the License File,26.03,https://docs.netwrix.com/docs/privilegesecure/26_03/admin/navigation/importlicense,docs/privilegesecure/26.03/admin/navigation/importlicense.md,25.12,,,,
Navigation,26.03,https://docs.netwrix.com/docs/privilegesecure/26_03/admin/navigation,docs/privilegesecure/26.03/admin/navigation/navigation.md,,,,,
Product Tour,26.03,https://docs.netwrix.com/docs/privilegesecure/26_03/admin/navigation/producttour,docs/privilegesecure/26.03/admin/navigation/producttour.md,25.12,,,,
Administrator Role,26.03,https://docs.netwrix.com/docs/privilegesecure/26_03/admin/overview,docs/privilegesecure/26.03/admin/overview.md,25.12,,,,
Platforms,26.03,https://docs.netwrix.com/docs/privilegesecure/26_03/admin/platforms/overview,docs/privilegesecure/26.03/admin/platforms/overview.md,,,,,
Add Password Complexity Policy,26.03,https://docs.netwrix.com/docs/privilegesecure/26_03/admin/platforms/passwordcomplexity/passwordcomplexity_1,docs/privilegesecure/26.03/admin/platforms/passwordcomplexity/passwordcomplexity_1.md,,,,,
Password Complexity,26.03,https://docs.netwrix.com/docs/privilegesecure/26_03/admin/platforms/passwordcomplexity,docs/privilegesecure/26.03/admin/platforms/passwordcomplexity/passwordcomplexity.md,,,,,
Active Directory Platform Policy Configuration,26.03,https://docs.netwrix.com/docs/privilegesecure/26_03/admin/platforms/platforms/activedirectory,docs/privilegesecure/26.03/admin/platforms/platforms/activedirectory.md,,,,,
Cisco Platform Policy Configuration,26.03,https://docs.netwrix.com/docs/privilegesecure/26_03/admin/platforms/platforms/cisco,docs/privilegesecure/26.03/admin/platforms/platforms/cisco.md,,,,,
Microsoft Entra ID Platform Policy Configuration,26.03,https://docs.netwrix.com/docs/privilegesecure/26_03/admin/platforms/platforms/entraid,docs/privilegesecure/26.03/admin/platforms/platforms/entraid.md,,,,,
Linux Platform Policy Configuration,26.03,https://docs.netwrix.com/docs/privilegesecure/26_03/admin/platforms/platforms/linux,docs/privilegesecure/26.03/admin/platforms/platforms/linux.md,,,,,
Microsoft SQL Server Platform Policy Configuration,26.03,https://docs.netwrix.com/docs/privilegesecure/26_03/admin/platforms/platforms/mssql,docs/privilegesecure/26.03/admin/platforms/platforms/mssql.md,,,,,
Oracle Platform Policy Configuration,26.03,https://docs.netwrix.com/docs/privilegesecure/26_03/admin/platforms/platforms/oracle,docs/privilegesecure/26.03/admin/platforms/platforms/oracle.md,,,,,
Secret Vault Platform Policy Configuration,26.03,https://docs.netwrix.com/docs/privilegesecure/26_03/admin/platforms/platforms/secretvault,docs/privilegesecure/26.03/admin/platforms/platforms/secretvault.md,,,,,
Web Site Platform Policy Configuration,26.03,https://docs.netwrix.com/docs/privilegesecure/26_03/admin/platforms/platforms/website,docs/privilegesecure/26.03/admin/platforms/platforms/website.md,,,,,
Windows Platform Policy Configuration,26.03,https://docs.netwrix.com/docs/privilegesecure/26_03/admin/platforms/platforms/windows,docs/privilegesecure/26.03/admin/platforms/platforms/windows.md,,,,,
Schedule Policies,26.03,https://docs.netwrix.com/docs/privilegesecure/26_03/admin/platforms/schedulepolicies,docs/privilegesecure/26.03/admin/platforms/schedulepolicies/schedulepolicies.md,,,,,
Edit Schedule Policy,26.03,https://docs.netwrix.com/docs/privilegesecure/26_03/admin/platforms/schedulepolicies/schedulepolicy_1,docs/privilegesecure/26.03/admin/platforms/schedulepolicies/schedulepolicy_1.md,,,,,
Add Schedule Policy,26.03,https://docs.netwrix.com/docs/privilegesecure/26_03/admin/platforms/schedulepolicies/schedulepolicy,docs/privilegesecure/26.03/admin/platforms/schedulepolicies/schedulepolicy.md,,,,,
Add Resources Window,26.03,https://docs.netwrix.com/docs/privilegesecure/26_03/admin/resources/addserver/addsourcesonboard,docs/privilegesecure/26.03/admin/resources/addserver/addsourcesonboard.md,,,,,
Create Resource Import CSV File,26.03,https://docs.netwrix.com/docs/privilegesecure/26_03/admin/resources/addserver/resourceimportcsv,docs/privilegesecure/26.03/admin/resources/addserver/resourceimportcsv.md,,,,,
Add Database,26.03,https://docs.netwrix.com/docs/privilegesecure/26_03/admin/resources/database,docs/privilegesecure/26.03/admin/resources/database.md,,,,,
Databases Tab,26.03,https://docs.netwrix.com/docs/privilegesecure/26_03/admin/resources/detailspages/databases/databases_1,docs/privilegesecure/26.03/admin/resources/detailspages/databases/databases_1.md,,,,,
Database Details,26.03,https://docs.netwrix.com/docs/privilegesecure/26_03/admin/resources/detailspages/databases,docs/privilegesecure/26.03/admin/resources/detailspages/databases/databases.md,,,,,
Computers Tab for Domain,26.03,https://docs.netwrix.com/docs/privilegesecure/26_03/admin/resources/detailspages/domain/computersdomain,docs/privilegesecure/26.03/admin/resources/detailspages/domain/computersdomain/computersdomain.md,,,,,
Enroll Hosts in Management Window,26.03,https://docs.netwrix.com/docs/privilegesecure/26_03/admin/resources/detailspages/domain/computersdomain/enrollhostsinmanagement,docs/privilegesecure/26.03/admin/resources/detailspages/domain/computersdomain/enrollhostsinmanagement.md,,,,,
Domain Details,26.03,https://docs.netwrix.com/docs/privilegesecure/26_03/admin/resources/detailspages/domain,docs/privilegesecure/26.03/admin/resources/detailspages/domain/domain.md,,,,,
Groups Tab for Domain,26.03,https://docs.netwrix.com/docs/privilegesecure/26_03/admin/resources/detailspages/domain/groupsdomain,docs/privilegesecure/26.03/admin/resources/detailspages/domain/groupsdomain.md,,,,,
History Tab for Domain,26.03,https://docs.netwrix.com/docs/privilegesecure/26_03/admin/resources/detailspages/domain/historydomain,docs/privilegesecure/26.03/admin/resources/detailspages/domain/historydomain.md,,,,,
Sync Errors Tab for Domain,26.03,https://docs.netwrix.com/docs/privilegesecure/26_03/admin/resources/detailspages/domain/syncerrorsdomain,docs/privilegesecure/26.03/admin/resources/detailspages/domain/syncerrorsdomain.md,,,,,
Users Tab for Domain,26.03,https://docs.netwrix.com/docs/privilegesecure/26_03/admin/resources/detailspages/domain/usersdomain,docs/privilegesecure/26.03/admin/resources/detailspages/domain/usersdomain.md,,,,,
Access Policies Tab for Microsoft Entra ID,26.03,https://docs.netwrix.com/docs/privilegesecure/26_03/admin/resources/detailspages/entraid/accesspoliciesentraid,docs/privilegesecure/26.03/admin/resources/detailspages/entraid/accesspoliciesentraid.md,,,,,
Applications Tab for Microsoft Entra ID,26.03,https://docs.netwrix.com/docs/privilegesecure/26_03/admin/resources/detailspages/entraid/applicationsentraid,docs/privilegesecure/26.03/admin/resources/detailspages/entraid/applicationsentraid.md,,,,,
Microsoft Entra ID Details,26.03,https://docs.netwrix.com/docs/privilegesecure/26_03/admin/resources/detailspages/entraid,docs/privilegesecure/26.03/admin/resources/detailspages/entraid/entraid.md,,,,,
Groups Tab for Microsoft Entra ID,26.03,https://docs.netwrix.com/docs/privilegesecure/26_03/admin/resources/detailspages/entraid/groupsentraid,docs/privilegesecure/26.03/admin/resources/detailspages/entraid/groupsentraid.md,,,,,
History Tab for Microsoft Entra ID,26.03,https://docs.netwrix.com/docs/privilegesecure/26_03/admin/resources/detailspages/entraid/historyentraid,docs/privilegesecure/26.03/admin/resources/detailspages/entraid/historyentraid.md,,,,,
Sessions Tab for Microsoft Entra ID,26.03,https://docs.netwrix.com/docs/privilegesecure/26_03/admin/resources/detailspages/entraid/sessionsentraid,docs/privilegesecure/26.03/admin/resources/detailspages/entraid/sessionsentraid.md,,,,,
URLs Tab for Microsoft Entra ID,26.03,https://docs.netwrix.com/docs/privilegesecure/26_03/admin/resources/detailspages/entraid/urlsentraid,docs/privilegesecure/26.03/admin/resources/detailspages/entraid/urlsentraid.md,,,,,
Users Tab for Microsoft Entra ID,26.03,https://docs.netwrix.com/docs/privilegesecure/26_03/admin/resources/detailspages/entraid/usersentraid,docs/privilegesecure/26.03/admin/resources/detailspages/entraid/usersentraid.md,,,,,
Access Policies Tab for Host,26.03,https://docs.netwrix.com/docs/privilegesecure/26_03/admin/resources/detailspages/host/accesspolicieshost,docs/privilegesecure/26.03/admin/resources/detailspages/host/accesspolicieshost.md,,,,,
Configure Secure WinRM Connection Window,26.03,https://docs.netwrix.com/docs/privilegesecure/26_03/admin/resources/detailspages/host/configuresecurewinrmconnection,docs/privilegesecure/26.03/admin/resources/detailspages/host/configuresecurewinrmconnection.md,,,,,
Groups Tab for Host,26.03,https://docs.netwrix.com/docs/privilegesecure/26_03/admin/resources/detailspages/host/groupshost,docs/privilegesecure/26.03/admin/resources/detailspages/host/groupshost.md,,,,,
History Tab for Host,26.03,https://docs.netwrix.com/docs/privilegesecure/26_03/admin/resources/detailspages/host/historyhost,docs/privilegesecure/26.03/admin/resources/detailspages/host/historyhost.md,,,,,
Host Details,26.03,https://docs.netwrix.com/docs/privilegesecure/26_03/admin/resources/detailspages/host,docs/privilegesecure/26.03/admin/resources/detailspages/host/host.md,,,,,
Installed Software Tab for Host,26.03,https://docs.netwrix.com/docs/privilegesecure/26_03/admin/resources/detailspages/host/installedsoftwarehost,docs/privilegesecure/26.03/admin/resources/detailspages/host/installedsoftwarehost.md,,,,,
Protection Policies Tab for Host,26.03,https://docs.netwrix.com/docs/privilegesecure/26_03/admin/resources/detailspages/host/protectionpolicieshost,docs/privilegesecure/26.03/admin/resources/detailspages/host/protectionpolicieshost.md,,,,,
Scheduled Tasks Tab for Host,26.03,https://docs.netwrix.com/docs/privilegesecure/26_03/admin/resources/detailspages/host/scheduledtaskshost,docs/privilegesecure/26.03/admin/resources/detailspages/host/scheduledtaskshost.md,,,,,
Services Tab for Host,26.03,https://docs.netwrix.com/docs/privilegesecure/26_03/admin/resources/detailspages/host/serviceshost,docs/privilegesecure/26.03/admin/resources/detailspages/host/serviceshost.md,,,,,
Sessions Tab for Host,26.03,https://docs.netwrix.com/docs/privilegesecure/26_03/admin/resources/detailspages/host/sessionshost,docs/privilegesecure/26.03/admin/resources/detailspages/host/sessionshost.md,,,,,
Test Resource Connectivity Window,26.03,https://docs.netwrix.com/docs/privilegesecure/26_03/admin/resources/detailspages/host/testresourceconnectivity,docs/privilegesecure/26.03/admin/resources/detailspages/host/testresourceconnectivity.md,,,,,
Users Tab for Host,26.03,https://docs.netwrix.com/docs/privilegesecure/26_03/admin/resources/detailspages/host/usershost,docs/privilegesecure/26.03/admin/resources/detailspages/host/usershost.md,,,,,
Secrets Vault Details,26.03,https://docs.netwrix.com/docs/privilegesecure/26_03/admin/resources/detailspages/secretvault,docs/privilegesecure/26.03/admin/resources/detailspages/secretvault.md,,,,,
Access Policies Tab for Website,26.03,https://docs.netwrix.com/docs/privilegesecure/26_03/admin/resources/detailspages/website/accesspolicieswebsite,docs/privilegesecure/26.03/admin/resources/detailspages/website/accesspolicieswebsite.md,,,,,
History Tab for Website,26.03,https://docs.netwrix.com/docs/privilegesecure/26_03/admin/resources/detailspages/website/historywebsite,docs/privilegesecure/26.03/admin/resources/detailspages/website/historywebsite.md,,,,,
Sessions Tab for Website,26.03,https://docs.netwrix.com/docs/privilegesecure/26_03/admin/resources/detailspages/website/sessionswebsite,docs/privilegesecure/26.03/admin/resources/detailspages/website/sessionswebsite.md,,,,,
Add Website URL Window,26.03,https://docs.netwrix.com/docs/privilegesecure/26_03/admin/resources/detailspages/website/urlswebsite/addwebsiteurl,docs/privilegesecure/26.03/admin/resources/detailspages/website/urlswebsite/addwebsiteurl.md,,,,,
URLs Tab for Website,26.03,https://docs.netwrix.com/docs/privilegesecure/26_03/admin/resources/detailspages/website/urlswebsite,docs/privilegesecure/26.03/admin/resources/detailspages/website/urlswebsite/urlswebsite.md,,,,,
Add a Managed User Window,26.03,https://docs.netwrix.com/docs/privilegesecure/26_03/admin/resources/detailspages/website/userswebsite/addamanageduser,docs/privilegesecure/26.03/admin/resources/detailspages/website/userswebsite/addamanageduser.md,,,,,
Users Tab for Website,26.03,https://docs.netwrix.com/docs/privilegesecure/26_03/admin/resources/detailspages/website/userswebsite,docs/privilegesecure/26.03/admin/resources/detailspages/website/userswebsite/userswebsite.md,,,,,
Website Details,26.03,https://docs.netwrix.com/docs/privilegesecure/26_03/admin/resources/detailspages/website,docs/privilegesecure/26.03/admin/resources/detailspages/website/website.md,,,,,
Add Domain,26.03,https://docs.netwrix.com/docs/privilegesecure/26_03/admin/resources/domain,docs/privilegesecure/26.03/admin/resources/domain.md,,,,,
Add Microsoft Entra ID Tenant,26.03,https://docs.netwrix.com/docs/privilegesecure/26_03/admin/resources/entraidtenant,docs/privilegesecure/26.03/admin/resources/entraidtenant.md,,,,,
Allowed Members Tab for Protection Policies,26.03,https://docs.netwrix.com/docs/privilegesecure/26_03/admin/resources/protectionpolicies/allowedmembers,docs/privilegesecure/26.03/admin/resources/protectionpolicies/allowedmembers.md,,,,,
Protection Policies,26.03,https://docs.netwrix.com/docs/privilegesecure/26_03/admin/resources/protectionpolicies,docs/privilegesecure/26.03/admin/resources/protectionpolicies/protectionpolicies.md,,,,,
Add Protection Policy,26.03,https://docs.netwrix.com/docs/privilegesecure/26_03/admin/resources/protectionpolicies/protectionpolicy,docs/privilegesecure/26.03/admin/resources/protectionpolicies/protectionpolicy.md,,,,,
Add Resources Window for Protected Policy,26.03,https://docs.netwrix.com/docs/privilegesecure/26_03/admin/resources/protectionpolicies/resources/addresources,docs/privilegesecure/26.03/admin/resources/protectionpolicies/resources/addresources.md,,,,,
Resources Tab for Protection Policies,26.03,https://docs.netwrix.com/docs/privilegesecure/26_03/admin/resources/protectionpolicies/resources,docs/privilegesecure/26.03/admin/resources/protectionpolicies/resources/resources.md,,,,,
Schedule Tab for Protection Policies,26.03,https://docs.netwrix.com/docs/privilegesecure/26_03/admin/resources/protectionpolicies/schedule,docs/privilegesecure/26.03/admin/resources/protectionpolicies/schedule.md,,,,,
Remove Resource Window,26.03,https://docs.netwrix.com/docs/privilegesecure/26_03/admin/resources/removeresource,docs/privilegesecure/26.03/admin/resources/removeresource.md,,,,,
Add a Resource Group,26.03,https://docs.netwrix.com/docs/privilegesecure/26_03/admin/resources/resourcegroups/resourcegroup,docs/privilegesecure/26.03/admin/resources/resourcegroups/resourcegroup.md,,,,,
Resource Groups,26.03,https://docs.netwrix.com/docs/privilegesecure/26_03/admin/resources/resourcegroups,docs/privilegesecure/26.03/admin/resources/resourcegroups/resourcegroups.md,,,,,
Resource Group Tabs,26.03,https://docs.netwrix.com/docs/privilegesecure/26_03/admin/resources/resourcegroups/tabs,docs/privilegesecure/26.03/admin/resources/resourcegroups/tabs.md,,,,,
Resources,26.03,https://docs.netwrix.com/docs/privilegesecure/26_03/admin/resources,docs/privilegesecure/26.03/admin/resources/resources.md,,,,,
Add Secret Vault,26.03,https://docs.netwrix.com/docs/privilegesecure/26_03/admin/resources/secretvault,docs/privilegesecure/26.03/admin/resources/secretvault.md,,,,,
Add Website,26.03,https://docs.netwrix.com/docs/privilegesecure/26_03/admin/resources/website,docs/privilegesecure/26.03/admin/resources/website.md,,,,,
Session Timeout,26.03,https://docs.netwrix.com/docs/privilegesecure/26_03/admin/sessiontimeout,docs/privilegesecure/26.03/admin/sessiontimeout.md,,,,,
Action Service Settings,26.03,https://docs.netwrix.com/docs/privilegesecure/26_03/admin/systemsettingspages/actionservicesettings,docs/privilegesecure/26.03/admin/systemsettingspages/actionservicesettings.md,,,,,
Database,26.03,https://docs.netwrix.com/docs/privilegesecure/26_03/admin/systemsettingspages/database,docs/privilegesecure/26.03/admin/systemsettingspages/database.md,,,,,
System Settings,26.03,https://docs.netwrix.com/docs/privilegesecure/26_03/admin/systemsettingspages/systemsettings,docs/privilegesecure/26.03/admin/systemsettingspages/systemsettings.md,,,,,
Add Users & Groups Window,26.03,https://docs.netwrix.com/docs/privilegesecure/26_03/admin/usersgroups/add/addusersandgroups,docs/privilegesecure/26.03/admin/usersgroups/add/addusersandgroups.md,,,,,
Add Application,26.03,https://docs.netwrix.com/docs/privilegesecure/26_03/admin/usersgroups/add/application,docs/privilegesecure/26.03/admin/usersgroups/add/application.md,,,,,
Add Local User,26.03,https://docs.netwrix.com/docs/privilegesecure/26_03/admin/usersgroups/add/localuser,docs/privilegesecure/26.03/admin/usersgroups/add/localuser.md,,,,,
Add Administrators Window,26.03,https://docs.netwrix.com/docs/privilegesecure/26_03/admin/usersgroups/rolemanagement/addadministrators,docs/privilegesecure/26.03/admin/usersgroups/rolemanagement/addadministrators.md,,,,,
Add Auditor Permissions and Auditors Window,26.03,https://docs.netwrix.com/docs/privilegesecure/26_03/admin/usersgroups/rolemanagement/addauditors,docs/privilegesecure/26.03/admin/usersgroups/rolemanagement/addauditors.md,,,,,
Add Reviewers Window,26.03,https://docs.netwrix.com/docs/privilegesecure/26_03/admin/usersgroups/rolemanagement/addreviewers,docs/privilegesecure/26.03/admin/usersgroups/rolemanagement/addreviewers.md,,,,,
Custom Access Role,26.03,https://docs.netwrix.com/docs/privilegesecure/26_03/admin/usersgroups/rolemanagement/customroles/customaccessrole,docs/privilegesecure/26.03/admin/usersgroups/rolemanagement/customroles/customaccessrole.md,,,,,
Custom Audit Role,26.03,https://docs.netwrix.com/docs/privilegesecure/26_03/admin/usersgroups/rolemanagement/customroles/customauditrole,docs/privilegesecure/26.03/admin/usersgroups/rolemanagement/customroles/customauditrole.md,,,,,
Custom Credential Role,26.03,https://docs.netwrix.com/docs/privilegesecure/26_03/admin/usersgroups/rolemanagement/customroles/customcredentialrole,docs/privilegesecure/26.03/admin/usersgroups/rolemanagement/customroles/customcredentialrole.md,,,,,
Custom Roles,26.03,https://docs.netwrix.com/docs/privilegesecure/26_03/admin/usersgroups/rolemanagement/customroles/rolemanagementcustom,docs/privilegesecure/26.03/admin/usersgroups/rolemanagement/customroles/rolemanagementcustom.md,,,,,
Role Management,26.03,https://docs.netwrix.com/docs/privilegesecure/26_03/admin/usersgroups/rolemanagement,docs/privilegesecure/26.03/admin/usersgroups/rolemanagement/rolemanagement.md,,,,,
Authentication Tab,26.03,https://docs.netwrix.com/docs/privilegesecure/26_03/admin/usersgroups/usergroupapplication/authentication,docs/privilegesecure/26.03/admin/usersgroups/usergroupapplication/authentication.md,,,,,
Authentication Connector Tab,26.03,https://docs.netwrix.com/docs/privilegesecure/26_03/admin/usersgroups/usergroupapplication/authenticationconnector,docs/privilegesecure/26.03/admin/usersgroups/usergroupapplication/authenticationconnector.md,,,,,
Group Roles Tab,26.03,https://docs.netwrix.com/docs/privilegesecure/26_03/admin/usersgroups/usergroupapplication/grouproles,docs/privilegesecure/26.03/admin/usersgroups/usergroupapplication/grouproles.md,,,,,
History Tab,26.03,https://docs.netwrix.com/docs/privilegesecure/26_03/admin/usersgroups/usergroupapplication/history,docs/privilegesecure/26.03/admin/usersgroups/usergroupapplication/history.md,,,,,
Local Rights Tab,26.03,https://docs.netwrix.com/docs/privilegesecure/26_03/admin/usersgroups/usergroupapplication/localrights,docs/privilegesecure/26.03/admin/usersgroups/usergroupapplication/localrights.md,,,,,
Members Tab,26.03,https://docs.netwrix.com/docs/privilegesecure/26_03/admin/usersgroups/usergroupapplication/members,docs/privilegesecure/26.03/admin/usersgroups/usergroupapplication/members.md,,,,,
Add Account to Policies Window,26.03,https://docs.netwrix.com/docs/privilegesecure/26_03/admin/usersgroups/usergroupapplication/policies/addaccounttopolicies,docs/privilegesecure/26.03/admin/usersgroups/usergroupapplication/policies/addaccounttopolicies.md,,,,,
Policies Tab,26.03,https://docs.netwrix.com/docs/privilegesecure/26_03/admin/usersgroups/usergroupapplication/policies,docs/privilegesecure/26.03/admin/usersgroups/usergroupapplication/policies/policies.md,,,,,
Properties Tab,26.03,https://docs.netwrix.com/docs/privilegesecure/26_03/admin/usersgroups/usergroupapplication/properties,docs/privilegesecure/26.03/admin/usersgroups/usergroupapplication/properties.md,,,,,
Reset User MFA,26.03,https://docs.netwrix.com/docs/privilegesecure/26_03/admin/usersgroups/usergroupapplication/resetmfa,docs/privilegesecure/26.03/admin/usersgroups/usergroupapplication/resetmfa.md,,,,,
Sessions Tab,26.03,https://docs.netwrix.com/docs/privilegesecure/26_03/admin/usersgroups/usergroupapplication/sessions,docs/privilegesecure/26.03/admin/usersgroups/usergroupapplication/sessions.md,,,,,
"User, Group, & Application Details",26.03,https://docs.netwrix.com/docs/privilegesecure/26_03/admin/usersgroups/usergroupapplication,docs/privilegesecure/26.03/admin/usersgroups/usergroupapplication/usergroupapplication.md,,,,,
User Roles Tab,26.03,https://docs.netwrix.com/docs/privilegesecure/26_03/admin/usersgroups/usergroupapplication/userroles,docs/privilegesecure/26.03/admin/usersgroups/usergroupapplication/userroles.md,,,,,
User and Group Collections,26.03,https://docs.netwrix.com/docs/privilegesecure/26_03/admin/usersgroups/usergroupcollections,docs/privilegesecure/26.03/admin/usersgroups/usergroupcollections.md,,,,,
Users & Groups,26.03,https://docs.netwrix.com/docs/privilegesecure/26_03/admin/usersgroups,docs/privilegesecure/26.03/admin/usersgroups/usersgroups.md,,,,,
Audit and Reporting: Reviewer,26.03,https://docs.netwrix.com/docs/privilegesecure/26_03/enduser/auditreviewer,docs/privilegesecure/26.03/enduser/auditreviewer.md,25.12,,,,
Browser Extension App,26.03,https://docs.netwrix.com/docs/privilegesecure/26_03/enduser/browserextension,docs/privilegesecure/26.03/enduser/browserextension/browserextension.md,25.12,,,,
End Web Session,26.03,https://docs.netwrix.com/docs/privilegesecure/26_03/enduser/browserextension/interface/endwebsession,docs/privilegesecure/26.03/enduser/browserextension/interface/endwebsession.md,25.12,,,,
Browser Extension Interface,26.03,https://docs.netwrix.com/docs/privilegesecure/26_03/enduser/browserextension/interface,docs/privilegesecure/26.03/enduser/browserextension/interface/interface.md,,,,,
Start Web Session,26.03,https://docs.netwrix.com/docs/privilegesecure/26_03/enduser/browserextension/interface/startwebsession,docs/privilegesecure/26.03/enduser/browserextension/interface/startwebsession.md,25.12,,,,
Active Dashboard,26.03,https://docs.netwrix.com/docs/privilegesecure/26_03/enduser/dashboard/active,docs/privilegesecure/26.03/enduser/dashboard/active/active.md,25.12,,,,
Create Activity Session,26.03,https://docs.netwrix.com/docs/privilegesecure/26_03/enduser/dashboard/active/createsession,docs/privilegesecure/26.03/enduser/dashboard/active/createsession.md,"25.12, 4.2",,,,
Configure DirectConnect for Remote Desktop Connection,26.03,https://docs.netwrix.com/docs/privilegesecure/26_03/enduser/dashboard/active/startsession/rdcmanager,docs/privilegesecure/26.03/enduser/dashboard/active/startsession/rdcmanager.md,25.12,,,,
Session Logs Window,26.03,https://docs.netwrix.com/docs/privilegesecure/26_03/enduser/dashboard/active/startsession/sessionlogs,docs/privilegesecure/26.03/enduser/dashboard/active/startsession/sessionlogs.md,"25.12, 4.2",,,,
Start Activity Session,26.03,https://docs.netwrix.com/docs/privilegesecure/26_03/enduser/dashboard/active/startsession,docs/privilegesecure/26.03/enduser/dashboard/active/startsession/startsession.md,25.12,,,,
Approvals Dashboard: Approver,26.03,https://docs.netwrix.com/docs/privilegesecure/26_03/enduser/dashboard/approvals,docs/privilegesecure/26.03/enduser/dashboard/approvals.md,25.12,,,,
Historical Dashboard,26.03,https://docs.netwrix.com/docs/privilegesecure/26_03/enduser/dashboard/historical,docs/privilegesecure/26.03/enduser/dashboard/historical.md,25.12,,,,
Historical Dashboard: Auditor,26.03,https://docs.netwrix.com/docs/privilegesecure/26_03/enduser/dashboard/historicalauditor/historical,docs/privilegesecure/26.03/enduser/dashboard/historicalauditor/historical.md,,,,,
Replay Viewer Window,26.03,https://docs.netwrix.com/docs/privilegesecure/26_03/enduser/dashboard/historicalauditor/replayviewer,docs/privilegesecure/26.03/enduser/dashboard/historicalauditor/replayviewer.md,25.12,,,,
Session Logs Window,26.03,https://docs.netwrix.com/docs/privilegesecure/26_03/enduser/dashboard/historicalauditor/sessionlogs,docs/privilegesecure/26.03/enduser/dashboard/historicalauditor/sessionlogs.md,25.12,,,,
Dashboard Interface,26.03,https://docs.netwrix.com/docs/privilegesecure/26_03/enduser/dashboard/overview,docs/privilegesecure/26.03/enduser/dashboard/overview.md,25.12,,,,
Scheduled Dashboard,26.03,https://docs.netwrix.com/docs/privilegesecure/26_03/enduser/dashboard/scheduled,docs/privilegesecure/26.03/enduser/dashboard/scheduled.md,25.12,,,,
Create My Activity Session,26.03,https://docs.netwrix.com/docs/privilegesecure/26_03/enduser/myactivities/createsession,docs/privilegesecure/26.03/enduser/myactivities/createsession.md,25.12,,,,
My Activities,26.03,https://docs.netwrix.com/docs/privilegesecure/26_03/enduser/myactivities,docs/privilegesecure/26.03/enduser/myactivities/myactivities.md,,,,,
Navigation,26.03,https://docs.netwrix.com/docs/privilegesecure/26_03/enduser/navigation,docs/privilegesecure/26.03/enduser/navigation/navigation.md,25.12,,,,
Product Tour,26.03,https://docs.netwrix.com/docs/privilegesecure/26_03/enduser/navigation/producttour,docs/privilegesecure/26.03/enduser/navigation/producttour.md,25.12,,,,
Privilege Secure End User Overview,26.03,https://docs.netwrix.com/docs/privilegesecure/26_03/enduser/overview,docs/privilegesecure/26.03/enduser/overview.md,25.12,,,,
Session Timeout,26.03,https://docs.netwrix.com/docs/privilegesecure/26_03/enduser/sessiontimeout,docs/privilegesecure/26.03/enduser/sessiontimeout.md,"25.12, 4.2",,,,
Getting Started,26.03,https://docs.netwrix.com/docs/privilegesecure/26_03/gettingstarted,docs/privilegesecure/26.03/gettingstarted.md,,,,,
Netwrix Privilege Secure for Access Management v26.03 Documentation,26.03,https://docs.netwrix.com/docs/privilegesecure/26_03,docs/privilegesecure/26.03/index.md,25.12,,,,
Install Components & Methods,26.03,https://docs.netwrix.com/docs/privilegesecure/26_03/install/components,docs/privilegesecure/26.03/install/components.md,25.12,,,,
First Launch,26.03,https://docs.netwrix.com/docs/privilegesecure/26_03/install/firstlaunch,docs/privilegesecure/26.03/install/firstlaunch.md,,,,,
Log Into the Privilege Secure Console,26.03,https://docs.netwrix.com/docs/privilegesecure/26_03/install/login,docs/privilegesecure/26.03/install/login.md,,,,,
Installation,26.03,https://docs.netwrix.com/docs/privilegesecure/26_03/install/overview,docs/privilegesecure/26.03/install/overview.md,25.12,,,,
Action Service Install,26.03,https://docs.netwrix.com/docs/privilegesecure/26_03/install/servicesonadditional/actionservice,docs/privilegesecure/26.03/install/servicesonadditional/actionservice.md,25.12,,,,
Host Scan Service Install,26.03,https://docs.netwrix.com/docs/privilegesecure/26_03/install/servicesonadditional/hostservice,docs/privilegesecure/26.03/install/servicesonadditional/hostservice.md,25.12,,,,
Proxy Service Install,26.03,https://docs.netwrix.com/docs/privilegesecure/26_03/install/servicesonadditional/proxyservice,docs/privilegesecure/26.03/install/servicesonadditional/proxyservice.md,25.12,,,,
Install Remote Desktop Monitor Service on Target RDP Hosts,26.03,https://docs.netwrix.com/docs/privilegesecure/26_03/install/servicesonadditional/rdpmonitor,docs/privilegesecure/26.03/install/servicesonadditional/rdpmonitor.md,,,,,
Remote Access Gateway,26.03,https://docs.netwrix.com/docs/privilegesecure/26_03/install/servicesonadditional/remoteaccessgateway/overview,docs/privilegesecure/26.03/install/servicesonadditional/remoteaccessgateway/overview.md,25.12,,,,
Scheduler Service Install,26.03,https://docs.netwrix.com/docs/privilegesecure/26_03/install/servicesonadditional/schedulerservice,docs/privilegesecure/26.03/install/servicesonadditional/schedulerservice.md,25.12,,,,
Netwrix Setup Launcher,26.03,https://docs.netwrix.com/docs/privilegesecure/26_03/install/setuplauncher,docs/privilegesecure/26.03/install/setuplauncher.md,25.12,,,,
Silent Installer Option,26.03,https://docs.netwrix.com/docs/privilegesecure/26_03/install/silent,docs/privilegesecure/26.03/install/silent.md,25.12,,,,
SSH Configurations,26.03,https://docs.netwrix.com/docs/privilegesecure/26_03/install/sshconfigurations,docs/privilegesecure/26.03/install/sshconfigurations.md,,,,,
Troubleshooting,26.03,https://docs.netwrix.com/docs/privilegesecure/26_03/install/troubleshooting,docs/privilegesecure/26.03/install/troubleshooting.md,,,,,
Upgrade Procedure,26.03,https://docs.netwrix.com/docs/privilegesecure/26_03/install/upgrade,docs/privilegesecure/26.03/install/upgrade.md,25.12,,,,
Application Server,26.03,https://docs.netwrix.com/docs/privilegesecure/26_03/requirements/applicationserver,docs/privilegesecure/26.03/requirements/applicationserver.md,,,,,
AWS Key Management Service,26.03,https://docs.netwrix.com/docs/privilegesecure/26_03/requirements/awskey,docs/privilegesecure/26.03/requirements/awskey/awskey.md,25.12,,,,
AWS KMS Key Rotation,26.03,https://docs.netwrix.com/docs/privilegesecure/26_03/requirements/awskey/awskeyrotation,docs/privilegesecure/26.03/requirements/awskey/awskeyrotation.md,25.12,,,,
Client,26.03,https://docs.netwrix.com/docs/privilegesecure/26_03/requirements/client,docs/privilegesecure/26.03/requirements/client.md,,,,,
Requirements,26.03,https://docs.netwrix.com/docs/privilegesecure/26_03/requirements/overview,docs/privilegesecure/26.03/requirements/overview.md,,,,,
Ports,26.03,https://docs.netwrix.com/docs/privilegesecure/26_03/requirements/ports,docs/privilegesecure/26.03/requirements/ports.md,25.12,,,,
Remote Service Node,26.03,https://docs.netwrix.com/docs/privilegesecure/26_03/requirements/proxyserver,docs/privilegesecure/26.03/requirements/proxyserver.md,"25.12, 4.2",,,,
Target Environments,26.03,https://docs.netwrix.com/docs/privilegesecure/26_03/requirements/target,docs/privilegesecure/26.03/requirements/target.md,"25.12, 4.2",,,,
Access Certification Page,4.2,https://docs.netwrix.com/docs/privilegesecure/4_2/admin/AuditReporting/accesscertification,docs/privilegesecure/4.2/admin/AuditReporting/accesscertification/accesscertification.md,,,,,
Entitlements Tab for Access Certification,4.2,https://docs.netwrix.com/docs/privilegesecure/4_2/admin/AuditReporting/accesscertification/entitlements,docs/privilegesecure/4.2/admin/AuditReporting/accesscertification/entitlements.md,,,,,
Users Tab for Access Certification,4.2,https://docs.netwrix.com/docs/privilegesecure/4_2/admin/AuditReporting/accesscertification/users,docs/privilegesecure/4.2/admin/AuditReporting/accesscertification/users.md,,,,,
Events Page,4.2,https://docs.netwrix.com/docs/privilegesecure/4_2/admin/AuditReporting/events,docs/privilegesecure/4.2/admin/AuditReporting/events.md,,,,,
Reporting,4.2,https://docs.netwrix.com/docs/privilegesecure/4_2/admin/AuditReporting/reporting,docs/privilegesecure/4.2/admin/AuditReporting/reporting.md,,,,,
Authentication Page,4.2,https://docs.netwrix.com/docs/privilegesecure/4_2/admin/configuration/authentication,docs/privilegesecure/4.2/admin/configuration/authentication/authentication.md,,,,,
Add Authentication Connector,4.2,https://docs.netwrix.com/docs/privilegesecure/4_2/admin/configuration/authentication/authenticationconnector,docs/privilegesecure/4.2/admin/configuration/authentication/authenticationconnector.md,,,,,
OpenID Connect Authentication,4.2,https://docs.netwrix.com/docs/privilegesecure/4_2/admin/configuration/authentication/openidconnectconfigu/openidconnectauthentication,docs/privilegesecure/4.2/admin/configuration/authentication/openidconnectconfigu/openidconnectauthentication.md,,,,,
OpenID Connect Configuration Wizard,4.2,https://docs.netwrix.com/docs/privilegesecure/4_2/admin/configuration/authentication/openidconnectconfigu/openidconnectconfiguration,docs/privilegesecure/4.2/admin/configuration/authentication/openidconnectconfigu/openidconnectconfiguration.md,,,,,
SAML Configuration Wizard,4.2,https://docs.netwrix.com/docs/privilegesecure/4_2/admin/configuration/authentication/samlconfiguration,docs/privilegesecure/4.2/admin/configuration/authentication/samlconfiguration.md,,,,,
Bring Your Own Vault (BYOV) Connector Configuration,4.2,https://docs.netwrix.com/docs/privilegesecure/4_2/admin/configuration/integrationconnector/integrationbyov/byovconnectorconfig,docs/privilegesecure/4.2/admin/configuration/integrationconnector/integrationbyov/byovconnectorconfig.md,,,,,
Bring Your Own Vault (BYOV) Integration,4.2,https://docs.netwrix.com/docs/privilegesecure/4_2/admin/configuration/integrationconnector/integrationbyov,docs/privilegesecure/4.2/admin/configuration/integrationconnector/integrationbyov/integrationbyov.md,,,,,
Integration Connectors Page,4.2,https://docs.netwrix.com/docs/privilegesecure/4_2/admin/configuration/integrationconnector/integrationconnectors,docs/privilegesecure/4.2/admin/configuration/integrationconnector/integrationconnectors.md,,,,,
Advanced CyberArk Settings,4.2,https://docs.netwrix.com/docs/privilegesecure/4_2/admin/configuration/integrationconnector/integrationcyberark/cyberark,docs/privilegesecure/4.2/admin/configuration/integrationconnector/integrationcyberark/cyberark.md,,,,,
Microsoft Entra ID App Registration,4.2,https://docs.netwrix.com/docs/privilegesecure/4_2/admin/configuration/serviceaccounts/entraidappregistration,docs/privilegesecure/4.2/admin/configuration/serviceaccounts/entraidappregistration.md,,,,,
Service Accounts Page,4.2,https://docs.netwrix.com/docs/privilegesecure/4_2/admin/configuration/serviceaccounts,docs/privilegesecure/4.2/admin/configuration/serviceaccounts/serviceaccounts.md,,,,,
Action Service,4.2,https://docs.netwrix.com/docs/privilegesecure/4_2/admin/configuration/servicenodes/servicenodes/action,docs/privilegesecure/4.2/admin/configuration/servicenodes/servicenodes/action.md,,,,,
Email Service,4.2,https://docs.netwrix.com/docs/privilegesecure/4_2/admin/configuration/servicenodes/servicenodes/email,docs/privilegesecure/4.2/admin/configuration/servicenodes/servicenodes/email.md,,,,,
Proxy Service,4.2,https://docs.netwrix.com/docs/privilegesecure/4_2/admin/configuration/servicenodes/servicenodes/proxy,docs/privilegesecure/4.2/admin/configuration/servicenodes/servicenodes/proxy.md,,,,,
Scheduler Service,4.2,https://docs.netwrix.com/docs/privilegesecure/4_2/admin/configuration/servicenodes/servicenodes/scheduler,docs/privilegesecure/4.2/admin/configuration/servicenodes/servicenodes/scheduler.md,,,,,
Service Nodes Page,4.2,https://docs.netwrix.com/docs/privilegesecure/4_2/admin/configuration/servicenodes/servicenodes,docs/privilegesecure/4.2/admin/configuration/servicenodes/servicenodes/servicenodes.md,,,,,
SIEM Service,4.2,https://docs.netwrix.com/docs/privilegesecure/4_2/admin/configuration/servicenodes/servicenodes/siem,docs/privilegesecure/4.2/admin/configuration/servicenodes/servicenodes/siem.md,,,,,
SIEM Server Page,4.2,https://docs.netwrix.com/docs/privilegesecure/4_2/admin/configuration/siempages/siemserver,docs/privilegesecure/4.2/admin/configuration/siempages/siemserver.md,,,,,
SIEM Templates Page,4.2,https://docs.netwrix.com/docs/privilegesecure/4_2/admin/configuration/siempages/siemtemplates,docs/privilegesecure/4.2/admin/configuration/siempages/siemtemplates.md,,,,,
Global Settings Page,4.2,https://docs.netwrix.com/docs/privilegesecure/4_2/admin/configuration/systemsettingspages/globalsettings,docs/privilegesecure/4.2/admin/configuration/systemsettingspages/globalsettings.md,,,,,
Services Page,4.2,https://docs.netwrix.com/docs/privilegesecure/4_2/admin/configuration/systemsettingspages/services,docs/privilegesecure/4.2/admin/configuration/systemsettingspages/services.md,,,,,
Active Dashboard,4.2,https://docs.netwrix.com/docs/privilegesecure/4_2/admin/dashboard/active,docs/privilegesecure/4.2/admin/dashboard/active/active.md,,,,,
Live Session Viewer Window,4.2,https://docs.netwrix.com/docs/privilegesecure/4_2/admin/dashboard/active/liveviewer,docs/privilegesecure/4.2/admin/dashboard/active/liveviewer.md,,,,,
Lock Session,4.2,https://docs.netwrix.com/docs/privilegesecure/4_2/admin/dashboard/active/locksession,docs/privilegesecure/4.2/admin/dashboard/active/locksession.md,,,,,
Start Activity Session,4.2,https://docs.netwrix.com/docs/privilegesecure/4_2/admin/dashboard/active/startsession,docs/privilegesecure/4.2/admin/dashboard/active/startsession.md,,,,,
Approvals Dashboard,4.2,https://docs.netwrix.com/docs/privilegesecure/4_2/admin/dashboard/approvals,docs/privilegesecure/4.2/admin/dashboard/approvals.md,,,,,
Credentials Dashboard,4.2,https://docs.netwrix.com/docs/privilegesecure/4_2/admin/dashboard/credentials,docs/privilegesecure/4.2/admin/dashboard/credentials.md,,,,,
Historical Dashboard,4.2,https://docs.netwrix.com/docs/privilegesecure/4_2/admin/dashboard/historical,docs/privilegesecure/4.2/admin/dashboard/historical/historical.md,,,,,
Replay Viewer Window,4.2,https://docs.netwrix.com/docs/privilegesecure/4_2/admin/dashboard/historical/replayviewer,docs/privilegesecure/4.2/admin/dashboard/historical/replayviewer.md,,,,,
Resources Dashboard,4.2,https://docs.netwrix.com/docs/privilegesecure/4_2/admin/dashboard/resources,docs/privilegesecure/4.2/admin/dashboard/resources.md,,,,,
Scheduled Dashboard,4.2,https://docs.netwrix.com/docs/privilegesecure/4_2/admin/dashboard/scheduled,docs/privilegesecure/4.2/admin/dashboard/scheduled.md,,,,,
Add Access Policy,4.2,https://docs.netwrix.com/docs/privilegesecure/4_2/admin/interface/accesspolicy/accesspolicy_1,docs/privilegesecure/4.2/admin/interface/accesspolicy/accesspolicy_1.md,,,,,
Access Policy Page,4.2,https://docs.netwrix.com/docs/privilegesecure/4_2/admin/interface/accesspolicy,docs/privilegesecure/4.2/admin/interface/accesspolicy/accesspolicy.md,,,,,
Activity Token Complexity Page,4.2,https://docs.netwrix.com/docs/privilegesecure/4_2/admin/interface/accesspolicy/activitytokencomplex/activitytokencomplexity,docs/privilegesecure/4.2/admin/interface/accesspolicy/activitytokencomplex/activitytokencomplexity.md,,,,,
Add Connection Profile,4.2,https://docs.netwrix.com/docs/privilegesecure/4_2/admin/interface/accesspolicy/connectionprofiles/connectionprofile,docs/privilegesecure/4.2/admin/interface/accesspolicy/connectionprofiles/connectionprofile.md,,,,,
Add Approval Workflow,4.2,https://docs.netwrix.com/docs/privilegesecure/4_2/admin/interface/accesspolicy/connectionprofiles/connectionprofileapproval,docs/privilegesecure/4.2/admin/interface/accesspolicy/connectionprofiles/connectionprofileapproval.md,,,,,
Connection Profiles Page,4.2,https://docs.netwrix.com/docs/privilegesecure/4_2/admin/interface/accesspolicy/connectionprofiles,docs/privilegesecure/4.2/admin/interface/accesspolicy/connectionprofiles/connectionprofiles.md,,,,,
Activities Tab for Credential Based Access Policies,4.2,https://docs.netwrix.com/docs/privilegesecure/4_2/admin/interface/accesspolicy/credentialbasedpolic/activities,docs/privilegesecure/4.2/admin/interface/accesspolicy/credentialbasedpolic/activities.md,,,,,
Add Credentials Window,4.2,https://docs.netwrix.com/docs/privilegesecure/4_2/admin/interface/accesspolicy/credentialbasedpolic/credentials/addcredentials,docs/privilegesecure/4.2/admin/interface/accesspolicy/credentialbasedpolic/credentials/addcredentials.md,,,,,
Credentials Tab for Credential Based Access Policies,4.2,https://docs.netwrix.com/docs/privilegesecure/4_2/admin/interface/accesspolicy/credentialbasedpolic/credentials,docs/privilegesecure/4.2/admin/interface/accesspolicy/credentialbasedpolic/credentials/credentials.md,,,,,
Users Tab for Credential Based Access Policies,4.2,https://docs.netwrix.com/docs/privilegesecure/4_2/admin/interface/accesspolicy/credentialbasedpolic/users,docs/privilegesecure/4.2/admin/interface/accesspolicy/credentialbasedpolic/users.md,,,,,
Add Activities and Activity Groups Window,4.2,https://docs.netwrix.com/docs/privilegesecure/4_2/admin/interface/accesspolicy/resourcebasedpolicyt/activities/addactivitiesandactivitygroups,docs/privilegesecure/4.2/admin/interface/accesspolicy/resourcebasedpolicyt/activities/addactivitiesandactivitygroups.md,,,,,
Add Resources and Resource Groups Window,4.2,https://docs.netwrix.com/docs/privilegesecure/4_2/admin/interface/accesspolicy/resourcebasedpolicyt/resources/addresourcesandresourcegroups,docs/privilegesecure/4.2/admin/interface/accesspolicy/resourcebasedpolicyt/resources/addresourcesandresourcegroups.md,,,,,
Users Tab for Resource Based Access Policies,4.2,https://docs.netwrix.com/docs/privilegesecure/4_2/admin/interface/accesspolicy/resourcebasedpolicyt/users,docs/privilegesecure/4.2/admin/interface/accesspolicy/resourcebasedpolicyt/users.md,,,,,
Activities Page,4.2,https://docs.netwrix.com/docs/privilegesecure/4_2/admin/interface/activities,docs/privilegesecure/4.2/admin/interface/activities/activities.md,,,,,
Add Activity,4.2,https://docs.netwrix.com/docs/privilegesecure/4_2/admin/interface/activities/activity,docs/privilegesecure/4.2/admin/interface/activities/activity/activity.md,,,,,
Login Account Templates,4.2,https://docs.netwrix.com/docs/privilegesecure/4_2/admin/interface/activities/activity/activityloginaccounttemplates,docs/privilegesecure/4.2/admin/interface/activities/activity/activityloginaccounttemplates.md,,,,,
Activity Groups Page,4.2,https://docs.netwrix.com/docs/privilegesecure/4_2/admin/interface/activities/activitygroups,docs/privilegesecure/4.2/admin/interface/activities/activitygroups/activitygroups.md,,,,,
Add Activities Window,4.2,https://docs.netwrix.com/docs/privilegesecure/4_2/admin/interface/activities/activitygroups/addactivities,docs/privilegesecure/4.2/admin/interface/activities/activitygroups/addactivities.md,,,,,
Action Types,4.2,https://docs.netwrix.com/docs/privilegesecure/4_2/admin/interface/activities/addaction/activityactiontypes,docs/privilegesecure/4.2/admin/interface/activities/addaction/activityactiontypes.md,,,,,
Add Action Window,4.2,https://docs.netwrix.com/docs/privilegesecure/4_2/admin/interface/activities/addaction,docs/privilegesecure/4.2/admin/interface/activities/addaction/addaction.md,,,,,
Account Dependencies Window,4.2,https://docs.netwrix.com/docs/privilegesecure/4_2/admin/interface/credentials/accountdependencies,docs/privilegesecure/4.2/admin/interface/credentials/accountdependencies.md,,,,,
Credential Groups Page,4.2,https://docs.netwrix.com/docs/privilegesecure/4_2/admin/interface/credentials/credentialgroups,docs/privilegesecure/4.2/admin/interface/credentials/credentialgroups/credentialgroups.md,,,,,
Credential Policy Overrides Page,4.2,https://docs.netwrix.com/docs/privilegesecure/4_2/admin/interface/credentials/credentialpolicyover/credentialpolicyoverrides,docs/privilegesecure/4.2/admin/interface/credentials/credentialpolicyover/credentialpolicyoverrides.md,,,,,
Credentials Page,4.2,https://docs.netwrix.com/docs/privilegesecure/4_2/admin/interface/credentials,docs/privilegesecure/4.2/admin/interface/credentials/credentials.md,,,,,
Manage Internal Service Accounts,4.2,https://docs.netwrix.com/docs/privilegesecure/4_2/admin/interface/credentials/manageinternalserviceaccount,docs/privilegesecure/4.2/admin/interface/credentials/manageinternalserviceaccount.md,,,,,
Policy Interface,4.2,https://docs.netwrix.com/docs/privilegesecure/4_2/admin/interface,docs/privilegesecure/4.2/admin/interface/interface.md,,,,,
Password Complexity Page,4.2,https://docs.netwrix.com/docs/privilegesecure/4_2/admin/interface/platforms/passwordcomplexity,docs/privilegesecure/4.2/admin/interface/platforms/passwordcomplexity/passwordcomplexity.md,,,,,
Active Directory Platform Policy Configuration,4.2,https://docs.netwrix.com/docs/privilegesecure/4_2/admin/interface/platforms/platforms/activedirectory,docs/privilegesecure/4.2/admin/interface/platforms/platforms/activedirectory.md,,,,,
Cisco Platform Policy Configuration,4.2,https://docs.netwrix.com/docs/privilegesecure/4_2/admin/interface/platforms/platforms/cisco,docs/privilegesecure/4.2/admin/interface/platforms/platforms/cisco.md,,,,,
Microsoft Entra ID Platform Policy Configuration,4.2,https://docs.netwrix.com/docs/privilegesecure/4_2/admin/interface/platforms/platforms/entraid,docs/privilegesecure/4.2/admin/interface/platforms/platforms/entraid.md,,,,,
Linux Platform Policy Configuration,4.2,https://docs.netwrix.com/docs/privilegesecure/4_2/admin/interface/platforms/platforms/linux,docs/privilegesecure/4.2/admin/interface/platforms/platforms/linux.md,,,,,
Microsoft SQL Server Platform Policy Configuration,4.2,https://docs.netwrix.com/docs/privilegesecure/4_2/admin/interface/platforms/platforms/mssql,docs/privilegesecure/4.2/admin/interface/platforms/platforms/mssql.md,,,,,
Oracle Platform Policy Configuration,4.2,https://docs.netwrix.com/docs/privilegesecure/4_2/admin/interface/platforms/platforms/oracle,docs/privilegesecure/4.2/admin/interface/platforms/platforms/oracle.md,,,,,
Secret Vault Platform Policy Configuration,4.2,https://docs.netwrix.com/docs/privilegesecure/4_2/admin/interface/platforms/platforms/secretvault,docs/privilegesecure/4.2/admin/interface/platforms/platforms/secretvault.md,,,,,
Web Site Platform Policy Configuration,4.2,https://docs.netwrix.com/docs/privilegesecure/4_2/admin/interface/platforms/platforms/website,docs/privilegesecure/4.2/admin/interface/platforms/platforms/website.md,,,,,
Windows Platform Policy Configuration,4.2,https://docs.netwrix.com/docs/privilegesecure/4_2/admin/interface/platforms/platforms/windows,docs/privilegesecure/4.2/admin/interface/platforms/platforms/windows.md,,,,,
Edit Schedule Policy,4.2,https://docs.netwrix.com/docs/privilegesecure/4_2/admin/interface/platforms/schedulepolicies/schedulepolicy_1,docs/privilegesecure/4.2/admin/interface/platforms/schedulepolicies/schedulepolicy_1.md,,,,,
Add Schedule Policy,4.2,https://docs.netwrix.com/docs/privilegesecure/4_2/admin/interface/platforms/schedulepolicies/schedulepolicy,docs/privilegesecure/4.2/admin/interface/platforms/schedulepolicies/schedulepolicy.md,,,,,
Allowed Members Tab for Protection Policies,4.2,https://docs.netwrix.com/docs/privilegesecure/4_2/admin/interface/protectionpolicies/allowedmembers,docs/privilegesecure/4.2/admin/interface/protectionpolicies/allowedmembers.md,,,,,
Protection Policies Page,4.2,https://docs.netwrix.com/docs/privilegesecure/4_2/admin/interface/protectionpolicies,docs/privilegesecure/4.2/admin/interface/protectionpolicies/protectionpolicies.md,,,,,
Add Resources Window for Protected Policy,4.2,https://docs.netwrix.com/docs/privilegesecure/4_2/admin/interface/protectionpolicies/resources/addresources,docs/privilegesecure/4.2/admin/interface/protectionpolicies/resources/addresources.md,,,,,
Add New Service Account Window,4.2,https://docs.netwrix.com/docs/privilegesecure/4_2/admin/interface/resources/addandchange/addnewserviceaccount,docs/privilegesecure/4.2/admin/interface/resources/addandchange/addnewserviceaccount.md,,,,,
Add Resources Window,4.2,https://docs.netwrix.com/docs/privilegesecure/4_2/admin/interface/resources/addandchange/addresourcesonboard,docs/privilegesecure/4.2/admin/interface/resources/addandchange/addresourcesonboard/addresourcesonboard.md,,,,,
Create Resource Import CSV File,4.2,https://docs.netwrix.com/docs/privilegesecure/4_2/admin/interface/resources/addandchange/addresourcesonboard/resourceimportcsv,docs/privilegesecure/4.2/admin/interface/resources/addandchange/addresourcesonboard/resourceimportcsv.md,,,,,
Change Platform Window,4.2,https://docs.netwrix.com/docs/privilegesecure/4_2/admin/interface/resources/addandchange/changeplatform,docs/privilegesecure/4.2/admin/interface/resources/addandchange/changeplatform.md,,,,,
Change Service Account Window,4.2,https://docs.netwrix.com/docs/privilegesecure/4_2/admin/interface/resources/addandchange/changeserviceaccount,docs/privilegesecure/4.2/admin/interface/resources/addandchange/changeserviceaccount.md,,,,,
Add New Database,4.2,https://docs.netwrix.com/docs/privilegesecure/4_2/admin/interface/resources/addandchange/database,docs/privilegesecure/4.2/admin/interface/resources/addandchange/database.md,,,,,
Add New Domain,4.2,https://docs.netwrix.com/docs/privilegesecure/4_2/admin/interface/resources/addandchange/domain,docs/privilegesecure/4.2/admin/interface/resources/addandchange/domain.md,,,,,
Add New Microsoft Entra ID Tenant,4.2,https://docs.netwrix.com/docs/privilegesecure/4_2/admin/interface/resources/addandchange/entraidtenant,docs/privilegesecure/4.2/admin/interface/resources/addandchange/entraidtenant.md,,,,,
Add Secret Vault,4.2,https://docs.netwrix.com/docs/privilegesecure/4_2/admin/interface/resources/addandchange/secretvault,docs/privilegesecure/4.2/admin/interface/resources/addandchange/secretvault/secretvault.md,,,,,
Secret Vault Configuration,4.2,https://docs.netwrix.com/docs/privilegesecure/4_2/admin/interface/resources/addandchange/secretvault/secretvaultconfig,docs/privilegesecure/4.2/admin/interface/resources/addandchange/secretvault/secretvaultconfig.md,,,,,
Add New Website,4.2,https://docs.netwrix.com/docs/privilegesecure/4_2/admin/interface/resources/addandchange/website,docs/privilegesecure/4.2/admin/interface/resources/addandchange/website.md,,,,,
Configure Secure WinRM Connection Window,4.2,https://docs.netwrix.com/docs/privilegesecure/4_2/admin/interface/resources/configuresecurewinrmconnection,docs/privilegesecure/4.2/admin/interface/resources/configuresecurewinrmconnection.md,,,,,
Database Details Page,4.2,https://docs.netwrix.com/docs/privilegesecure/4_2/admin/interface/resources/detailspages/databases,docs/privilegesecure/4.2/admin/interface/resources/detailspages/databases/databases.md,,,,,
Domain Details Page,4.2,https://docs.netwrix.com/docs/privilegesecure/4_2/admin/interface/resources/detailspages/domain,docs/privilegesecure/4.2/admin/interface/resources/detailspages/domain/domain.md,,,,,
Users Tab for Domain,4.2,https://docs.netwrix.com/docs/privilegesecure/4_2/admin/interface/resources/detailspages/domain/usersdomain,docs/privilegesecure/4.2/admin/interface/resources/detailspages/domain/usersdomain.md,,,,,
Microsoft Entra ID Details Page,4.2,https://docs.netwrix.com/docs/privilegesecure/4_2/admin/interface/resources/detailspages/entraid,docs/privilegesecure/4.2/admin/interface/resources/detailspages/entraid/entraid.md,,,,,
Groups Tab for Microsoft Entra ID,4.2,https://docs.netwrix.com/docs/privilegesecure/4_2/admin/interface/resources/detailspages/entraid/groupsentraid,docs/privilegesecure/4.2/admin/interface/resources/detailspages/entraid/groupsentraid.md,,,,,
URLs Tab for Microsoft Entra ID,4.2,https://docs.netwrix.com/docs/privilegesecure/4_2/admin/interface/resources/detailspages/entraid/urlsentraid,docs/privilegesecure/4.2/admin/interface/resources/detailspages/entraid/urlsentraid.md,,,,,
Users Tab for Microsoft Entra ID,4.2,https://docs.netwrix.com/docs/privilegesecure/4_2/admin/interface/resources/detailspages/entraid/usersentraid,docs/privilegesecure/4.2/admin/interface/resources/detailspages/entraid/usersentraid.md,,,,,
Access Policies Tab for Host,4.2,https://docs.netwrix.com/docs/privilegesecure/4_2/admin/interface/resources/detailspages/host/accesspolicieshost,docs/privilegesecure/4.2/admin/interface/resources/detailspages/host/accesspolicieshost.md,,,,,
Host Details Page,4.2,https://docs.netwrix.com/docs/privilegesecure/4_2/admin/interface/resources/detailspages/host,docs/privilegesecure/4.2/admin/interface/resources/detailspages/host/host.md,,,,,
Sessions Tab for Host,4.2,https://docs.netwrix.com/docs/privilegesecure/4_2/admin/interface/resources/detailspages/host/sessionshost,docs/privilegesecure/4.2/admin/interface/resources/detailspages/host/sessionshost.md,,,,,
Users Tab for Host,4.2,https://docs.netwrix.com/docs/privilegesecure/4_2/admin/interface/resources/detailspages/host/usershost,docs/privilegesecure/4.2/admin/interface/resources/detailspages/host/usershost.md,,,,,
Accounts Tab for Secret Vault,4.2,https://docs.netwrix.com/docs/privilegesecure/4_2/admin/interface/resources/detailspages/secretvault/accountssecretvault,docs/privilegesecure/4.2/admin/interface/resources/detailspages/secretvault/accountssecretvault/accountssecretvault.md,,,,,
Add a Managed Account Window,4.2,https://docs.netwrix.com/docs/privilegesecure/4_2/admin/interface/resources/detailspages/secretvault/accountssecretvault/addamanagedaccount,docs/privilegesecure/4.2/admin/interface/resources/detailspages/secretvault/accountssecretvault/addamanagedaccount.md,,,,,
Edit a Managed Account Window,4.2,https://docs.netwrix.com/docs/privilegesecure/4_2/admin/interface/resources/detailspages/secretvault/accountssecretvault/editamanagedaccount,docs/privilegesecure/4.2/admin/interface/resources/detailspages/secretvault/accountssecretvault/editamanagedaccount.md,,,,,
History Tab for Secret Vault,4.2,https://docs.netwrix.com/docs/privilegesecure/4_2/admin/interface/resources/detailspages/secretvault/historysecretvault,docs/privilegesecure/4.2/admin/interface/resources/detailspages/secretvault/historysecretvault.md,,,,,
Secret Vault Details Page,4.2,https://docs.netwrix.com/docs/privilegesecure/4_2/admin/interface/resources/detailspages/secretvault,docs/privilegesecure/4.2/admin/interface/resources/detailspages/secretvault/secretvault.md,,,,,
Sessions Tab for Secret Vault,4.2,https://docs.netwrix.com/docs/privilegesecure/4_2/admin/interface/resources/detailspages/secretvault/sessionssecretvault,docs/privilegesecure/4.2/admin/interface/resources/detailspages/secretvault/sessionssecretvault.md,,,,,
Add Website URL Window,4.2,https://docs.netwrix.com/docs/privilegesecure/4_2/admin/interface/resources/detailspages/website/urlswebsite/addwebsiteurl,docs/privilegesecure/4.2/admin/interface/resources/detailspages/website/urlswebsite/addwebsiteurl.md,,,,,
URLs Tab for Website,4.2,https://docs.netwrix.com/docs/privilegesecure/4_2/admin/interface/resources/detailspages/website/urlswebsite,docs/privilegesecure/4.2/admin/interface/resources/detailspages/website/urlswebsite/urlswebsite.md,,,,,
Add a Managed User Window,4.2,https://docs.netwrix.com/docs/privilegesecure/4_2/admin/interface/resources/detailspages/website/userswebsite/addamanageduser,docs/privilegesecure/4.2/admin/interface/resources/detailspages/website/userswebsite/addamanageduser.md,,,,,
Website Details Page,4.2,https://docs.netwrix.com/docs/privilegesecure/4_2/admin/interface/resources/detailspages/website,docs/privilegesecure/4.2/admin/interface/resources/detailspages/website/website.md,,,,,
Password Reset Options Window,4.2,https://docs.netwrix.com/docs/privilegesecure/4_2/admin/interface/resources/passwordresetoptions,docs/privilegesecure/4.2/admin/interface/resources/passwordresetoptions.md,,,,,
Remove Resource Window,4.2,https://docs.netwrix.com/docs/privilegesecure/4_2/admin/interface/resources/removeresource,docs/privilegesecure/4.2/admin/interface/resources/removeresource.md,,,,,
Add Resources Window for Resource Group,4.2,https://docs.netwrix.com/docs/privilegesecure/4_2/admin/interface/resources/resourcegroups/addresourcestogroup,docs/privilegesecure/4.2/admin/interface/resources/resourcegroups/addresourcestogroup.md,,,,,
Add a Resource Group,4.2,https://docs.netwrix.com/docs/privilegesecure/4_2/admin/interface/resources/resourcegroups/resourcegroup,docs/privilegesecure/4.2/admin/interface/resources/resourcegroups/resourcegroup.md,,,,,
Resource Groups Page,4.2,https://docs.netwrix.com/docs/privilegesecure/4_2/admin/interface/resources/resourcegroups,docs/privilegesecure/4.2/admin/interface/resources/resourcegroups/resourcegroups.md,,,,,
Resources Page,4.2,https://docs.netwrix.com/docs/privilegesecure/4_2/admin/interface/resources,docs/privilegesecure/4.2/admin/interface/resources/resources.md,,,,,
Test Resource Connectivity Window,4.2,https://docs.netwrix.com/docs/privilegesecure/4_2/admin/interface/resources/testresourceconnectivity,docs/privilegesecure/4.2/admin/interface/resources/testresourceconnectivity.md,,,,,
Add Users & Groups Window,4.2,https://docs.netwrix.com/docs/privilegesecure/4_2/admin/interface/usersgroups/add/addusersandgroups,docs/privilegesecure/4.2/admin/interface/usersgroups/add/addusersandgroups.md,,,,,
Add Application,4.2,https://docs.netwrix.com/docs/privilegesecure/4_2/admin/interface/usersgroups/add/application,docs/privilegesecure/4.2/admin/interface/usersgroups/add/application.md,,,,,
Add Local User,4.2,https://docs.netwrix.com/docs/privilegesecure/4_2/admin/interface/usersgroups/add/localuser,docs/privilegesecure/4.2/admin/interface/usersgroups/add/localuser.md,,,,,
Add Custom Role,4.2,https://docs.netwrix.com/docs/privilegesecure/4_2/admin/interface/usersgroups/rolemanagement/customrole,docs/privilegesecure/4.2/admin/interface/usersgroups/rolemanagement/customrole.md,,,,,
Role Management Page,4.2,https://docs.netwrix.com/docs/privilegesecure/4_2/admin/interface/usersgroups/rolemanagement,docs/privilegesecure/4.2/admin/interface/usersgroups/rolemanagement/rolemanagement.md,,,,,
Add Activities and Groups Window,4.2,https://docs.netwrix.com/docs/privilegesecure/4_2/admin/interface/usersgroups/rolemanagement/rolemanagementcustom/addactivitiesandgroups,docs/privilegesecure/4.2/admin/interface/usersgroups/rolemanagement/rolemanagementcustom/addactivitiesandgroups.md,,,,,
Add Policies Window,4.2,https://docs.netwrix.com/docs/privilegesecure/4_2/admin/interface/usersgroups/rolemanagement/rolemanagementcustom/addpolicies,docs/privilegesecure/4.2/admin/interface/usersgroups/rolemanagement/rolemanagementcustom/addpolicies.md,,,,,
Add Resources and Groups Window,4.2,https://docs.netwrix.com/docs/privilegesecure/4_2/admin/interface/usersgroups/rolemanagement/rolemanagementcustom/addresourcesandgroups,docs/privilegesecure/4.2/admin/interface/usersgroups/rolemanagement/rolemanagementcustom/addresourcesandgroups.md,,,,,
Add Role Users Window,4.2,https://docs.netwrix.com/docs/privilegesecure/4_2/admin/interface/usersgroups/rolemanagement/rolemanagementcustom/addroleusers,docs/privilegesecure/4.2/admin/interface/usersgroups/rolemanagement/rolemanagementcustom/addroleusers.md,,,,,
Change Permission Assignment,4.2,https://docs.netwrix.com/docs/privilegesecure/4_2/admin/interface/usersgroups/rolemanagement/rolemanagementcustom/changepermissions,docs/privilegesecure/4.2/admin/interface/usersgroups/rolemanagement/rolemanagementcustom/changepermissions.md,,,,,
Custom Role Details Page,4.2,https://docs.netwrix.com/docs/privilegesecure/4_2/admin/interface/usersgroups/rolemanagement/rolemanagementcustom,docs/privilegesecure/4.2/admin/interface/usersgroups/rolemanagement/rolemanagementcustom/rolemanagementcustom.md,,,,,
Add Administrators Window,4.2,https://docs.netwrix.com/docs/privilegesecure/4_2/admin/interface/usersgroups/rolemanagement/rolemanagementdefaul/addadministrators,docs/privilegesecure/4.2/admin/interface/usersgroups/rolemanagement/rolemanagementdefaul/addadministrators.md,,,,,
Add Reviewers Window,4.2,https://docs.netwrix.com/docs/privilegesecure/4_2/admin/interface/usersgroups/rolemanagement/rolemanagementdefaul/addreviewers,docs/privilegesecure/4.2/admin/interface/usersgroups/rolemanagement/rolemanagementdefaul/addreviewers.md,,,,,
Default Role Details Page,4.2,https://docs.netwrix.com/docs/privilegesecure/4_2/admin/interface/usersgroups/rolemanagement/rolemanagementdefaul/rolemanagementdefault,docs/privilegesecure/4.2/admin/interface/usersgroups/rolemanagement/rolemanagementdefaul/rolemanagementdefault.md,,,,,
Authentication Tab,4.2,https://docs.netwrix.com/docs/privilegesecure/4_2/admin/interface/usersgroups/usergroupapplication/authentication,docs/privilegesecure/4.2/admin/interface/usersgroups/usergroupapplication/authentication.md,,,,,
Group Roles Tab,4.2,https://docs.netwrix.com/docs/privilegesecure/4_2/admin/interface/usersgroups/usergroupapplication/grouproles,docs/privilegesecure/4.2/admin/interface/usersgroups/usergroupapplication/grouproles.md,,,,,
Reset User MFA,4.2,https://docs.netwrix.com/docs/privilegesecure/4_2/admin/interface/usersgroups/usergroupapplication/resetmfa,docs/privilegesecure/4.2/admin/interface/usersgroups/usergroupapplication/resetmfa.md,,,,,
Sessions Tab,4.2,https://docs.netwrix.com/docs/privilegesecure/4_2/admin/interface/usersgroups/usergroupapplication/sessions,docs/privilegesecure/4.2/admin/interface/usersgroups/usergroupapplication/sessions.md,,,,,
"User, Group, & Application Details Page",4.2,https://docs.netwrix.com/docs/privilegesecure/4_2/admin/interface/usersgroups/usergroupapplication,docs/privilegesecure/4.2/admin/interface/usersgroups/usergroupapplication/usergroupapplication.md,,,,,
User Roles Tab,4.2,https://docs.netwrix.com/docs/privilegesecure/4_2/admin/interface/usersgroups/usergroupapplication/userroles,docs/privilegesecure/4.2/admin/interface/usersgroups/usergroupapplication/userroles.md,,,,,
User and Group Collections Page,4.2,https://docs.netwrix.com/docs/privilegesecure/4_2/admin/interface/usersgroups/usergroupcollections,docs/privilegesecure/4.2/admin/interface/usersgroups/usergroupcollections.md,,,,,
Users & Groups Page,4.2,https://docs.netwrix.com/docs/privilegesecure/4_2/admin/interface/usersgroups,docs/privilegesecure/4.2/admin/interface/usersgroups/usersgroups.md,,,,,
Create My Activity Session,4.2,https://docs.netwrix.com/docs/privilegesecure/4_2/admin/myactivities/createsession,docs/privilegesecure/4.2/admin/myactivities/createsession.md,,,,,
Access > My Activities Page,4.2,https://docs.netwrix.com/docs/privilegesecure/4_2/admin/myactivities,docs/privilegesecure/4.2/admin/myactivities/myactivities.md,,,,,
About Page,4.2,https://docs.netwrix.com/docs/privilegesecure/4_2/admin/navigation/aboutpage,docs/privilegesecure/4.2/admin/navigation/aboutpage.md,,,,,
Import the License File,4.2,https://docs.netwrix.com/docs/privilegesecure/4_2/admin/navigation/importlicense,docs/privilegesecure/4.2/admin/navigation/importlicense.md,,,,,
Navigation,4.2,https://docs.netwrix.com/docs/privilegesecure/4_2/admin/navigation,docs/privilegesecure/4.2/admin/navigation/navigation.md,,,,,
Product Tour,4.2,https://docs.netwrix.com/docs/privilegesecure/4_2/admin/navigation/producttour,docs/privilegesecure/4.2/admin/navigation/producttour.md,,,,,
Administration,4.2,https://docs.netwrix.com/docs/privilegesecure/4_2/admin/overview,docs/privilegesecure/4.2/admin/overview.md,,,,,
Session Timeout,4.2,https://docs.netwrix.com/docs/privilegesecure/4_2/admin/sessiontimeout,docs/privilegesecure/4.2/admin/sessiontimeout.md,,,,,
Troubleshooting,4.2,https://docs.netwrix.com/docs/privilegesecure/4_2/admin/troubleshooting,docs/privilegesecure/4.2/admin/troubleshooting.md,,,,,
Browser Extension App,4.2,https://docs.netwrix.com/docs/privilegesecure/4_2/enduser/browserextension,docs/privilegesecure/4.2/enduser/browserextension/browserextension.md,,,,,
End Web Session,4.2,https://docs.netwrix.com/docs/privilegesecure/4_2/enduser/browserextension/interface/endwebsession,docs/privilegesecure/4.2/enduser/browserextension/interface/endwebsession.md,,,,,
Browser Extension Interface,4.2,https://docs.netwrix.com/docs/privilegesecure/4_2/enduser/browserextension/interface,docs/privilegesecure/4.2/enduser/browserextension/interface/interface.md,,,,,
Start Web Session,4.2,https://docs.netwrix.com/docs/privilegesecure/4_2/enduser/browserextension/interface/startwebsession,docs/privilegesecure/4.2/enduser/browserextension/interface/startwebsession.md,,,,,
Active Dashboard,4.2,https://docs.netwrix.com/docs/privilegesecure/4_2/enduser/dashboard/active,docs/privilegesecure/4.2/enduser/dashboard/active/active.md,,,,,
Configure DirectConnect for Remote Desktop Connection,4.2,https://docs.netwrix.com/docs/privilegesecure/4_2/enduser/dashboard/active/startsession/rdcmanager,docs/privilegesecure/4.2/enduser/dashboard/active/startsession/rdcmanager.md,,,,,
Start Activity Session,4.2,https://docs.netwrix.com/docs/privilegesecure/4_2/enduser/dashboard/active/startsession,docs/privilegesecure/4.2/enduser/dashboard/active/startsession/startsession.md,,,,,
Approvals Dashboard,4.2,https://docs.netwrix.com/docs/privilegesecure/4_2/enduser/dashboard/approvals,docs/privilegesecure/4.2/enduser/dashboard/approvals.md,,,,,
Historical Dashboard,4.2,https://docs.netwrix.com/docs/privilegesecure/4_2/enduser/dashboard/historical,docs/privilegesecure/4.2/enduser/dashboard/historical.md,,,,,
Dashboard Interface,4.2,https://docs.netwrix.com/docs/privilegesecure/4_2/enduser/dashboard/overview,docs/privilegesecure/4.2/enduser/dashboard/overview.md,,,,,
Scheduled Dashboard,4.2,https://docs.netwrix.com/docs/privilegesecure/4_2/enduser/dashboard/scheduled,docs/privilegesecure/4.2/enduser/dashboard/scheduled.md,,,,,
Create My Activity Session,4.2,https://docs.netwrix.com/docs/privilegesecure/4_2/enduser/myactivities/createsession,docs/privilegesecure/4.2/enduser/myactivities/createsession.md,,,,,
My Activities Page,4.2,https://docs.netwrix.com/docs/privilegesecure/4_2/enduser/myactivities,docs/privilegesecure/4.2/enduser/myactivities/myactivities.md,,,,,
Navigation,4.2,https://docs.netwrix.com/docs/privilegesecure/4_2/enduser/navigation,docs/privilegesecure/4.2/enduser/navigation/navigation.md,,,,,
Product Tour,4.2,https://docs.netwrix.com/docs/privilegesecure/4_2/enduser/navigation/producttour,docs/privilegesecure/4.2/enduser/navigation/producttour.md,,,,,
Privilege Secure End User Overview,4.2,https://docs.netwrix.com/docs/privilegesecure/4_2/enduser/overview,docs/privilegesecure/4.2/enduser/overview.md,,,,,
Getting Started,4.2,https://docs.netwrix.com/docs/privilegesecure/4_2/gettingstarted,docs/privilegesecure/4.2/gettingstarted.md,,,,,
Netwrix Privilege Secure for Access Management v4.2 Documentation,4.2,https://docs.netwrix.com/docs/privilegesecure/4_2,docs/privilegesecure/4.2/index.md,,,,,
Install Components & Methods,4.2,https://docs.netwrix.com/docs/privilegesecure/4_2/install/components,docs/privilegesecure/4.2/install/components/components.md,,,,,
Netwrix Setup Launcher,4.2,https://docs.netwrix.com/docs/privilegesecure/4_2/install/components/setuplauncher,docs/privilegesecure/4.2/install/components/setuplauncher.md,,,,,
Application Silent Installer Option,4.2,https://docs.netwrix.com/docs/privilegesecure/4_2/install/components/silent,docs/privilegesecure/4.2/install/components/silent.md,,,,,
First Launch,4.2,https://docs.netwrix.com/docs/privilegesecure/4_2/install/firstlaunch,docs/privilegesecure/4.2/install/firstlaunch.md,,,,,
Log Into the Privilege Secure Console,4.2,https://docs.netwrix.com/docs/privilegesecure/4_2/install/login,docs/privilegesecure/4.2/install/login.md,,,,,
Installation,4.2,https://docs.netwrix.com/docs/privilegesecure/4_2/install/overview,docs/privilegesecure/4.2/install/overview.md,,,,,
Action Service Install,4.2,https://docs.netwrix.com/docs/privilegesecure/4_2/install/servicesonadditional/actionservice,docs/privilegesecure/4.2/install/servicesonadditional/actionservice.md,,,,,
Proxy Service Install,4.2,https://docs.netwrix.com/docs/privilegesecure/4_2/install/servicesonadditional/proxyservice,docs/privilegesecure/4.2/install/servicesonadditional/proxyservice.md,,,,,
Install Remote Desktop Monitor Service on Target RDP Hosts,4.2,https://docs.netwrix.com/docs/privilegesecure/4_2/install/servicesonadditional/rdpmonitor,docs/privilegesecure/4.2/install/servicesonadditional/rdpmonitor.md,,,,,
Scheduler Service Install,4.2,https://docs.netwrix.com/docs/privilegesecure/4_2/install/servicesonadditional/schedulerservice,docs/privilegesecure/4.2/install/servicesonadditional/schedulerservice.md,,,,,
Upgrade Procedure,4.2,https://docs.netwrix.com/docs/privilegesecure/4_2/install/upgrade,docs/privilegesecure/4.2/install/upgrade.md,,,,,
Active Dashboard,4.2,https://docs.netwrix.com/docs/privilegesecure/4_2/remoteaccessgateway/enduser/dashboard/active,docs/privilegesecure/4.2/remoteaccessgateway/enduser/dashboard/active/active.md,,,,,
Create Activity Session,4.2,https://docs.netwrix.com/docs/privilegesecure/4_2/remoteaccessgateway/enduser/dashboard/active/createsession,docs/privilegesecure/4.2/remoteaccessgateway/enduser/dashboard/active/createsession.md,,,,,
Approvals Dashboard,4.2,https://docs.netwrix.com/docs/privilegesecure/4_2/remoteaccessgateway/enduser/dashboard/approvals,docs/privilegesecure/4.2/remoteaccessgateway/enduser/dashboard/approvals.md,,,,,
Historical Dashboard,4.2,https://docs.netwrix.com/docs/privilegesecure/4_2/remoteaccessgateway/enduser/dashboard/historical,docs/privilegesecure/4.2/remoteaccessgateway/enduser/dashboard/historical.md,,,,,
Dashboard Interface,4.2,https://docs.netwrix.com/docs/privilegesecure/4_2/remoteaccessgateway/enduser/dashboard/overview,docs/privilegesecure/4.2/remoteaccessgateway/enduser/dashboard/overview.md,,,,,
Scheduled Dashboard,4.2,https://docs.netwrix.com/docs/privilegesecure/4_2/remoteaccessgateway/enduser/dashboard/scheduled,docs/privilegesecure/4.2/remoteaccessgateway/enduser/dashboard/scheduled.md,,,,,
Sessions Interface,4.2,https://docs.netwrix.com/docs/privilegesecure/4_2/remoteaccessgateway/enduser/dashboard/sessions,docs/privilegesecure/4.2/remoteaccessgateway/enduser/dashboard/sessions.md,,,,,
First Time Login,4.2,https://docs.netwrix.com/docs/privilegesecure/4_2/remoteaccessgateway/enduser/login,docs/privilegesecure/4.2/remoteaccessgateway/enduser/login.md,,,,,
Create My Activity Session,4.2,https://docs.netwrix.com/docs/privilegesecure/4_2/remoteaccessgateway/enduser/myactivities/createsession,docs/privilegesecure/4.2/remoteaccessgateway/enduser/myactivities/createsession.md,,,,,
My Activities Page,4.2,https://docs.netwrix.com/docs/privilegesecure/4_2/remoteaccessgateway/enduser/myactivities,docs/privilegesecure/4.2/remoteaccessgateway/enduser/myactivities/myactivities.md,,,,,
Navigation,4.2,https://docs.netwrix.com/docs/privilegesecure/4_2/remoteaccessgateway/enduser/navigation,docs/privilegesecure/4.2/remoteaccessgateway/enduser/navigation.md,,,,,
End User Overview,4.2,https://docs.netwrix.com/docs/privilegesecure/4_2/remoteaccessgateway/enduser/overview,docs/privilegesecure/4.2/remoteaccessgateway/enduser/overview.md,,,,,
Product Tour,4.2,https://docs.netwrix.com/docs/privilegesecure/4_2/remoteaccessgateway/enduser/producttour,docs/privilegesecure/4.2/remoteaccessgateway/enduser/producttour.md,,,,,
Session Timeout,4.2,https://docs.netwrix.com/docs/privilegesecure/4_2/remoteaccessgateway/enduser/sessiontimeout,docs/privilegesecure/4.2/remoteaccessgateway/enduser/sessiontimeout.md,,,,,
Installation Support,4.2,https://docs.netwrix.com/docs/privilegesecure/4_2/remoteaccessgateway/installsupport,docs/privilegesecure/4.2/remoteaccessgateway/installsupport.md,,,,,
Remote Access Gateway,4.2,https://docs.netwrix.com/docs/privilegesecure/4_2/remoteaccessgateway/overview,docs/privilegesecure/4.2/remoteaccessgateway/overview.md,,,,,
AWS Key Management Service,4.2,https://docs.netwrix.com/docs/privilegesecure/4_2/requirements/awskey,docs/privilegesecure/4.2/requirements/awskey/awskey.md,,,,,
AWS KMS Key Rotation,4.2,https://docs.netwrix.com/docs/privilegesecure/4_2/requirements/awskey/awskeyrotation,docs/privilegesecure/4.2/requirements/awskey/awskeyrotation.md,,,,,
Ports,4.2,https://docs.netwrix.com/docs/privilegesecure/4_2/requirements/ports,docs/privilegesecure/4.2/requirements/ports.md,,,,,
Active Dashboard,4.2,https://docs.netwrix.com/docs/privilegesecure/4_2/revieweruser/dashboard/active,docs/privilegesecure/4.2/revieweruser/dashboard/active/active.md,,,,,
Create Activity Session,4.2,https://docs.netwrix.com/docs/privilegesecure/4_2/revieweruser/dashboard/active/createsession,docs/privilegesecure/4.2/revieweruser/dashboard/active/createsession.md,,,,,
Session Logs Window,4.2,https://docs.netwrix.com/docs/privilegesecure/4_2/revieweruser/dashboard/active/startsession/sessionlogs,docs/privilegesecure/4.2/revieweruser/dashboard/active/startsession/sessionlogs.md,,,,,
Start Activity Session,4.2,https://docs.netwrix.com/docs/privilegesecure/4_2/revieweruser/dashboard/active/startsession,docs/privilegesecure/4.2/revieweruser/dashboard/active/startsession/startsession.md,,,,,
Approvals Dashboard,4.2,https://docs.netwrix.com/docs/privilegesecure/4_2/revieweruser/dashboard/approvals,docs/privilegesecure/4.2/revieweruser/dashboard/approvals.md,,,,,
Historical Dashboard,4.2,https://docs.netwrix.com/docs/privilegesecure/4_2/revieweruser/dashboard/historical,docs/privilegesecure/4.2/revieweruser/dashboard/historical.md,,,,,
Dashboard Interface,4.2,https://docs.netwrix.com/docs/privilegesecure/4_2/revieweruser/dashboard/overview,docs/privilegesecure/4.2/revieweruser/dashboard/overview.md,,,,,
Scheduled Dashboard,4.2,https://docs.netwrix.com/docs/privilegesecure/4_2/revieweruser/dashboard/scheduled,docs/privilegesecure/4.2/revieweruser/dashboard/scheduled.md,,,,,
Create My Activity Session,4.2,https://docs.netwrix.com/docs/privilegesecure/4_2/revieweruser/myactivities/createsession,docs/privilegesecure/4.2/revieweruser/myactivities/createsession.md,,,,,
My Activities Page,4.2,https://docs.netwrix.com/docs/privilegesecure/4_2/revieweruser/myactivities,docs/privilegesecure/4.2/revieweruser/myactivities/myactivities.md,,,,,
Navigation,4.2,https://docs.netwrix.com/docs/privilegesecure/4_2/revieweruser/navigation,docs/privilegesecure/4.2/revieweruser/navigation/navigation.md,,,,,
Product Tour,4.2,https://docs.netwrix.com/docs/privilegesecure/4_2/revieweruser/navigation/producttour,docs/privilegesecure/4.2/revieweruser/navigation/producttour.md,,,,,
Privilege Secure Reviewer User Overview,4.2,https://docs.netwrix.com/docs/privilegesecure/4_2/revieweruser/overview,docs/privilegesecure/4.2/revieweruser/overview.md,,,,,
Session Timeout,4.2,https://docs.netwrix.com/docs/privilegesecure/4_2/revieweruser/sessiontimeout,docs/privilegesecure/4.2/revieweruser/sessiontimeout.md,,,,,
