document_title,version,live_page_url,source_path,also_covers,reviewer,audited,fixed,corrections,notes
Access Reviews,10.6,https://docs.netwrix.com/docs/auditor/10_6/accessreviews,docs/auditor/10.6/accessreviews/accessreviews.md,,,,,,
Email Templates,10.6,https://docs.netwrix.com/docs/auditor/10_6/accessreviews/admin/additionalconfig/emailtemplates,docs/auditor/10.6/accessreviews/admin/additionalconfig/emailtemplates.md,Covered by 10.7 — see docs/auditor/10.7/accessreviews/admin/additionalconfig/emailtemplates.md,,,,,
Additional Configuration Options,10.6,https://docs.netwrix.com/docs/auditor/10_6/accessreviews/admin/additionalconfig/overview,docs/auditor/10.6/accessreviews/admin/additionalconfig/overview.md,Covered by 10.8 — see docs/auditor/10.8/accessreviews/admin/additionalconfig/overview.md,,,,,
Timeout Parameter,10.6,https://docs.netwrix.com/docs/auditor/10_6/accessreviews/admin/additionalconfig/timeoutparameter,docs/auditor/10.6/accessreviews/admin/additionalconfig/timeoutparameter.md,Covered by 10.7 — see docs/auditor/10.7/accessreviews/admin/additionalconfig/timeoutparameter.md,,,,,
Active Directory Page,10.6,https://docs.netwrix.com/docs/auditor/10_6/accessreviews/admin/configuration/activedirectory,docs/auditor/10.6/accessreviews/admin/configuration/activedirectory.md,Covered by 10.7 — see docs/auditor/10.7/accessreviews/admin/configuration/activedirectory.md,,,,,
Console Access Page,10.6,https://docs.netwrix.com/docs/auditor/10_6/accessreviews/admin/configuration/consoleaccess,docs/auditor/10.6/accessreviews/admin/configuration/consoleaccess.md,,,,,,
Database Page,10.6,https://docs.netwrix.com/docs/auditor/10_6/accessreviews/admin/configuration/database,docs/auditor/10.6/accessreviews/admin/configuration/database.md,Covered by 10.7 — see docs/auditor/10.7/accessreviews/admin/configuration/database.md,,,,,
Diagnostics Page,10.6,https://docs.netwrix.com/docs/auditor/10_6/accessreviews/admin/configuration/diagnostics,docs/auditor/10.6/accessreviews/admin/configuration/diagnostics.md,Covered by 10.7 — see docs/auditor/10.7/accessreviews/admin/configuration/diagnostics.md,,,,,
Notifications Page,10.6,https://docs.netwrix.com/docs/auditor/10_6/accessreviews/admin/configuration/notifications,docs/auditor/10.6/accessreviews/admin/configuration/notifications.md,,,,,,
Configuration Interface Overview,10.6,https://docs.netwrix.com/docs/auditor/10_6/accessreviews/admin/configuration/overview,docs/auditor/10.6/accessreviews/admin/configuration/overview.md,,,,,,
First Launch,10.6,https://docs.netwrix.com/docs/auditor/10_6/accessreviews/admin/firstlaunch,docs/auditor/10.6/accessreviews/admin/firstlaunch.md,,,,,,
URL & Login,10.6,https://docs.netwrix.com/docs/auditor/10_6/accessreviews/admin/login,docs/auditor/10.6/accessreviews/admin/login.md,,,,,,
Data Grid Features,10.6,https://docs.netwrix.com/docs/auditor/10_6/accessreviews/admin/navigate/datagrid,docs/auditor/10.6/accessreviews/admin/navigate/datagrid.md,,,,,,
Edit Notes Window,10.6,https://docs.netwrix.com/docs/auditor/10_6/accessreviews/admin/navigate/editnotes,docs/auditor/10.6/accessreviews/admin/navigate/editnotes.md,,,,,,
Navigation,10.6,https://docs.netwrix.com/docs/auditor/10_6/accessreviews/admin/navigate,docs/auditor/10.6/accessreviews/admin/navigate/navigate.md,,,,,,
Administrator Overview,10.6,https://docs.netwrix.com/docs/auditor/10_6/accessreviews/admin/overview,docs/auditor/10.6/accessreviews/admin/overview.md,Covered by 10.8 — see docs/auditor/10.8/accessreviews/admin/overview.md,,,,,
Update Credential Passwords,10.6,https://docs.netwrix.com/docs/auditor/10_6/accessreviews/admin/troubleshooting/credentialpasswords,docs/auditor/10.6/accessreviews/admin/troubleshooting/credentialpasswords.md,,,,,,
Change Log Level,10.6,https://docs.netwrix.com/docs/auditor/10_6/accessreviews/admin/troubleshooting/loglevel,docs/auditor/10.6/accessreviews/admin/troubleshooting/loglevel.md,Covered by 10.7 — see docs/auditor/10.7/accessreviews/admin/troubleshooting/loglevel.md,,,,,
Troubleshooting,10.6,https://docs.netwrix.com/docs/auditor/10_6/accessreviews/admin/troubleshooting/overview,docs/auditor/10.6/accessreviews/admin/troubleshooting/overview.md,,,,,,
Application Service Account,10.6,https://docs.netwrix.com/docs/auditor/10_6/accessreviews/admin/troubleshooting/serviceaccount,docs/auditor/10.6/accessreviews/admin/troubleshooting/serviceaccount.md,Covered by 10.7 — see docs/auditor/10.7/accessreviews/admin/troubleshooting/serviceaccount.md,,,,,
Approval Process,10.6,https://docs.netwrix.com/docs/auditor/10_6/accessreviews/entitlementreviews/approvalprocess,docs/auditor/10.6/accessreviews/entitlementreviews/approvalprocess/approvalprocess.md,,,,,,
Remove Changes Window,10.6,https://docs.netwrix.com/docs/auditor/10_6/accessreviews/entitlementreviews/approvalprocess/removechanges,docs/auditor/10.6/accessreviews/entitlementreviews/approvalprocess/removechanges.md,,,,,,
Create Review Wizard,10.6,https://docs.netwrix.com/docs/auditor/10_6/accessreviews/entitlementreviews/create,docs/auditor/10.6/accessreviews/entitlementreviews/create/create.md,,,,,,
Review Instances,10.6,https://docs.netwrix.com/docs/auditor/10_6/accessreviews/entitlementreviews/create/reviewinstances,docs/auditor/10.6/accessreviews/entitlementreviews/create/reviewinstances.md,,,,,,
Delete Review Window,10.6,https://docs.netwrix.com/docs/auditor/10_6/accessreviews/entitlementreviews/interface/deletereview,docs/auditor/10.6/accessreviews/entitlementreviews/interface/deletereview.md,,,,,,
Entitlement Reviews Interface,10.6,https://docs.netwrix.com/docs/auditor/10_6/accessreviews/entitlementreviews/interface,docs/auditor/10.6/accessreviews/entitlementreviews/interface/interface.md,,,,,,
Rename Review Window,10.6,https://docs.netwrix.com/docs/auditor/10_6/accessreviews/entitlementreviews/interface/renamereview,docs/auditor/10.6/accessreviews/entitlementreviews/interface/renamereview.md,,,,,,
Selected Resources Window,10.6,https://docs.netwrix.com/docs/auditor/10_6/accessreviews/entitlementreviews/interface/selectedresources,docs/auditor/10.6/accessreviews/entitlementreviews/interface/selectedresources.md,,,,,,
Send Reminders Window,10.6,https://docs.netwrix.com/docs/auditor/10_6/accessreviews/entitlementreviews/interface/sendreminders,docs/auditor/10.6/accessreviews/entitlementreviews/interface/sendreminders.md,,,,,,
Stop Review Window,10.6,https://docs.netwrix.com/docs/auditor/10_6/accessreviews/entitlementreviews/interface/stopreview,docs/auditor/10.6/accessreviews/entitlementreviews/interface/stopreview.md,,,,,,
View Responses Window,10.6,https://docs.netwrix.com/docs/auditor/10_6/accessreviews/entitlementreviews/interface/viewresponses,docs/auditor/10.6/accessreviews/entitlementreviews/interface/viewresponses.md,,,,,,
Reviews Overview,10.6,https://docs.netwrix.com/docs/auditor/10_6/accessreviews/entitlementreviews/overview,docs/auditor/10.6/accessreviews/entitlementreviews/overview.md,,,,,,
Select Data Sources,10.6,https://docs.netwrix.com/docs/auditor/10_6/accessreviews/installation/accessreviewsconfiguration,docs/auditor/10.6/accessreviews/installation/accessreviewsconfiguration.md,,,,,,
Install,10.6,https://docs.netwrix.com/docs/auditor/10_6/accessreviews/installation/install,docs/auditor/10.6/accessreviews/installation/install.md,,,,,,
Installation Overview,10.6,https://docs.netwrix.com/docs/auditor/10_6/accessreviews/installation/overview,docs/auditor/10.6/accessreviews/installation/overview.md,,,,,,
Secure Console Access,10.6,https://docs.netwrix.com/docs/auditor/10_6/accessreviews/installation/secure,docs/auditor/10.6/accessreviews/installation/secure.md,,,,,,
Upgrade Procedure,10.6,https://docs.netwrix.com/docs/auditor/10_6/accessreviews/installation/upgrade,docs/auditor/10.6/accessreviews/installation/upgrade.md,,,,,,
Ownership Confirmation Request Email,10.6,https://docs.netwrix.com/docs/auditor/10_6/accessreviews/owneroverview/confirmationrequest,docs/auditor/10.6/accessreviews/owneroverview/confirmationrequest.md,Covered by 10.7 — see docs/auditor/10.7/accessreviews/owneroverview/confirmationrequest.md,,,,,
Owners & Access Reviews,10.6,https://docs.netwrix.com/docs/auditor/10_6/accessreviews/owneroverview,docs/auditor/10.6/accessreviews/owneroverview/owneroverview.md,Covered by 10.8 — see docs/auditor/10.8/accessreviews/owneroverview/owneroverview.md,,,,,
Perform an Access Review,10.6,https://docs.netwrix.com/docs/auditor/10_6/accessreviews/owneroverview/pendingreviews/access,docs/auditor/10.6/accessreviews/owneroverview/pendingreviews/access.md,,,,,,
Group Membership Window,10.6,https://docs.netwrix.com/docs/auditor/10_6/accessreviews/owneroverview/pendingreviews/groupmembership,docs/auditor/10.6/accessreviews/owneroverview/pendingreviews/groupmembership.md,,,,,,
Perform a Membership Review,10.6,https://docs.netwrix.com/docs/auditor/10_6/accessreviews/owneroverview/pendingreviews/membership,docs/auditor/10.6/accessreviews/owneroverview/pendingreviews/membership.md,,,,,,
Pending Reviews,10.6,https://docs.netwrix.com/docs/auditor/10_6/accessreviews/owneroverview/pendingreviews,docs/auditor/10.6/accessreviews/owneroverview/pendingreviews/pendingreviews.md,,,,,,
Review History Page,10.6,https://docs.netwrix.com/docs/auditor/10_6/accessreviews/owneroverview/reviewhistory,docs/auditor/10.6/accessreviews/owneroverview/reviewhistory.md,,,,,,
Confirm Ownership Wizard,10.6,https://docs.netwrix.com/docs/auditor/10_6/accessreviews/resourceowners/confirmation/confirm,docs/auditor/10.6/accessreviews/resourceowners/confirmation/confirm.md,,,,,,
Ownership Confirmation,10.6,https://docs.netwrix.com/docs/auditor/10_6/accessreviews/resourceowners/confirmation,docs/auditor/10.6/accessreviews/resourceowners/confirmation/confirmation.md,,,,,,
Add New Resource Wizard,10.6,https://docs.netwrix.com/docs/auditor/10_6/accessreviews/resourceowners/interface/add,docs/auditor/10.6/accessreviews/resourceowners/interface/add.md,,,,,,
Add Owner Window,10.6,https://docs.netwrix.com/docs/auditor/10_6/accessreviews/resourceowners/interface/addowner,docs/auditor/10.6/accessreviews/resourceowners/interface/addowner.md,,,,,,
Confirm Removal Window,10.6,https://docs.netwrix.com/docs/auditor/10_6/accessreviews/resourceowners/interface/confirmremoval,docs/auditor/10.6/accessreviews/resourceowners/interface/confirmremoval.md,,,,,,
Resource Owners Interface,10.6,https://docs.netwrix.com/docs/auditor/10_6/accessreviews/resourceowners/interface,docs/auditor/10.6/accessreviews/resourceowners/interface/interface.md,,,,,,
Update Resource Wizard,10.6,https://docs.netwrix.com/docs/auditor/10_6/accessreviews/resourceowners/interface/update,docs/auditor/10.6/accessreviews/resourceowners/interface/update.md,,,,,,
Resource Owners Overview,10.6,https://docs.netwrix.com/docs/auditor/10_6/accessreviews/resourceowners/overview,docs/auditor/10.6/accessreviews/resourceowners/overview.md,,,,,,
Planning and Preparation,10.6,https://docs.netwrix.com/docs/auditor/10_6/accountlockoutexaminer/configure,docs/auditor/10.6/accountlockoutexaminer/configure.md,Covered by 10.8 — see docs/auditor/10.8/accountlockoutexaminer/configure.md,,,,,
Account Lockout Examiner,10.6,https://docs.netwrix.com/docs/auditor/10_6/accountlockoutexaminer/overview,docs/auditor/10.6/accountlockoutexaminer/overview.md,,,,,,
Examining Lockouts,10.6,https://docs.netwrix.com/docs/auditor/10_6/accountlockoutexaminer/usage,docs/auditor/10.6/accountlockoutexaminer/usage.md,,,,,,
Automate Add-On Execution,10.6,https://docs.netwrix.com/docs/auditor/10_6/addon/alienvaultusm/automate,docs/auditor/10.6/addon/alienvaultusm/automate.md,Covered by 10.7 — see docs/auditor/10.7/addon/alienvaultusm/automate.md,,,,,
Work with Collected Data,10.6,https://docs.netwrix.com/docs/auditor/10_6/addon/alienvaultusm/collecteddata,docs/auditor/10.6/addon/alienvaultusm/collecteddata.md,,,,,,
Choose Appropriate Execution Scenario,10.6,https://docs.netwrix.com/docs/auditor/10_6/addon/alienvaultusm/deployment,docs/auditor/10.6/addon/alienvaultusm/deployment.md,,,,,,
Integration Event Log Fields,10.6,https://docs.netwrix.com/docs/auditor/10_6/addon/alienvaultusm/integrationeventlog,docs/auditor/10.6/addon/alienvaultusm/integrationeventlog.md,,,,,,
AlienVault USM,10.6,https://docs.netwrix.com/docs/auditor/10_6/addon/alienvaultusm/overview,docs/auditor/10.6/addon/alienvaultusm/overview.md,,,,,,
Define Parameters,10.6,https://docs.netwrix.com/docs/auditor/10_6/addon/alienvaultusm/parameters,docs/auditor/10.6/addon/alienvaultusm/parameters.md,,,,,,
Run the Add-On with PowerShell,10.6,https://docs.netwrix.com/docs/auditor/10_6/addon/alienvaultusm/powershell,docs/auditor/10.6/addon/alienvaultusm/powershell.md,,,,,,
Automate Add-On Execution,10.6,https://docs.netwrix.com/docs/auditor/10_6/addon/amazonwebservices/automate,docs/auditor/10.6/addon/amazonwebservices/automate.md,Covered by 10.7 — see docs/auditor/10.7/addon/amazonwebservices/automate.md,,,,,
Work with Collected Data,10.6,https://docs.netwrix.com/docs/auditor/10_6/addon/amazonwebservices/collecteddata,docs/auditor/10.6/addon/amazonwebservices/collecteddata.md,Covered by 10.7 — see docs/auditor/10.7/addon/amazonwebservices/collecteddata.md,,,,,
Choose Appropriate Execution Scenario,10.6,https://docs.netwrix.com/docs/auditor/10_6/addon/amazonwebservices/deployment,docs/auditor/10.6/addon/amazonwebservices/deployment.md,,,,,,
Amazon Web Services,10.6,https://docs.netwrix.com/docs/auditor/10_6/addon/amazonwebservices/overview,docs/auditor/10.6/addon/amazonwebservices/overview.md,,,,,,
Define Parameters,10.6,https://docs.netwrix.com/docs/auditor/10_6/addon/amazonwebservices/parameters,docs/auditor/10.6/addon/amazonwebservices/parameters.md,,,,,,
Run the Add-On with PowerShell,10.6,https://docs.netwrix.com/docs/auditor/10_6/addon/amazonwebservices/powershell,docs/auditor/10.6/addon/amazonwebservices/powershell.md,Covered by 10.8 — see docs/auditor/10.8/addon/amazonwebservices/powershell.md,,,,,
Automate Add-On Execution,10.6,https://docs.netwrix.com/docs/auditor/10_6/addon/arcsight/automate,docs/auditor/10.6/addon/arcsight/automate.md,Covered by 10.8 — see docs/auditor/10.8/addon/arcsight/automate.md,,,,,
Work with Collected Data,10.6,https://docs.netwrix.com/docs/auditor/10_6/addon/arcsight/collecteddata,docs/auditor/10.6/addon/arcsight/collecteddata.md,Covered by 10.7 — see docs/auditor/10.7/addon/arcsight/collecteddata.md,,,,,
Choose Appropriate Execution Scenario,10.6,https://docs.netwrix.com/docs/auditor/10_6/addon/arcsight/deployment,docs/auditor/10.6/addon/arcsight/deployment.md,Covered by 10.8 — see docs/auditor/10.8/addon/arcsight/deployment.md,,,,,
ArcSight,10.6,https://docs.netwrix.com/docs/auditor/10_6/addon/arcsight/overview,docs/auditor/10.6/addon/arcsight/overview.md,,,,,,
Define Parameters,10.6,https://docs.netwrix.com/docs/auditor/10_6/addon/arcsight/parameters,docs/auditor/10.6/addon/arcsight/parameters.md,,,,,,
Run the Add-On with PowerShell,10.6,https://docs.netwrix.com/docs/auditor/10_6/addon/arcsight/powershell,docs/auditor/10.6/addon/arcsight/powershell.md,Covered by 10.8 — see docs/auditor/10.8/addon/arcsight/powershell.md,,,,,
Work with Collected Data,10.6,https://docs.netwrix.com/docs/auditor/10_6/addon/azurefiles/collecteddata,docs/auditor/10.6/addon/azurefiles/collecteddata.md,Covered by 10.7 — see docs/auditor/10.7/addon/azurefiles/collecteddata.md,,,,,
Deployment Procedure,10.6,https://docs.netwrix.com/docs/auditor/10_6/addon/azurefiles/deployment,docs/auditor/10.6/addon/azurefiles/deployment.md,,,,,,
Azure Files,10.6,https://docs.netwrix.com/docs/auditor/10_6/addon/azurefiles/overview,docs/auditor/10.6/addon/azurefiles/overview.md,,,,,,
Configure ConnectWise,10.6,https://docs.netwrix.com/docs/auditor/10_6/addon/connectwise/configure,docs/auditor/10.6/addon/connectwise/configure.md,,,,,,
Connection and Ticketing Settings,10.6,https://docs.netwrix.com/docs/auditor/10_6/addon/connectwise/connectionticketingsettings,docs/auditor/10.6/addon/connectwise/connectionticketingsettings.md,,,,,,
Deploy the Add-On,10.6,https://docs.netwrix.com/docs/auditor/10_6/addon/connectwise/deployment,docs/auditor/10.6/addon/connectwise/deployment.md,,,,,,
MSP Usage Example,10.6,https://docs.netwrix.com/docs/auditor/10_6/addon/connectwise/msp,docs/auditor/10.6/addon/connectwise/msp.md,,,,,,
Operational Settings,10.6,https://docs.netwrix.com/docs/auditor/10_6/addon/connectwise/operationalsettings,docs/auditor/10.6/addon/connectwise/operationalsettings.md,Covered by 10.7 — see docs/auditor/10.7/addon/connectwise/operationalsettings.md,,,,,
ConnectWise Manage,10.6,https://docs.netwrix.com/docs/auditor/10_6/addon/connectwise/overview,docs/auditor/10.6/addon/connectwise/overview.md,,,,,,
Work with Collected Data,10.6,https://docs.netwrix.com/docs/auditor/10_6/addon/ctera/collecteddata,docs/auditor/10.6/addon/ctera/collecteddata.md,,,,,,
Install Add-On,10.6,https://docs.netwrix.com/docs/auditor/10_6/addon/ctera/install,docs/auditor/10.6/addon/ctera/install.md,Covered by 10.8 — see docs/auditor/10.8/addon/ctera/install.md,,,,,
Ctera,10.6,https://docs.netwrix.com/docs/auditor/10_6/addon/ctera/overview,docs/auditor/10.6/addon/ctera/overview.md,,,,,,
Define Parameters,10.6,https://docs.netwrix.com/docs/auditor/10_6/addon/ctera/parameters,docs/auditor/10.6/addon/ctera/parameters.md,Covered by 10.7 — see docs/auditor/10.7/addon/ctera/parameters.md,,,,,
Work with Collected Data,10.6,https://docs.netwrix.com/docs/auditor/10_6/addon/cyberark/collecteddata,docs/auditor/10.6/addon/cyberark/collecteddata.md,,,,,,
Deploy the Add-On,10.6,https://docs.netwrix.com/docs/auditor/10_6/addon/cyberark/deployment,docs/auditor/10.6/addon/cyberark/deployment.md,,,,,,
Monitored Events,10.6,https://docs.netwrix.com/docs/auditor/10_6/addon/cyberark/monitoredevents,docs/auditor/10.6/addon/cyberark/monitoredevents.md,Covered by 10.8 — see docs/auditor/10.8/addon/cyberark/monitoredevents.md,,,,,
CyberArk Privileged Access Security,10.6,https://docs.netwrix.com/docs/auditor/10_6/addon/cyberark/overview,docs/auditor/10.6/addon/cyberark/overview.md,,,,,,
Add-On Parameters,10.6,https://docs.netwrix.com/docs/auditor/10_6/addon/cyberark/parameters,docs/auditor/10.6/addon/cyberark/parameters.md,,,,,,
Maintenance and Troubleshooting,10.6,https://docs.netwrix.com/docs/auditor/10_6/addon/cyberark/troubleshooting,docs/auditor/10.6/addon/cyberark/troubleshooting.md,Covered by 10.8 — see docs/auditor/10.8/addon/cyberark/troubleshooting.md,,,,,
Work with Collected Data,10.6,https://docs.netwrix.com/docs/auditor/10_6/addon/hyperv/collecteddata,docs/auditor/10.6/addon/hyperv/collecteddata.md,,,,,,
Deployment Scenarios,10.6,https://docs.netwrix.com/docs/auditor/10_6/addon/hyperv/deployment,docs/auditor/10.6/addon/hyperv/deployment.md,,,,,,
Deploy the Add-On,10.6,https://docs.netwrix.com/docs/auditor/10_6/addon/hyperv/install,docs/auditor/10.6/addon/hyperv/install.md,,,,,,
Monitoring Scope,10.6,https://docs.netwrix.com/docs/auditor/10_6/addon/hyperv/monitoredevents,docs/auditor/10.6/addon/hyperv/monitoredevents.md,Covered by 10.8 — see docs/auditor/10.8/addon/hyperv/monitoredevents.md,,,,,
Hyper-V SCVMM,10.6,https://docs.netwrix.com/docs/auditor/10_6/addon/hyperv/overview,docs/auditor/10.6/addon/hyperv/overview.md,,,,,,
Add-On Parameters,10.6,https://docs.netwrix.com/docs/auditor/10_6/addon/hyperv/parameters,docs/auditor/10.6/addon/hyperv/parameters.md,,,,,,
Maintenance and Troubleshooting,10.6,https://docs.netwrix.com/docs/auditor/10_6/addon/hyperv/troubleshooting,docs/auditor/10.6/addon/hyperv/troubleshooting.md,,,,,,
Automate Add-On Execution,10.6,https://docs.netwrix.com/docs/auditor/10_6/addon/ibmqradar/automate,docs/auditor/10.6/addon/ibmqradar/automate.md,Covered by 10.7 — see docs/auditor/10.7/addon/ibmqradar/automate.md,,,,,
Work with Collected Data,10.6,https://docs.netwrix.com/docs/auditor/10_6/addon/ibmqradar/collecteddata,docs/auditor/10.6/addon/ibmqradar/collecteddata.md,,,,,,
Choose Appropriate Execution Scenario,10.6,https://docs.netwrix.com/docs/auditor/10_6/addon/ibmqradar/deployment,docs/auditor/10.6/addon/ibmqradar/deployment.md,,,,,,
Integration Event Log Fields,10.6,https://docs.netwrix.com/docs/auditor/10_6/addon/ibmqradar/integrationeventlog,docs/auditor/10.6/addon/ibmqradar/integrationeventlog.md,,,,,,
IBM QRadar,10.6,https://docs.netwrix.com/docs/auditor/10_6/addon/ibmqradar/overview,docs/auditor/10.6/addon/ibmqradar/overview.md,,,,,,
Define Parameters,10.6,https://docs.netwrix.com/docs/auditor/10_6/addon/ibmqradar/parameters,docs/auditor/10.6/addon/ibmqradar/parameters.md,,,,,,
Run the Add-On with PowerShell,10.6,https://docs.netwrix.com/docs/auditor/10_6/addon/ibmqradar/powershell,docs/auditor/10.6/addon/ibmqradar/powershell.md,,,,,,
Automate Add-On Execution,10.6,https://docs.netwrix.com/docs/auditor/10_6/addon/intelsecurity/automate,docs/auditor/10.6/addon/intelsecurity/automate.md,Covered by 10.7 — see docs/auditor/10.7/addon/intelsecurity/automate.md,,,,,
Work with Collected Data,10.6,https://docs.netwrix.com/docs/auditor/10_6/addon/intelsecurity/collecteddata,docs/auditor/10.6/addon/intelsecurity/collecteddata.md,,,,,,
Choose Appropriate Execution Scenario,10.6,https://docs.netwrix.com/docs/auditor/10_6/addon/intelsecurity/deployment,docs/auditor/10.6/addon/intelsecurity/deployment.md,,,,,,
Integration Event Log Fields,10.6,https://docs.netwrix.com/docs/auditor/10_6/addon/intelsecurity/integrationeventlog,docs/auditor/10.6/addon/intelsecurity/integrationeventlog.md,,,,,,
Intel Security,10.6,https://docs.netwrix.com/docs/auditor/10_6/addon/intelsecurity/overview,docs/auditor/10.6/addon/intelsecurity/overview.md,,,,,,
Define Parameters,10.6,https://docs.netwrix.com/docs/auditor/10_6/addon/intelsecurity/parameters,docs/auditor/10.6/addon/intelsecurity/parameters.md,,,,,,
Run the Add-On with PowerShell,10.6,https://docs.netwrix.com/docs/auditor/10_6/addon/intelsecurity/powershell,docs/auditor/10.6/addon/intelsecurity/powershell.md,,,,,,
Work with Collected Data,10.6,https://docs.netwrix.com/docs/auditor/10_6/addon/linux/collecteddata,docs/auditor/10.6/addon/linux/collecteddata.md,Covered by 10.8 — see docs/auditor/10.8/addon/linux/collecteddata.md,,,,,
Install Add-On,10.6,https://docs.netwrix.com/docs/auditor/10_6/addon/linux/install,docs/auditor/10.6/addon/linux/install.md,Covered by 10.8 — see docs/auditor/10.8/addon/linux/install.md,,,,,
Linux Generic Syslog,10.6,https://docs.netwrix.com/docs/auditor/10_6/addon/linux/overview,docs/auditor/10.6/addon/linux/overview.md,,,,,,
Define Parameters,10.6,https://docs.netwrix.com/docs/auditor/10_6/addon/linux/parameters,docs/auditor/10.6/addon/linux/parameters.md,Covered by 10.7 — see docs/auditor/10.7/addon/linux/parameters.md,,,,,
Automate Add-On Execution,10.6,https://docs.netwrix.com/docs/auditor/10_6/addon/logrhythm/automate,docs/auditor/10.6/addon/logrhythm/automate.md,Covered by 10.7 — see docs/auditor/10.7/addon/logrhythm/automate.md,,,,,
Work with Collected Data,10.6,https://docs.netwrix.com/docs/auditor/10_6/addon/logrhythm/collecteddata,docs/auditor/10.6/addon/logrhythm/collecteddata.md,,,,,,
Choose Appropriate Execution Scenario,10.6,https://docs.netwrix.com/docs/auditor/10_6/addon/logrhythm/deployment,docs/auditor/10.6/addon/logrhythm/deployment.md,,,,,,
Integration Event Log Fields,10.6,https://docs.netwrix.com/docs/auditor/10_6/addon/logrhythm/integrationeventlog,docs/auditor/10.6/addon/logrhythm/integrationeventlog.md,,,,,,
LogRhythm,10.6,https://docs.netwrix.com/docs/auditor/10_6/addon/logrhythm/overview,docs/auditor/10.6/addon/logrhythm/overview.md,,,,,,
Define Parameters,10.6,https://docs.netwrix.com/docs/auditor/10_6/addon/logrhythm/parameters,docs/auditor/10.6/addon/logrhythm/parameters.md,,,,,,
Run the Add-On with PowerShell,10.6,https://docs.netwrix.com/docs/auditor/10_6/addon/logrhythm/powershell,docs/auditor/10.6/addon/logrhythm/powershell.md,,,,,,
Work with Collected Data,10.6,https://docs.netwrix.com/docs/auditor/10_6/addon/nasuni/collecteddata,docs/auditor/10.6/addon/nasuni/collecteddata.md,,,,,,
Install Add-On,10.6,https://docs.netwrix.com/docs/auditor/10_6/addon/nasuni/install,docs/auditor/10.6/addon/nasuni/install.md,Covered by 10.8 — see docs/auditor/10.8/addon/nasuni/install.md,,,,,
Nasuni,10.6,https://docs.netwrix.com/docs/auditor/10_6/addon/nasuni/overview,docs/auditor/10.6/addon/nasuni/overview.md,,,,,,
Define Parameters,10.6,https://docs.netwrix.com/docs/auditor/10_6/addon/nasuni/parameters,docs/auditor/10.6/addon/nasuni/parameters.md,Covered by 10.7 — see docs/auditor/10.7/addon/nasuni/parameters.md,,,,,
Work with Collected Data,10.6,https://docs.netwrix.com/docs/auditor/10_6/addon/nutanixahv/collecteddata,docs/auditor/10.6/addon/nutanixahv/collecteddata.md,,,,,,
Deployment Scenarios,10.6,https://docs.netwrix.com/docs/auditor/10_6/addon/nutanixahv/deployment,docs/auditor/10.6/addon/nutanixahv/deployment.md,Covered by 10.8 — see docs/auditor/10.8/addon/nutanixahv/deployment.md,,,,,
Deploy the Add-On,10.6,https://docs.netwrix.com/docs/auditor/10_6/addon/nutanixahv/install,docs/auditor/10.6/addon/nutanixahv/install.md,,,,,,
Monitoring Scope,10.6,https://docs.netwrix.com/docs/auditor/10_6/addon/nutanixahv/monitoredevents,docs/auditor/10.6/addon/nutanixahv/monitoredevents.md,Covered by 10.8 — see docs/auditor/10.8/addon/nutanixahv/monitoredevents.md,,,,,
Nutanix AHV,10.6,https://docs.netwrix.com/docs/auditor/10_6/addon/nutanixahv/overview,docs/auditor/10.6/addon/nutanixahv/overview.md,,,,,,
Maintenance and Troubleshooting,10.6,https://docs.netwrix.com/docs/auditor/10_6/addon/nutanixahv/troubleshooting,docs/auditor/10.6/addon/nutanixahv/troubleshooting.md,Covered by 10.8 — see docs/auditor/10.8/addon/nutanixahv/troubleshooting.md,,,,,
Work with Collected Data,10.6,https://docs.netwrix.com/docs/auditor/10_6/addon/okta/collecteddata,docs/auditor/10.6/addon/okta/collecteddata.md,,,,,,
Deploy the Add-On,10.6,https://docs.netwrix.com/docs/auditor/10_6/addon/okta/deployment,docs/auditor/10.6/addon/okta/deployment.md,Covered by 10.7 — see docs/auditor/10.7/addon/okta/deployment.md,,,,,
Okta,10.6,https://docs.netwrix.com/docs/auditor/10_6/addon/okta/overview,docs/auditor/10.6/addon/okta/overview.md,,,,,,
Add-Ons,10.6,https://docs.netwrix.com/docs/auditor/10_6/addon/overview,docs/auditor/10.6/addon/overview.md,,,,,,
Work with Collected Data,10.6,https://docs.netwrix.com/docs/auditor/10_6/addon/privilegeduserlinux/collecteddata,docs/auditor/10.6/addon/privilegeduserlinux/collecteddata.md,Covered by 10.8 — see docs/auditor/10.8/addon/privilegeduserlinux/collecteddata.md,,,,,
Install the Add-On,10.6,https://docs.netwrix.com/docs/auditor/10_6/addon/privilegeduserlinux/install,docs/auditor/10.6/addon/privilegeduserlinux/install.md,Covered by 10.8 — see docs/auditor/10.8/addon/privilegeduserlinux/install.md,,,,,
Privileged User Monitoring on Linux and Unix Systems,10.6,https://docs.netwrix.com/docs/auditor/10_6/addon/privilegeduserlinux/overview,docs/auditor/10.6/addon/privilegeduserlinux/overview.md,,,,,,
Define Parameters,10.6,https://docs.netwrix.com/docs/auditor/10_6/addon/privilegeduserlinux/parameters,docs/auditor/10.6/addon/privilegeduserlinux/parameters.md,Covered by 10.7 — see docs/auditor/10.7/addon/privilegeduserlinux/parameters.md,,,,,
Working with Collected Data,10.6,https://docs.netwrix.com/docs/auditor/10_6/addon/qumulo/collecteddata,docs/auditor/10.6/addon/qumulo/collecteddata.md,,,,,,
Deployment Scenarios,10.6,https://docs.netwrix.com/docs/auditor/10_6/addon/qumulo/deployment,docs/auditor/10.6/addon/qumulo/deployment.md,Covered by 10.8 — see docs/auditor/10.8/addon/qumulo/deployment.md,,,,,
Monitoring Scope,10.6,https://docs.netwrix.com/docs/auditor/10_6/addon/qumulo/monitoringscope,docs/auditor/10.6/addon/qumulo/monitoringscope.md,Covered by 10.8 — see docs/auditor/10.8/addon/qumulo/monitoringscope.md,,,,,
Qumulo,10.6,https://docs.netwrix.com/docs/auditor/10_6/addon/qumulo/overview,docs/auditor/10.6/addon/qumulo/overview.md,,,,,,
Add-On Parameters,10.6,https://docs.netwrix.com/docs/auditor/10_6/addon/qumulo/parameters,docs/auditor/10.6/addon/qumulo/parameters.md,,,,,,
Maintenance and Troubleshooting,10.6,https://docs.netwrix.com/docs/auditor/10_6/addon/qumulo/troubleshooting,docs/auditor/10.6/addon/qumulo/troubleshooting.md,Covered by 10.8 — see docs/auditor/10.8/addon/qumulo/troubleshooting.md,,,,,
Automate Add-On Execution,10.6,https://docs.netwrix.com/docs/auditor/10_6/addon/radius/automate,docs/auditor/10.6/addon/radius/automate.md,Covered by 10.8 — see docs/auditor/10.8/addon/radius/automate.md,,,,,
Work with Collected Data,10.6,https://docs.netwrix.com/docs/auditor/10_6/addon/radius/collecteddata,docs/auditor/10.6/addon/radius/collecteddata.md,Covered by 10.7 — see docs/auditor/10.7/addon/radius/collecteddata.md,,,,,
Create Custom Report,10.6,https://docs.netwrix.com/docs/auditor/10_6/addon/radius/customreport,docs/auditor/10.6/addon/radius/customreport.md,Covered by 10.7 — see docs/auditor/10.7/addon/radius/customreport.md,,,,,
Choose Appropriate Execution Scenario,10.6,https://docs.netwrix.com/docs/auditor/10_6/addon/radius/deployment,docs/auditor/10.6/addon/radius/deployment.md,,,,,,
RADIUS Server,10.6,https://docs.netwrix.com/docs/auditor/10_6/addon/radius/overview,docs/auditor/10.6/addon/radius/overview.md,,,,,,
Define Parameters,10.6,https://docs.netwrix.com/docs/auditor/10_6/addon/radius/parameters,docs/auditor/10.6/addon/radius/parameters.md,,,,,,
Run the Add-On with PowerShell,10.6,https://docs.netwrix.com/docs/auditor/10_6/addon/radius/powershell,docs/auditor/10.6/addon/radius/powershell.md,Covered by 10.8 — see docs/auditor/10.8/addon/radius/powershell.md,,,,,
Troubleshoot Issues,10.6,https://docs.netwrix.com/docs/auditor/10_6/addon/radius/troubleshooting,docs/auditor/10.6/addon/radius/troubleshooting.md,Covered by 10.8 — see docs/auditor/10.8/addon/radius/troubleshooting.md,,,,,
Integrate Alerts with Add-On,10.6,https://docs.netwrix.com/docs/auditor/10_6/addon/servicenow/alerts,docs/auditor/10.6/addon/servicenow/alerts.md,Covered by 10.7 — see docs/auditor/10.7/addon/servicenow/alerts.md,,,,,
Deploy the Service,10.6,https://docs.netwrix.com/docs/auditor/10_6/addon/servicenow/deployment,docs/auditor/10.6/addon/servicenow/deployment.md,,,,,,
Install Add-On,10.6,https://docs.netwrix.com/docs/auditor/10_6/addon/servicenow/install,docs/auditor/10.6/addon/servicenow/install.md,,,,,,
ServiceNow Incident Management,10.6,https://docs.netwrix.com/docs/auditor/10_6/addon/servicenow/overview,docs/auditor/10.6/addon/servicenow/overview.md,,,,,,
Define Parameters,10.6,https://docs.netwrix.com/docs/auditor/10_6/addon/servicenow/parameters,docs/auditor/10.6/addon/servicenow/parameters.md,,,,,,
Export Activity Records,10.6,https://docs.netwrix.com/docs/auditor/10_6/addon/siem/activityrecords,docs/auditor/10.6/addon/siem/activityrecords.md,,,,,,
Work with Collected Data,10.6,https://docs.netwrix.com/docs/auditor/10_6/addon/siem/collecteddata,docs/auditor/10.6/addon/siem/collecteddata.md,,,,,,
Configuration,10.6,https://docs.netwrix.com/docs/auditor/10_6/addon/siem/configure,docs/auditor/10.6/addon/siem/configure.md,,,,,,
Choose Appropriate Execution Scenario,10.6,https://docs.netwrix.com/docs/auditor/10_6/addon/siem/deployment,docs/auditor/10.6/addon/siem/deployment.md,,,,,,
Integration Event Log Fields,10.6,https://docs.netwrix.com/docs/auditor/10_6/addon/siem/integrationeventlog,docs/auditor/10.6/addon/siem/integrationeventlog.md,,,,,,
SIEM,10.6,https://docs.netwrix.com/docs/auditor/10_6/addon/siem/overview,docs/auditor/10.6/addon/siem/overview.md,,,,,,
Automate Add-On Execution,10.6,https://docs.netwrix.com/docs/auditor/10_6/addon/siemcefexport/automate,docs/auditor/10.6/addon/siemcefexport/automate.md,Covered by 10.7 — see docs/auditor/10.7/addon/siemcefexport/automate.md,,,,,
Work with Collected Data,10.6,https://docs.netwrix.com/docs/auditor/10_6/addon/siemcefexport/collecteddata,docs/auditor/10.6/addon/siemcefexport/collecteddata.md,Covered by 10.8 — see docs/auditor/10.8/addon/siemcefexport/collecteddata.md,,,,,
deployment,10.6,https://docs.netwrix.com/docs/auditor/10_6/addon/siemcefexport/deployment,docs/auditor/10.6/addon/siemcefexport/deployment.md,,,,,,
SIEM Generic Integration for CEF Export,10.6,https://docs.netwrix.com/docs/auditor/10_6/addon/siemcefexport/overview,docs/auditor/10.6/addon/siemcefexport/overview.md,,,,,,
Define Parameters,10.6,https://docs.netwrix.com/docs/auditor/10_6/addon/siemcefexport/parameters,docs/auditor/10.6/addon/siemcefexport/parameters.md,,,,,,
Run the Add-On with PowerShell,10.6,https://docs.netwrix.com/docs/auditor/10_6/addon/siemcefexport/powershell,docs/auditor/10.6/addon/siemcefexport/powershell.md,Covered by 10.8 — see docs/auditor/10.8/addon/siemcefexport/powershell.md,,,,,
Automate Add-On Execution,10.6,https://docs.netwrix.com/docs/auditor/10_6/addon/siemeventlogexport/automate,docs/auditor/10.6/addon/siemeventlogexport/automate.md,Covered by 10.7 — see docs/auditor/10.7/addon/siemeventlogexport/automate.md,,,,,
Work with Collected Data,10.6,https://docs.netwrix.com/docs/auditor/10_6/addon/siemeventlogexport/collecteddata,docs/auditor/10.6/addon/siemeventlogexport/collecteddata.md,Covered by 10.8 — see docs/auditor/10.8/addon/siemeventlogexport/collecteddata.md,,,,,
Choose Appropriate Execution Scenario,10.6,https://docs.netwrix.com/docs/auditor/10_6/addon/siemeventlogexport/deployment,docs/auditor/10.6/addon/siemeventlogexport/deployment.md,,,,,,
SIEM Generic Integration for Event Log Export,10.6,https://docs.netwrix.com/docs/auditor/10_6/addon/siemeventlogexport/overview,docs/auditor/10.6/addon/siemeventlogexport/overview.md,,,,,,
Define Parameters,10.6,https://docs.netwrix.com/docs/auditor/10_6/addon/siemeventlogexport/parameters,docs/auditor/10.6/addon/siemeventlogexport/parameters.md,,,,,,
Run the Add-On with PowerShell,10.6,https://docs.netwrix.com/docs/auditor/10_6/addon/siemeventlogexport/powershell,docs/auditor/10.6/addon/siemeventlogexport/powershell.md,Covered by 10.8 — see docs/auditor/10.8/addon/siemeventlogexport/powershell.md,,,,,
Automate Add-On Execution,10.6,https://docs.netwrix.com/docs/auditor/10_6/addon/solarwinds/automate,docs/auditor/10.6/addon/solarwinds/automate.md,Covered by 10.7 — see docs/auditor/10.7/addon/solarwinds/automate.md,,,,,
Work with Collected Data,10.6,https://docs.netwrix.com/docs/auditor/10_6/addon/solarwinds/collecteddata,docs/auditor/10.6/addon/solarwinds/collecteddata.md,,,,,,
Choose Appropriate Execution Scenario,10.6,https://docs.netwrix.com/docs/auditor/10_6/addon/solarwinds/deployment,docs/auditor/10.6/addon/solarwinds/deployment.md,,,,,,
Integration Event Log Fields,10.6,https://docs.netwrix.com/docs/auditor/10_6/addon/solarwinds/integrationeventlog,docs/auditor/10.6/addon/solarwinds/integrationeventlog.md,,,,,,
Solarwinds Log and Event Manager,10.6,https://docs.netwrix.com/docs/auditor/10_6/addon/solarwinds/overview,docs/auditor/10.6/addon/solarwinds/overview.md,,,,,,
Define Parameters,10.6,https://docs.netwrix.com/docs/auditor/10_6/addon/solarwinds/parameters,docs/auditor/10.6/addon/solarwinds/parameters.md,,,,,,
Run the Add-On with PowerShell,10.6,https://docs.netwrix.com/docs/auditor/10_6/addon/solarwinds/powershell,docs/auditor/10.6/addon/solarwinds/powershell.md,,,,,,
Work with Collected Data,10.6,https://docs.netwrix.com/docs/auditor/10_6/addon/splunk/collecteddata,docs/auditor/10.6/addon/splunk/collecteddata.md,Covered by 10.7 — see docs/auditor/10.7/addon/splunk/collecteddata.md,,,,,
CIM Data Model Mapping,10.6,https://docs.netwrix.com/docs/auditor/10_6/addon/splunk/datamodelmap,docs/auditor/10.6/addon/splunk/datamodelmap.md,,,,,,
Deployment Procedure,10.6,https://docs.netwrix.com/docs/auditor/10_6/addon/splunk/deployment,docs/auditor/10.6/addon/splunk/deployment.md,Covered by 10.7 — see docs/auditor/10.7/addon/splunk/deployment.md,,,,,
Splunk,10.6,https://docs.netwrix.com/docs/auditor/10_6/addon/splunk/overview,docs/auditor/10.6/addon/splunk/overview.md,,,,,,
Maintenance and Troubleshooting,10.6,https://docs.netwrix.com/docs/auditor/10_6/addon/splunk/troubleshooting,docs/auditor/10.6/addon/splunk/troubleshooting.md,,,,,,
Create Alerts,10.6,https://docs.netwrix.com/docs/auditor/10_6/admin/alertsettings/create,docs/auditor/10.6/admin/alertsettings/create/create.md,,,,,,
Create Alerts for Event Log,10.6,https://docs.netwrix.com/docs/auditor/10_6/admin/alertsettings/create/createeventlog,docs/auditor/10.6/admin/alertsettings/create/createeventlog.md,Covered by 10.7 — see docs/auditor/10.7/admin/alertsettings/create/createeventlog.md,,,,,
Create Alerts on Health Status,10.6,https://docs.netwrix.com/docs/auditor/10_6/admin/alertsettings/create/createhealthstatus,docs/auditor/10.6/admin/alertsettings/create/createhealthstatus.md,,,,,,
Create Alerts for Non-Owner Mailbox Access Events,10.6,https://docs.netwrix.com/docs/auditor/10_6/admin/alertsettings/create/createmailboxaccess,docs/auditor/10.6/admin/alertsettings/create/createmailboxaccess.md,,,,,,
Alerts Overview Dashboard,10.6,https://docs.netwrix.com/docs/auditor/10_6/admin/alertsettings/dashboard,docs/auditor/10.6/admin/alertsettings/dashboard.md,,,,,,
Manage Alerts,10.6,https://docs.netwrix.com/docs/auditor/10_6/admin/alertsettings/manage,docs/auditor/10.6/admin/alertsettings/manage.md,,,,,,
Alerts,10.6,https://docs.netwrix.com/docs/auditor/10_6/admin/alertsettings/overview,docs/auditor/10.6/admin/alertsettings/overview.md,,,,,,
Configure a Response Action for Alert,10.6,https://docs.netwrix.com/docs/auditor/10_6/admin/alertsettings/responseaction,docs/auditor/10.6/admin/alertsettings/responseaction.md,,,,,,
Review Behavior Anomalies Dashboard,10.6,https://docs.netwrix.com/docs/auditor/10_6/admin/behavioranomalies/dashboard,docs/auditor/10.6/admin/behavioranomalies/dashboard.md,,,,,,
Behavior Anomalies,10.6,https://docs.netwrix.com/docs/auditor/10_6/admin/behavioranomalies/overview,docs/auditor/10.6/admin/behavioranomalies/overview.md,,,,,,
Behavior Anomalies Assessment Tips and Tricks,10.6,https://docs.netwrix.com/docs/auditor/10_6/admin/behavioranomalies/tips,docs/auditor/10.6/admin/behavioranomalies/tips.md,Covered by 10.8 — see docs/auditor/10.8/admin/behavioranomalies/tips.md,,,,,
Review User Profiles and Process Anomalies,10.6,https://docs.netwrix.com/docs/auditor/10_6/admin/behavioranomalies/userprofile,docs/auditor/10.6/admin/behavioranomalies/userprofile.md,,,,,,
Compliance Mappings,10.6,https://docs.netwrix.com/docs/auditor/10_6/admin/compliancemappings,docs/auditor/10.6/admin/compliancemappings.md,Covered by 10.8 — see docs/auditor/10.8/admin/compliancemappings.md,,,,,
Activity Records Statistics,10.6,https://docs.netwrix.com/docs/auditor/10_6/admin/healthstatus/dashboard/activityrecordstatistics,docs/auditor/10.6/admin/healthstatus/dashboard/activityrecordstatistics.md,,,,,,
Database Statistics,10.6,https://docs.netwrix.com/docs/auditor/10_6/admin/healthstatus/dashboard/databasestatistics,docs/auditor/10.6/admin/healthstatus/dashboard/databasestatistics.md,,,,,,
Netwrix Auditor Health Log,10.6,https://docs.netwrix.com/docs/auditor/10_6/admin/healthstatus/dashboard/healthlog,docs/auditor/10.6/admin/healthstatus/dashboard/healthlog.md,,,,,,
Monitoring Overview,10.6,https://docs.netwrix.com/docs/auditor/10_6/admin/healthstatus/dashboard/monitoringoverview,docs/auditor/10.6/admin/healthstatus/dashboard/monitoringoverview.md,,,,,,
Health Status Dashboard,10.6,https://docs.netwrix.com/docs/auditor/10_6/admin/healthstatus/dashboard/overview,docs/auditor/10.6/admin/healthstatus/dashboard/overview.md,,,,,,
Network Traffic Compression,10.6,https://docs.netwrix.com/docs/auditor/10_6/admin/healthstatus/networktrafficcompression,docs/auditor/10.6/admin/healthstatus/networktrafficcompression.md,,,,,,
Netwrix Auditor Operations and Health,10.6,https://docs.netwrix.com/docs/auditor/10_6/admin/healthstatus/overview,docs/auditor/10.6/admin/healthstatus/overview.md,Covered by 10.8 — see docs/auditor/10.8/admin/healthstatus/overview.md,,,,,
Self-Audit,10.6,https://docs.netwrix.com/docs/auditor/10_6/admin/healthstatus/selfaudit,docs/auditor/10.6/admin/healthstatus/selfaudit.md,,,,,,
Health Summary Email,10.6,https://docs.netwrix.com/docs/auditor/10_6/admin/healthstatus/summaryemail,docs/auditor/10.6/admin/healthstatus/summaryemail.md,,,,,,
Troubleshooting,10.6,https://docs.netwrix.com/docs/auditor/10_6/admin/healthstatus/troubleshooting,docs/auditor/10.6/admin/healthstatus/troubleshooting.md,,,,,,
Active Directory,10.6,https://docs.netwrix.com/docs/auditor/10_6/admin/monitoringplans/activedirectory/overview,docs/auditor/10.6/admin/monitoringplans/activedirectory/overview.md,,,,,,
Active Directory Monitoring Scope,10.6,https://docs.netwrix.com/docs/auditor/10_6/admin/monitoringplans/activedirectory/scope,docs/auditor/10.6/admin/monitoringplans/activedirectory/scope.md,,,,,,
Activity Summary Email,10.6,https://docs.netwrix.com/docs/auditor/10_6/admin/monitoringplans/activitysummaryemail,docs/auditor/10.6/admin/monitoringplans/activitysummaryemail.md,,,,,,
Active Directory Federation Services,10.6,https://docs.netwrix.com/docs/auditor/10_6/admin/monitoringplans/adfs,docs/auditor/10.6/admin/monitoringplans/adfs.md,,,,,,
Create a New Monitoring Plan,10.6,https://docs.netwrix.com/docs/auditor/10_6/admin/monitoringplans/create,docs/auditor/10.6/admin/monitoringplans/create.md,,,,,,
Data Collecting Account,10.6,https://docs.netwrix.com/docs/auditor/10_6/admin/monitoringplans/dataaccounts,docs/auditor/10.6/admin/monitoringplans/dataaccounts.md,,,,,,
Manage Data Sources,10.6,https://docs.netwrix.com/docs/auditor/10_6/admin/monitoringplans/datasources,docs/auditor/10.6/admin/monitoringplans/datasources.md,,,,,,
Role-Based Access and Delegation,10.6,https://docs.netwrix.com/docs/auditor/10_6/admin/monitoringplans/delegation,docs/auditor/10.6/admin/monitoringplans/delegation.md,,,,,,
Exchange,10.6,https://docs.netwrix.com/docs/auditor/10_6/admin/monitoringplans/exchange/overview,docs/auditor/10.6/admin/monitoringplans/exchange/overview.md,,,,,,
Exchange Monitoring Scope,10.6,https://docs.netwrix.com/docs/auditor/10_6/admin/monitoringplans/exchange/scope,docs/auditor/10.6/admin/monitoringplans/exchange/scope.md,,,,,,
Exchange Online,10.6,https://docs.netwrix.com/docs/auditor/10_6/admin/monitoringplans/exchangeonline/overview,docs/auditor/10.6/admin/monitoringplans/exchangeonline/overview.md,,,,,,
Exchange Online Monitoring Scope,10.6,https://docs.netwrix.com/docs/auditor/10_6/admin/monitoringplans/exchangeonline/scope,docs/auditor/10.6/admin/monitoringplans/exchangeonline/scope.md,Covered by 10.8 — see docs/auditor/10.8/admin/monitoringplans/exchangeonline/scope.md,,,,,
File Servers,10.6,https://docs.netwrix.com/docs/auditor/10_6/admin/monitoringplans/fileservers/overview,docs/auditor/10.6/admin/monitoringplans/fileservers/overview.md,,,,,,
File Servers Monitoring Scope,10.6,https://docs.netwrix.com/docs/auditor/10_6/admin/monitoringplans/fileservers/scope,docs/auditor/10.6/admin/monitoringplans/fileservers/scope.md,,,,,,
Fine-Tune Your Plan and Edit Settings,10.6,https://docs.netwrix.com/docs/auditor/10_6/admin/monitoringplans/finetune,docs/auditor/10.6/admin/monitoringplans/finetune.md,,,,,,
Group Policy,10.6,https://docs.netwrix.com/docs/auditor/10_6/admin/monitoringplans/grouppolicy/overview,docs/auditor/10.6/admin/monitoringplans/grouppolicy/overview.md,,,,,,
Group Policy Monitoring Scope,10.6,https://docs.netwrix.com/docs/auditor/10_6/admin/monitoringplans/grouppolicy/scope,docs/auditor/10.6/admin/monitoringplans/grouppolicy/scope.md,Covered by 10.8 — see docs/auditor/10.8/admin/monitoringplans/grouppolicy/scope.md,,,,,
Logon Activity,10.6,https://docs.netwrix.com/docs/auditor/10_6/admin/monitoringplans/logonactivity/overview,docs/auditor/10.6/admin/monitoringplans/logonactivity/overview.md,,,,,,
Logon Activity Monitoring Scope,10.6,https://docs.netwrix.com/docs/auditor/10_6/admin/monitoringplans/logonactivity/scope,docs/auditor/10.6/admin/monitoringplans/logonactivity/scope.md,,,,,,
Microsoft Entra ID,10.6,https://docs.netwrix.com/docs/auditor/10_6/admin/monitoringplans/microsoftentraid/overview,docs/auditor/10.6/admin/monitoringplans/microsoftentraid/overview.md,,,,,,
Microsoft Entra ID Monitoring Scope,10.6,https://docs.netwrix.com/docs/auditor/10_6/admin/monitoringplans/microsoftentraid/scope,docs/auditor/10.6/admin/monitoringplans/microsoftentraid/scope.md,,,,,,
MS Teams,10.6,https://docs.netwrix.com/docs/auditor/10_6/admin/monitoringplans/msteams,docs/auditor/10.6/admin/monitoringplans/msteams.md,,,,,,
Network Devices,10.6,https://docs.netwrix.com/docs/auditor/10_6/admin/monitoringplans/networkdevices,docs/auditor/10.6/admin/monitoringplans/networkdevices.md,,,,,,
Oracle Database,10.6,https://docs.netwrix.com/docs/auditor/10_6/admin/monitoringplans/oracle/overview,docs/auditor/10.6/admin/monitoringplans/oracle/overview.md,,,,,,
Oracle Database Monitoring Scope,10.6,https://docs.netwrix.com/docs/auditor/10_6/admin/monitoringplans/oracle/scope,docs/auditor/10.6/admin/monitoringplans/oracle/scope.md,Covered by 10.8 — see docs/auditor/10.8/admin/monitoringplans/oracle/scope.md,,,,,
User Activity,10.6,https://docs.netwrix.com/docs/auditor/10_6/admin/monitoringplans/overview_1,docs/auditor/10.6/admin/monitoringplans/overview_1.md,,,,,,
Monitoring Plans,10.6,https://docs.netwrix.com/docs/auditor/10_6/admin/monitoringplans/overview,docs/auditor/10.6/admin/monitoringplans/overview.md,,,,,,
SharePoint,10.6,https://docs.netwrix.com/docs/auditor/10_6/admin/monitoringplans/sharepoint/overview,docs/auditor/10.6/admin/monitoringplans/sharepoint/overview.md,,,,,,
SharePoint Monitoring Scope,10.6,https://docs.netwrix.com/docs/auditor/10_6/admin/monitoringplans/sharepoint/scope,docs/auditor/10.6/admin/monitoringplans/sharepoint/scope.md,,,,,,
SharePoint Online,10.6,https://docs.netwrix.com/docs/auditor/10_6/admin/monitoringplans/sharepointonline/overview,docs/auditor/10.6/admin/monitoringplans/sharepointonline/overview.md,,,,,,
SharePoint Online Monitoring Scope,10.6,https://docs.netwrix.com/docs/auditor/10_6/admin/monitoringplans/sharepointonline/scope,docs/auditor/10.6/admin/monitoringplans/sharepointonline/scope.md,,,,,,
Add Item to the SQL Server,10.6,https://docs.netwrix.com/docs/auditor/10_6/admin/monitoringplans/sqlserver/items,docs/auditor/10.6/admin/monitoringplans/sqlserver/items.md,,,,,,
SQL Server,10.6,https://docs.netwrix.com/docs/auditor/10_6/admin/monitoringplans/sqlserver/overview,docs/auditor/10.6/admin/monitoringplans/sqlserver/overview.md,,,,,,
SQL Server Monitoring Scope,10.6,https://docs.netwrix.com/docs/auditor/10_6/admin/monitoringplans/sqlserver/scope,docs/auditor/10.6/admin/monitoringplans/sqlserver/scope.md,Covered by 10.8 — see docs/auditor/10.8/admin/monitoringplans/sqlserver/scope.md,,,,,
VMware,10.6,https://docs.netwrix.com/docs/auditor/10_6/admin/monitoringplans/vmware/overview,docs/auditor/10.6/admin/monitoringplans/vmware/overview.md,,,,,,
VMware Monitoring Scope,10.6,https://docs.netwrix.com/docs/auditor/10_6/admin/monitoringplans/vmware/scope,docs/auditor/10.6/admin/monitoringplans/vmware/scope.md,Covered by 10.7 — see docs/auditor/10.7/admin/monitoringplans/vmware/scope.md,,,,,
Windows Server,10.6,https://docs.netwrix.com/docs/auditor/10_6/admin/monitoringplans/windows/overview,docs/auditor/10.6/admin/monitoringplans/windows/overview.md,,,,,,
Windows Server Monitoring Scope,10.6,https://docs.netwrix.com/docs/auditor/10_6/admin/monitoringplans/windows/scope,docs/auditor/10.6/admin/monitoringplans/windows/scope.md,Covered by 10.8 — see docs/auditor/10.8/admin/monitoringplans/windows/scope.md,,,,,
Customization Examples,10.6,https://docs.netwrix.com/docs/auditor/10_6/admin/navigation/customizeexamples,docs/auditor/10.6/admin/navigation/customizeexamples.md,,,,,,
Customizing Favorite Reports,10.6,https://docs.netwrix.com/docs/auditor/10_6/admin/navigation/customizefavorite,docs/auditor/10.6/admin/navigation/customizefavorite.md,,,,,,
Customize Home Screen,10.6,https://docs.netwrix.com/docs/auditor/10_6/admin/navigation/customizehome,docs/auditor/10.6/admin/navigation/customizehome.md,Covered by 10.7 — see docs/auditor/10.7/admin/navigation/customizehome.md,,,,,
Navigation,10.6,https://docs.netwrix.com/docs/auditor/10_6/admin/navigation/overview,docs/auditor/10.6/admin/navigation/overview.md,,,,,,
Recommendations,10.6,https://docs.netwrix.com/docs/auditor/10_6/admin/navigation/recommendations,docs/auditor/10.6/admin/navigation/recommendations.md,,,,,,
Administration,10.6,https://docs.netwrix.com/docs/auditor/10_6/admin/overview,docs/auditor/10.6/admin/overview.md,Covered by 10.8 — see docs/auditor/10.8/admin/overview.md,,,,,
Custom Search-Based Reports,10.6,https://docs.netwrix.com/docs/auditor/10_6/admin/reports/custom,docs/auditor/10.6/admin/reports/custom.md,,,,,,
Reports,10.6,https://docs.netwrix.com/docs/auditor/10_6/admin/reports/overview,docs/auditor/10.6/admin/reports/overview.md,,,,,,
Interactive Reports for Change Management Workflow,10.6,https://docs.netwrix.com/docs/auditor/10_6/admin/reports/reviewstatus,docs/auditor/10.6/admin/reports/reviewstatus.md,,,,,,
Change and Activity Reports,10.6,https://docs.netwrix.com/docs/auditor/10_6/admin/reports/types/activity,docs/auditor/10.6/admin/reports/types/activity.md,,,,,,
Compliance Reports,10.6,https://docs.netwrix.com/docs/auditor/10_6/admin/reports/types/compliance,docs/auditor/10.6/admin/reports/types/compliance.md,,,,,,
Data Discovery and Classification Reports,10.6,https://docs.netwrix.com/docs/auditor/10_6/admin/reports/types/datadiscoveryclassification,docs/auditor/10.6/admin/reports/types/datadiscoveryclassification.md,Covered by 10.7 — see docs/auditor/10.7/admin/reports/types/datadiscoveryclassification.md,,,,,
Enterprise Overview Dashboard,10.6,https://docs.netwrix.com/docs/auditor/10_6/admin/reports/types/enterprise,docs/auditor/10.6/admin/reports/types/enterprise.md,,,,,,
Organization Level Reports,10.6,https://docs.netwrix.com/docs/auditor/10_6/admin/reports/types/organizationlevel,docs/auditor/10.6/admin/reports/types/organizationlevel.md,,,,,,
Predefined Reports,10.6,https://docs.netwrix.com/docs/auditor/10_6/admin/reports/types/overview,docs/auditor/10.6/admin/reports/types/overview.md,,,,,,
Active Directory State-In-Time Reports,10.6,https://docs.netwrix.com/docs/auditor/10_6/admin/reports/types/stateintime/activedirectory,docs/auditor/10.6/admin/reports/types/stateintime/activedirectory.md,,,,,,
File Servers State-In-Time Reports,10.6,https://docs.netwrix.com/docs/auditor/10_6/admin/reports/types/stateintime/fileservers,docs/auditor/10.6/admin/reports/types/stateintime/fileservers.md,Covered by 10.8 — see docs/auditor/10.8/admin/reports/types/stateintime/fileservers.md,,,,,
Microsoft Entra ID State-In-Time Reports,10.6,https://docs.netwrix.com/docs/auditor/10_6/admin/reports/types/stateintime/microsoftentraid,docs/auditor/10.6/admin/reports/types/stateintime/microsoftentraid.md,,,,,,
State–In–Time Reports,10.6,https://docs.netwrix.com/docs/auditor/10_6/admin/reports/types/stateintime/overview,docs/auditor/10.6/admin/reports/types/stateintime/overview.md,,,,,,
Account Permissions in SQL Server,10.6,https://docs.netwrix.com/docs/auditor/10_6/admin/reports/types/stateintime/sqlserveroverview/sqlaccountpermissions,docs/auditor/10.6/admin/reports/types/stateintime/sqlserveroverview/sqlaccountpermissions.md,,,,,,
SQL Server Databases,10.6,https://docs.netwrix.com/docs/auditor/10_6/admin/reports/types/stateintime/sqlserveroverview/sqldatabases,docs/auditor/10.6/admin/reports/types/stateintime/sqlserveroverview/sqldatabases.md,,,,,,
SQL Server Means Granted,10.6,https://docs.netwrix.com/docs/auditor/10_6/admin/reports/types/stateintime/sqlserveroverview/sqlmeansgranted,docs/auditor/10.6/admin/reports/types/stateintime/sqlserveroverview/sqlmeansgranted.md,,,,,,
Object Permissions in SQL Server,10.6,https://docs.netwrix.com/docs/auditor/10_6/admin/reports/types/stateintime/sqlserveroverview/sqlobjectpermissions,docs/auditor/10.6/admin/reports/types/stateintime/sqlserveroverview/sqlobjectpermissions.md,,,,,,
SQL Server-Level Roles,10.6,https://docs.netwrix.com/docs/auditor/10_6/admin/reports/types/stateintime/sqlserveroverview/sqlroles,docs/auditor/10.6/admin/reports/types/stateintime/sqlserveroverview/sqlroles.md,,,,,,
SQL Server State-In-Time Reports,10.6,https://docs.netwrix.com/docs/auditor/10_6/admin/reports/types/stateintime/sqlserveroverview,docs/auditor/10.6/admin/reports/types/stateintime/sqlserveroverview/sqlserveroverview.md,,,,,,
VMware State-In-Time Reports,10.6,https://docs.netwrix.com/docs/auditor/10_6/admin/reports/types/stateintime/vmware,docs/auditor/10.6/admin/reports/types/stateintime/vmware.md,,,,,,
User Behavior and Blind Spot Analysis Reports,10.6,https://docs.netwrix.com/docs/auditor/10_6/admin/reports/types/userbehavior,docs/auditor/10.6/admin/reports/types/userbehavior.md,,,,,,
Reports with Video,10.6,https://docs.netwrix.com/docs/auditor/10_6/admin/reports/video,docs/auditor/10.6/admin/reports/video.md,,,,,,
View Reports,10.6,https://docs.netwrix.com/docs/auditor/10_6/admin/reports/view,docs/auditor/10.6/admin/reports/view.md,,,,,,
IT Risk Assessment Dashboard,10.6,https://docs.netwrix.com/docs/auditor/10_6/admin/riskassessment/dashboard,docs/auditor/10.6/admin/riskassessment/dashboard.md,,,,,,
How Risk Levels Are Estimated,10.6,https://docs.netwrix.com/docs/auditor/10_6/admin/riskassessment/levels,docs/auditor/10.6/admin/riskassessment/levels.md,,,,,,
IT Risk Assessment Overview,10.6,https://docs.netwrix.com/docs/auditor/10_6/admin/riskassessment/overview,docs/auditor/10.6/admin/riskassessment/overview.md,,,,,,
Use Filters in Advanced Mode,10.6,https://docs.netwrix.com/docs/auditor/10_6/admin/search/filteradvanced,docs/auditor/10.6/admin/search/filteradvanced.md,,,,,,
Use Filters in Simple Mode,10.6,https://docs.netwrix.com/docs/auditor/10_6/admin/search/filtersimple,docs/auditor/10.6/admin/search/filtersimple.md,,,,,,
View and Search Collected Data,10.6,https://docs.netwrix.com/docs/auditor/10_6/admin/search/overview,docs/auditor/10.6/admin/search/overview.md,,,,,,
About Netwrix Auditor,10.6,https://docs.netwrix.com/docs/auditor/10_6/admin/settings/about,docs/auditor/10.6/admin/settings/about.md,,,,,,
Audit Database,10.6,https://docs.netwrix.com/docs/auditor/10_6/admin/settings/auditdatabase,docs/auditor/10.6/admin/settings/auditdatabase.md,,,,,,
Customize Branding,10.6,https://docs.netwrix.com/docs/auditor/10_6/admin/settings/custombrand,docs/auditor/10.6/admin/settings/custombrand.md,,,,,,
General,10.6,https://docs.netwrix.com/docs/auditor/10_6/admin/settings/general,docs/auditor/10.6/admin/settings/general.md,,,,,,
Integrations,10.6,https://docs.netwrix.com/docs/auditor/10_6/admin/settings/integrations,docs/auditor/10.6/admin/settings/integrations.md,,,,,,
Investigations,10.6,https://docs.netwrix.com/docs/auditor/10_6/admin/settings/investigations,docs/auditor/10.6/admin/settings/investigations.md,,,,,,
Licenses,10.6,https://docs.netwrix.com/docs/auditor/10_6/admin/settings/licenses,docs/auditor/10.6/admin/settings/licenses.md,,,,,,
Long-Term Archive,10.6,https://docs.netwrix.com/docs/auditor/10_6/admin/settings/longtermarchive,docs/auditor/10.6/admin/settings/longtermarchive.md,,,,,,
Notifications,10.6,https://docs.netwrix.com/docs/auditor/10_6/admin/settings/notifications,docs/auditor/10.6/admin/settings/notifications.md,,,,,,
Netwrix Auditor Settings,10.6,https://docs.netwrix.com/docs/auditor/10_6/admin/settings/overview,docs/auditor/10.6/admin/settings/overview.md,,,,,,
Sensitive Data Discovery,10.6,https://docs.netwrix.com/docs/auditor/10_6/admin/settings/sensitivedatadiscovery,docs/auditor/10.6/admin/settings/sensitivedatadiscovery.md,,,,,,
Create Subscriptions,10.6,https://docs.netwrix.com/docs/auditor/10_6/admin/subscriptions/create,docs/auditor/10.6/admin/subscriptions/create.md,,,,,,
Review and Manage Subscriptions,10.6,https://docs.netwrix.com/docs/auditor/10_6/admin/subscriptions/manage,docs/auditor/10.6/admin/subscriptions/manage.md,,,,,,
Subscriptions,10.6,https://docs.netwrix.com/docs/auditor/10_6/admin/subscriptions/overview,docs/auditor/10.6/admin/subscriptions/overview.md,,,,,,
Reference for Creating Activity Records,10.6,https://docs.netwrix.com/docs/auditor/10_6/api/activityrecordreference,docs/auditor/10.6/api/activityrecordreference.md,,,,,,
Compatibility Notice,10.6,https://docs.netwrix.com/docs/auditor/10_6/api/compatibility,docs/auditor/10.6/api/compatibility.md,,,,,,
API Endpoints,10.6,https://docs.netwrix.com/docs/auditor/10_6/api/endpoints,docs/auditor/10.6/api/endpoints.md,,,,,,
Error Details,10.6,https://docs.netwrix.com/docs/auditor/10_6/api/errordetails,docs/auditor/10.6/api/errordetails.md,,,,,,
Operators,10.6,https://docs.netwrix.com/docs/auditor/10_6/api/filterreference/filteroperators,docs/auditor/10.6/api/filterreference/filteroperators.md,Covered by 10.8 — see docs/auditor/10.8/api/filterreference/filteroperators.md,,,,,
Reference for Creating Search Parameters File,10.6,https://docs.netwrix.com/docs/auditor/10_6/api/filterreference,docs/auditor/10.6/api/filterreference/filterreference.md,,,,,,
Filters,10.6,https://docs.netwrix.com/docs/auditor/10_6/api/filterreference/filters,docs/auditor/10.6/api/filterreference/filters.md,,,,,,
Integration API,10.6,https://docs.netwrix.com/docs/auditor/10_6/api/overview,docs/auditor/10.6/api/overview.md,,,,,,
Integration API Ports,10.6,https://docs.netwrix.com/docs/auditor/10_6/api/ports,docs/auditor/10.6/api/ports.md,,,,,,
Activity Records,10.6,https://docs.netwrix.com/docs/auditor/10_6/api/postdata/activityrecords,docs/auditor/10.6/api/postdata/activityrecords.md,,,,,,
Continuation Mark,10.6,https://docs.netwrix.com/docs/auditor/10_6/api/postdata/continuationmark,docs/auditor/10.6/api/postdata/continuationmark.md,,,,,,
Post Data,10.6,https://docs.netwrix.com/docs/auditor/10_6/api/postdata/overview,docs/auditor/10.6/api/postdata/overview.md,,,,,,
Search Parameters,10.6,https://docs.netwrix.com/docs/auditor/10_6/api/postdata/searchparameters,docs/auditor/10.6/api/postdata/searchparameters.md,,,,,,
Prerequisites,10.6,https://docs.netwrix.com/docs/auditor/10_6/api/prerequisites,docs/auditor/10.6/api/prerequisites.md,,,,,,
Response Status Codes,10.6,https://docs.netwrix.com/docs/auditor/10_6/api/responsestatuscodes,docs/auditor/10.6/api/responsestatuscodes.md,,,,,,
Retrieve Activity Records,10.6,https://docs.netwrix.com/docs/auditor/10_6/api/retrieveactivityrecords,docs/auditor/10.6/api/retrieveactivityrecords.md,,,,,,
Search Activity Records,10.6,https://docs.netwrix.com/docs/auditor/10_6/api/searchactivityrecords,docs/auditor/10.6/api/searchactivityrecords.md,,,,,,
Security,10.6,https://docs.netwrix.com/docs/auditor/10_6/api/security,docs/auditor/10.6/api/security.md,,,,,,
Write Activity Records,10.6,https://docs.netwrix.com/docs/auditor/10_6/api/writeactivityrecords,docs/auditor/10.6/api/writeactivityrecords.md,,,,,,
Additional Configuration to Review Changes Made via Exchange Server,10.6,https://docs.netwrix.com/docs/auditor/10_6/configuration/activedirectory/additional,docs/auditor/10.6/configuration/activedirectory/additional.md,,,,,,
Configure Advanced Audit Policies,10.6,https://docs.netwrix.com/docs/auditor/10_6/configuration/activedirectory/advancedpolicy,docs/auditor/10.6/configuration/activedirectory/advancedpolicy.md,,,,,,
Active Directory: Automatic Configuration,10.6,https://docs.netwrix.com/docs/auditor/10_6/configuration/activedirectory/automatic,docs/auditor/10.6/configuration/activedirectory/automatic.md,,,,,,
Configure Basic Domain Audit Policies,10.6,https://docs.netwrix.com/docs/auditor/10_6/configuration/activedirectory/basicpolicy,docs/auditor/10.6/configuration/activedirectory/basicpolicy.md,,,,,,
Active Directory: Manual Configuration,10.6,https://docs.netwrix.com/docs/auditor/10_6/configuration/activedirectory/manual,docs/auditor/10.6/configuration/activedirectory/manual.md,,,,,,
Configure Object-Level Auditing,10.6,https://docs.netwrix.com/docs/auditor/10_6/configuration/activedirectory/objectlevel,docs/auditor/10.6/configuration/activedirectory/objectlevel.md,,,,,,
Active Directory,10.6,https://docs.netwrix.com/docs/auditor/10_6/configuration/activedirectory/overview,docs/auditor/10.6/configuration/activedirectory/overview.md,,,,,,
Permissions for Active Directory Auditing,10.6,https://docs.netwrix.com/docs/auditor/10_6/configuration/activedirectory/permissions,docs/auditor/10.6/configuration/activedirectory/permissions.md,,,,,,
Active Directory Ports,10.6,https://docs.netwrix.com/docs/auditor/10_6/configuration/activedirectory/ports,docs/auditor/10.6/configuration/activedirectory/ports.md,Covered by 10.8 — see docs/auditor/10.8/configuration/activedirectory/ports.md,,,,,
Active Directory Registry Key Configuration,10.6,https://docs.netwrix.com/docs/auditor/10_6/configuration/activedirectory/registrykey,docs/auditor/10.6/configuration/activedirectory/registrykey.md,,,,,,
Adjust Security Event Log Size and Retention,10.6,https://docs.netwrix.com/docs/auditor/10_6/configuration/activedirectory/securitylog,docs/auditor/10.6/configuration/activedirectory/securitylog.md,,,,,,
Adjust Active Directory Tombstone Lifetime (optional),10.6,https://docs.netwrix.com/docs/auditor/10_6/configuration/activedirectory/tombstone,docs/auditor/10.6/configuration/activedirectory/tombstone.md,,,,,,
AD FS,10.6,https://docs.netwrix.com/docs/auditor/10_6/configuration/activedirectoryfederatedservices/overview,docs/auditor/10.6/configuration/activedirectoryfederatedservices/overview.md,,,,,,
Permissions for AD FS Auditing,10.6,https://docs.netwrix.com/docs/auditor/10_6/configuration/activedirectoryfederatedservices/permissions,docs/auditor/10.6/configuration/activedirectoryfederatedservices/permissions.md,Covered by 10.8 — see docs/auditor/10.8/configuration/activedirectoryfederatedservices/permissions.md,,,,,
AD FS Ports,10.6,https://docs.netwrix.com/docs/auditor/10_6/configuration/activedirectoryfederatedservices/ports,docs/auditor/10.6/configuration/activedirectoryfederatedservices/ports.md,Covered by 10.8 — see docs/auditor/10.8/configuration/activedirectoryfederatedservices/ports.md,,,,,
Exchange Administrator Audit Logging Settings,10.6,https://docs.netwrix.com/docs/auditor/10_6/configuration/exchange/auditlog,docs/auditor/10.6/configuration/exchange/auditlog.md,,,,,,
Configure Exchange for Monitoring Mailbox Access,10.6,https://docs.netwrix.com/docs/auditor/10_6/configuration/exchange/mailboxacccess,docs/auditor/10.6/configuration/exchange/mailboxacccess.md,,,,,,
Exchange,10.6,https://docs.netwrix.com/docs/auditor/10_6/configuration/exchange/overview,docs/auditor/10.6/configuration/exchange/overview.md,,,,,,
Permissions for Exchange Auditing,10.6,https://docs.netwrix.com/docs/auditor/10_6/configuration/exchange/permissions,docs/auditor/10.6/configuration/exchange/permissions.md,,,,,,
Assign Permission To Read the Registry Key,10.6,https://docs.netwrix.com/docs/auditor/10_6/configuration/exchange/permissionsregistrykeys,docs/auditor/10.6/configuration/exchange/permissionsregistrykeys.md,,,,,,
Exchange Ports,10.6,https://docs.netwrix.com/docs/auditor/10_6/configuration/exchange/ports,docs/auditor/10.6/configuration/exchange/ports.md,Covered by 10.8 — see docs/auditor/10.8/configuration/exchange/ports.md,,,,,
Exchange Registry Keys,10.6,https://docs.netwrix.com/docs/auditor/10_6/configuration/exchange/registrykey,docs/auditor/10.6/configuration/exchange/registrykey.md,,,,,,
Configure Audit Settings for CIFS File Shares on Dell Data Storage,10.6,https://docs.netwrix.com/docs/auditor/10_6/configuration/fileservers/delldatastorage/cifss,docs/auditor/10.6/configuration/fileservers/delldatastorage/cifss.md,,,,,,
Configure Audit Object Access Policy,10.6,https://docs.netwrix.com/docs/auditor/10_6/configuration/fileservers/delldatastorage/objectaccess,docs/auditor/10.6/configuration/fileservers/delldatastorage/objectaccess.md,,,,,,
Dell Data Storage,10.6,https://docs.netwrix.com/docs/auditor/10_6/configuration/fileservers/delldatastorage/overview,docs/auditor/10.6/configuration/fileservers/delldatastorage/overview.md,,,,,,
Permissions for Dell Data Storage Auditing,10.6,https://docs.netwrix.com/docs/auditor/10_6/configuration/fileservers/delldatastorage/permissions,docs/auditor/10.6/configuration/fileservers/delldatastorage/permissions.md,Covered by 10.8 — see docs/auditor/10.8/configuration/fileservers/delldatastorage/permissions.md,,,,,
Dell Data Storage Ports,10.6,https://docs.netwrix.com/docs/auditor/10_6/configuration/fileservers/delldatastorage/ports,docs/auditor/10.6/configuration/fileservers/delldatastorage/ports.md,Covered by 10.8 — see docs/auditor/10.8/configuration/fileservers/delldatastorage/ports.md,,,,,
Configure Security Event Log Maximum Size,10.6,https://docs.netwrix.com/docs/auditor/10_6/configuration/fileservers/delldatastorage/securityeventlog,docs/auditor/10.6/configuration/fileservers/delldatastorage/securityeventlog.md,Covered by 10.8 — see docs/auditor/10.8/configuration/fileservers/delldatastorage/securityeventlog.md,,,,,
Compliance Mode,10.6,https://docs.netwrix.com/docs/auditor/10_6/configuration/fileservers/dellisilon/compliance,docs/auditor/10.6/configuration/fileservers/dellisilon/compliance.md,,,,,,
Normal and Enterprise Modes for Clusters,10.6,https://docs.netwrix.com/docs/auditor/10_6/configuration/fileservers/dellisilon/normal,docs/auditor/10.6/configuration/fileservers/dellisilon/normal.md,,,,,,
Dell Isilon/PowerScale,10.6,https://docs.netwrix.com/docs/auditor/10_6/configuration/fileservers/dellisilon/overview,docs/auditor/10.6/configuration/fileservers/dellisilon/overview.md,,,,,,
Permissions for Dell Isilon/PowerScale Auditing,10.6,https://docs.netwrix.com/docs/auditor/10_6/configuration/fileservers/dellisilon/permissions,docs/auditor/10.6/configuration/fileservers/dellisilon/permissions.md,,,,,,
Dell Isilon/PowerScale Ports,10.6,https://docs.netwrix.com/docs/auditor/10_6/configuration/fileservers/dellisilon/ports,docs/auditor/10.6/configuration/fileservers/dellisilon/ports.md,Covered by 10.8 — see docs/auditor/10.8/configuration/fileservers/dellisilon/ports.md,,,,,
Configure Audit Settings for CIFS File Shares,10.6,https://docs.netwrix.com/docs/auditor/10_6/configuration/fileservers/netappcmode/cifs,docs/auditor/10.6/configuration/fileservers/netappcmode/cifs.md,,,,,,
Configure Event Categories and Log,10.6,https://docs.netwrix.com/docs/auditor/10_6/configuration/fileservers/netappcmode/eventcategories,docs/auditor/10.6/configuration/fileservers/netappcmode/eventcategories.md,Covered by 10.7 — see docs/auditor/10.7/configuration/fileservers/netappcmode/eventcategories.md,,,,,
NetApp Data ONTAP,10.6,https://docs.netwrix.com/docs/auditor/10_6/configuration/fileservers/netappcmode/overview,docs/auditor/10.6/configuration/fileservers/netappcmode/overview.md,,,,,,
Permissions for NetApp Auditing,10.6,https://docs.netwrix.com/docs/auditor/10_6/configuration/fileservers/netappcmode/permissions,docs/auditor/10.6/configuration/fileservers/netappcmode/permissions.md,,,,,,
Configure System Service Firewall Policies,10.6,https://docs.netwrix.com/docs/auditor/10_6/configuration/fileservers/netappcmode/ports,docs/auditor/10.6/configuration/fileservers/netappcmode/ports.md,,,,,,
Configure Service Policy,10.6,https://docs.netwrix.com/docs/auditor/10_6/configuration/fileservers/netappcmode/servicepolicy,docs/auditor/10.6/configuration/fileservers/netappcmode/servicepolicy.md,,,,,,
Configure ONTAPI/RESTAPI Web Access,10.6,https://docs.netwrix.com/docs/auditor/10_6/configuration/fileservers/netappcmode/webaccess,docs/auditor/10.6/configuration/fileservers/netappcmode/webaccess.md,,,,,,
Create a Notification Policy,10.6,https://docs.netwrix.com/docs/auditor/10_6/configuration/fileservers/nutanix/notificationpolicy,docs/auditor/10.6/configuration/fileservers/nutanix/notificationpolicy.md,,,,,,
Nutanix,10.6,https://docs.netwrix.com/docs/auditor/10_6/configuration/fileservers/nutanix/overview,docs/auditor/10.6/configuration/fileservers/nutanix/overview.md,,,,,,
Configure Partner Server,10.6,https://docs.netwrix.com/docs/auditor/10_6/configuration/fileservers/nutanix/partnerserver,docs/auditor/10.6/configuration/fileservers/nutanix/partnerserver.md,,,,,,
Permissions for Nutanix Files Auditing,10.6,https://docs.netwrix.com/docs/auditor/10_6/configuration/fileservers/nutanix/permissions,docs/auditor/10.6/configuration/fileservers/nutanix/permissions.md,,,,,,
Nutanix Ports,10.6,https://docs.netwrix.com/docs/auditor/10_6/configuration/fileservers/nutanix/ports,docs/auditor/10.6/configuration/fileservers/nutanix/ports.md,,,,,,
Create User Account to Access Nutanix REST API,10.6,https://docs.netwrix.com/docs/auditor/10_6/configuration/fileservers/nutanix/useraccount,docs/auditor/10.6/configuration/fileservers/nutanix/useraccount.md,,,,,,
File Servers,10.6,https://docs.netwrix.com/docs/auditor/10_6/configuration/fileservers/overview,docs/auditor/10.6/configuration/fileservers/overview.md,,,,,,
Configure Core Audit for Qumulo File Servers,10.6,https://docs.netwrix.com/docs/auditor/10_6/configuration/fileservers/qumulo/configure,docs/auditor/10.6/configuration/fileservers/qumulo/configure.md,Covered by 10.7 — see docs/auditor/10.7/configuration/fileservers/qumulo/configure.md,,,,,
Qumulo,10.6,https://docs.netwrix.com/docs/auditor/10_6/configuration/fileservers/qumulo/overview,docs/auditor/10.6/configuration/fileservers/qumulo/overview.md,,,,,,
Permissions for Qumulo Auditing,10.6,https://docs.netwrix.com/docs/auditor/10_6/configuration/fileservers/qumulo/permissions,docs/auditor/10.6/configuration/fileservers/qumulo/permissions.md,,,,,,
Qumulo Ports,10.6,https://docs.netwrix.com/docs/auditor/10_6/configuration/fileservers/qumulo/ports,docs/auditor/10.6/configuration/fileservers/qumulo/ports.md,Covered by 10.8 — see docs/auditor/10.8/configuration/fileservers/qumulo/ports.md,,,,,
Configure Synology File Servers for Audit,10.6,https://docs.netwrix.com/docs/auditor/10_6/configuration/fileservers/synology/configure,docs/auditor/10.6/configuration/fileservers/synology/configure.md,,,,,,
Synology,10.6,https://docs.netwrix.com/docs/auditor/10_6/configuration/fileservers/synology/overview,docs/auditor/10.6/configuration/fileservers/synology/overview.md,,,,,,
Permissions for Synology Auditing,10.6,https://docs.netwrix.com/docs/auditor/10_6/configuration/fileservers/synology/permissions,docs/auditor/10.6/configuration/fileservers/synology/permissions.md,,,,,,
Synology Ports,10.6,https://docs.netwrix.com/docs/auditor/10_6/configuration/fileservers/synology/ports,docs/auditor/10.6/configuration/fileservers/synology/ports.md,Covered by 10.8 — see docs/auditor/10.8/configuration/fileservers/synology/ports.md,,,,,
Configure Advanced Audit Policies,10.6,https://docs.netwrix.com/docs/auditor/10_6/configuration/fileservers/windows/advancedpolicy,docs/auditor/10.6/configuration/fileservers/windows/advancedpolicy.md,,,,,,
Configure the Back up Files and Directories Policy,10.6,https://docs.netwrix.com/docs/auditor/10_6/configuration/fileservers/windows/configuration,docs/auditor/10.6/configuration/fileservers/windows/configuration.md,Covered by 10.8 — see docs/auditor/10.8/configuration/fileservers/windows/configuration.md,,,,,
Configure Event Log Size and Retention Settings,10.6,https://docs.netwrix.com/docs/auditor/10_6/configuration/fileservers/windows/eventlog,docs/auditor/10.6/configuration/fileservers/windows/eventlog.md,,,,,,
Configure Local Audit Policies,10.6,https://docs.netwrix.com/docs/auditor/10_6/configuration/fileservers/windows/localpolicy,docs/auditor/10.6/configuration/fileservers/windows/localpolicy.md,,,,,,
Configure Object-Level Access Auditing,10.6,https://docs.netwrix.com/docs/auditor/10_6/configuration/fileservers/windows/objectlevel,docs/auditor/10.6/configuration/fileservers/windows/objectlevel.md,,,,,,
Windows File Servers,10.6,https://docs.netwrix.com/docs/auditor/10_6/configuration/fileservers/windows/overview,docs/auditor/10.6/configuration/fileservers/windows/overview.md,,,,,,
Permissions for Windows File Server Auditing,10.6,https://docs.netwrix.com/docs/auditor/10_6/configuration/fileservers/windows/permissions,docs/auditor/10.6/configuration/fileservers/windows/permissions.md,,,,,,
Windows File Server Ports,10.6,https://docs.netwrix.com/docs/auditor/10_6/configuration/fileservers/windows/ports,docs/auditor/10.6/configuration/fileservers/windows/ports.md,,,,,,
Enable Remote Registry Service,10.6,https://docs.netwrix.com/docs/auditor/10_6/configuration/fileservers/windows/remoteregistryservice,docs/auditor/10.6/configuration/fileservers/windows/remoteregistryservice.md,,,,,,
Group Policy,10.6,https://docs.netwrix.com/docs/auditor/10_6/configuration/grouppolicy/overview,docs/auditor/10.6/configuration/grouppolicy/overview.md,,,,,,
Permissions for Group Policy Auditing,10.6,https://docs.netwrix.com/docs/auditor/10_6/configuration/grouppolicy/permissions,docs/auditor/10.6/configuration/grouppolicy/permissions.md,,,,,,
Group Policy Ports,10.6,https://docs.netwrix.com/docs/auditor/10_6/configuration/grouppolicy/ports,docs/auditor/10.6/configuration/grouppolicy/ports.md,Covered by 10.8 — see docs/auditor/10.8/configuration/grouppolicy/ports.md,,,,,
Group Policy Registry Keys,10.6,https://docs.netwrix.com/docs/auditor/10_6/configuration/grouppolicy/registrykey,docs/auditor/10.6/configuration/grouppolicy/registrykey.md,,,,,,
Configure Advanced Audit Policies,10.6,https://docs.netwrix.com/docs/auditor/10_6/configuration/logonactivity/advancedpolicy,docs/auditor/10.6/configuration/logonactivity/advancedpolicy.md,,,,,,
Configure Basic Domain Audit Policies,10.6,https://docs.netwrix.com/docs/auditor/10_6/configuration/logonactivity/basicpolicy,docs/auditor/10.6/configuration/logonactivity/basicpolicy.md,,,,,,
Logon Activity,10.6,https://docs.netwrix.com/docs/auditor/10_6/configuration/logonactivity/overview,docs/auditor/10.6/configuration/logonactivity/overview.md,,,,,,
Permissions for Logon Activity Auditing,10.6,https://docs.netwrix.com/docs/auditor/10_6/configuration/logonactivity/permissions,docs/auditor/10.6/configuration/logonactivity/permissions.md,,,,,,
Logon Activity Ports,10.6,https://docs.netwrix.com/docs/auditor/10_6/configuration/logonactivity/ports,docs/auditor/10.6/configuration/logonactivity/ports.md,,,,,,
Configure Security Event Log Size and Retention Settings,10.6,https://docs.netwrix.com/docs/auditor/10_6/configuration/logonactivity/securityeventlog,docs/auditor/10.6/configuration/logonactivity/securityeventlog.md,,,,,,
Assigning Application Permissions Using Manifest,10.6,https://docs.netwrix.com/docs/auditor/10_6/configuration/microsoft365/exchangeonline/modernauth/manifest,docs/auditor/10.6/configuration/microsoft365/exchangeonline/modernauth/manifest.md,Covered by 10.7 — see docs/auditor/10.7/configuration/microsoft365/exchangeonline/modernauth/manifest.md,,,,,
Configure Exchange Online State-in-Time Modern Authentication Manually,10.6,https://docs.netwrix.com/docs/auditor/10_6/configuration/microsoft365/exchangeonline/modernauth/manualconfig,docs/auditor/10.6/configuration/microsoft365/exchangeonline/modernauth/manualconfig.md,,,,,,
Access Exchange Online Using Modern Authentication,10.6,https://docs.netwrix.com/docs/auditor/10_6/configuration/microsoft365/exchangeonline/modernauth,docs/auditor/10.6/configuration/microsoft365/exchangeonline/modernauth/modernauth.md,,,,,,
Exchange Online,10.6,https://docs.netwrix.com/docs/auditor/10_6/configuration/microsoft365/exchangeonline/overview,docs/auditor/10.6/configuration/microsoft365/exchangeonline/overview.md,,,,,,
Permissions for Exchange Online Auditing,10.6,https://docs.netwrix.com/docs/auditor/10_6/configuration/microsoft365/exchangeonline/permissions,docs/auditor/10.6/configuration/microsoft365/exchangeonline/permissions.md,,,,,,
Exchange Online Ports,10.6,https://docs.netwrix.com/docs/auditor/10_6/configuration/microsoft365/exchangeonline/ports,docs/auditor/10.6/configuration/microsoft365/exchangeonline/ports.md,,,,,,
Microsoft Entra ID,10.6,https://docs.netwrix.com/docs/auditor/10_6/configuration/microsoft365/microsoftentraid/overview,docs/auditor/10.6/configuration/microsoft365/microsoftentraid/overview.md,,,,,,
Using Basic Authentication with Microsoft Entra ID,10.6,https://docs.netwrix.com/docs/auditor/10_6/configuration/microsoft365/microsoftentraid/permissions/basicauth,docs/auditor/10.6/configuration/microsoft365/microsoftentraid/permissions/basicauth.md,,,,,,
Assign Application Permissions Using Manifest,10.6,https://docs.netwrix.com/docs/auditor/10_6/configuration/microsoft365/microsoftentraid/permissions/modernauth/manifest,docs/auditor/10.6/configuration/microsoft365/microsoftentraid/permissions/modernauth/manifest.md,,,,,,
Using Modern Authentication with Microsoft Entra ID,10.6,https://docs.netwrix.com/docs/auditor/10_6/configuration/microsoft365/microsoftentraid/permissions/modernauth,docs/auditor/10.6/configuration/microsoft365/microsoftentraid/permissions/modernauth/modernauth.md,,,,,,
Permissions for Microsoft Entra ID Auditing,10.6,https://docs.netwrix.com/docs/auditor/10_6/configuration/microsoft365/microsoftentraid/permissions,docs/auditor/10.6/configuration/microsoft365/microsoftentraid/permissions/permissions.md,,,,,,
Microsoft Entra ID Ports,10.6,https://docs.netwrix.com/docs/auditor/10_6/configuration/microsoft365/microsoftentraid/ports,docs/auditor/10.6/configuration/microsoft365/microsoftentraid/ports.md,,,,,,
Microsoft 365,10.6,https://docs.netwrix.com/docs/auditor/10_6/configuration/microsoft365/overview,docs/auditor/10.6/configuration/microsoft365/overview.md,Covered by 10.8 — see docs/auditor/10.8/configuration/microsoft365/overview.md,,,,,
SharePoint Online,10.6,https://docs.netwrix.com/docs/auditor/10_6/configuration/microsoft365/sharepointonline/overview,docs/auditor/10.6/configuration/microsoft365/sharepointonline/overview.md,,,,,,
Using Basic Authentication with SharePoint Online,10.6,https://docs.netwrix.com/docs/auditor/10_6/configuration/microsoft365/sharepointonline/permissions/basicauth,docs/auditor/10.6/configuration/microsoft365/sharepointonline/permissions/basicauth.md,,,,,,
Assigning Application Permissions Using Manifest,10.6,https://docs.netwrix.com/docs/auditor/10_6/configuration/microsoft365/sharepointonline/permissions/modernauth/manifest,docs/auditor/10.6/configuration/microsoft365/sharepointonline/permissions/modernauth/manifest.md,,,,,,
Using Modern Authentication with SharePoint Online,10.6,https://docs.netwrix.com/docs/auditor/10_6/configuration/microsoft365/sharepointonline/permissions/modernauth,docs/auditor/10.6/configuration/microsoft365/sharepointonline/permissions/modernauth/modernauth.md,,,,,,
Permissions for SharePoint Online Auditing,10.6,https://docs.netwrix.com/docs/auditor/10_6/configuration/microsoft365/sharepointonline/permissions,docs/auditor/10.6/configuration/microsoft365/sharepointonline/permissions/permissions.md,,,,,,
SharePoint Online Ports,10.6,https://docs.netwrix.com/docs/auditor/10_6/configuration/microsoft365/sharepointonline/ports,docs/auditor/10.6/configuration/microsoft365/sharepointonline/ports.md,,,,,,
MS Teams,10.6,https://docs.netwrix.com/docs/auditor/10_6/configuration/microsoft365/teams/overview,docs/auditor/10.6/configuration/microsoft365/teams/overview.md,,,,,,
Using Basic Authentication with MS Teams,10.6,https://docs.netwrix.com/docs/auditor/10_6/configuration/microsoft365/teams/permissions/basicauth,docs/auditor/10.6/configuration/microsoft365/teams/permissions/basicauth.md,,,,,,
Assign Application Permissions Using Manifest,10.6,https://docs.netwrix.com/docs/auditor/10_6/configuration/microsoft365/teams/permissions/modernauth/manifest,docs/auditor/10.6/configuration/microsoft365/teams/permissions/modernauth/manifest.md,Covered by 10.7 — see docs/auditor/10.7/configuration/microsoft365/teams/permissions/modernauth/manifest.md,,,,,
Using Modern Authentication with MS Teams,10.6,https://docs.netwrix.com/docs/auditor/10_6/configuration/microsoft365/teams/permissions/modernauth,docs/auditor/10.6/configuration/microsoft365/teams/permissions/modernauth/modernauth.md,,,,,,
Permissions for Teams Auditing,10.6,https://docs.netwrix.com/docs/auditor/10_6/configuration/microsoft365/teams/permissions,docs/auditor/10.6/configuration/microsoft365/teams/permissions/permissions.md,,,,,,
Teams Ports,10.6,https://docs.netwrix.com/docs/auditor/10_6/configuration/microsoft365/teams/ports,docs/auditor/10.6/configuration/microsoft365/teams/ports.md,,,,,,
Configure Cisco ASA Devices,10.6,https://docs.netwrix.com/docs/auditor/10_6/configuration/networkdevices/ciscoasa,docs/auditor/10.6/configuration/networkdevices/ciscoasa.md,Covered by 10.8 — see docs/auditor/10.8/configuration/networkdevices/ciscoasa.md,,,,,
Configure Cisco IOS Devices,10.6,https://docs.netwrix.com/docs/auditor/10_6/configuration/networkdevices/ciscoios,docs/auditor/10.6/configuration/networkdevices/ciscoios.md,Covered by 10.8 — see docs/auditor/10.8/configuration/networkdevices/ciscoios.md,,,,,
Cisco Meraki Dashboard,10.6,https://docs.netwrix.com/docs/auditor/10_6/configuration/networkdevices/ciscomerakidashboard,docs/auditor/10.6/configuration/networkdevices/ciscomerakidashboard.md,,,,,,
Configure Cisco Meraki Devices,10.6,https://docs.netwrix.com/docs/auditor/10_6/configuration/networkdevices/ciscomerakidevices,docs/auditor/10.6/configuration/networkdevices/ciscomerakidevices.md,,,,,,
Configure Fortinet FortiGate Devices,10.6,https://docs.netwrix.com/docs/auditor/10_6/configuration/networkdevices/fortinetfortigate,docs/auditor/10.6/configuration/networkdevices/fortinetfortigate.md,Covered by 10.8 — see docs/auditor/10.8/configuration/networkdevices/fortinetfortigate.md,,,,,
Configure HPE Aruba Devices,10.6,https://docs.netwrix.com/docs/auditor/10_6/configuration/networkdevices/hpearuba,docs/auditor/10.6/configuration/networkdevices/hpearuba.md,Covered by 10.7 — see docs/auditor/10.7/configuration/networkdevices/hpearuba.md,,,,,
Configure Juniper Devices,10.6,https://docs.netwrix.com/docs/auditor/10_6/configuration/networkdevices/juniper,docs/auditor/10.6/configuration/networkdevices/juniper.md,,,,,,
Network Devices,10.6,https://docs.netwrix.com/docs/auditor/10_6/configuration/networkdevices/overview,docs/auditor/10.6/configuration/networkdevices/overview.md,Covered by 10.8 — see docs/auditor/10.8/configuration/networkdevices/overview.md,,,,,
Configure PaloAlto Devices,10.6,https://docs.netwrix.com/docs/auditor/10_6/configuration/networkdevices/paloalto,docs/auditor/10.6/configuration/networkdevices/paloalto.md,Covered by 10.8 — see docs/auditor/10.8/configuration/networkdevices/paloalto.md,,,,,
Permissions for Network Devices Auditing,10.6,https://docs.netwrix.com/docs/auditor/10_6/configuration/networkdevices/permissions,docs/auditor/10.6/configuration/networkdevices/permissions.md,,,,,,
Network Devices Ports,10.6,https://docs.netwrix.com/docs/auditor/10_6/configuration/networkdevices/ports,docs/auditor/10.6/configuration/networkdevices/ports.md,Covered by 10.8 — see docs/auditor/10.8/configuration/networkdevices/ports.md,,,,,
Configure Pulse Secure Devices,10.6,https://docs.netwrix.com/docs/auditor/10_6/configuration/networkdevices/pulsesecure,docs/auditor/10.6/configuration/networkdevices/pulsesecure.md,Covered by 10.7 — see docs/auditor/10.7/configuration/networkdevices/pulsesecure.md,,,,,
Configure SonicWall Devices,10.6,https://docs.netwrix.com/docs/auditor/10_6/configuration/networkdevices/sonicwall,docs/auditor/10.6/configuration/networkdevices/sonicwall.md,Covered by 10.8 — see docs/auditor/10.8/configuration/networkdevices/sonicwall.md,,,,,
Configure Oracle Database for Auditing,10.6,https://docs.netwrix.com/docs/auditor/10_6/configuration/oracle/database,docs/auditor/10.6/configuration/oracle/database.md,,,,,,
Configure Fine Grained Auditing,10.6,https://docs.netwrix.com/docs/auditor/10_6/configuration/oracle/finegained,docs/auditor/10.6/configuration/oracle/finegained.md,Covered by 10.8 — see docs/auditor/10.8/configuration/oracle/finegained.md,,,,,
Oracle Database,10.6,https://docs.netwrix.com/docs/auditor/10_6/configuration/oracle/overview,docs/auditor/10.6/configuration/oracle/overview.md,,,,,,
Permissions for Oracle Database Auditing,10.6,https://docs.netwrix.com/docs/auditor/10_6/configuration/oracle/permissions,docs/auditor/10.6/configuration/oracle/permissions.md,,,,,,
Oracle Database Ports,10.6,https://docs.netwrix.com/docs/auditor/10_6/configuration/oracle/ports,docs/auditor/10.6/configuration/oracle/ports.md,Covered by 10.8 — see docs/auditor/10.8/configuration/oracle/ports.md,,,,,
Migrate to Unified Audit,10.6,https://docs.netwrix.com/docs/auditor/10_6/configuration/oracle/unified,docs/auditor/10.6/configuration/oracle/unified.md,,,,,,
Verify Your Oracle Database Audit Settings,10.6,https://docs.netwrix.com/docs/auditor/10_6/configuration/oracle/verifysettings,docs/auditor/10.6/configuration/oracle/verifysettings.md,Covered by 10.8 — see docs/auditor/10.8/configuration/oracle/verifysettings.md,,,,,
Create and Configure Oracle Wallet,10.6,https://docs.netwrix.com/docs/auditor/10_6/configuration/oracle/wallet,docs/auditor/10.6/configuration/oracle/wallet.md,,,,,,
Data Source Configuration,10.6,https://docs.netwrix.com/docs/auditor/10_6/configuration/overview,docs/auditor/10.6/configuration/overview.md,Covered by 10.7 — see docs/auditor/10.7/configuration/overview.md,,,,,
SharePoint,10.6,https://docs.netwrix.com/docs/auditor/10_6/configuration/sharepoint/overview,docs/auditor/10.6/configuration/sharepoint/overview.md,,,,,,
Permissions for SharePoint Auditing,10.6,https://docs.netwrix.com/docs/auditor/10_6/configuration/sharepoint/permissions,docs/auditor/10.6/configuration/sharepoint/permissions.md,,,,,,
SharePoint Ports,10.6,https://docs.netwrix.com/docs/auditor/10_6/configuration/sharepoint/ports,docs/auditor/10.6/configuration/sharepoint/ports.md,,,,,,
Configuring Trace Logging,10.6,https://docs.netwrix.com/docs/auditor/10_6/configuration/sqlserver/configuringtracelogging,docs/auditor/10.6/configuration/sqlserver/configuringtracelogging.md,Covered by 10.8 — see docs/auditor/10.8/configuration/sqlserver/configuringtracelogging.md,,,,,
SQL Server,10.6,https://docs.netwrix.com/docs/auditor/10_6/configuration/sqlserver/overview,docs/auditor/10.6/configuration/sqlserver/overview.md,,,,,,
Permissions for SQL Server Auditing,10.6,https://docs.netwrix.com/docs/auditor/10_6/configuration/sqlserver/permissions,docs/auditor/10.6/configuration/sqlserver/permissions.md,,,,,,
SQL Server Ports,10.6,https://docs.netwrix.com/docs/auditor/10_6/configuration/sqlserver/ports,docs/auditor/10.6/configuration/sqlserver/ports.md,Covered by 10.8 — see docs/auditor/10.8/configuration/sqlserver/ports.md,,,,,
Configure Data Collection Settings,10.6,https://docs.netwrix.com/docs/auditor/10_6/configuration/useractivity/datacollection,docs/auditor/10.6/configuration/useractivity/datacollection.md,,,,,,
User Activity,10.6,https://docs.netwrix.com/docs/auditor/10_6/configuration/useractivity/overview,docs/auditor/10.6/configuration/useractivity/overview.md,,,,,,
User Activity Ports,10.6,https://docs.netwrix.com/docs/auditor/10_6/configuration/useractivity/ports,docs/auditor/10.6/configuration/useractivity/ports.md,,,,,,
Configure Video Recordings Playback Settings,10.6,https://docs.netwrix.com/docs/auditor/10_6/configuration/useractivity/videorecordings,docs/auditor/10.6/configuration/useractivity/videorecordings.md,,,,,,
VMware,10.6,https://docs.netwrix.com/docs/auditor/10_6/configuration/vmware/overview,docs/auditor/10.6/configuration/vmware/overview.md,Covered by 10.8 — see docs/auditor/10.8/configuration/vmware/overview.md,,,,,
Permissions for VMware Server Auditing,10.6,https://docs.netwrix.com/docs/auditor/10_6/configuration/vmware/permissions,docs/auditor/10.6/configuration/vmware/permissions.md,,,,,,
VMware Ports,10.6,https://docs.netwrix.com/docs/auditor/10_6/configuration/vmware/ports,docs/auditor/10.6/configuration/vmware/ports.md,Covered by 10.8 — see docs/auditor/10.8/configuration/vmware/ports.md,,,,,
Configure Advanced Audit Policies,10.6,https://docs.netwrix.com/docs/auditor/10_6/configuration/windowsserver/advancedpolicy,docs/auditor/10.6/configuration/windowsserver/advancedpolicy.md,,,,,,
Adjust DHCP Server Operational Log Settings,10.6,https://docs.netwrix.com/docs/auditor/10_6/configuration/windowsserver/dhcp,docs/auditor/10.6/configuration/windowsserver/dhcp.md,Covered by 10.7 — see docs/auditor/10.7/configuration/windowsserver/dhcp.md,,,,,
Adjusting Event Log Size and Retention Settings,10.6,https://docs.netwrix.com/docs/auditor/10_6/configuration/windowsserver/eventlog,docs/auditor/10.6/configuration/windowsserver/eventlog.md,,,,,,
Internet Information Services (IIS),10.6,https://docs.netwrix.com/docs/auditor/10_6/configuration/windowsserver/iis,docs/auditor/10.6/configuration/windowsserver/iis.md,,,,,,
Configure Local Audit Policies,10.6,https://docs.netwrix.com/docs/auditor/10_6/configuration/windowsserver/localpolicy,docs/auditor/10.6/configuration/windowsserver/localpolicy.md,,,,,,
Windows Server,10.6,https://docs.netwrix.com/docs/auditor/10_6/configuration/windowsserver/overview,docs/auditor/10.6/configuration/windowsserver/overview.md,,,,,,
Permissions for Windows Server Auditing,10.6,https://docs.netwrix.com/docs/auditor/10_6/configuration/windowsserver/permissions,docs/auditor/10.6/configuration/windowsserver/permissions.md,,,,,,
Configure Enable Persistent Time Stamp Policy,10.6,https://docs.netwrix.com/docs/auditor/10_6/configuration/windowsserver/persistenttimestamp,docs/auditor/10.6/configuration/windowsserver/persistenttimestamp.md,Covered by 10.7 — see docs/auditor/10.7/configuration/windowsserver/persistenttimestamp.md,,,,,
Windows Server Ports,10.6,https://docs.netwrix.com/docs/auditor/10_6/configuration/windowsserver/ports,docs/auditor/10.6/configuration/windowsserver/ports.md,,,,,,
Windows Server Registry Keys,10.6,https://docs.netwrix.com/docs/auditor/10_6/configuration/windowsserver/registrykey,docs/auditor/10.6/configuration/windowsserver/registrykey.md,,,,,,
Enable Remote Registry and Windows Management Instrumentation Services,10.6,https://docs.netwrix.com/docs/auditor/10_6/configuration/windowsserver/remoteregistry,docs/auditor/10.6/configuration/windowsserver/remoteregistry.md,,,,,,
Configure Removable Storage Media for Monitoring,10.6,https://docs.netwrix.com/docs/auditor/10_6/configuration/windowsserver/removablestorage,docs/auditor/10.6/configuration/windowsserver/removablestorage.md,,,,,,
Configure Windows Registry Audit Settings,10.6,https://docs.netwrix.com/docs/auditor/10_6/configuration/windowsserver/windowsregistry,docs/auditor/10.6/configuration/windowsserver/windowsregistry.md,,,,,,
Netwrix Auditor v10.6 Documentation,10.6,https://docs.netwrix.com/docs/auditor/10_6,docs/auditor/10.6/index.md,,,,,,
Automate Sign-in to the Client,10.6,https://docs.netwrix.com/docs/auditor/10_6/install/automatelogin,docs/auditor/10.6/install/automatelogin.md,Covered by 10.8 — see docs/auditor/10.8/install/automatelogin.md,,,,,
First Launch,10.6,https://docs.netwrix.com/docs/auditor/10_6/install/firstlaunch,docs/auditor/10.6/install/firstlaunch.md,,,,,,
Installation,10.6,https://docs.netwrix.com/docs/auditor/10_6/install/overview,docs/auditor/10.6/install/overview.md,,,,,,
Install for SharePoint Core Service,10.6,https://docs.netwrix.com/docs/auditor/10_6/install/sharepointcoreservice,docs/auditor/10.6/install/sharepointcoreservice.md,,,,,,
Install in Silent Mode,10.6,https://docs.netwrix.com/docs/auditor/10_6/install/silentmode,docs/auditor/10.6/install/silentmode.md,Covered by 10.8 — see docs/auditor/10.8/install/silentmode.md,,,,,
Uninstall Netwrix Auditor,10.6,https://docs.netwrix.com/docs/auditor/10_6/install/uninstall,docs/auditor/10.6/install/uninstall.md,,,,,,
Upgrade to the Latest Version,10.6,https://docs.netwrix.com/docs/auditor/10_6/install/upgrade,docs/auditor/10.6/install/upgrade.md,,,,,,
Install for User Activity Core Service,10.6,https://docs.netwrix.com/docs/auditor/10_6/install/useractivitycoreservice,docs/auditor/10.6/install/useractivitycoreservice.md,Covered by 10.8 — see docs/auditor/10.8/install/useractivitycoreservice.md,,,,,
Install Client via Group Policy,10.6,https://docs.netwrix.com/docs/auditor/10_6/install/viagrouppolicy,docs/auditor/10.6/install/viagrouppolicy.md,,,,,,
Configure Virtual Appliance,10.6,https://docs.netwrix.com/docs/auditor/10_6/install/virtualappliance/configure,docs/auditor/10.6/install/virtualappliance/configure.md,,,,,,
Import Virtual Machine from Image to Hyper-V,10.6,https://docs.netwrix.com/docs/auditor/10_6/install/virtualappliance/importhyperv,docs/auditor/10.6/install/virtualappliance/importhyperv.md,Covered by 10.8 — see docs/auditor/10.8/install/virtualappliance/importhyperv.md,,,,,
Import Virtual Machine from Image to VMware,10.6,https://docs.netwrix.com/docs/auditor/10_6/install/virtualappliance/importvmware,docs/auditor/10.6/install/virtualappliance/importvmware.md,Covered by 10.8 — see docs/auditor/10.8/install/virtualappliance/importvmware.md,,,,,
Virtual Deployment Overview,10.6,https://docs.netwrix.com/docs/auditor/10_6/install/virtualappliance/overview,docs/auditor/10.6/install/virtualappliance/overview.md,,,,,,
Getting Started,10.6,https://docs.netwrix.com/docs/auditor/10_6/overview/gettingstarted,docs/auditor/10.6/overview/gettingstarted.md,,,,,,
Product Editions,10.6,https://docs.netwrix.com/docs/auditor/10_6/overview/producteditions,docs/auditor/10.6/overview/producteditions.md,,,,,,
What's New,10.6,https://docs.netwrix.com/docs/auditor/10_6/overview/whatsnew,docs/auditor/10.6/overview/whatsnew.md,,,,,,
Hardware Requirements,10.6,https://docs.netwrix.com/docs/auditor/10_6/requirements/console,docs/auditor/10.6/requirements/console.md,,,,,,
Sample Deployment Scenarios,10.6,https://docs.netwrix.com/docs/auditor/10_6/requirements/deploymentscenarios,docs/auditor/10.6/requirements/deploymentscenarios.md,,,,,,
Use Group Managed Service Account (gMSA),10.6,https://docs.netwrix.com/docs/auditor/10_6/requirements/gmsa,docs/auditor/10.6/requirements/gmsa.md,,,,,,
File-Based Repository for Long-Term Archive,10.6,https://docs.netwrix.com/docs/auditor/10_6/requirements/longtermarchive,docs/auditor/10.6/requirements/longtermarchive.md,,,,,,
Requirements,10.6,https://docs.netwrix.com/docs/auditor/10_6/requirements/overview,docs/auditor/10.6/requirements/overview.md,,,,,,
Protocols and Ports Required,10.6,https://docs.netwrix.com/docs/auditor/10_6/requirements/ports,docs/auditor/10.6/requirements/ports.md,,,,,,
Configure Netwrix Auditor Service Accounts,10.6,https://docs.netwrix.com/docs/auditor/10_6/requirements/serviceaccount,docs/auditor/10.6/requirements/serviceaccount.md,,,,,,
Software Requirements,10.6,https://docs.netwrix.com/docs/auditor/10_6/requirements/software,docs/auditor/10.6/requirements/software.md,,,,,,
Requirements for SQL Server to Store Audit Data,10.6,https://docs.netwrix.com/docs/auditor/10_6/requirements/sqlserver,docs/auditor/10.6/requirements/sqlserver.md,,,,,,
SQL Server Reporting Services,10.6,https://docs.netwrix.com/docs/auditor/10_6/requirements/sqlserverreportingservice,docs/auditor/10.6/requirements/sqlserverreportingservice.md,,,,,,
Supported Data Sources,10.6,https://docs.netwrix.com/docs/auditor/10_6/requirements/supporteddatasources,docs/auditor/10.6/requirements/supporteddatasources.md,,,,,,
Working Folder,10.6,https://docs.netwrix.com/docs/auditor/10_6/requirements/workingfolder,docs/auditor/10.6/requirements/workingfolder.md,Covered by 10.8 — see docs/auditor/10.8/requirements/workingfolder.md,,,,,
Audit Configuration Assistant,10.6,https://docs.netwrix.com/docs/auditor/10_6/tools/auditconfigurationassistant,docs/auditor/10.6/tools/auditconfigurationassistant.md,,,,,,
Event Log,10.6,https://docs.netwrix.com/docs/auditor/10_6/tools/eventlogmanager/eventlog,docs/auditor/10.6/tools/eventlogmanager/eventlog.md,Covered by 10.8 — see docs/auditor/10.8/tools/eventlogmanager/eventlog.md,,,,,
Event Log Manager,10.6,https://docs.netwrix.com/docs/auditor/10_6/tools/eventlogmanager,docs/auditor/10.6/tools/eventlogmanager/eventlogmanager.md,,,,,,
Windows Event Logs,10.6,https://docs.netwrix.com/docs/auditor/10_6/tools/eventlogmanager/windowseventlogs,docs/auditor/10.6/tools/eventlogmanager/windowseventlogs.md,,,,,,
Inactive User Tracker,10.6,https://docs.netwrix.com/docs/auditor/10_6/tools/inactiveusertracker,docs/auditor/10.6/tools/inactiveusertracker.md,,,,,,
Object Restore for Active Directory,10.6,https://docs.netwrix.com/docs/auditor/10_6/tools/objectrestoread,docs/auditor/10.6/tools/objectrestoread.md,,,,,,
Tools,10.6,https://docs.netwrix.com/docs/auditor/10_6/tools/overview,docs/auditor/10.6/tools/overview.md,Covered by 10.8 — see docs/auditor/10.8/tools/overview.md,,,,,
Password Expiration Monitoring Scope,10.6,https://docs.netwrix.com/docs/auditor/10_6/tools/passwordexpirationnotifier/monitoringscope,docs/auditor/10.6/tools/passwordexpirationnotifier/monitoringscope.md,,,,,,
Password Expiration Notifier,10.6,https://docs.netwrix.com/docs/auditor/10_6/tools/passwordexpirationnotifier/overview,docs/auditor/10.6/tools/passwordexpirationnotifier/overview.md,,,,,,
Password Expiration Notifier Ports,10.6,https://docs.netwrix.com/docs/auditor/10_6/tools/passwordexpirationnotifier/ports,docs/auditor/10.6/tools/passwordexpirationnotifier/ports.md,Covered by 10.7 — see docs/auditor/10.7/tools/passwordexpirationnotifier/ports.md,,,,,
Access Reviews,10.7,https://docs.netwrix.com/docs/auditor/10_7/accessreviews,docs/auditor/10.7/accessreviews/accessreviews.md,,,,,,
Email Templates,10.7,https://docs.netwrix.com/docs/auditor/10_7/accessreviews/admin/additionalconfig/emailtemplates,docs/auditor/10.7/accessreviews/admin/additionalconfig/emailtemplates.md,,,,,,
Additional Configuration Options,10.7,https://docs.netwrix.com/docs/auditor/10_7/accessreviews/admin/additionalconfig/overview,docs/auditor/10.7/accessreviews/admin/additionalconfig/overview.md,Covered by 10.8 — see docs/auditor/10.8/accessreviews/admin/additionalconfig/overview.md,,,,,
Timeout Parameter,10.7,https://docs.netwrix.com/docs/auditor/10_7/accessreviews/admin/additionalconfig/timeoutparameter,docs/auditor/10.7/accessreviews/admin/additionalconfig/timeoutparameter.md,,,,,,
Active Directory Page,10.7,https://docs.netwrix.com/docs/auditor/10_7/accessreviews/admin/configuration/activedirectory,docs/auditor/10.7/accessreviews/admin/configuration/activedirectory.md,,,,,,
Console Access Page,10.7,https://docs.netwrix.com/docs/auditor/10_7/accessreviews/admin/configuration/consoleaccess,docs/auditor/10.7/accessreviews/admin/configuration/consoleaccess.md,,,,,,
Database Page,10.7,https://docs.netwrix.com/docs/auditor/10_7/accessreviews/admin/configuration/database,docs/auditor/10.7/accessreviews/admin/configuration/database.md,,,,,,
Diagnostics Page,10.7,https://docs.netwrix.com/docs/auditor/10_7/accessreviews/admin/configuration/diagnostics,docs/auditor/10.7/accessreviews/admin/configuration/diagnostics.md,,,,,,
Notifications Page,10.7,https://docs.netwrix.com/docs/auditor/10_7/accessreviews/admin/configuration/notifications,docs/auditor/10.7/accessreviews/admin/configuration/notifications.md,,,,,,
Configuration Interface Overview,10.7,https://docs.netwrix.com/docs/auditor/10_7/accessreviews/admin/configuration/overview,docs/auditor/10.7/accessreviews/admin/configuration/overview.md,,,,,,
First Launch,10.7,https://docs.netwrix.com/docs/auditor/10_7/accessreviews/admin/firstlaunch,docs/auditor/10.7/accessreviews/admin/firstlaunch.md,,,,,,
URL & Login,10.7,https://docs.netwrix.com/docs/auditor/10_7/accessreviews/admin/login,docs/auditor/10.7/accessreviews/admin/login.md,,,,,,
Data Grid Features,10.7,https://docs.netwrix.com/docs/auditor/10_7/accessreviews/admin/navigate/datagrid,docs/auditor/10.7/accessreviews/admin/navigate/datagrid.md,Covered by 10.8 — see docs/auditor/10.8/accessreviews/admin/navigate/datagrid.md,,,,,
Edit Notes Window,10.7,https://docs.netwrix.com/docs/auditor/10_7/accessreviews/admin/navigate/editnotes,docs/auditor/10.7/accessreviews/admin/navigate/editnotes.md,Covered by 10.8 — see docs/auditor/10.8/accessreviews/admin/navigate/editnotes.md,,,,,
Navigation,10.7,https://docs.netwrix.com/docs/auditor/10_7/accessreviews/admin/navigate,docs/auditor/10.7/accessreviews/admin/navigate/navigate.md,,,,,,
Administrator Overview,10.7,https://docs.netwrix.com/docs/auditor/10_7/accessreviews/admin/overview,docs/auditor/10.7/accessreviews/admin/overview.md,Covered by 10.8 — see docs/auditor/10.8/accessreviews/admin/overview.md,,,,,
Update Credential Passwords,10.7,https://docs.netwrix.com/docs/auditor/10_7/accessreviews/admin/troubleshooting/credentialpasswords,docs/auditor/10.7/accessreviews/admin/troubleshooting/credentialpasswords.md,,,,,,
Change Log Level,10.7,https://docs.netwrix.com/docs/auditor/10_7/accessreviews/admin/troubleshooting/loglevel,docs/auditor/10.7/accessreviews/admin/troubleshooting/loglevel.md,,,,,,
Troubleshooting,10.7,https://docs.netwrix.com/docs/auditor/10_7/accessreviews/admin/troubleshooting/overview,docs/auditor/10.7/accessreviews/admin/troubleshooting/overview.md,Covered by 10.8 — see docs/auditor/10.8/accessreviews/admin/troubleshooting/overview.md,,,,,
Application Service Account,10.7,https://docs.netwrix.com/docs/auditor/10_7/accessreviews/admin/troubleshooting/serviceaccount,docs/auditor/10.7/accessreviews/admin/troubleshooting/serviceaccount.md,,,,,,
Approval Process,10.7,https://docs.netwrix.com/docs/auditor/10_7/accessreviews/entitlementreviews/approvalprocess,docs/auditor/10.7/accessreviews/entitlementreviews/approvalprocess/approvalprocess.md,,,,,,
Remove Changes Window,10.7,https://docs.netwrix.com/docs/auditor/10_7/accessreviews/entitlementreviews/approvalprocess/removechanges,docs/auditor/10.7/accessreviews/entitlementreviews/approvalprocess/removechanges.md,Covered by 10.8 — see docs/auditor/10.8/accessreviews/entitlementreviews/approvalprocess/removechanges.md,,,,,
Create Review Wizard,10.7,https://docs.netwrix.com/docs/auditor/10_7/accessreviews/entitlementreviews/create,docs/auditor/10.7/accessreviews/entitlementreviews/create/create.md,,,,,,
Review Instances,10.7,https://docs.netwrix.com/docs/auditor/10_7/accessreviews/entitlementreviews/create/reviewinstances,docs/auditor/10.7/accessreviews/entitlementreviews/create/reviewinstances.md,,,,,,
Delete Review Window,10.7,https://docs.netwrix.com/docs/auditor/10_7/accessreviews/entitlementreviews/interface/deletereview,docs/auditor/10.7/accessreviews/entitlementreviews/interface/deletereview.md,Covered by 10.8 — see docs/auditor/10.8/accessreviews/entitlementreviews/interface/deletereview.md,,,,,
Entitlement Reviews Interface,10.7,https://docs.netwrix.com/docs/auditor/10_7/accessreviews/entitlementreviews/interface,docs/auditor/10.7/accessreviews/entitlementreviews/interface/interface.md,,,,,,
Rename Review Window,10.7,https://docs.netwrix.com/docs/auditor/10_7/accessreviews/entitlementreviews/interface/renamereview,docs/auditor/10.7/accessreviews/entitlementreviews/interface/renamereview.md,Covered by 10.8 — see docs/auditor/10.8/accessreviews/entitlementreviews/interface/renamereview.md,,,,,
Selected Resources Window,10.7,https://docs.netwrix.com/docs/auditor/10_7/accessreviews/entitlementreviews/interface/selectedresources,docs/auditor/10.7/accessreviews/entitlementreviews/interface/selectedresources.md,Covered by 10.8 — see docs/auditor/10.8/accessreviews/entitlementreviews/interface/selectedresources.md,,,,,
Send Reminders Window,10.7,https://docs.netwrix.com/docs/auditor/10_7/accessreviews/entitlementreviews/interface/sendreminders,docs/auditor/10.7/accessreviews/entitlementreviews/interface/sendreminders.md,Covered by 10.8 — see docs/auditor/10.8/accessreviews/entitlementreviews/interface/sendreminders.md,,,,,
Stop Review Window,10.7,https://docs.netwrix.com/docs/auditor/10_7/accessreviews/entitlementreviews/interface/stopreview,docs/auditor/10.7/accessreviews/entitlementreviews/interface/stopreview.md,Covered by 10.8 — see docs/auditor/10.8/accessreviews/entitlementreviews/interface/stopreview.md,,,,,
View Responses Window,10.7,https://docs.netwrix.com/docs/auditor/10_7/accessreviews/entitlementreviews/interface/viewresponses,docs/auditor/10.7/accessreviews/entitlementreviews/interface/viewresponses.md,Covered by 10.8 — see docs/auditor/10.8/accessreviews/entitlementreviews/interface/viewresponses.md,,,,,
Reviews Overview,10.7,https://docs.netwrix.com/docs/auditor/10_7/accessreviews/entitlementreviews/overview,docs/auditor/10.7/accessreviews/entitlementreviews/overview.md,Covered by 10.8 — see docs/auditor/10.8/accessreviews/entitlementreviews/overview.md,,,,,
Select Data Sources,10.7,https://docs.netwrix.com/docs/auditor/10_7/accessreviews/installation/accessreviewsconfiguration,docs/auditor/10.7/accessreviews/installation/accessreviewsconfiguration.md,,,,,,
Install,10.7,https://docs.netwrix.com/docs/auditor/10_7/accessreviews/installation/install,docs/auditor/10.7/accessreviews/installation/install.md,,,,,,
Installation Overview,10.7,https://docs.netwrix.com/docs/auditor/10_7/accessreviews/installation/overview,docs/auditor/10.7/accessreviews/installation/overview.md,,,,,,
Secure Console Access,10.7,https://docs.netwrix.com/docs/auditor/10_7/accessreviews/installation/secure,docs/auditor/10.7/accessreviews/installation/secure.md,,,,,,
Upgrade Procedure,10.7,https://docs.netwrix.com/docs/auditor/10_7/accessreviews/installation/upgrade,docs/auditor/10.7/accessreviews/installation/upgrade.md,Covered by 10.8 — see docs/auditor/10.8/accessreviews/installation/upgrade.md,,,,,
Ownership Confirmation Request Email,10.7,https://docs.netwrix.com/docs/auditor/10_7/accessreviews/owneroverview/confirmationrequest,docs/auditor/10.7/accessreviews/owneroverview/confirmationrequest.md,,,,,,
Owners & Access Reviews,10.7,https://docs.netwrix.com/docs/auditor/10_7/accessreviews/owneroverview,docs/auditor/10.7/accessreviews/owneroverview/owneroverview.md,Covered by 10.8 — see docs/auditor/10.8/accessreviews/owneroverview/owneroverview.md,,,,,
Perform an Access Review,10.7,https://docs.netwrix.com/docs/auditor/10_7/accessreviews/owneroverview/pendingreviews/access,docs/auditor/10.7/accessreviews/owneroverview/pendingreviews/access.md,,,,,,
Group Membership Window,10.7,https://docs.netwrix.com/docs/auditor/10_7/accessreviews/owneroverview/pendingreviews/groupmembership,docs/auditor/10.7/accessreviews/owneroverview/pendingreviews/groupmembership.md,Covered by 10.8 — see docs/auditor/10.8/accessreviews/owneroverview/pendingreviews/groupmembership.md,,,,,
Perform a Membership Review,10.7,https://docs.netwrix.com/docs/auditor/10_7/accessreviews/owneroverview/pendingreviews/membership,docs/auditor/10.7/accessreviews/owneroverview/pendingreviews/membership.md,,,,,,
Pending Reviews,10.7,https://docs.netwrix.com/docs/auditor/10_7/accessreviews/owneroverview/pendingreviews,docs/auditor/10.7/accessreviews/owneroverview/pendingreviews/pendingreviews.md,,,,,,
Review History Page,10.7,https://docs.netwrix.com/docs/auditor/10_7/accessreviews/owneroverview/reviewhistory,docs/auditor/10.7/accessreviews/owneroverview/reviewhistory.md,,,,,,
Confirm Ownership Wizard,10.7,https://docs.netwrix.com/docs/auditor/10_7/accessreviews/resourceowners/confirmation/confirm,docs/auditor/10.7/accessreviews/resourceowners/confirmation/confirm.md,,,,,,
Ownership Confirmation,10.7,https://docs.netwrix.com/docs/auditor/10_7/accessreviews/resourceowners/confirmation,docs/auditor/10.7/accessreviews/resourceowners/confirmation/confirmation.md,,,,,,
Add New Resource Wizard,10.7,https://docs.netwrix.com/docs/auditor/10_7/accessreviews/resourceowners/interface/add,docs/auditor/10.7/accessreviews/resourceowners/interface/add.md,,,,,,
Add Owner Window,10.7,https://docs.netwrix.com/docs/auditor/10_7/accessreviews/resourceowners/interface/addowner,docs/auditor/10.7/accessreviews/resourceowners/interface/addowner.md,,,,,,
Confirm Removal Window,10.7,https://docs.netwrix.com/docs/auditor/10_7/accessreviews/resourceowners/interface/confirmremoval,docs/auditor/10.7/accessreviews/resourceowners/interface/confirmremoval.md,Covered by 10.8 — see docs/auditor/10.8/accessreviews/resourceowners/interface/confirmremoval.md,,,,,
Resource Owners Interface,10.7,https://docs.netwrix.com/docs/auditor/10_7/accessreviews/resourceowners/interface,docs/auditor/10.7/accessreviews/resourceowners/interface/interface.md,,,,,,
Update Resource Wizard,10.7,https://docs.netwrix.com/docs/auditor/10_7/accessreviews/resourceowners/interface/update,docs/auditor/10.7/accessreviews/resourceowners/interface/update.md,,,,,,
Resource Owners Overview,10.7,https://docs.netwrix.com/docs/auditor/10_7/accessreviews/resourceowners/overview,docs/auditor/10.7/accessreviews/resourceowners/overview.md,Covered by 10.8 — see docs/auditor/10.8/accessreviews/resourceowners/overview.md,,,,,
Planning and Preparation,10.7,https://docs.netwrix.com/docs/auditor/10_7/accountlockoutexaminer/configure,docs/auditor/10.7/accountlockoutexaminer/configure.md,Covered by 10.8 — see docs/auditor/10.8/accountlockoutexaminer/configure.md,,,,,
Account Lockout Examiner,10.7,https://docs.netwrix.com/docs/auditor/10_7/accountlockoutexaminer/overview,docs/auditor/10.7/accountlockoutexaminer/overview.md,Covered by 10.8 — see docs/auditor/10.8/accountlockoutexaminer/overview.md,,,,,
Examining Lockouts,10.7,https://docs.netwrix.com/docs/auditor/10_7/accountlockoutexaminer/usage,docs/auditor/10.7/accountlockoutexaminer/usage.md,,,,,,
Automate Add-On Execution,10.7,https://docs.netwrix.com/docs/auditor/10_7/addon/alienvaultusm/automate,docs/auditor/10.7/addon/alienvaultusm/automate.md,,,,,,
Work with Collected Data,10.7,https://docs.netwrix.com/docs/auditor/10_7/addon/alienvaultusm/collecteddata,docs/auditor/10.7/addon/alienvaultusm/collecteddata.md,,,,,,
Choose Appropriate Execution Scenario,10.7,https://docs.netwrix.com/docs/auditor/10_7/addon/alienvaultusm/deployment,docs/auditor/10.7/addon/alienvaultusm/deployment.md,Covered by 10.8 — see docs/auditor/10.8/addon/alienvaultusm/deployment.md,,,,,
Integration Event Log Fields,10.7,https://docs.netwrix.com/docs/auditor/10_7/addon/alienvaultusm/integrationeventlog,docs/auditor/10.7/addon/alienvaultusm/integrationeventlog.md,,,,,,
AlienVault USM,10.7,https://docs.netwrix.com/docs/auditor/10_7/addon/alienvaultusm/overview,docs/auditor/10.7/addon/alienvaultusm/overview.md,Covered by 10.8 — see docs/auditor/10.8/addon/alienvaultusm/overview.md,,,,,
Define Parameters,10.7,https://docs.netwrix.com/docs/auditor/10_7/addon/alienvaultusm/parameters,docs/auditor/10.7/addon/alienvaultusm/parameters.md,Covered by 10.8 — see docs/auditor/10.8/addon/alienvaultusm/parameters.md,,,,,
Run the Add-On with PowerShell,10.7,https://docs.netwrix.com/docs/auditor/10_7/addon/alienvaultusm/powershell,docs/auditor/10.7/addon/alienvaultusm/powershell.md,Covered by 10.8 — see docs/auditor/10.8/addon/alienvaultusm/powershell.md,,,,,
Automate Add-On Execution,10.7,https://docs.netwrix.com/docs/auditor/10_7/addon/amazonwebservices/automate,docs/auditor/10.7/addon/amazonwebservices/automate.md,,,,,,
Work with Collected Data,10.7,https://docs.netwrix.com/docs/auditor/10_7/addon/amazonwebservices/collecteddata,docs/auditor/10.7/addon/amazonwebservices/collecteddata.md,,,,,,
Choose Appropriate Execution Scenario,10.7,https://docs.netwrix.com/docs/auditor/10_7/addon/amazonwebservices/deployment,docs/auditor/10.7/addon/amazonwebservices/deployment.md,Covered by 10.8 — see docs/auditor/10.8/addon/amazonwebservices/deployment.md,,,,,
Amazon Web Services,10.7,https://docs.netwrix.com/docs/auditor/10_7/addon/amazonwebservices/overview,docs/auditor/10.7/addon/amazonwebservices/overview.md,Covered by 10.8 — see docs/auditor/10.8/addon/amazonwebservices/overview.md,,,,,
Define Parameters,10.7,https://docs.netwrix.com/docs/auditor/10_7/addon/amazonwebservices/parameters,docs/auditor/10.7/addon/amazonwebservices/parameters.md,,,,,,
Run the Add-On with PowerShell,10.7,https://docs.netwrix.com/docs/auditor/10_7/addon/amazonwebservices/powershell,docs/auditor/10.7/addon/amazonwebservices/powershell.md,Covered by 10.8 — see docs/auditor/10.8/addon/amazonwebservices/powershell.md,,,,,
Automate Add-On Execution,10.7,https://docs.netwrix.com/docs/auditor/10_7/addon/arcsight/automate,docs/auditor/10.7/addon/arcsight/automate.md,Covered by 10.8 — see docs/auditor/10.8/addon/arcsight/automate.md,,,,,
Work with Collected Data,10.7,https://docs.netwrix.com/docs/auditor/10_7/addon/arcsight/collecteddata,docs/auditor/10.7/addon/arcsight/collecteddata.md,,,,,,
Choose Appropriate Execution Scenario,10.7,https://docs.netwrix.com/docs/auditor/10_7/addon/arcsight/deployment,docs/auditor/10.7/addon/arcsight/deployment.md,Covered by 10.8 — see docs/auditor/10.8/addon/arcsight/deployment.md,,,,,
ArcSight,10.7,https://docs.netwrix.com/docs/auditor/10_7/addon/arcsight/overview,docs/auditor/10.7/addon/arcsight/overview.md,,,,,,
Define Parameters,10.7,https://docs.netwrix.com/docs/auditor/10_7/addon/arcsight/parameters,docs/auditor/10.7/addon/arcsight/parameters.md,Covered by 10.8 — see docs/auditor/10.8/addon/arcsight/parameters.md,,,,,
Run the Add-On with PowerShell,10.7,https://docs.netwrix.com/docs/auditor/10_7/addon/arcsight/powershell,docs/auditor/10.7/addon/arcsight/powershell.md,Covered by 10.8 — see docs/auditor/10.8/addon/arcsight/powershell.md,,,,,
Work with Collected Data,10.7,https://docs.netwrix.com/docs/auditor/10_7/addon/azurefiles/collecteddata,docs/auditor/10.7/addon/azurefiles/collecteddata.md,,,,,,
Deployment Procedure,10.7,https://docs.netwrix.com/docs/auditor/10_7/addon/azurefiles/deployment,docs/auditor/10.7/addon/azurefiles/deployment.md,,,,,,
Azure Files,10.7,https://docs.netwrix.com/docs/auditor/10_7/addon/azurefiles/overview,docs/auditor/10.7/addon/azurefiles/overview.md,,,,,,
Configure ConnectWise,10.7,https://docs.netwrix.com/docs/auditor/10_7/addon/connectwise/configure,docs/auditor/10.7/addon/connectwise/configure.md,,,,,,
Connection and Ticketing Settings,10.7,https://docs.netwrix.com/docs/auditor/10_7/addon/connectwise/connectionticketingsettings,docs/auditor/10.7/addon/connectwise/connectionticketingsettings.md,,,,,,
Deploy the Add-On,10.7,https://docs.netwrix.com/docs/auditor/10_7/addon/connectwise/deployment,docs/auditor/10.7/addon/connectwise/deployment.md,,,,,,
MSP Usage Example,10.7,https://docs.netwrix.com/docs/auditor/10_7/addon/connectwise/msp,docs/auditor/10.7/addon/connectwise/msp.md,,,,,,
Operational Settings,10.7,https://docs.netwrix.com/docs/auditor/10_7/addon/connectwise/operationalsettings,docs/auditor/10.7/addon/connectwise/operationalsettings.md,,,,,,
ConnectWise Manage,10.7,https://docs.netwrix.com/docs/auditor/10_7/addon/connectwise/overview,docs/auditor/10.7/addon/connectwise/overview.md,,,,,,
Work with Collected Data,10.7,https://docs.netwrix.com/docs/auditor/10_7/addon/copilot/collecteddata,docs/auditor/10.7/addon/copilot/collecteddata.md,Covered by 10.8 — see docs/auditor/10.8/addon/copilot/collecteddata.md,,,,,
Deployment Procedure,10.7,https://docs.netwrix.com/docs/auditor/10_7/addon/copilot/deployment,docs/auditor/10.7/addon/copilot/deployment.md,,,,,,
Copilot,10.7,https://docs.netwrix.com/docs/auditor/10_7/addon/copilot/overview,docs/auditor/10.7/addon/copilot/overview.md,,,,,,
Work with Collected Data,10.7,https://docs.netwrix.com/docs/auditor/10_7/addon/ctera/collecteddata,docs/auditor/10.7/addon/ctera/collecteddata.md,,,,,,
Install Add-On,10.7,https://docs.netwrix.com/docs/auditor/10_7/addon/ctera/install,docs/auditor/10.7/addon/ctera/install.md,Covered by 10.8 — see docs/auditor/10.8/addon/ctera/install.md,,,,,
Ctera,10.7,https://docs.netwrix.com/docs/auditor/10_7/addon/ctera/overview,docs/auditor/10.7/addon/ctera/overview.md,Covered by 10.8 — see docs/auditor/10.8/addon/ctera/overview.md,,,,,
Define Parameters,10.7,https://docs.netwrix.com/docs/auditor/10_7/addon/ctera/parameters,docs/auditor/10.7/addon/ctera/parameters.md,,,,,,
Work with Collected Data,10.7,https://docs.netwrix.com/docs/auditor/10_7/addon/cyberark/collecteddata,docs/auditor/10.7/addon/cyberark/collecteddata.md,,,,,,
Deploy the Add-On,10.7,https://docs.netwrix.com/docs/auditor/10_7/addon/cyberark/deployment,docs/auditor/10.7/addon/cyberark/deployment.md,,,,,,
Monitored Events,10.7,https://docs.netwrix.com/docs/auditor/10_7/addon/cyberark/monitoredevents,docs/auditor/10.7/addon/cyberark/monitoredevents.md,Covered by 10.8 — see docs/auditor/10.8/addon/cyberark/monitoredevents.md,,,,,
CyberArk Privileged Access Security,10.7,https://docs.netwrix.com/docs/auditor/10_7/addon/cyberark/overview,docs/auditor/10.7/addon/cyberark/overview.md,,,,,,
Add-On Parameters,10.7,https://docs.netwrix.com/docs/auditor/10_7/addon/cyberark/parameters,docs/auditor/10.7/addon/cyberark/parameters.md,Covered by 10.8 — see docs/auditor/10.8/addon/cyberark/parameters.md,,,,,
Maintenance and Troubleshooting,10.7,https://docs.netwrix.com/docs/auditor/10_7/addon/cyberark/troubleshooting,docs/auditor/10.7/addon/cyberark/troubleshooting.md,Covered by 10.8 — see docs/auditor/10.8/addon/cyberark/troubleshooting.md,,,,,
Work with Collected Data,10.7,https://docs.netwrix.com/docs/auditor/10_7/addon/hyperv/collecteddata,docs/auditor/10.7/addon/hyperv/collecteddata.md,Covered by 10.8 — see docs/auditor/10.8/addon/hyperv/collecteddata.md,,,,,
Deployment Scenarios,10.7,https://docs.netwrix.com/docs/auditor/10_7/addon/hyperv/deployment,docs/auditor/10.7/addon/hyperv/deployment.md,,,,,,
Deploy the Add-On,10.7,https://docs.netwrix.com/docs/auditor/10_7/addon/hyperv/install,docs/auditor/10.7/addon/hyperv/install.md,,,,,,
Monitoring Scope,10.7,https://docs.netwrix.com/docs/auditor/10_7/addon/hyperv/monitoredevents,docs/auditor/10.7/addon/hyperv/monitoredevents.md,Covered by 10.8 — see docs/auditor/10.8/addon/hyperv/monitoredevents.md,,,,,
Hyper-V SCVMM,10.7,https://docs.netwrix.com/docs/auditor/10_7/addon/hyperv/overview,docs/auditor/10.7/addon/hyperv/overview.md,,,,,,
Add-On Parameters,10.7,https://docs.netwrix.com/docs/auditor/10_7/addon/hyperv/parameters,docs/auditor/10.7/addon/hyperv/parameters.md,Covered by 10.8 — see docs/auditor/10.8/addon/hyperv/parameters.md,,,,,
Maintenance and Troubleshooting,10.7,https://docs.netwrix.com/docs/auditor/10_7/addon/hyperv/troubleshooting,docs/auditor/10.7/addon/hyperv/troubleshooting.md,Covered by 10.8 — see docs/auditor/10.8/addon/hyperv/troubleshooting.md,,,,,
Automate Add-On Execution,10.7,https://docs.netwrix.com/docs/auditor/10_7/addon/ibmqradar/automate,docs/auditor/10.7/addon/ibmqradar/automate.md,,,,,,
Work with Collected Data,10.7,https://docs.netwrix.com/docs/auditor/10_7/addon/ibmqradar/collecteddata,docs/auditor/10.7/addon/ibmqradar/collecteddata.md,,,,,,
Choose Appropriate Execution Scenario,10.7,https://docs.netwrix.com/docs/auditor/10_7/addon/ibmqradar/deployment,docs/auditor/10.7/addon/ibmqradar/deployment.md,Covered by 10.8 — see docs/auditor/10.8/addon/ibmqradar/deployment.md,,,,,
Integration Event Log Fields,10.7,https://docs.netwrix.com/docs/auditor/10_7/addon/ibmqradar/integrationeventlog,docs/auditor/10.7/addon/ibmqradar/integrationeventlog.md,,,,,,
IBM QRadar,10.7,https://docs.netwrix.com/docs/auditor/10_7/addon/ibmqradar/overview,docs/auditor/10.7/addon/ibmqradar/overview.md,Covered by 10.8 — see docs/auditor/10.8/addon/ibmqradar/overview.md,,,,,
Define Parameters,10.7,https://docs.netwrix.com/docs/auditor/10_7/addon/ibmqradar/parameters,docs/auditor/10.7/addon/ibmqradar/parameters.md,Covered by 10.8 — see docs/auditor/10.8/addon/ibmqradar/parameters.md,,,,,
Run the Add-On with PowerShell,10.7,https://docs.netwrix.com/docs/auditor/10_7/addon/ibmqradar/powershell,docs/auditor/10.7/addon/ibmqradar/powershell.md,Covered by 10.8 — see docs/auditor/10.8/addon/ibmqradar/powershell.md,,,,,
Automate Add-On Execution,10.7,https://docs.netwrix.com/docs/auditor/10_7/addon/intelsecurity/automate,docs/auditor/10.7/addon/intelsecurity/automate.md,,,,,,
Work with Collected Data,10.7,https://docs.netwrix.com/docs/auditor/10_7/addon/intelsecurity/collecteddata,docs/auditor/10.7/addon/intelsecurity/collecteddata.md,,,,,,
Choose Appropriate Execution Scenario,10.7,https://docs.netwrix.com/docs/auditor/10_7/addon/intelsecurity/deployment,docs/auditor/10.7/addon/intelsecurity/deployment.md,Covered by 10.8 — see docs/auditor/10.8/addon/intelsecurity/deployment.md,,,,,
Integration Event Log Fields,10.7,https://docs.netwrix.com/docs/auditor/10_7/addon/intelsecurity/integrationeventlog,docs/auditor/10.7/addon/intelsecurity/integrationeventlog.md,,,,,,
Intel Security,10.7,https://docs.netwrix.com/docs/auditor/10_7/addon/intelsecurity/overview,docs/auditor/10.7/addon/intelsecurity/overview.md,Covered by 10.8 — see docs/auditor/10.8/addon/intelsecurity/overview.md,,,,,
Define Parameters,10.7,https://docs.netwrix.com/docs/auditor/10_7/addon/intelsecurity/parameters,docs/auditor/10.7/addon/intelsecurity/parameters.md,Covered by 10.8 — see docs/auditor/10.8/addon/intelsecurity/parameters.md,,,,,
Run the Add-On with PowerShell,10.7,https://docs.netwrix.com/docs/auditor/10_7/addon/intelsecurity/powershell,docs/auditor/10.7/addon/intelsecurity/powershell.md,Covered by 10.8 — see docs/auditor/10.8/addon/intelsecurity/powershell.md,,,,,
Work with Collected Data,10.7,https://docs.netwrix.com/docs/auditor/10_7/addon/linux/collecteddata,docs/auditor/10.7/addon/linux/collecteddata.md,Covered by 10.8 — see docs/auditor/10.8/addon/linux/collecteddata.md,,,,,
Install Add-On,10.7,https://docs.netwrix.com/docs/auditor/10_7/addon/linux/install,docs/auditor/10.7/addon/linux/install.md,Covered by 10.8 — see docs/auditor/10.8/addon/linux/install.md,,,,,
Linux Generic Syslog,10.7,https://docs.netwrix.com/docs/auditor/10_7/addon/linux/overview,docs/auditor/10.7/addon/linux/overview.md,,,,,,
Define Parameters,10.7,https://docs.netwrix.com/docs/auditor/10_7/addon/linux/parameters,docs/auditor/10.7/addon/linux/parameters.md,,,,,,
Automate Add-On Execution,10.7,https://docs.netwrix.com/docs/auditor/10_7/addon/logrhythm/automate,docs/auditor/10.7/addon/logrhythm/automate.md,,,,,,
Work with Collected Data,10.7,https://docs.netwrix.com/docs/auditor/10_7/addon/logrhythm/collecteddata,docs/auditor/10.7/addon/logrhythm/collecteddata.md,,,,,,
Choose Appropriate Execution Scenario,10.7,https://docs.netwrix.com/docs/auditor/10_7/addon/logrhythm/deployment,docs/auditor/10.7/addon/logrhythm/deployment.md,,,,,,
Integration Event Log Fields,10.7,https://docs.netwrix.com/docs/auditor/10_7/addon/logrhythm/integrationeventlog,docs/auditor/10.7/addon/logrhythm/integrationeventlog.md,,,,,,
LogRhythm,10.7,https://docs.netwrix.com/docs/auditor/10_7/addon/logrhythm/overview,docs/auditor/10.7/addon/logrhythm/overview.md,Covered by 10.8 — see docs/auditor/10.8/addon/logrhythm/overview.md,,,,,
Define Parameters,10.7,https://docs.netwrix.com/docs/auditor/10_7/addon/logrhythm/parameters,docs/auditor/10.7/addon/logrhythm/parameters.md,Covered by 10.8 — see docs/auditor/10.8/addon/logrhythm/parameters.md,,,,,
Run the Add-On with PowerShell,10.7,https://docs.netwrix.com/docs/auditor/10_7/addon/logrhythm/powershell,docs/auditor/10.7/addon/logrhythm/powershell.md,Covered by 10.8 — see docs/auditor/10.8/addon/logrhythm/powershell.md,,,,,
Work with Collected Data,10.7,https://docs.netwrix.com/docs/auditor/10_7/addon/nasuni/collecteddata,docs/auditor/10.7/addon/nasuni/collecteddata.md,,,,,,
Install Add-On,10.7,https://docs.netwrix.com/docs/auditor/10_7/addon/nasuni/install,docs/auditor/10.7/addon/nasuni/install.md,Covered by 10.8 — see docs/auditor/10.8/addon/nasuni/install.md,,,,,
Nasuni,10.7,https://docs.netwrix.com/docs/auditor/10_7/addon/nasuni/overview,docs/auditor/10.7/addon/nasuni/overview.md,Covered by 10.8 — see docs/auditor/10.8/addon/nasuni/overview.md,,,,,
Define Parameters,10.7,https://docs.netwrix.com/docs/auditor/10_7/addon/nasuni/parameters,docs/auditor/10.7/addon/nasuni/parameters.md,,,,,,
Work with Collected Data,10.7,https://docs.netwrix.com/docs/auditor/10_7/addon/nutanixahv/collecteddata,docs/auditor/10.7/addon/nutanixahv/collecteddata.md,,,,,,
Deployment Scenarios,10.7,https://docs.netwrix.com/docs/auditor/10_7/addon/nutanixahv/deployment,docs/auditor/10.7/addon/nutanixahv/deployment.md,Covered by 10.8 — see docs/auditor/10.8/addon/nutanixahv/deployment.md,,,,,
Deploy the Add-On,10.7,https://docs.netwrix.com/docs/auditor/10_7/addon/nutanixahv/install,docs/auditor/10.7/addon/nutanixahv/install.md,,,,,,
Monitoring Scope,10.7,https://docs.netwrix.com/docs/auditor/10_7/addon/nutanixahv/monitoredevents,docs/auditor/10.7/addon/nutanixahv/monitoredevents.md,Covered by 10.8 — see docs/auditor/10.8/addon/nutanixahv/monitoredevents.md,,,,,
Nutanix AHV,10.7,https://docs.netwrix.com/docs/auditor/10_7/addon/nutanixahv/overview,docs/auditor/10.7/addon/nutanixahv/overview.md,,,,,,
Maintenance and Troubleshooting,10.7,https://docs.netwrix.com/docs/auditor/10_7/addon/nutanixahv/troubleshooting,docs/auditor/10.7/addon/nutanixahv/troubleshooting.md,Covered by 10.8 — see docs/auditor/10.8/addon/nutanixahv/troubleshooting.md,,,,,
Work with Collected Data,10.7,https://docs.netwrix.com/docs/auditor/10_7/addon/okta/collecteddata,docs/auditor/10.7/addon/okta/collecteddata.md,,,,,,
Deploy the Add-On,10.7,https://docs.netwrix.com/docs/auditor/10_7/addon/okta/deployment,docs/auditor/10.7/addon/okta/deployment.md,,,,,,
Okta,10.7,https://docs.netwrix.com/docs/auditor/10_7/addon/okta/overview,docs/auditor/10.7/addon/okta/overview.md,Covered by 10.8 — see docs/auditor/10.8/addon/okta/overview.md,,,,,
Add-Ons,10.7,https://docs.netwrix.com/docs/auditor/10_7/addon/overview,docs/auditor/10.7/addon/overview.md,,,,,,
Work with Collected Data,10.7,https://docs.netwrix.com/docs/auditor/10_7/addon/privilegeduserlinux/collecteddata,docs/auditor/10.7/addon/privilegeduserlinux/collecteddata.md,Covered by 10.8 — see docs/auditor/10.8/addon/privilegeduserlinux/collecteddata.md,,,,,
Install the Add-On,10.7,https://docs.netwrix.com/docs/auditor/10_7/addon/privilegeduserlinux/install,docs/auditor/10.7/addon/privilegeduserlinux/install.md,Covered by 10.8 — see docs/auditor/10.8/addon/privilegeduserlinux/install.md,,,,,
Privileged User Monitoring on Linux and Unix Systems,10.7,https://docs.netwrix.com/docs/auditor/10_7/addon/privilegeduserlinux/overview,docs/auditor/10.7/addon/privilegeduserlinux/overview.md,,,,,,
Define Parameters,10.7,https://docs.netwrix.com/docs/auditor/10_7/addon/privilegeduserlinux/parameters,docs/auditor/10.7/addon/privilegeduserlinux/parameters.md,,,,,,
Working with Collected Data,10.7,https://docs.netwrix.com/docs/auditor/10_7/addon/qumulo/collecteddata,docs/auditor/10.7/addon/qumulo/collecteddata.md,,,,,,
Deployment Scenarios,10.7,https://docs.netwrix.com/docs/auditor/10_7/addon/qumulo/deployment,docs/auditor/10.7/addon/qumulo/deployment.md,Covered by 10.8 — see docs/auditor/10.8/addon/qumulo/deployment.md,,,,,
Monitoring Scope,10.7,https://docs.netwrix.com/docs/auditor/10_7/addon/qumulo/monitoringscope,docs/auditor/10.7/addon/qumulo/monitoringscope.md,Covered by 10.8 — see docs/auditor/10.8/addon/qumulo/monitoringscope.md,,,,,
Qumulo,10.7,https://docs.netwrix.com/docs/auditor/10_7/addon/qumulo/overview,docs/auditor/10.7/addon/qumulo/overview.md,,,,,,
Add-On Parameters,10.7,https://docs.netwrix.com/docs/auditor/10_7/addon/qumulo/parameters,docs/auditor/10.7/addon/qumulo/parameters.md,Covered by 10.8 — see docs/auditor/10.8/addon/qumulo/parameters.md,,,,,
Maintenance and Troubleshooting,10.7,https://docs.netwrix.com/docs/auditor/10_7/addon/qumulo/troubleshooting,docs/auditor/10.7/addon/qumulo/troubleshooting.md,Covered by 10.8 — see docs/auditor/10.8/addon/qumulo/troubleshooting.md,,,,,
Automate Add-On Execution,10.7,https://docs.netwrix.com/docs/auditor/10_7/addon/radius/automate,docs/auditor/10.7/addon/radius/automate.md,Covered by 10.8 — see docs/auditor/10.8/addon/radius/automate.md,,,,,
Work with Collected Data,10.7,https://docs.netwrix.com/docs/auditor/10_7/addon/radius/collecteddata,docs/auditor/10.7/addon/radius/collecteddata.md,,,,,,
Create Custom Report,10.7,https://docs.netwrix.com/docs/auditor/10_7/addon/radius/customreport,docs/auditor/10.7/addon/radius/customreport.md,,,,,,
Choose Appropriate Execution Scenario,10.7,https://docs.netwrix.com/docs/auditor/10_7/addon/radius/deployment,docs/auditor/10.7/addon/radius/deployment.md,,,,,,
RADIUS Server,10.7,https://docs.netwrix.com/docs/auditor/10_7/addon/radius/overview,docs/auditor/10.7/addon/radius/overview.md,Covered by 10.8 — see docs/auditor/10.8/addon/radius/overview.md,,,,,
Define Parameters,10.7,https://docs.netwrix.com/docs/auditor/10_7/addon/radius/parameters,docs/auditor/10.7/addon/radius/parameters.md,Covered by 10.8 — see docs/auditor/10.8/addon/radius/parameters.md,,,,,
Run the Add-On with PowerShell,10.7,https://docs.netwrix.com/docs/auditor/10_7/addon/radius/powershell,docs/auditor/10.7/addon/radius/powershell.md,Covered by 10.8 — see docs/auditor/10.8/addon/radius/powershell.md,,,,,
Troubleshoot Issues,10.7,https://docs.netwrix.com/docs/auditor/10_7/addon/radius/troubleshooting,docs/auditor/10.7/addon/radius/troubleshooting.md,Covered by 10.8 — see docs/auditor/10.8/addon/radius/troubleshooting.md,,,,,
Integrate Alerts with Add-On,10.7,https://docs.netwrix.com/docs/auditor/10_7/addon/servicenow/alerts,docs/auditor/10.7/addon/servicenow/alerts.md,,,,,,
Deploy the Service,10.7,https://docs.netwrix.com/docs/auditor/10_7/addon/servicenow/deployment,docs/auditor/10.7/addon/servicenow/deployment.md,Covered by 10.8 — see docs/auditor/10.8/addon/servicenow/deployment.md,,,,,
Install Add-On,10.7,https://docs.netwrix.com/docs/auditor/10_7/addon/servicenow/install,docs/auditor/10.7/addon/servicenow/install.md,,,,,,
ServiceNow Incident Management,10.7,https://docs.netwrix.com/docs/auditor/10_7/addon/servicenow/overview,docs/auditor/10.7/addon/servicenow/overview.md,Covered by 10.8 — see docs/auditor/10.8/addon/servicenow/overview.md,,,,,
Define Parameters,10.7,https://docs.netwrix.com/docs/auditor/10_7/addon/servicenow/parameters,docs/auditor/10.7/addon/servicenow/parameters.md,Covered by 10.8 — see docs/auditor/10.8/addon/servicenow/parameters.md,,,,,
Export Activity Records,10.7,https://docs.netwrix.com/docs/auditor/10_7/addon/siem/activityrecords,docs/auditor/10.7/addon/siem/activityrecords.md,,,,,,
Work with Collected Data,10.7,https://docs.netwrix.com/docs/auditor/10_7/addon/siem/collecteddata,docs/auditor/10.7/addon/siem/collecteddata.md,,,,,,
Configuration,10.7,https://docs.netwrix.com/docs/auditor/10_7/addon/siem/configure,docs/auditor/10.7/addon/siem/configure.md,Covered by 10.8 — see docs/auditor/10.8/addon/siem/configure.md,,,,,
Choose Appropriate Execution Scenario,10.7,https://docs.netwrix.com/docs/auditor/10_7/addon/siem/deployment,docs/auditor/10.7/addon/siem/deployment.md,Covered by 10.8 — see docs/auditor/10.8/addon/siem/deployment.md,,,,,
Integration Event Log Fields,10.7,https://docs.netwrix.com/docs/auditor/10_7/addon/siem/integrationeventlog,docs/auditor/10.7/addon/siem/integrationeventlog.md,,,,,,
SIEM,10.7,https://docs.netwrix.com/docs/auditor/10_7/addon/siem/overview,docs/auditor/10.7/addon/siem/overview.md,,,,,,
Automate Add-On Execution,10.7,https://docs.netwrix.com/docs/auditor/10_7/addon/siemcefexport/automate,docs/auditor/10.7/addon/siemcefexport/automate.md,,,,,,
Work with Collected Data,10.7,https://docs.netwrix.com/docs/auditor/10_7/addon/siemcefexport/collecteddata,docs/auditor/10.7/addon/siemcefexport/collecteddata.md,Covered by 10.8 — see docs/auditor/10.8/addon/siemcefexport/collecteddata.md,,,,,
deployment,10.7,https://docs.netwrix.com/docs/auditor/10_7/addon/siemcefexport/deployment,docs/auditor/10.7/addon/siemcefexport/deployment.md,Covered by 10.8 — see docs/auditor/10.8/addon/siemcefexport/deployment.md,,,,,
SIEM Generic Integration for CEF Export,10.7,https://docs.netwrix.com/docs/auditor/10_7/addon/siemcefexport/overview,docs/auditor/10.7/addon/siemcefexport/overview.md,Covered by 10.8 — see docs/auditor/10.8/addon/siemcefexport/overview.md,,,,,
Define Parameters,10.7,https://docs.netwrix.com/docs/auditor/10_7/addon/siemcefexport/parameters,docs/auditor/10.7/addon/siemcefexport/parameters.md,Covered by 10.8 — see docs/auditor/10.8/addon/siemcefexport/parameters.md,,,,,
Run the Add-On with PowerShell,10.7,https://docs.netwrix.com/docs/auditor/10_7/addon/siemcefexport/powershell,docs/auditor/10.7/addon/siemcefexport/powershell.md,Covered by 10.8 — see docs/auditor/10.8/addon/siemcefexport/powershell.md,,,,,
Automate Add-On Execution,10.7,https://docs.netwrix.com/docs/auditor/10_7/addon/siemeventlogexport/automate,docs/auditor/10.7/addon/siemeventlogexport/automate.md,,,,,,
Work with Collected Data,10.7,https://docs.netwrix.com/docs/auditor/10_7/addon/siemeventlogexport/collecteddata,docs/auditor/10.7/addon/siemeventlogexport/collecteddata.md,Covered by 10.8 — see docs/auditor/10.8/addon/siemeventlogexport/collecteddata.md,,,,,
Choose Appropriate Execution Scenario,10.7,https://docs.netwrix.com/docs/auditor/10_7/addon/siemeventlogexport/deployment,docs/auditor/10.7/addon/siemeventlogexport/deployment.md,Covered by 10.8 — see docs/auditor/10.8/addon/siemeventlogexport/deployment.md,,,,,
SIEM Generic Integration for Event Log Export,10.7,https://docs.netwrix.com/docs/auditor/10_7/addon/siemeventlogexport/overview,docs/auditor/10.7/addon/siemeventlogexport/overview.md,Covered by 10.8 — see docs/auditor/10.8/addon/siemeventlogexport/overview.md,,,,,
Define Parameters,10.7,https://docs.netwrix.com/docs/auditor/10_7/addon/siemeventlogexport/parameters,docs/auditor/10.7/addon/siemeventlogexport/parameters.md,Covered by 10.8 — see docs/auditor/10.8/addon/siemeventlogexport/parameters.md,,,,,
Run the Add-On with PowerShell,10.7,https://docs.netwrix.com/docs/auditor/10_7/addon/siemeventlogexport/powershell,docs/auditor/10.7/addon/siemeventlogexport/powershell.md,Covered by 10.8 — see docs/auditor/10.8/addon/siemeventlogexport/powershell.md,,,,,
Automate Add-On Execution,10.7,https://docs.netwrix.com/docs/auditor/10_7/addon/solarwinds/automate,docs/auditor/10.7/addon/solarwinds/automate.md,,,,,,
Work with Collected Data,10.7,https://docs.netwrix.com/docs/auditor/10_7/addon/solarwinds/collecteddata,docs/auditor/10.7/addon/solarwinds/collecteddata.md,,,,,,
Choose Appropriate Execution Scenario,10.7,https://docs.netwrix.com/docs/auditor/10_7/addon/solarwinds/deployment,docs/auditor/10.7/addon/solarwinds/deployment.md,Covered by 10.8 — see docs/auditor/10.8/addon/solarwinds/deployment.md,,,,,
Integration Event Log Fields,10.7,https://docs.netwrix.com/docs/auditor/10_7/addon/solarwinds/integrationeventlog,docs/auditor/10.7/addon/solarwinds/integrationeventlog.md,,,,,,
Solarwinds Log and Event Manager,10.7,https://docs.netwrix.com/docs/auditor/10_7/addon/solarwinds/overview,docs/auditor/10.7/addon/solarwinds/overview.md,Covered by 10.8 — see docs/auditor/10.8/addon/solarwinds/overview.md,,,,,
Define Parameters,10.7,https://docs.netwrix.com/docs/auditor/10_7/addon/solarwinds/parameters,docs/auditor/10.7/addon/solarwinds/parameters.md,Covered by 10.8 — see docs/auditor/10.8/addon/solarwinds/parameters.md,,,,,
Run the Add-On with PowerShell,10.7,https://docs.netwrix.com/docs/auditor/10_7/addon/solarwinds/powershell,docs/auditor/10.7/addon/solarwinds/powershell.md,Covered by 10.8 — see docs/auditor/10.8/addon/solarwinds/powershell.md,,,,,
Work with Collected Data,10.7,https://docs.netwrix.com/docs/auditor/10_7/addon/splunk/collecteddata,docs/auditor/10.7/addon/splunk/collecteddata.md,,,,,,
CIM Data Model Mapping,10.7,https://docs.netwrix.com/docs/auditor/10_7/addon/splunk/datamodelmap,docs/auditor/10.7/addon/splunk/datamodelmap.md,,,,,,
Deployment Procedure,10.7,https://docs.netwrix.com/docs/auditor/10_7/addon/splunk/deployment,docs/auditor/10.7/addon/splunk/deployment.md,,,,,,
Splunk,10.7,https://docs.netwrix.com/docs/auditor/10_7/addon/splunk/overview,docs/auditor/10.7/addon/splunk/overview.md,,,,,,
Maintenance and Troubleshooting,10.7,https://docs.netwrix.com/docs/auditor/10_7/addon/splunk/troubleshooting,docs/auditor/10.7/addon/splunk/troubleshooting.md,,,,,,
Create Alerts,10.7,https://docs.netwrix.com/docs/auditor/10_7/admin/alertsettings/create,docs/auditor/10.7/admin/alertsettings/create/create.md,Covered by 10.8 — see docs/auditor/10.8/admin/alertsettings/create/create.md,,,,,
Create Alerts for Event Log,10.7,https://docs.netwrix.com/docs/auditor/10_7/admin/alertsettings/create/createeventlog,docs/auditor/10.7/admin/alertsettings/create/createeventlog.md,,,,,,
Create Alerts on Health Status,10.7,https://docs.netwrix.com/docs/auditor/10_7/admin/alertsettings/create/createhealthstatus,docs/auditor/10.7/admin/alertsettings/create/createhealthstatus.md,Covered by 10.8 — see docs/auditor/10.8/admin/alertsettings/create/createhealthstatus.md,,,,,
Create Alerts for Non-Owner Mailbox Access Events,10.7,https://docs.netwrix.com/docs/auditor/10_7/admin/alertsettings/create/createmailboxaccess,docs/auditor/10.7/admin/alertsettings/create/createmailboxaccess.md,,,,,,
Alerts Overview Dashboard,10.7,https://docs.netwrix.com/docs/auditor/10_7/admin/alertsettings/dashboard,docs/auditor/10.7/admin/alertsettings/dashboard.md,Covered by 10.8 — see docs/auditor/10.8/admin/alertsettings/dashboard.md,,,,,
Manage Alerts,10.7,https://docs.netwrix.com/docs/auditor/10_7/admin/alertsettings/manage,docs/auditor/10.7/admin/alertsettings/manage.md,Covered by 10.8 — see docs/auditor/10.8/admin/alertsettings/manage.md,,,,,
Alerts,10.7,https://docs.netwrix.com/docs/auditor/10_7/admin/alertsettings/overview,docs/auditor/10.7/admin/alertsettings/overview.md,Covered by 10.8 — see docs/auditor/10.8/admin/alertsettings/overview.md,,,,,
Configure a Response Action for Alert,10.7,https://docs.netwrix.com/docs/auditor/10_7/admin/alertsettings/responseaction,docs/auditor/10.7/admin/alertsettings/responseaction.md,,,,,,
Review Behavior Anomalies Dashboard,10.7,https://docs.netwrix.com/docs/auditor/10_7/admin/behavioranomalies/dashboard,docs/auditor/10.7/admin/behavioranomalies/dashboard.md,Covered by 10.8 — see docs/auditor/10.8/admin/behavioranomalies/dashboard.md,,,,,
Behavior Anomalies,10.7,https://docs.netwrix.com/docs/auditor/10_7/admin/behavioranomalies/overview,docs/auditor/10.7/admin/behavioranomalies/overview.md,Covered by 10.8 — see docs/auditor/10.8/admin/behavioranomalies/overview.md,,,,,
Behavior Anomalies Assessment Tips and Tricks,10.7,https://docs.netwrix.com/docs/auditor/10_7/admin/behavioranomalies/tips,docs/auditor/10.7/admin/behavioranomalies/tips.md,Covered by 10.8 — see docs/auditor/10.8/admin/behavioranomalies/tips.md,,,,,
Review User Profiles and Process Anomalies,10.7,https://docs.netwrix.com/docs/auditor/10_7/admin/behavioranomalies/userprofile,docs/auditor/10.7/admin/behavioranomalies/userprofile.md,Covered by 10.8 — see docs/auditor/10.8/admin/behavioranomalies/userprofile.md,,,,,
Compliance Mappings,10.7,https://docs.netwrix.com/docs/auditor/10_7/admin/compliancemappings,docs/auditor/10.7/admin/compliancemappings.md,Covered by 10.8 — see docs/auditor/10.8/admin/compliancemappings.md,,,,,
Activity Records Statistics,10.7,https://docs.netwrix.com/docs/auditor/10_7/admin/healthstatus/dashboard/activityrecordstatistics,docs/auditor/10.7/admin/healthstatus/dashboard/activityrecordstatistics.md,Covered by 10.8 — see docs/auditor/10.8/admin/healthstatus/dashboard/activityrecordstatistics.md,,,,,
Database Statistics,10.7,https://docs.netwrix.com/docs/auditor/10_7/admin/healthstatus/dashboard/databasestatistics,docs/auditor/10.7/admin/healthstatus/dashboard/databasestatistics.md,Covered by 10.8 — see docs/auditor/10.8/admin/healthstatus/dashboard/databasestatistics.md,,,,,
Netwrix Auditor Health Log,10.7,https://docs.netwrix.com/docs/auditor/10_7/admin/healthstatus/dashboard/healthlog,docs/auditor/10.7/admin/healthstatus/dashboard/healthlog.md,Covered by 10.8 — see docs/auditor/10.8/admin/healthstatus/dashboard/healthlog.md,,,,,
Monitoring Overview,10.7,https://docs.netwrix.com/docs/auditor/10_7/admin/healthstatus/dashboard/monitoringoverview,docs/auditor/10.7/admin/healthstatus/dashboard/monitoringoverview.md,Covered by 10.8 — see docs/auditor/10.8/admin/healthstatus/dashboard/monitoringoverview.md,,,,,
Health Status Dashboard,10.7,https://docs.netwrix.com/docs/auditor/10_7/admin/healthstatus/dashboard/overview,docs/auditor/10.7/admin/healthstatus/dashboard/overview.md,Covered by 10.8 — see docs/auditor/10.8/admin/healthstatus/dashboard/overview.md,,,,,
Network Traffic Compression,10.7,https://docs.netwrix.com/docs/auditor/10_7/admin/healthstatus/networktrafficcompression,docs/auditor/10.7/admin/healthstatus/networktrafficcompression.md,Covered by 10.8 — see docs/auditor/10.8/admin/healthstatus/networktrafficcompression.md,,,,,
Netwrix Auditor Operations and Health,10.7,https://docs.netwrix.com/docs/auditor/10_7/admin/healthstatus/overview,docs/auditor/10.7/admin/healthstatus/overview.md,Covered by 10.8 — see docs/auditor/10.8/admin/healthstatus/overview.md,,,,,
Self-Audit,10.7,https://docs.netwrix.com/docs/auditor/10_7/admin/healthstatus/selfaudit,docs/auditor/10.7/admin/healthstatus/selfaudit.md,Covered by 10.8 — see docs/auditor/10.8/admin/healthstatus/selfaudit.md,,,,,
Health Summary Email,10.7,https://docs.netwrix.com/docs/auditor/10_7/admin/healthstatus/summaryemail,docs/auditor/10.7/admin/healthstatus/summaryemail.md,Covered by 10.8 — see docs/auditor/10.8/admin/healthstatus/summaryemail.md,,,,,
Troubleshooting,10.7,https://docs.netwrix.com/docs/auditor/10_7/admin/healthstatus/troubleshooting,docs/auditor/10.7/admin/healthstatus/troubleshooting.md,,,,,,
Active Directory,10.7,https://docs.netwrix.com/docs/auditor/10_7/admin/monitoringplans/activedirectory/overview,docs/auditor/10.7/admin/monitoringplans/activedirectory/overview.md,,,,,,
Active Directory Monitoring Scope,10.7,https://docs.netwrix.com/docs/auditor/10_7/admin/monitoringplans/activedirectory/scope,docs/auditor/10.7/admin/monitoringplans/activedirectory/scope.md,,,,,,
Activity Summary Email,10.7,https://docs.netwrix.com/docs/auditor/10_7/admin/monitoringplans/activitysummaryemail,docs/auditor/10.7/admin/monitoringplans/activitysummaryemail.md,Covered by 10.8 — see docs/auditor/10.8/admin/monitoringplans/activitysummaryemail.md,,,,,
Active Directory Federation Services,10.7,https://docs.netwrix.com/docs/auditor/10_7/admin/monitoringplans/adfs,docs/auditor/10.7/admin/monitoringplans/adfs.md,Covered by 10.8 — see docs/auditor/10.8/admin/monitoringplans/adfs.md,,,,,
Create a New Monitoring Plan,10.7,https://docs.netwrix.com/docs/auditor/10_7/admin/monitoringplans/create,docs/auditor/10.7/admin/monitoringplans/create.md,,,,,,
Data Collecting Account,10.7,https://docs.netwrix.com/docs/auditor/10_7/admin/monitoringplans/dataaccounts,docs/auditor/10.7/admin/monitoringplans/dataaccounts.md,,,,,,
Manage Data Sources,10.7,https://docs.netwrix.com/docs/auditor/10_7/admin/monitoringplans/datasources,docs/auditor/10.7/admin/monitoringplans/datasources.md,Covered by 10.8 — see docs/auditor/10.8/admin/monitoringplans/datasources.md,,,,,
Role-Based Access and Delegation,10.7,https://docs.netwrix.com/docs/auditor/10_7/admin/monitoringplans/delegation,docs/auditor/10.7/admin/monitoringplans/delegation.md,,,,,,
Exchange,10.7,https://docs.netwrix.com/docs/auditor/10_7/admin/monitoringplans/exchange/overview,docs/auditor/10.7/admin/monitoringplans/exchange/overview.md,,,,,,
Exchange Monitoring Scope,10.7,https://docs.netwrix.com/docs/auditor/10_7/admin/monitoringplans/exchange/scope,docs/auditor/10.7/admin/monitoringplans/exchange/scope.md,,,,,,
Exchange Online,10.7,https://docs.netwrix.com/docs/auditor/10_7/admin/monitoringplans/exchangeonline/overview,docs/auditor/10.7/admin/monitoringplans/exchangeonline/overview.md,,,,,,
Exchange Online Monitoring Scope,10.7,https://docs.netwrix.com/docs/auditor/10_7/admin/monitoringplans/exchangeonline/scope,docs/auditor/10.7/admin/monitoringplans/exchangeonline/scope.md,Covered by 10.8 — see docs/auditor/10.8/admin/monitoringplans/exchangeonline/scope.md,,,,,
File Servers,10.7,https://docs.netwrix.com/docs/auditor/10_7/admin/monitoringplans/fileservers/overview,docs/auditor/10.7/admin/monitoringplans/fileservers/overview.md,Covered by 10.8 — see docs/auditor/10.8/admin/monitoringplans/fileservers/overview.md,,,,,
File Servers Monitoring Scope,10.7,https://docs.netwrix.com/docs/auditor/10_7/admin/monitoringplans/fileservers/scope,docs/auditor/10.7/admin/monitoringplans/fileservers/scope.md,,,,,,
Windows File Server,10.7,https://docs.netwrix.com/docs/auditor/10_7/admin/monitoringplans/fileservers/windowsfileserver,docs/auditor/10.7/admin/monitoringplans/fileservers/windowsfileserver.md,,,,,,
Fine-Tune Your Plan and Edit Settings,10.7,https://docs.netwrix.com/docs/auditor/10_7/admin/monitoringplans/finetune,docs/auditor/10.7/admin/monitoringplans/finetune.md,,,,,,
Group Policy,10.7,https://docs.netwrix.com/docs/auditor/10_7/admin/monitoringplans/grouppolicy/overview,docs/auditor/10.7/admin/monitoringplans/grouppolicy/overview.md,,,,,,
Group Policy Monitoring Scope,10.7,https://docs.netwrix.com/docs/auditor/10_7/admin/monitoringplans/grouppolicy/scope,docs/auditor/10.7/admin/monitoringplans/grouppolicy/scope.md,Covered by 10.8 — see docs/auditor/10.8/admin/monitoringplans/grouppolicy/scope.md,,,,,
Logon Activity,10.7,https://docs.netwrix.com/docs/auditor/10_7/admin/monitoringplans/logonactivity/overview,docs/auditor/10.7/admin/monitoringplans/logonactivity/overview.md,,,,,,
Logon Activity Monitoring Scope,10.7,https://docs.netwrix.com/docs/auditor/10_7/admin/monitoringplans/logonactivity/scope,docs/auditor/10.7/admin/monitoringplans/logonactivity/scope.md,Covered by 10.8 — see docs/auditor/10.8/admin/monitoringplans/logonactivity/scope.md,,,,,
Microsoft Entra ID,10.7,https://docs.netwrix.com/docs/auditor/10_7/admin/monitoringplans/microsoftentraid/overview,docs/auditor/10.7/admin/monitoringplans/microsoftentraid/overview.md,,,,,,
Microsoft Entra ID Monitoring Scope,10.7,https://docs.netwrix.com/docs/auditor/10_7/admin/monitoringplans/microsoftentraid/scope,docs/auditor/10.7/admin/monitoringplans/microsoftentraid/scope.md,Covered by 10.8 — see docs/auditor/10.8/admin/monitoringplans/microsoftentraid/scope.md,,,,,
MS Teams,10.7,https://docs.netwrix.com/docs/auditor/10_7/admin/monitoringplans/msteams,docs/auditor/10.7/admin/monitoringplans/msteams.md,Covered by 10.8 — see docs/auditor/10.8/admin/monitoringplans/msteams.md,,,,,
Network Devices,10.7,https://docs.netwrix.com/docs/auditor/10_7/admin/monitoringplans/networkdevices,docs/auditor/10.7/admin/monitoringplans/networkdevices.md,Covered by 10.8 — see docs/auditor/10.8/admin/monitoringplans/networkdevices.md,,,,,
Oracle Database,10.7,https://docs.netwrix.com/docs/auditor/10_7/admin/monitoringplans/oracle/overview,docs/auditor/10.7/admin/monitoringplans/oracle/overview.md,,,,,,
Oracle Database Monitoring Scope,10.7,https://docs.netwrix.com/docs/auditor/10_7/admin/monitoringplans/oracle/scope,docs/auditor/10.7/admin/monitoringplans/oracle/scope.md,Covered by 10.8 — see docs/auditor/10.8/admin/monitoringplans/oracle/scope.md,,,,,
User Activity,10.7,https://docs.netwrix.com/docs/auditor/10_7/admin/monitoringplans/overview_1,docs/auditor/10.7/admin/monitoringplans/overview_1.md,,,,,,
Monitoring Plans,10.7,https://docs.netwrix.com/docs/auditor/10_7/admin/monitoringplans/overview,docs/auditor/10.7/admin/monitoringplans/overview.md,Covered by 10.8 — see docs/auditor/10.8/admin/monitoringplans/overview.md,,,,,
SharePoint,10.7,https://docs.netwrix.com/docs/auditor/10_7/admin/monitoringplans/sharepoint/overview,docs/auditor/10.7/admin/monitoringplans/sharepoint/overview.md,,,,,,
SharePoint Monitoring Scope,10.7,https://docs.netwrix.com/docs/auditor/10_7/admin/monitoringplans/sharepoint/scope,docs/auditor/10.7/admin/monitoringplans/sharepoint/scope.md,Covered by 10.8 — see docs/auditor/10.8/admin/monitoringplans/sharepoint/scope.md,,,,,
SharePoint Online,10.7,https://docs.netwrix.com/docs/auditor/10_7/admin/monitoringplans/sharepointonline/overview,docs/auditor/10.7/admin/monitoringplans/sharepointonline/overview.md,Covered by 10.8 — see docs/auditor/10.8/admin/monitoringplans/sharepointonline/overview.md,,,,,
SharePoint Online Monitoring Scope,10.7,https://docs.netwrix.com/docs/auditor/10_7/admin/monitoringplans/sharepointonline/scope,docs/auditor/10.7/admin/monitoringplans/sharepointonline/scope.md,Covered by 10.8 — see docs/auditor/10.8/admin/monitoringplans/sharepointonline/scope.md,,,,,
Add Item to the SQL Server,10.7,https://docs.netwrix.com/docs/auditor/10_7/admin/monitoringplans/sqlserver/items,docs/auditor/10.7/admin/monitoringplans/sqlserver/items.md,Covered by 10.8 — see docs/auditor/10.8/admin/monitoringplans/sqlserver/items.md,,,,,
SQL Server,10.7,https://docs.netwrix.com/docs/auditor/10_7/admin/monitoringplans/sqlserver/overview,docs/auditor/10.7/admin/monitoringplans/sqlserver/overview.md,,,,,,
SQL Server Monitoring Scope,10.7,https://docs.netwrix.com/docs/auditor/10_7/admin/monitoringplans/sqlserver/scope,docs/auditor/10.7/admin/monitoringplans/sqlserver/scope.md,Covered by 10.8 — see docs/auditor/10.8/admin/monitoringplans/sqlserver/scope.md,,,,,
VMware,10.7,https://docs.netwrix.com/docs/auditor/10_7/admin/monitoringplans/vmware/overview,docs/auditor/10.7/admin/monitoringplans/vmware/overview.md,Covered by 10.8 — see docs/auditor/10.8/admin/monitoringplans/vmware/overview.md,,,,,
VMware Monitoring Scope,10.7,https://docs.netwrix.com/docs/auditor/10_7/admin/monitoringplans/vmware/scope,docs/auditor/10.7/admin/monitoringplans/vmware/scope.md,,,,,,
Windows Server,10.7,https://docs.netwrix.com/docs/auditor/10_7/admin/monitoringplans/windows/overview,docs/auditor/10.7/admin/monitoringplans/windows/overview.md,,,,,,
Windows Server Monitoring Scope,10.7,https://docs.netwrix.com/docs/auditor/10_7/admin/monitoringplans/windows/scope,docs/auditor/10.7/admin/monitoringplans/windows/scope.md,Covered by 10.8 — see docs/auditor/10.8/admin/monitoringplans/windows/scope.md,,,,,
Customization Examples,10.7,https://docs.netwrix.com/docs/auditor/10_7/admin/navigation/customizeexamples,docs/auditor/10.7/admin/navigation/customizeexamples.md,,,,,,
Customizing Favorite Reports,10.7,https://docs.netwrix.com/docs/auditor/10_7/admin/navigation/customizefavorite,docs/auditor/10.7/admin/navigation/customizefavorite.md,Covered by 10.8 — see docs/auditor/10.8/admin/navigation/customizefavorite.md,,,,,
Customize Home Screen,10.7,https://docs.netwrix.com/docs/auditor/10_7/admin/navigation/customizehome,docs/auditor/10.7/admin/navigation/customizehome.md,,,,,,
Navigation,10.7,https://docs.netwrix.com/docs/auditor/10_7/admin/navigation/overview,docs/auditor/10.7/admin/navigation/overview.md,,,,,,
Recommendations,10.7,https://docs.netwrix.com/docs/auditor/10_7/admin/navigation/recommendations,docs/auditor/10.7/admin/navigation/recommendations.md,Covered by 10.8 — see docs/auditor/10.8/admin/navigation/recommendations.md,,,,,
Administration,10.7,https://docs.netwrix.com/docs/auditor/10_7/admin/overview,docs/auditor/10.7/admin/overview.md,Covered by 10.8 — see docs/auditor/10.8/admin/overview.md,,,,,
Custom Search-Based Reports,10.7,https://docs.netwrix.com/docs/auditor/10_7/admin/reports/custom,docs/auditor/10.7/admin/reports/custom.md,Covered by 10.8 — see docs/auditor/10.8/admin/reports/custom.md,,,,,
Reports,10.7,https://docs.netwrix.com/docs/auditor/10_7/admin/reports/overview,docs/auditor/10.7/admin/reports/overview.md,,,,,,
Interactive Reports for Change Management Workflow,10.7,https://docs.netwrix.com/docs/auditor/10_7/admin/reports/reviewstatus,docs/auditor/10.7/admin/reports/reviewstatus.md,,,,,,
Change and Activity Reports,10.7,https://docs.netwrix.com/docs/auditor/10_7/admin/reports/types/activity,docs/auditor/10.7/admin/reports/types/activity.md,Covered by 10.8 — see docs/auditor/10.8/admin/reports/types/activity.md,,,,,
Compliance Reports,10.7,https://docs.netwrix.com/docs/auditor/10_7/admin/reports/types/compliance,docs/auditor/10.7/admin/reports/types/compliance.md,Covered by 10.8 — see docs/auditor/10.8/admin/reports/types/compliance.md,,,,,
Data Discovery and Classification Reports,10.7,https://docs.netwrix.com/docs/auditor/10_7/admin/reports/types/datadiscoveryclassification,docs/auditor/10.7/admin/reports/types/datadiscoveryclassification.md,,,,,,
Enterprise Overview Dashboard,10.7,https://docs.netwrix.com/docs/auditor/10_7/admin/reports/types/enterprise,docs/auditor/10.7/admin/reports/types/enterprise.md,Covered by 10.8 — see docs/auditor/10.8/admin/reports/types/enterprise.md,,,,,
Organization Level Reports,10.7,https://docs.netwrix.com/docs/auditor/10_7/admin/reports/types/organizationlevel,docs/auditor/10.7/admin/reports/types/organizationlevel.md,Covered by 10.8 — see docs/auditor/10.8/admin/reports/types/organizationlevel.md,,,,,
Predefined Reports,10.7,https://docs.netwrix.com/docs/auditor/10_7/admin/reports/types/overview,docs/auditor/10.7/admin/reports/types/overview.md,Covered by 10.8 — see docs/auditor/10.8/admin/reports/types/overview.md,,,,,
Active Directory State-In-Time Reports,10.7,https://docs.netwrix.com/docs/auditor/10_7/admin/reports/types/stateintime/activedirectory,docs/auditor/10.7/admin/reports/types/stateintime/activedirectory.md,,,,,,
File Servers State-In-Time Reports,10.7,https://docs.netwrix.com/docs/auditor/10_7/admin/reports/types/stateintime/fileservers,docs/auditor/10.7/admin/reports/types/stateintime/fileservers.md,Covered by 10.8 — see docs/auditor/10.8/admin/reports/types/stateintime/fileservers.md,,,,,
Microsoft Entra ID State-In-Time Reports,10.7,https://docs.netwrix.com/docs/auditor/10_7/admin/reports/types/stateintime/microsoftentraid,docs/auditor/10.7/admin/reports/types/stateintime/microsoftentraid.md,Covered by 10.8 — see docs/auditor/10.8/admin/reports/types/stateintime/microsoftentraid.md,,,,,
State–In–Time Reports,10.7,https://docs.netwrix.com/docs/auditor/10_7/admin/reports/types/stateintime/overview,docs/auditor/10.7/admin/reports/types/stateintime/overview.md,Covered by 10.8 — see docs/auditor/10.8/admin/reports/types/stateintime/overview.md,,,,,
SQL Server-Level Roles,10.7,https://docs.netwrix.com/docs/auditor/10_7/admin/reports/types/stateintime/sqlroles,docs/auditor/10.7/admin/reports/types/stateintime/sqlroles.md,Covered by 10.8 — see docs/auditor/10.8/admin/reports/types/stateintime/sqlroles.md,,,,,
Account Permissions in SQL Server,10.7,https://docs.netwrix.com/docs/auditor/10_7/admin/reports/types/stateintime/sqlserveroverview/sqlaccountpermissions,docs/auditor/10.7/admin/reports/types/stateintime/sqlserveroverview/sqlaccountpermissions.md,Covered by 10.8 — see docs/auditor/10.8/admin/reports/types/stateintime/sqlserveroverview/sqlaccountpermissions.md,,,,,
SQL Server Databases,10.7,https://docs.netwrix.com/docs/auditor/10_7/admin/reports/types/stateintime/sqlserveroverview/sqldatabases,docs/auditor/10.7/admin/reports/types/stateintime/sqlserveroverview/sqldatabases.md,Covered by 10.8 — see docs/auditor/10.8/admin/reports/types/stateintime/sqlserveroverview/sqldatabases.md,,,,,
SQL Server Means Granted,10.7,https://docs.netwrix.com/docs/auditor/10_7/admin/reports/types/stateintime/sqlserveroverview/sqlmeansgranted,docs/auditor/10.7/admin/reports/types/stateintime/sqlserveroverview/sqlmeansgranted.md,,,,,,
Object Permissions in SQL Server,10.7,https://docs.netwrix.com/docs/auditor/10_7/admin/reports/types/stateintime/sqlserveroverview/sqlobjectpermissions,docs/auditor/10.7/admin/reports/types/stateintime/sqlserveroverview/sqlobjectpermissions.md,Covered by 10.8 — see docs/auditor/10.8/admin/reports/types/stateintime/sqlserveroverview/sqlobjectpermissions.md,,,,,
SQL Server State-In-Time Reports,10.7,https://docs.netwrix.com/docs/auditor/10_7/admin/reports/types/stateintime/sqlserveroverview,docs/auditor/10.7/admin/reports/types/stateintime/sqlserveroverview/sqlserveroverview.md,Covered by 10.8 — see docs/auditor/10.8/admin/reports/types/stateintime/sqlserveroverview/sqlserveroverview.md,,,,,
VMware State-In-Time Reports,10.7,https://docs.netwrix.com/docs/auditor/10_7/admin/reports/types/stateintime/vmware,docs/auditor/10.7/admin/reports/types/stateintime/vmware.md,Covered by 10.8 — see docs/auditor/10.8/admin/reports/types/stateintime/vmware.md,,,,,
User Behavior and Blind Spot Analysis Reports,10.7,https://docs.netwrix.com/docs/auditor/10_7/admin/reports/types/userbehavior,docs/auditor/10.7/admin/reports/types/userbehavior.md,Covered by 10.8 — see docs/auditor/10.8/admin/reports/types/userbehavior.md,,,,,
Reports with Video,10.7,https://docs.netwrix.com/docs/auditor/10_7/admin/reports/video,docs/auditor/10.7/admin/reports/video.md,,,,,,
View Reports,10.7,https://docs.netwrix.com/docs/auditor/10_7/admin/reports/view,docs/auditor/10.7/admin/reports/view.md,,,,,,
IT Risk Assessment Dashboard,10.7,https://docs.netwrix.com/docs/auditor/10_7/admin/riskassessment/dashboard,docs/auditor/10.7/admin/riskassessment/dashboard.md,,,,,,
How Risk Levels Are Estimated,10.7,https://docs.netwrix.com/docs/auditor/10_7/admin/riskassessment/levels,docs/auditor/10.7/admin/riskassessment/levels.md,Covered by 10.8 — see docs/auditor/10.8/admin/riskassessment/levels.md,,,,,
IT Risk Assessment Overview,10.7,https://docs.netwrix.com/docs/auditor/10_7/admin/riskassessment/overview,docs/auditor/10.7/admin/riskassessment/overview.md,,,,,,
Use Filters in Advanced Mode,10.7,https://docs.netwrix.com/docs/auditor/10_7/admin/search/filteradvanced,docs/auditor/10.7/admin/search/filteradvanced.md,,,,,,
Use Filters in Simple Mode,10.7,https://docs.netwrix.com/docs/auditor/10_7/admin/search/filtersimple,docs/auditor/10.7/admin/search/filtersimple.md,Covered by 10.8 — see docs/auditor/10.8/admin/search/filtersimple.md,,,,,
View and Search Collected Data,10.7,https://docs.netwrix.com/docs/auditor/10_7/admin/search/overview,docs/auditor/10.7/admin/search/overview.md,,,,,,
About Netwrix Auditor,10.7,https://docs.netwrix.com/docs/auditor/10_7/admin/settings/about,docs/auditor/10.7/admin/settings/about.md,Covered by 10.8 — see docs/auditor/10.8/admin/settings/about.md,,,,,
Audit Database,10.7,https://docs.netwrix.com/docs/auditor/10_7/admin/settings/auditdatabase,docs/auditor/10.7/admin/settings/auditdatabase.md,,,,,,
Customize Branding,10.7,https://docs.netwrix.com/docs/auditor/10_7/admin/settings/custombrand,docs/auditor/10.7/admin/settings/custombrand.md,Covered by 10.8 — see docs/auditor/10.8/admin/settings/custombrand.md,,,,,
General,10.7,https://docs.netwrix.com/docs/auditor/10_7/admin/settings/general,docs/auditor/10.7/admin/settings/general.md,,,,,,
Integrations,10.7,https://docs.netwrix.com/docs/auditor/10_7/admin/settings/integrations,docs/auditor/10.7/admin/settings/integrations.md,Covered by 10.8 — see docs/auditor/10.8/admin/settings/integrations.md,,,,,
Investigations,10.7,https://docs.netwrix.com/docs/auditor/10_7/admin/settings/investigations,docs/auditor/10.7/admin/settings/investigations.md,,,,,,
Licenses,10.7,https://docs.netwrix.com/docs/auditor/10_7/admin/settings/licenses,docs/auditor/10.7/admin/settings/licenses.md,,,,,,
Long-Term Archive,10.7,https://docs.netwrix.com/docs/auditor/10_7/admin/settings/longtermarchive,docs/auditor/10.7/admin/settings/longtermarchive.md,,,,,,
Notifications,10.7,https://docs.netwrix.com/docs/auditor/10_7/admin/settings/notifications,docs/auditor/10.7/admin/settings/notifications.md,,,,,,
Netwrix Auditor Settings,10.7,https://docs.netwrix.com/docs/auditor/10_7/admin/settings/overview,docs/auditor/10.7/admin/settings/overview.md,Covered by 10.8 — see docs/auditor/10.8/admin/settings/overview.md,,,,,
Netwrix Privilege Secure,10.7,https://docs.netwrix.com/docs/auditor/10_7/admin/settings/privilegesecure,docs/auditor/10.7/admin/settings/privilegesecure.md,,,,,,
Sensitive Data Discovery,10.7,https://docs.netwrix.com/docs/auditor/10_7/admin/settings/sensitivedatadiscovery,docs/auditor/10.7/admin/settings/sensitivedatadiscovery.md,Covered by 10.8 — see docs/auditor/10.8/admin/settings/sensitivedatadiscovery.md,,,,,
Create Subscriptions,10.7,https://docs.netwrix.com/docs/auditor/10_7/admin/subscriptions/create,docs/auditor/10.7/admin/subscriptions/create.md,,,,,,
Review and Manage Subscriptions,10.7,https://docs.netwrix.com/docs/auditor/10_7/admin/subscriptions/manage,docs/auditor/10.7/admin/subscriptions/manage.md,,,,,,
Subscriptions,10.7,https://docs.netwrix.com/docs/auditor/10_7/admin/subscriptions/overview,docs/auditor/10.7/admin/subscriptions/overview.md,,,,,,
Reference for Creating Activity Records,10.7,https://docs.netwrix.com/docs/auditor/10_7/api/activityrecordreference,docs/auditor/10.7/api/activityrecordreference.md,,,,,,
Compatibility Notice,10.7,https://docs.netwrix.com/docs/auditor/10_7/api/compatibility,docs/auditor/10.7/api/compatibility.md,Covered by 10.8 — see docs/auditor/10.8/api/compatibility.md,,,,,
API Endpoints,10.7,https://docs.netwrix.com/docs/auditor/10_7/api/endpoints,docs/auditor/10.7/api/endpoints.md,Covered by 10.8 — see docs/auditor/10.8/api/endpoints.md,,,,,
Error Details,10.7,https://docs.netwrix.com/docs/auditor/10_7/api/errordetails,docs/auditor/10.7/api/errordetails.md,Covered by 10.8 — see docs/auditor/10.8/api/errordetails.md,,,,,
Operators,10.7,https://docs.netwrix.com/docs/auditor/10_7/api/filterreference/filteroperators,docs/auditor/10.7/api/filterreference/filteroperators.md,Covered by 10.8 — see docs/auditor/10.8/api/filterreference/filteroperators.md,,,,,
Reference for Creating Search Parameters File,10.7,https://docs.netwrix.com/docs/auditor/10_7/api/filterreference,docs/auditor/10.7/api/filterreference/filterreference.md,Covered by 10.8 — see docs/auditor/10.8/api/filterreference/filterreference.md,,,,,
Filters,10.7,https://docs.netwrix.com/docs/auditor/10_7/api/filterreference/filters,docs/auditor/10.7/api/filterreference/filters.md,Covered by 10.8 — see docs/auditor/10.8/api/filterreference/filters.md,,,,,
Integration API,10.7,https://docs.netwrix.com/docs/auditor/10_7/api/overview,docs/auditor/10.7/api/overview.md,Covered by 10.8 — see docs/auditor/10.8/api/overview.md,,,,,
Integration API Ports,10.7,https://docs.netwrix.com/docs/auditor/10_7/api/ports,docs/auditor/10.7/api/ports.md,Covered by 10.8 — see docs/auditor/10.8/api/ports.md,,,,,
Activity Records,10.7,https://docs.netwrix.com/docs/auditor/10_7/api/postdata/activityrecords,docs/auditor/10.7/api/postdata/activityrecords.md,Covered by 10.8 — see docs/auditor/10.8/api/postdata/activityrecords.md,,,,,
Continuation Mark,10.7,https://docs.netwrix.com/docs/auditor/10_7/api/postdata/continuationmark,docs/auditor/10.7/api/postdata/continuationmark.md,Covered by 10.8 — see docs/auditor/10.8/api/postdata/continuationmark.md,,,,,
Post Data,10.7,https://docs.netwrix.com/docs/auditor/10_7/api/postdata/overview,docs/auditor/10.7/api/postdata/overview.md,Covered by 10.8 — see docs/auditor/10.8/api/postdata/overview.md,,,,,
Search Parameters,10.7,https://docs.netwrix.com/docs/auditor/10_7/api/postdata/searchparameters,docs/auditor/10.7/api/postdata/searchparameters.md,,,,,,
Prerequisites,10.7,https://docs.netwrix.com/docs/auditor/10_7/api/prerequisites,docs/auditor/10.7/api/prerequisites.md,Covered by 10.8 — see docs/auditor/10.8/api/prerequisites.md,,,,,
Response Status Codes,10.7,https://docs.netwrix.com/docs/auditor/10_7/api/responsestatuscodes,docs/auditor/10.7/api/responsestatuscodes.md,,,,,,
Retrieve Activity Records,10.7,https://docs.netwrix.com/docs/auditor/10_7/api/retrieveactivityrecords,docs/auditor/10.7/api/retrieveactivityrecords.md,Covered by 10.8 — see docs/auditor/10.8/api/retrieveactivityrecords.md,,,,,
Search Activity Records,10.7,https://docs.netwrix.com/docs/auditor/10_7/api/searchactivityrecords,docs/auditor/10.7/api/searchactivityrecords.md,Covered by 10.8 — see docs/auditor/10.8/api/searchactivityrecords.md,,,,,
Security,10.7,https://docs.netwrix.com/docs/auditor/10_7/api/security,docs/auditor/10.7/api/security.md,,,,,,
Write Activity Records,10.7,https://docs.netwrix.com/docs/auditor/10_7/api/writeactivityrecords,docs/auditor/10.7/api/writeactivityrecords.md,Covered by 10.8 — see docs/auditor/10.8/api/writeactivityrecords.md,,,,,
Additional Configuration to Review Changes Made via Exchange Server,10.7,https://docs.netwrix.com/docs/auditor/10_7/configuration/activedirectory/additional,docs/auditor/10.7/configuration/activedirectory/additional.md,,,,,,
Configure Advanced Audit Policies,10.7,https://docs.netwrix.com/docs/auditor/10_7/configuration/activedirectory/advancedpolicy,docs/auditor/10.7/configuration/activedirectory/advancedpolicy.md,Covered by 10.8 — see docs/auditor/10.8/configuration/activedirectory/advancedpolicy.md,,,,,
Active Directory: Automatic Configuration,10.7,https://docs.netwrix.com/docs/auditor/10_7/configuration/activedirectory/automatic,docs/auditor/10.7/configuration/activedirectory/automatic.md,Covered by 10.8 — see docs/auditor/10.8/configuration/activedirectory/automatic.md,,,,,
Configure Basic Domain Audit Policies,10.7,https://docs.netwrix.com/docs/auditor/10_7/configuration/activedirectory/basicpolicy,docs/auditor/10.7/configuration/activedirectory/basicpolicy.md,Covered by 10.8 — see docs/auditor/10.8/configuration/activedirectory/basicpolicy.md,,,,,
Active Directory: Manual Configuration,10.7,https://docs.netwrix.com/docs/auditor/10_7/configuration/activedirectory/manual,docs/auditor/10.7/configuration/activedirectory/manual.md,Covered by 10.8 — see docs/auditor/10.8/configuration/activedirectory/manual.md,,,,,
Configure Object-Level Auditing,10.7,https://docs.netwrix.com/docs/auditor/10_7/configuration/activedirectory/objectlevel,docs/auditor/10.7/configuration/activedirectory/objectlevel.md,Covered by 10.8 — see docs/auditor/10.8/configuration/activedirectory/objectlevel.md,,,,,
Active Directory,10.7,https://docs.netwrix.com/docs/auditor/10_7/configuration/activedirectory/overview,docs/auditor/10.7/configuration/activedirectory/overview.md,,,,,,
Permissions for Active Directory Auditing,10.7,https://docs.netwrix.com/docs/auditor/10_7/configuration/activedirectory/permissions,docs/auditor/10.7/configuration/activedirectory/permissions.md,,,,,,
Active Directory Ports,10.7,https://docs.netwrix.com/docs/auditor/10_7/configuration/activedirectory/ports,docs/auditor/10.7/configuration/activedirectory/ports.md,Covered by 10.8 — see docs/auditor/10.8/configuration/activedirectory/ports.md,,,,,
Active Directory Registry Key Configuration,10.7,https://docs.netwrix.com/docs/auditor/10_7/configuration/activedirectory/registrykey,docs/auditor/10.7/configuration/activedirectory/registrykey.md,Covered by 10.8 — see docs/auditor/10.8/configuration/activedirectory/registrykey.md,,,,,
Adjust Security Event Log Size and Retention,10.7,https://docs.netwrix.com/docs/auditor/10_7/configuration/activedirectory/securitylog,docs/auditor/10.7/configuration/activedirectory/securitylog.md,Covered by 10.8 — see docs/auditor/10.8/configuration/activedirectory/securitylog.md,,,,,
Adjust Active Directory Tombstone Lifetime (optional),10.7,https://docs.netwrix.com/docs/auditor/10_7/configuration/activedirectory/tombstone,docs/auditor/10.7/configuration/activedirectory/tombstone.md,,,,,,
AD FS,10.7,https://docs.netwrix.com/docs/auditor/10_7/configuration/activedirectoryfederatedservices/overview,docs/auditor/10.7/configuration/activedirectoryfederatedservices/overview.md,,,,,,
Permissions for AD FS Auditing,10.7,https://docs.netwrix.com/docs/auditor/10_7/configuration/activedirectoryfederatedservices/permissions,docs/auditor/10.7/configuration/activedirectoryfederatedservices/permissions.md,Covered by 10.8 — see docs/auditor/10.8/configuration/activedirectoryfederatedservices/permissions.md,,,,,
AD FS Ports,10.7,https://docs.netwrix.com/docs/auditor/10_7/configuration/activedirectoryfederatedservices/ports,docs/auditor/10.7/configuration/activedirectoryfederatedservices/ports.md,Covered by 10.8 — see docs/auditor/10.8/configuration/activedirectoryfederatedservices/ports.md,,,,,
Exchange Administrator Audit Logging Settings,10.7,https://docs.netwrix.com/docs/auditor/10_7/configuration/exchange/auditlog,docs/auditor/10.7/configuration/exchange/auditlog.md,Covered by 10.8 — see docs/auditor/10.8/configuration/exchange/auditlog.md,,,,,
Configure Exchange for Monitoring Mailbox Access,10.7,https://docs.netwrix.com/docs/auditor/10_7/configuration/exchange/mailboxacccess,docs/auditor/10.7/configuration/exchange/mailboxacccess.md,Covered by 10.8 — see docs/auditor/10.8/configuration/exchange/mailboxacccess.md,,,,,
Exchange,10.7,https://docs.netwrix.com/docs/auditor/10_7/configuration/exchange/overview,docs/auditor/10.7/configuration/exchange/overview.md,,,,,,
Permissions for Exchange Auditing,10.7,https://docs.netwrix.com/docs/auditor/10_7/configuration/exchange/permissions,docs/auditor/10.7/configuration/exchange/permissions.md,,,,,,
Assign Permission To Read the Registry Key,10.7,https://docs.netwrix.com/docs/auditor/10_7/configuration/exchange/permissionsregistrykeys,docs/auditor/10.7/configuration/exchange/permissionsregistrykeys.md,,,,,,
Exchange Ports,10.7,https://docs.netwrix.com/docs/auditor/10_7/configuration/exchange/ports,docs/auditor/10.7/configuration/exchange/ports.md,Covered by 10.8 — see docs/auditor/10.8/configuration/exchange/ports.md,,,,,
Exchange Registry Keys,10.7,https://docs.netwrix.com/docs/auditor/10_7/configuration/exchange/registrykey,docs/auditor/10.7/configuration/exchange/registrykey.md,Covered by 10.8 — see docs/auditor/10.8/configuration/exchange/registrykey.md,,,,,
Configure Audit Settings for CIFS File Shares on Dell Data Storage,10.7,https://docs.netwrix.com/docs/auditor/10_7/configuration/fileservers/delldatastorage/cifss,docs/auditor/10.7/configuration/fileservers/delldatastorage/cifss.md,,,,,,
Configure Audit Object Access Policy,10.7,https://docs.netwrix.com/docs/auditor/10_7/configuration/fileservers/delldatastorage/objectaccess,docs/auditor/10.7/configuration/fileservers/delldatastorage/objectaccess.md,,,,,,
Dell Data Storage,10.7,https://docs.netwrix.com/docs/auditor/10_7/configuration/fileservers/delldatastorage/overview,docs/auditor/10.7/configuration/fileservers/delldatastorage/overview.md,Covered by 10.8 — see docs/auditor/10.8/configuration/fileservers/delldatastorage/overview.md,,,,,
Permissions for Dell Data Storage Auditing,10.7,https://docs.netwrix.com/docs/auditor/10_7/configuration/fileservers/delldatastorage/permissions,docs/auditor/10.7/configuration/fileservers/delldatastorage/permissions.md,Covered by 10.8 — see docs/auditor/10.8/configuration/fileservers/delldatastorage/permissions.md,,,,,
Dell Data Storage Ports,10.7,https://docs.netwrix.com/docs/auditor/10_7/configuration/fileservers/delldatastorage/ports,docs/auditor/10.7/configuration/fileservers/delldatastorage/ports.md,Covered by 10.8 — see docs/auditor/10.8/configuration/fileservers/delldatastorage/ports.md,,,,,
Configure Security Event Log Maximum Size,10.7,https://docs.netwrix.com/docs/auditor/10_7/configuration/fileservers/delldatastorage/securityeventlog,docs/auditor/10.7/configuration/fileservers/delldatastorage/securityeventlog.md,Covered by 10.8 — see docs/auditor/10.8/configuration/fileservers/delldatastorage/securityeventlog.md,,,,,
Compliance Mode,10.7,https://docs.netwrix.com/docs/auditor/10_7/configuration/fileservers/dellisilon/compliance,docs/auditor/10.7/configuration/fileservers/dellisilon/compliance.md,Covered by 10.8 — see docs/auditor/10.8/configuration/fileservers/dellisilon/compliance.md,,,,,
Normal and Enterprise Modes for Clusters,10.7,https://docs.netwrix.com/docs/auditor/10_7/configuration/fileservers/dellisilon/normal,docs/auditor/10.7/configuration/fileservers/dellisilon/normal.md,,,,,,
Dell Isilon/PowerScale,10.7,https://docs.netwrix.com/docs/auditor/10_7/configuration/fileservers/dellisilon/overview,docs/auditor/10.7/configuration/fileservers/dellisilon/overview.md,Covered by 10.8 — see docs/auditor/10.8/configuration/fileservers/dellisilon/overview.md,,,,,
Permissions for Dell Isilon/PowerScale Auditing,10.7,https://docs.netwrix.com/docs/auditor/10_7/configuration/fileservers/dellisilon/permissions,docs/auditor/10.7/configuration/fileservers/dellisilon/permissions.md,Covered by 10.8 — see docs/auditor/10.8/configuration/fileservers/dellisilon/permissions.md,,,,,
Dell Isilon/PowerScale Ports,10.7,https://docs.netwrix.com/docs/auditor/10_7/configuration/fileservers/dellisilon/ports,docs/auditor/10.7/configuration/fileservers/dellisilon/ports.md,Covered by 10.8 — see docs/auditor/10.8/configuration/fileservers/dellisilon/ports.md,,,,,
Configure Audit Settings for CIFS File Shares,10.7,https://docs.netwrix.com/docs/auditor/10_7/configuration/fileservers/netappcmode/cifs,docs/auditor/10.7/configuration/fileservers/netappcmode/cifs.md,,,,,,
Configure Event Categories and Log,10.7,https://docs.netwrix.com/docs/auditor/10_7/configuration/fileservers/netappcmode/eventcategories,docs/auditor/10.7/configuration/fileservers/netappcmode/eventcategories.md,,,,,,
NetApp Data ONTAP,10.7,https://docs.netwrix.com/docs/auditor/10_7/configuration/fileservers/netappcmode/overview,docs/auditor/10.7/configuration/fileservers/netappcmode/overview.md,Covered by 10.8 — see docs/auditor/10.8/configuration/fileservers/netappcmode/overview.md,,,,,
Permissions for NetApp Auditing,10.7,https://docs.netwrix.com/docs/auditor/10_7/configuration/fileservers/netappcmode/permissions,docs/auditor/10.7/configuration/fileservers/netappcmode/permissions.md,,,,,,
Configure Service Policy,10.7,https://docs.netwrix.com/docs/auditor/10_7/configuration/fileservers/netappcmode/servicepolicy,docs/auditor/10.7/configuration/fileservers/netappcmode/servicepolicy.md,,,,,,
Configure ONTAPI/RESTAPI Web Access,10.7,https://docs.netwrix.com/docs/auditor/10_7/configuration/fileservers/netappcmode/webaccess,docs/auditor/10.7/configuration/fileservers/netappcmode/webaccess.md,Covered by 10.8 — see docs/auditor/10.8/configuration/fileservers/netappcmode/webaccess.md,,,,,
Create a Notification Policy,10.7,https://docs.netwrix.com/docs/auditor/10_7/configuration/fileservers/nutanix/notificationpolicy,docs/auditor/10.7/configuration/fileservers/nutanix/notificationpolicy.md,,,,,,
Nutanix,10.7,https://docs.netwrix.com/docs/auditor/10_7/configuration/fileservers/nutanix/overview,docs/auditor/10.7/configuration/fileservers/nutanix/overview.md,,,,,,
Configure Partner Server,10.7,https://docs.netwrix.com/docs/auditor/10_7/configuration/fileservers/nutanix/partnerserver,docs/auditor/10.7/configuration/fileservers/nutanix/partnerserver.md,,,,,,
Permissions for Nutanix Files Auditing,10.7,https://docs.netwrix.com/docs/auditor/10_7/configuration/fileservers/nutanix/permissions,docs/auditor/10.7/configuration/fileservers/nutanix/permissions.md,,,,,,
Nutanix Ports,10.7,https://docs.netwrix.com/docs/auditor/10_7/configuration/fileservers/nutanix/ports,docs/auditor/10.7/configuration/fileservers/nutanix/ports.md,Covered by 10.8 — see docs/auditor/10.8/configuration/fileservers/nutanix/ports.md,,,,,
Create User Account to Access Nutanix REST API,10.7,https://docs.netwrix.com/docs/auditor/10_7/configuration/fileservers/nutanix/useraccount,docs/auditor/10.7/configuration/fileservers/nutanix/useraccount.md,,,,,,
File Servers,10.7,https://docs.netwrix.com/docs/auditor/10_7/configuration/fileservers/overview,docs/auditor/10.7/configuration/fileservers/overview.md,Covered by 10.8 — see docs/auditor/10.8/configuration/fileservers/overview.md,,,,,
Configure Core Audit for Qumulo File Servers,10.7,https://docs.netwrix.com/docs/auditor/10_7/configuration/fileservers/qumulo/configure,docs/auditor/10.7/configuration/fileservers/qumulo/configure.md,,,,,,
Qumulo,10.7,https://docs.netwrix.com/docs/auditor/10_7/configuration/fileservers/qumulo/overview,docs/auditor/10.7/configuration/fileservers/qumulo/overview.md,,,,,,
Permissions for Qumulo Auditing,10.7,https://docs.netwrix.com/docs/auditor/10_7/configuration/fileservers/qumulo/permissions,docs/auditor/10.7/configuration/fileservers/qumulo/permissions.md,,,,,,
Qumulo Ports,10.7,https://docs.netwrix.com/docs/auditor/10_7/configuration/fileservers/qumulo/ports,docs/auditor/10.7/configuration/fileservers/qumulo/ports.md,Covered by 10.8 — see docs/auditor/10.8/configuration/fileservers/qumulo/ports.md,,,,,
Configure Synology File Servers for Audit,10.7,https://docs.netwrix.com/docs/auditor/10_7/configuration/fileservers/synology/configure,docs/auditor/10.7/configuration/fileservers/synology/configure.md,Covered by 10.8 — see docs/auditor/10.8/configuration/fileservers/synology/configure.md,,,,,
Synology,10.7,https://docs.netwrix.com/docs/auditor/10_7/configuration/fileservers/synology/overview,docs/auditor/10.7/configuration/fileservers/synology/overview.md,Covered by 10.8 — see docs/auditor/10.8/configuration/fileservers/synology/overview.md,,,,,
Permissions for Synology Auditing,10.7,https://docs.netwrix.com/docs/auditor/10_7/configuration/fileservers/synology/permissions,docs/auditor/10.7/configuration/fileservers/synology/permissions.md,Covered by 10.8 — see docs/auditor/10.8/configuration/fileservers/synology/permissions.md,,,,,
Synology Ports,10.7,https://docs.netwrix.com/docs/auditor/10_7/configuration/fileservers/synology/ports,docs/auditor/10.7/configuration/fileservers/synology/ports.md,Covered by 10.8 — see docs/auditor/10.8/configuration/fileservers/synology/ports.md,,,,,
Configure Advanced Audit Policies,10.7,https://docs.netwrix.com/docs/auditor/10_7/configuration/fileservers/windows/advancedpolicy,docs/auditor/10.7/configuration/fileservers/windows/advancedpolicy.md,Covered by 10.8 — see docs/auditor/10.8/configuration/fileservers/windows/advancedpolicy.md,,,,,
Configure the Back up Files and Directories Policy,10.7,https://docs.netwrix.com/docs/auditor/10_7/configuration/fileservers/windows/configuration,docs/auditor/10.7/configuration/fileservers/windows/configuration.md,Covered by 10.8 — see docs/auditor/10.8/configuration/fileservers/windows/configuration.md,,,,,
Configure Event Log Size and Retention Settings,10.7,https://docs.netwrix.com/docs/auditor/10_7/configuration/fileservers/windows/eventlog,docs/auditor/10.7/configuration/fileservers/windows/eventlog.md,,,,,,
Configure Local Audit Policies,10.7,https://docs.netwrix.com/docs/auditor/10_7/configuration/fileservers/windows/localpolicy,docs/auditor/10.7/configuration/fileservers/windows/localpolicy.md,Covered by 10.8 — see docs/auditor/10.8/configuration/fileservers/windows/localpolicy.md,,,,,
Configure Object-Level Access Auditing,10.7,https://docs.netwrix.com/docs/auditor/10_7/configuration/fileservers/windows/objectlevel,docs/auditor/10.7/configuration/fileservers/windows/objectlevel.md,,,,,,
Windows File Servers,10.7,https://docs.netwrix.com/docs/auditor/10_7/configuration/fileservers/windows/overview,docs/auditor/10.7/configuration/fileservers/windows/overview.md,Covered by 10.8 — see docs/auditor/10.8/configuration/fileservers/windows/overview.md,,,,,
Permissions for Windows File Server Auditing,10.7,https://docs.netwrix.com/docs/auditor/10_7/configuration/fileservers/windows/permissions,docs/auditor/10.7/configuration/fileservers/windows/permissions.md,,,,,,
Windows File Server Ports,10.7,https://docs.netwrix.com/docs/auditor/10_7/configuration/fileservers/windows/ports,docs/auditor/10.7/configuration/fileservers/windows/ports.md,Covered by 10.8 — see docs/auditor/10.8/configuration/fileservers/windows/ports.md,,,,,
Enable Remote Registry Service,10.7,https://docs.netwrix.com/docs/auditor/10_7/configuration/fileservers/windows/remoteregistryservice,docs/auditor/10.7/configuration/fileservers/windows/remoteregistryservice.md,Covered by 10.8 — see docs/auditor/10.8/configuration/fileservers/windows/remoteregistryservice.md,,,,,
Group Policy,10.7,https://docs.netwrix.com/docs/auditor/10_7/configuration/grouppolicy/overview,docs/auditor/10.7/configuration/grouppolicy/overview.md,,,,,,
Permissions for Group Policy Auditing,10.7,https://docs.netwrix.com/docs/auditor/10_7/configuration/grouppolicy/permissions,docs/auditor/10.7/configuration/grouppolicy/permissions.md,,,,,,
Group Policy Ports,10.7,https://docs.netwrix.com/docs/auditor/10_7/configuration/grouppolicy/ports,docs/auditor/10.7/configuration/grouppolicy/ports.md,Covered by 10.8 — see docs/auditor/10.8/configuration/grouppolicy/ports.md,,,,,
Group Policy Registry Keys,10.7,https://docs.netwrix.com/docs/auditor/10_7/configuration/grouppolicy/registrykey,docs/auditor/10.7/configuration/grouppolicy/registrykey.md,Covered by 10.8 — see docs/auditor/10.8/configuration/grouppolicy/registrykey.md,,,,,
Configure Advanced Audit Policies,10.7,https://docs.netwrix.com/docs/auditor/10_7/configuration/logonactivity/advancedpolicy,docs/auditor/10.7/configuration/logonactivity/advancedpolicy.md,Covered by 10.8 — see docs/auditor/10.8/configuration/logonactivity/advancedpolicy.md,,,,,
Configure Basic Domain Audit Policies,10.7,https://docs.netwrix.com/docs/auditor/10_7/configuration/logonactivity/basicpolicy,docs/auditor/10.7/configuration/logonactivity/basicpolicy.md,Covered by 10.8 — see docs/auditor/10.8/configuration/logonactivity/basicpolicy.md,,,,,
Logon Activity,10.7,https://docs.netwrix.com/docs/auditor/10_7/configuration/logonactivity/overview,docs/auditor/10.7/configuration/logonactivity/overview.md,Covered by 10.8 — see docs/auditor/10.8/configuration/logonactivity/overview.md,,,,,
Permissions for Logon Activity Auditing,10.7,https://docs.netwrix.com/docs/auditor/10_7/configuration/logonactivity/permissions,docs/auditor/10.7/configuration/logonactivity/permissions.md,,,,,,
Logon Activity Ports,10.7,https://docs.netwrix.com/docs/auditor/10_7/configuration/logonactivity/ports,docs/auditor/10.7/configuration/logonactivity/ports.md,Covered by 10.8 — see docs/auditor/10.8/configuration/logonactivity/ports.md,,,,,
Configure Security Event Log Size and Retention Settings,10.7,https://docs.netwrix.com/docs/auditor/10_7/configuration/logonactivity/securityeventlog,docs/auditor/10.7/configuration/logonactivity/securityeventlog.md,Covered by 10.8 — see docs/auditor/10.8/configuration/logonactivity/securityeventlog.md,,,,,
Assigning Application Permissions Using Manifest,10.7,https://docs.netwrix.com/docs/auditor/10_7/configuration/microsoft365/exchangeonline/modernauth/manifest,docs/auditor/10.7/configuration/microsoft365/exchangeonline/modernauth/manifest.md,,,,,,
Configure Exchange Online State-in-Time Modern Authentication Manually,10.7,https://docs.netwrix.com/docs/auditor/10_7/configuration/microsoft365/exchangeonline/modernauth/manualconfig,docs/auditor/10.7/configuration/microsoft365/exchangeonline/modernauth/manualconfig.md,,,,,,
Access Exchange Online Using Modern Authentication,10.7,https://docs.netwrix.com/docs/auditor/10_7/configuration/microsoft365/exchangeonline/modernauth,docs/auditor/10.7/configuration/microsoft365/exchangeonline/modernauth/modernauth.md,,,,,,
Exchange Online,10.7,https://docs.netwrix.com/docs/auditor/10_7/configuration/microsoft365/exchangeonline/overview,docs/auditor/10.7/configuration/microsoft365/exchangeonline/overview.md,,,,,,
Permissions for Exchange Online Auditing,10.7,https://docs.netwrix.com/docs/auditor/10_7/configuration/microsoft365/exchangeonline/permissions,docs/auditor/10.7/configuration/microsoft365/exchangeonline/permissions.md,,,,,,
Exchange Online Ports,10.7,https://docs.netwrix.com/docs/auditor/10_7/configuration/microsoft365/exchangeonline/ports,docs/auditor/10.7/configuration/microsoft365/exchangeonline/ports.md,Covered by 10.8 — see docs/auditor/10.8/configuration/microsoft365/exchangeonline/ports.md,,,,,
Microsoft Entra ID,10.7,https://docs.netwrix.com/docs/auditor/10_7/configuration/microsoft365/microsoftentraid/overview,docs/auditor/10.7/configuration/microsoft365/microsoftentraid/overview.md,,,,,,
Using Basic Authentication with Microsoft Entra ID,10.7,https://docs.netwrix.com/docs/auditor/10_7/configuration/microsoft365/microsoftentraid/permissions/basicauth,docs/auditor/10.7/configuration/microsoft365/microsoftentraid/permissions/basicauth.md,Covered by 10.8 — see docs/auditor/10.8/configuration/microsoft365/microsoftentraid/permissions/basicauth.md,,,,,
Assign Application Permissions Using Manifest,10.7,https://docs.netwrix.com/docs/auditor/10_7/configuration/microsoft365/microsoftentraid/permissions/modernauth/manifest,docs/auditor/10.7/configuration/microsoft365/microsoftentraid/permissions/modernauth/manifest.md,,,,,,
Using Modern Authentication with Microsoft Entra ID,10.7,https://docs.netwrix.com/docs/auditor/10_7/configuration/microsoft365/microsoftentraid/permissions/modernauth,docs/auditor/10.7/configuration/microsoft365/microsoftentraid/permissions/modernauth/modernauth.md,,,,,,
Permissions for Microsoft Entra ID Auditing,10.7,https://docs.netwrix.com/docs/auditor/10_7/configuration/microsoft365/microsoftentraid/permissions,docs/auditor/10.7/configuration/microsoft365/microsoftentraid/permissions/permissions.md,,,,,,
Microsoft Entra ID Ports,10.7,https://docs.netwrix.com/docs/auditor/10_7/configuration/microsoft365/microsoftentraid/ports,docs/auditor/10.7/configuration/microsoft365/microsoftentraid/ports.md,Covered by 10.8 — see docs/auditor/10.8/configuration/microsoft365/microsoftentraid/ports.md,,,,,
Microsoft 365,10.7,https://docs.netwrix.com/docs/auditor/10_7/configuration/microsoft365/overview,docs/auditor/10.7/configuration/microsoft365/overview.md,Covered by 10.8 — see docs/auditor/10.8/configuration/microsoft365/overview.md,,,,,
SharePoint Online,10.7,https://docs.netwrix.com/docs/auditor/10_7/configuration/microsoft365/sharepointonline/overview,docs/auditor/10.7/configuration/microsoft365/sharepointonline/overview.md,Covered by 10.8 — see docs/auditor/10.8/configuration/microsoft365/sharepointonline/overview.md,,,,,
Using Basic Authentication with SharePoint Online,10.7,https://docs.netwrix.com/docs/auditor/10_7/configuration/microsoft365/sharepointonline/permissions/basicauth,docs/auditor/10.7/configuration/microsoft365/sharepointonline/permissions/basicauth.md,Covered by 10.8 — see docs/auditor/10.8/configuration/microsoft365/sharepointonline/permissions/basicauth.md,,,,,
Assigning Application Permissions Using Manifest,10.7,https://docs.netwrix.com/docs/auditor/10_7/configuration/microsoft365/sharepointonline/permissions/modernauth/manifest,docs/auditor/10.7/configuration/microsoft365/sharepointonline/permissions/modernauth/manifest.md,,,,,,
Using Modern Authentication with SharePoint Online,10.7,https://docs.netwrix.com/docs/auditor/10_7/configuration/microsoft365/sharepointonline/permissions/modernauth,docs/auditor/10.7/configuration/microsoft365/sharepointonline/permissions/modernauth/modernauth.md,Covered by 10.8 — see docs/auditor/10.8/configuration/microsoft365/sharepointonline/permissions/modernauth/modernauth.md,,,,,
Permissions for SharePoint Online Auditing,10.7,https://docs.netwrix.com/docs/auditor/10_7/configuration/microsoft365/sharepointonline/permissions,docs/auditor/10.7/configuration/microsoft365/sharepointonline/permissions/permissions.md,,,,,,
SharePoint Online Ports,10.7,https://docs.netwrix.com/docs/auditor/10_7/configuration/microsoft365/sharepointonline/ports,docs/auditor/10.7/configuration/microsoft365/sharepointonline/ports.md,,,,,,
MS Teams,10.7,https://docs.netwrix.com/docs/auditor/10_7/configuration/microsoft365/teams/overview,docs/auditor/10.7/configuration/microsoft365/teams/overview.md,Covered by 10.8 — see docs/auditor/10.8/configuration/microsoft365/teams/overview.md,,,,,
Using Basic Authentication with MS Teams,10.7,https://docs.netwrix.com/docs/auditor/10_7/configuration/microsoft365/teams/permissions/basicauth,docs/auditor/10.7/configuration/microsoft365/teams/permissions/basicauth.md,Covered by 10.8 — see docs/auditor/10.8/configuration/microsoft365/teams/permissions/basicauth.md,,,,,
Assign Application Permissions Using Manifest,10.7,https://docs.netwrix.com/docs/auditor/10_7/configuration/microsoft365/teams/permissions/modernauth/manifest,docs/auditor/10.7/configuration/microsoft365/teams/permissions/modernauth/manifest.md,,,,,,
Using Modern Authentication with MS Teams,10.7,https://docs.netwrix.com/docs/auditor/10_7/configuration/microsoft365/teams/permissions/modernauth,docs/auditor/10.7/configuration/microsoft365/teams/permissions/modernauth/modernauth.md,Covered by 10.8 — see docs/auditor/10.8/configuration/microsoft365/teams/permissions/modernauth/modernauth.md,,,,,
Permissions for Teams Auditing,10.7,https://docs.netwrix.com/docs/auditor/10_7/configuration/microsoft365/teams/permissions,docs/auditor/10.7/configuration/microsoft365/teams/permissions/permissions.md,,,,,,
Teams Ports,10.7,https://docs.netwrix.com/docs/auditor/10_7/configuration/microsoft365/teams/ports,docs/auditor/10.7/configuration/microsoft365/teams/ports.md,Covered by 10.8 — see docs/auditor/10.8/configuration/microsoft365/teams/ports.md,,,,,
Configure Cisco ASA Devices,10.7,https://docs.netwrix.com/docs/auditor/10_7/configuration/networkdevices/ciscoasa,docs/auditor/10.7/configuration/networkdevices/ciscoasa.md,Covered by 10.8 — see docs/auditor/10.8/configuration/networkdevices/ciscoasa.md,,,,,
Configure Cisco IOS Devices,10.7,https://docs.netwrix.com/docs/auditor/10_7/configuration/networkdevices/ciscoios,docs/auditor/10.7/configuration/networkdevices/ciscoios.md,Covered by 10.8 — see docs/auditor/10.8/configuration/networkdevices/ciscoios.md,,,,,
Cisco Meraki Dashboard,10.7,https://docs.netwrix.com/docs/auditor/10_7/configuration/networkdevices/ciscomerakidashboard,docs/auditor/10.7/configuration/networkdevices/ciscomerakidashboard.md,Covered by 10.8 — see docs/auditor/10.8/configuration/networkdevices/ciscomerakidashboard.md,,,,,
Configure Cisco Meraki Devices,10.7,https://docs.netwrix.com/docs/auditor/10_7/configuration/networkdevices/ciscomerakidevices,docs/auditor/10.7/configuration/networkdevices/ciscomerakidevices.md,,,,,,
Configure Fortinet FortiGate Devices,10.7,https://docs.netwrix.com/docs/auditor/10_7/configuration/networkdevices/fortinetfortigate,docs/auditor/10.7/configuration/networkdevices/fortinetfortigate.md,Covered by 10.8 — see docs/auditor/10.8/configuration/networkdevices/fortinetfortigate.md,,,,,
Configure HPE Aruba Devices,10.7,https://docs.netwrix.com/docs/auditor/10_7/configuration/networkdevices/hpearuba,docs/auditor/10.7/configuration/networkdevices/hpearuba.md,,,,,,
Configure Juniper Devices,10.7,https://docs.netwrix.com/docs/auditor/10_7/configuration/networkdevices/juniper,docs/auditor/10.7/configuration/networkdevices/juniper.md,Covered by 10.8 — see docs/auditor/10.8/configuration/networkdevices/juniper.md,,,,,
Network Devices,10.7,https://docs.netwrix.com/docs/auditor/10_7/configuration/networkdevices/overview,docs/auditor/10.7/configuration/networkdevices/overview.md,Covered by 10.8 — see docs/auditor/10.8/configuration/networkdevices/overview.md,,,,,
Configure PaloAlto Devices,10.7,https://docs.netwrix.com/docs/auditor/10_7/configuration/networkdevices/paloalto,docs/auditor/10.7/configuration/networkdevices/paloalto.md,Covered by 10.8 — see docs/auditor/10.8/configuration/networkdevices/paloalto.md,,,,,
Permissions for Network Devices Auditing,10.7,https://docs.netwrix.com/docs/auditor/10_7/configuration/networkdevices/permissions,docs/auditor/10.7/configuration/networkdevices/permissions.md,Covered by 10.8 — see docs/auditor/10.8/configuration/networkdevices/permissions.md,,,,,
Network Devices Ports,10.7,https://docs.netwrix.com/docs/auditor/10_7/configuration/networkdevices/ports,docs/auditor/10.7/configuration/networkdevices/ports.md,Covered by 10.8 — see docs/auditor/10.8/configuration/networkdevices/ports.md,,,,,
Configure Pulse Secure Devices,10.7,https://docs.netwrix.com/docs/auditor/10_7/configuration/networkdevices/pulsesecure,docs/auditor/10.7/configuration/networkdevices/pulsesecure.md,,,,,,
Configure SonicWall Devices,10.7,https://docs.netwrix.com/docs/auditor/10_7/configuration/networkdevices/sonicwall,docs/auditor/10.7/configuration/networkdevices/sonicwall.md,Covered by 10.8 — see docs/auditor/10.8/configuration/networkdevices/sonicwall.md,,,,,
Configure Oracle Database for Auditing,10.7,https://docs.netwrix.com/docs/auditor/10_7/configuration/oracle/database,docs/auditor/10.7/configuration/oracle/database.md,,,,,,
Configure Fine Grained Auditing,10.7,https://docs.netwrix.com/docs/auditor/10_7/configuration/oracle/finegained,docs/auditor/10.7/configuration/oracle/finegained.md,Covered by 10.8 — see docs/auditor/10.8/configuration/oracle/finegained.md,,,,,
Oracle Database,10.7,https://docs.netwrix.com/docs/auditor/10_7/configuration/oracle/overview,docs/auditor/10.7/configuration/oracle/overview.md,,,,,,
Permissions for Oracle Database Auditing,10.7,https://docs.netwrix.com/docs/auditor/10_7/configuration/oracle/permissions,docs/auditor/10.7/configuration/oracle/permissions.md,Covered by 10.8 — see docs/auditor/10.8/configuration/oracle/permissions.md,,,,,
Oracle Database Ports,10.7,https://docs.netwrix.com/docs/auditor/10_7/configuration/oracle/ports,docs/auditor/10.7/configuration/oracle/ports.md,Covered by 10.8 — see docs/auditor/10.8/configuration/oracle/ports.md,,,,,
Migrate to Unified Audit,10.7,https://docs.netwrix.com/docs/auditor/10_7/configuration/oracle/unified,docs/auditor/10.7/configuration/oracle/unified.md,Covered by 10.8 — see docs/auditor/10.8/configuration/oracle/unified.md,,,,,
Verify Your Oracle Database Audit Settings,10.7,https://docs.netwrix.com/docs/auditor/10_7/configuration/oracle/verifysettings,docs/auditor/10.7/configuration/oracle/verifysettings.md,Covered by 10.8 — see docs/auditor/10.8/configuration/oracle/verifysettings.md,,,,,
Create and Configure Oracle Wallet,10.7,https://docs.netwrix.com/docs/auditor/10_7/configuration/oracle/wallet,docs/auditor/10.7/configuration/oracle/wallet.md,Covered by 10.8 — see docs/auditor/10.8/configuration/oracle/wallet.md,,,,,
Data Source Configuration,10.7,https://docs.netwrix.com/docs/auditor/10_7/configuration/overview,docs/auditor/10.7/configuration/overview.md,,,,,,
SharePoint,10.7,https://docs.netwrix.com/docs/auditor/10_7/configuration/sharepoint/overview,docs/auditor/10.7/configuration/sharepoint/overview.md,Covered by 10.8 — see docs/auditor/10.8/configuration/sharepoint/overview.md,,,,,
Permissions for SharePoint Auditing,10.7,https://docs.netwrix.com/docs/auditor/10_7/configuration/sharepoint/permissions,docs/auditor/10.7/configuration/sharepoint/permissions.md,Covered by 10.8 — see docs/auditor/10.8/configuration/sharepoint/permissions.md,,,,,
SharePoint Ports,10.7,https://docs.netwrix.com/docs/auditor/10_7/configuration/sharepoint/ports,docs/auditor/10.7/configuration/sharepoint/ports.md,Covered by 10.8 — see docs/auditor/10.8/configuration/sharepoint/ports.md,,,,,
Configuring Trace Logging,10.7,https://docs.netwrix.com/docs/auditor/10_7/configuration/sqlserver/configuringtracelogging,docs/auditor/10.7/configuration/sqlserver/configuringtracelogging.md,Covered by 10.8 — see docs/auditor/10.8/configuration/sqlserver/configuringtracelogging.md,,,,,
SQL Server,10.7,https://docs.netwrix.com/docs/auditor/10_7/configuration/sqlserver/overview,docs/auditor/10.7/configuration/sqlserver/overview.md,Covered by 10.8 — see docs/auditor/10.8/configuration/sqlserver/overview.md,,,,,
Permissions for SQL Server Auditing,10.7,https://docs.netwrix.com/docs/auditor/10_7/configuration/sqlserver/permissions,docs/auditor/10.7/configuration/sqlserver/permissions.md,Covered by 10.8 — see docs/auditor/10.8/configuration/sqlserver/permissions.md,,,,,
SQL Server Ports,10.7,https://docs.netwrix.com/docs/auditor/10_7/configuration/sqlserver/ports,docs/auditor/10.7/configuration/sqlserver/ports.md,Covered by 10.8 — see docs/auditor/10.8/configuration/sqlserver/ports.md,,,,,
Configure Data Collection Settings,10.7,https://docs.netwrix.com/docs/auditor/10_7/configuration/useractivity/datacollection,docs/auditor/10.7/configuration/useractivity/datacollection.md,Covered by 10.8 — see docs/auditor/10.8/configuration/useractivity/datacollection.md,,,,,
User Activity,10.7,https://docs.netwrix.com/docs/auditor/10_7/configuration/useractivity/overview,docs/auditor/10.7/configuration/useractivity/overview.md,,,,,,
User Activity Ports,10.7,https://docs.netwrix.com/docs/auditor/10_7/configuration/useractivity/ports,docs/auditor/10.7/configuration/useractivity/ports.md,Covered by 10.8 — see docs/auditor/10.8/configuration/useractivity/ports.md,,,,,
Configure Video Recordings Playback Settings,10.7,https://docs.netwrix.com/docs/auditor/10_7/configuration/useractivity/videorecordings,docs/auditor/10.7/configuration/useractivity/videorecordings.md,,,,,,
VMware,10.7,https://docs.netwrix.com/docs/auditor/10_7/configuration/vmware/overview,docs/auditor/10.7/configuration/vmware/overview.md,Covered by 10.8 — see docs/auditor/10.8/configuration/vmware/overview.md,,,,,
Permissions for VMware Server Auditing,10.7,https://docs.netwrix.com/docs/auditor/10_7/configuration/vmware/permissions,docs/auditor/10.7/configuration/vmware/permissions.md,,,,,,
VMware Ports,10.7,https://docs.netwrix.com/docs/auditor/10_7/configuration/vmware/ports,docs/auditor/10.7/configuration/vmware/ports.md,Covered by 10.8 — see docs/auditor/10.8/configuration/vmware/ports.md,,,,,
Configure Advanced Audit Policies,10.7,https://docs.netwrix.com/docs/auditor/10_7/configuration/windowsserver/advancedpolicy,docs/auditor/10.7/configuration/windowsserver/advancedpolicy.md,Covered by 10.8 — see docs/auditor/10.8/configuration/windowsserver/advancedpolicy.md,,,,,
Adjust DHCP Server Operational Log Settings,10.7,https://docs.netwrix.com/docs/auditor/10_7/configuration/windowsserver/dhcp,docs/auditor/10.7/configuration/windowsserver/dhcp.md,,,,,,
Adjusting Event Log Size and Retention Settings,10.7,https://docs.netwrix.com/docs/auditor/10_7/configuration/windowsserver/eventlog,docs/auditor/10.7/configuration/windowsserver/eventlog.md,,,,,,
Internet Information Services (IIS),10.7,https://docs.netwrix.com/docs/auditor/10_7/configuration/windowsserver/iis,docs/auditor/10.7/configuration/windowsserver/iis.md,,,,,,
Configure Local Audit Policies,10.7,https://docs.netwrix.com/docs/auditor/10_7/configuration/windowsserver/localpolicy,docs/auditor/10.7/configuration/windowsserver/localpolicy.md,Covered by 10.8 — see docs/auditor/10.8/configuration/windowsserver/localpolicy.md,,,,,
Windows Server,10.7,https://docs.netwrix.com/docs/auditor/10_7/configuration/windowsserver/overview,docs/auditor/10.7/configuration/windowsserver/overview.md,,,,,,
Permissions for Windows Server Auditing,10.7,https://docs.netwrix.com/docs/auditor/10_7/configuration/windowsserver/permissions,docs/auditor/10.7/configuration/windowsserver/permissions.md,,,,,,
Configure Enable Persistent Time Stamp Policy,10.7,https://docs.netwrix.com/docs/auditor/10_7/configuration/windowsserver/persistenttimestamp,docs/auditor/10.7/configuration/windowsserver/persistenttimestamp.md,,,,,,
Windows Server Ports,10.7,https://docs.netwrix.com/docs/auditor/10_7/configuration/windowsserver/ports,docs/auditor/10.7/configuration/windowsserver/ports.md,Covered by 10.8 — see docs/auditor/10.8/configuration/windowsserver/ports.md,,,,,
Windows Server Registry Keys,10.7,https://docs.netwrix.com/docs/auditor/10_7/configuration/windowsserver/registrykey,docs/auditor/10.7/configuration/windowsserver/registrykey.md,Covered by 10.8 — see docs/auditor/10.8/configuration/windowsserver/registrykey.md,,,,,
Enable Remote Registry and Windows Management Instrumentation Services,10.7,https://docs.netwrix.com/docs/auditor/10_7/configuration/windowsserver/remoteregistry,docs/auditor/10.7/configuration/windowsserver/remoteregistry.md,Covered by 10.8 — see docs/auditor/10.8/configuration/windowsserver/remoteregistry.md,,,,,
Configure Removable Storage Media for Monitoring,10.7,https://docs.netwrix.com/docs/auditor/10_7/configuration/windowsserver/removablestorage,docs/auditor/10.7/configuration/windowsserver/removablestorage.md,,,,,,
Configure Windows Registry Audit Settings,10.7,https://docs.netwrix.com/docs/auditor/10_7/configuration/windowsserver/windowsregistry,docs/auditor/10.7/configuration/windowsserver/windowsregistry.md,,,,,,
Netwrix Auditor v10.7 Documentation,10.7,https://docs.netwrix.com/docs/auditor/10_7,docs/auditor/10.7/index.md,,,,,,
Automate Sign-in to the Client,10.7,https://docs.netwrix.com/docs/auditor/10_7/install/automatelogin,docs/auditor/10.7/install/automatelogin.md,Covered by 10.8 — see docs/auditor/10.8/install/automatelogin.md,,,,,
First Launch,10.7,https://docs.netwrix.com/docs/auditor/10_7/install/firstlaunch,docs/auditor/10.7/install/firstlaunch.md,Covered by 10.8 — see docs/auditor/10.8/install/firstlaunch.md,,,,,
Installation,10.7,https://docs.netwrix.com/docs/auditor/10_7/install/overview,docs/auditor/10.7/install/overview.md,Covered by 10.8 — see docs/auditor/10.8/install/overview.md,,,,,
Install for SharePoint Core Service,10.7,https://docs.netwrix.com/docs/auditor/10_7/install/sharepointcoreservice,docs/auditor/10.7/install/sharepointcoreservice.md,Covered by 10.8 — see docs/auditor/10.8/install/sharepointcoreservice.md,,,,,
Install in Silent Mode,10.7,https://docs.netwrix.com/docs/auditor/10_7/install/silentmode,docs/auditor/10.7/install/silentmode.md,Covered by 10.8 — see docs/auditor/10.8/install/silentmode.md,,,,,
Uninstall Netwrix Auditor,10.7,https://docs.netwrix.com/docs/auditor/10_7/install/uninstall,docs/auditor/10.7/install/uninstall.md,Covered by 10.8 — see docs/auditor/10.8/install/uninstall.md,,,,,
Upgrade to the Latest Version,10.7,https://docs.netwrix.com/docs/auditor/10_7/install/upgrade,docs/auditor/10.7/install/upgrade.md,,,,,,
Install for User Activity Core Service,10.7,https://docs.netwrix.com/docs/auditor/10_7/install/useractivitycoreservice,docs/auditor/10.7/install/useractivitycoreservice.md,Covered by 10.8 — see docs/auditor/10.8/install/useractivitycoreservice.md,,,,,
Install Client via Group Policy,10.7,https://docs.netwrix.com/docs/auditor/10_7/install/viagrouppolicy,docs/auditor/10.7/install/viagrouppolicy.md,,,,,,
Configure Virtual Appliance,10.7,https://docs.netwrix.com/docs/auditor/10_7/install/virtualappliance/configure,docs/auditor/10.7/install/virtualappliance/configure.md,Covered by 10.8 — see docs/auditor/10.8/install/virtualappliance/configure.md,,,,,
Import Virtual Machine from Image to Hyper-V,10.7,https://docs.netwrix.com/docs/auditor/10_7/install/virtualappliance/importhyperv,docs/auditor/10.7/install/virtualappliance/importhyperv.md,Covered by 10.8 — see docs/auditor/10.8/install/virtualappliance/importhyperv.md,,,,,
Import Virtual Machine from Image to VMware,10.7,https://docs.netwrix.com/docs/auditor/10_7/install/virtualappliance/importvmware,docs/auditor/10.7/install/virtualappliance/importvmware.md,Covered by 10.8 — see docs/auditor/10.8/install/virtualappliance/importvmware.md,,,,,
Virtual Deployment Overview,10.7,https://docs.netwrix.com/docs/auditor/10_7/install/virtualappliance/overview,docs/auditor/10.7/install/virtualappliance/overview.md,Covered by 10.8 — see docs/auditor/10.8/install/virtualappliance/overview.md,,,,,
Getting Started,10.7,https://docs.netwrix.com/docs/auditor/10_7/overview/gettingstarted,docs/auditor/10.7/overview/gettingstarted.md,,,,,,
Product Editions,10.7,https://docs.netwrix.com/docs/auditor/10_7/overview/producteditions,docs/auditor/10.7/overview/producteditions.md,Covered by 10.8 — see docs/auditor/10.8/overview/producteditions.md,,,,,
What's New,10.7,https://docs.netwrix.com/docs/auditor/10_7/overview/whatsnew,docs/auditor/10.7/overview/whatsnew.md,,,,,,
Hardware Requirements,10.7,https://docs.netwrix.com/docs/auditor/10_7/requirements/console,docs/auditor/10.7/requirements/console.md,,,,,,
Sample Deployment Scenarios,10.7,https://docs.netwrix.com/docs/auditor/10_7/requirements/deploymentscenarios,docs/auditor/10.7/requirements/deploymentscenarios.md,,,,,,
Use Group Managed Service Account (gMSA),10.7,https://docs.netwrix.com/docs/auditor/10_7/requirements/gmsa,docs/auditor/10.7/requirements/gmsa.md,,,,,,
File-Based Repository for Long-Term Archive,10.7,https://docs.netwrix.com/docs/auditor/10_7/requirements/longtermarchive,docs/auditor/10.7/requirements/longtermarchive.md,Covered by 10.8 — see docs/auditor/10.8/requirements/longtermarchive.md,,,,,
Requirements,10.7,https://docs.netwrix.com/docs/auditor/10_7/requirements/overview,docs/auditor/10.7/requirements/overview.md,,,,,,
Protocols and Ports Required,10.7,https://docs.netwrix.com/docs/auditor/10_7/requirements/ports,docs/auditor/10.7/requirements/ports.md,,,,,,
Configure Netwrix Auditor Service Accounts,10.7,https://docs.netwrix.com/docs/auditor/10_7/requirements/serviceaccount,docs/auditor/10.7/requirements/serviceaccount.md,Covered by 10.8 — see docs/auditor/10.8/requirements/serviceaccount.md,,,,,
Software Requirements,10.7,https://docs.netwrix.com/docs/auditor/10_7/requirements/software,docs/auditor/10.7/requirements/software.md,,,,,,
Requirements for SQL Server to Store Audit Data,10.7,https://docs.netwrix.com/docs/auditor/10_7/requirements/sqlserver,docs/auditor/10.7/requirements/sqlserver.md,,,,,,
SQL Server Reporting Services,10.7,https://docs.netwrix.com/docs/auditor/10_7/requirements/sqlserverreportingservice,docs/auditor/10.7/requirements/sqlserverreportingservice.md,,,,,,
"Monitored Object Types, Actions, and Attributes",10.7,https://docs.netwrix.com/docs/auditor/10_7/requirements/supporteddatasources/monitoredobjecttypes,docs/auditor/10.7/requirements/supporteddatasources/monitoredobjecttypes.md,Covered by 10.8 — see docs/auditor/10.8/requirements/supporteddatasources/monitoredobjecttypes.md,,,,,
Supported Data Sources,10.7,https://docs.netwrix.com/docs/auditor/10_7/requirements/supporteddatasources,docs/auditor/10.7/requirements/supporteddatasources/supporteddatasources.md,,,,,,
Working Folder,10.7,https://docs.netwrix.com/docs/auditor/10_7/requirements/workingfolder,docs/auditor/10.7/requirements/workingfolder.md,Covered by 10.8 — see docs/auditor/10.8/requirements/workingfolder.md,,,,,
Audit Configuration Assistant,10.7,https://docs.netwrix.com/docs/auditor/10_7/tools/auditconfigurationassistant,docs/auditor/10.7/tools/auditconfigurationassistant.md,Covered by 10.8 — see docs/auditor/10.8/tools/auditconfigurationassistant.md,,,,,
Event Log,10.7,https://docs.netwrix.com/docs/auditor/10_7/tools/eventlogmanager/eventlog,docs/auditor/10.7/tools/eventlogmanager/eventlog.md,Covered by 10.8 — see docs/auditor/10.8/tools/eventlogmanager/eventlog.md,,,,,
Event Log Manager,10.7,https://docs.netwrix.com/docs/auditor/10_7/tools/eventlogmanager,docs/auditor/10.7/tools/eventlogmanager/eventlogmanager.md,,,,,,
Windows Event Logs,10.7,https://docs.netwrix.com/docs/auditor/10_7/tools/eventlogmanager/windowseventlogs,docs/auditor/10.7/tools/eventlogmanager/windowseventlogs.md,Covered by 10.8 — see docs/auditor/10.8/tools/eventlogmanager/windowseventlogs.md,,,,,
Inactive User Tracker,10.7,https://docs.netwrix.com/docs/auditor/10_7/tools/inactiveusertracker,docs/auditor/10.7/tools/inactiveusertracker.md,,,,,,
Object Restore for Active Directory,10.7,https://docs.netwrix.com/docs/auditor/10_7/tools/objectrestoread,docs/auditor/10.7/tools/objectrestoread.md,,,,,,
Tools,10.7,https://docs.netwrix.com/docs/auditor/10_7/tools/overview,docs/auditor/10.7/tools/overview.md,Covered by 10.8 — see docs/auditor/10.8/tools/overview.md,,,,,
Password Expiration Monitoring Scope,10.7,https://docs.netwrix.com/docs/auditor/10_7/tools/passwordexpirationnotifier/monitoringscope,docs/auditor/10.7/tools/passwordexpirationnotifier/monitoringscope.md,Covered by 10.8 — see docs/auditor/10.8/tools/passwordexpirationnotifier/monitoringscope.md,,,,,
Password Expiration Notifier,10.7,https://docs.netwrix.com/docs/auditor/10_7/tools/passwordexpirationnotifier/overview,docs/auditor/10.7/tools/passwordexpirationnotifier/overview.md,,,,,,
Password Expiration Notifier Ports,10.7,https://docs.netwrix.com/docs/auditor/10_7/tools/passwordexpirationnotifier/ports,docs/auditor/10.7/tools/passwordexpirationnotifier/ports.md,,,,,,
Access Reviews,10.8,https://docs.netwrix.com/docs/auditor/10_8/accessreviews,docs/auditor/10.8/accessreviews/accessreviews.md,,,,,,
Email Templates,10.8,https://docs.netwrix.com/docs/auditor/10_8/accessreviews/admin/additionalconfig/emailtemplates,docs/auditor/10.8/accessreviews/admin/additionalconfig/emailtemplates.md,,,,,,
Additional Configuration Options,10.8,https://docs.netwrix.com/docs/auditor/10_8/accessreviews/admin/additionalconfig/overview,docs/auditor/10.8/accessreviews/admin/additionalconfig/overview.md,,,,,,
Timeout Parameter,10.8,https://docs.netwrix.com/docs/auditor/10_8/accessreviews/admin/additionalconfig/timeoutparameter,docs/auditor/10.8/accessreviews/admin/additionalconfig/timeoutparameter.md,,,,,,
Active Directory Page,10.8,https://docs.netwrix.com/docs/auditor/10_8/accessreviews/admin/configuration/activedirectory,docs/auditor/10.8/accessreviews/admin/configuration/activedirectory.md,,,,,,
Console Access Page,10.8,https://docs.netwrix.com/docs/auditor/10_8/accessreviews/admin/configuration/consoleaccess,docs/auditor/10.8/accessreviews/admin/configuration/consoleaccess.md,,,,,,
Database Page,10.8,https://docs.netwrix.com/docs/auditor/10_8/accessreviews/admin/configuration/database,docs/auditor/10.8/accessreviews/admin/configuration/database.md,,,,,,
Diagnostics Page,10.8,https://docs.netwrix.com/docs/auditor/10_8/accessreviews/admin/configuration/diagnostics,docs/auditor/10.8/accessreviews/admin/configuration/diagnostics.md,,,,,,
Notifications Page,10.8,https://docs.netwrix.com/docs/auditor/10_8/accessreviews/admin/configuration/notifications,docs/auditor/10.8/accessreviews/admin/configuration/notifications.md,,,,,,
Configuration Interface Overview,10.8,https://docs.netwrix.com/docs/auditor/10_8/accessreviews/admin/configuration/overview,docs/auditor/10.8/accessreviews/admin/configuration/overview.md,,,,,,
First Launch,10.8,https://docs.netwrix.com/docs/auditor/10_8/accessreviews/admin/firstlaunch,docs/auditor/10.8/accessreviews/admin/firstlaunch.md,,,,,,
URL & Login,10.8,https://docs.netwrix.com/docs/auditor/10_8/accessreviews/admin/login,docs/auditor/10.8/accessreviews/admin/login.md,,,,,,
Data Grid Features,10.8,https://docs.netwrix.com/docs/auditor/10_8/accessreviews/admin/navigate/datagrid,docs/auditor/10.8/accessreviews/admin/navigate/datagrid.md,,,,,,
Edit Notes Window,10.8,https://docs.netwrix.com/docs/auditor/10_8/accessreviews/admin/navigate/editnotes,docs/auditor/10.8/accessreviews/admin/navigate/editnotes.md,,,,,,
Navigation,10.8,https://docs.netwrix.com/docs/auditor/10_8/accessreviews/admin/navigate,docs/auditor/10.8/accessreviews/admin/navigate/navigate.md,,,,,,
Administrator Overview,10.8,https://docs.netwrix.com/docs/auditor/10_8/accessreviews/admin/overview,docs/auditor/10.8/accessreviews/admin/overview.md,,,,,,
Update Credential Passwords,10.8,https://docs.netwrix.com/docs/auditor/10_8/accessreviews/admin/troubleshooting/credentialpasswords,docs/auditor/10.8/accessreviews/admin/troubleshooting/credentialpasswords.md,,,,,,
Change Log Level,10.8,https://docs.netwrix.com/docs/auditor/10_8/accessreviews/admin/troubleshooting/loglevel,docs/auditor/10.8/accessreviews/admin/troubleshooting/loglevel.md,,,,,,
Troubleshooting,10.8,https://docs.netwrix.com/docs/auditor/10_8/accessreviews/admin/troubleshooting/overview,docs/auditor/10.8/accessreviews/admin/troubleshooting/overview.md,,,,,,
Application Service Account,10.8,https://docs.netwrix.com/docs/auditor/10_8/accessreviews/admin/troubleshooting/serviceaccount,docs/auditor/10.8/accessreviews/admin/troubleshooting/serviceaccount.md,,,,,,
Approval Process,10.8,https://docs.netwrix.com/docs/auditor/10_8/accessreviews/entitlementreviews/approvalprocess,docs/auditor/10.8/accessreviews/entitlementreviews/approvalprocess/approvalprocess.md,,,,,,
Remove Changes Window,10.8,https://docs.netwrix.com/docs/auditor/10_8/accessreviews/entitlementreviews/approvalprocess/removechanges,docs/auditor/10.8/accessreviews/entitlementreviews/approvalprocess/removechanges.md,,,,,,
Create Review Wizard,10.8,https://docs.netwrix.com/docs/auditor/10_8/accessreviews/entitlementreviews/create,docs/auditor/10.8/accessreviews/entitlementreviews/create/create.md,,,,,,
Review Instances,10.8,https://docs.netwrix.com/docs/auditor/10_8/accessreviews/entitlementreviews/create/reviewinstances,docs/auditor/10.8/accessreviews/entitlementreviews/create/reviewinstances.md,,,,,,
Delete Review Window,10.8,https://docs.netwrix.com/docs/auditor/10_8/accessreviews/entitlementreviews/interface/deletereview,docs/auditor/10.8/accessreviews/entitlementreviews/interface/deletereview.md,,,,,,
Entitlement Reviews Interface,10.8,https://docs.netwrix.com/docs/auditor/10_8/accessreviews/entitlementreviews/interface,docs/auditor/10.8/accessreviews/entitlementreviews/interface/interface.md,,,,,,
Rename Review Window,10.8,https://docs.netwrix.com/docs/auditor/10_8/accessreviews/entitlementreviews/interface/renamereview,docs/auditor/10.8/accessreviews/entitlementreviews/interface/renamereview.md,,,,,,
Selected Resources Window,10.8,https://docs.netwrix.com/docs/auditor/10_8/accessreviews/entitlementreviews/interface/selectedresources,docs/auditor/10.8/accessreviews/entitlementreviews/interface/selectedresources.md,,,,,,
Send Reminders Window,10.8,https://docs.netwrix.com/docs/auditor/10_8/accessreviews/entitlementreviews/interface/sendreminders,docs/auditor/10.8/accessreviews/entitlementreviews/interface/sendreminders.md,,,,,,
Stop Review Window,10.8,https://docs.netwrix.com/docs/auditor/10_8/accessreviews/entitlementreviews/interface/stopreview,docs/auditor/10.8/accessreviews/entitlementreviews/interface/stopreview.md,,,,,,
View Responses Window,10.8,https://docs.netwrix.com/docs/auditor/10_8/accessreviews/entitlementreviews/interface/viewresponses,docs/auditor/10.8/accessreviews/entitlementreviews/interface/viewresponses.md,,,,,,
Reviews Overview,10.8,https://docs.netwrix.com/docs/auditor/10_8/accessreviews/entitlementreviews/overview,docs/auditor/10.8/accessreviews/entitlementreviews/overview.md,,,,,,
Select Data Sources,10.8,https://docs.netwrix.com/docs/auditor/10_8/accessreviews/installation/accessreviewsconfiguration,docs/auditor/10.8/accessreviews/installation/accessreviewsconfiguration.md,,,,,,
Install,10.8,https://docs.netwrix.com/docs/auditor/10_8/accessreviews/installation/install,docs/auditor/10.8/accessreviews/installation/install.md,,,,,,
Installation Overview,10.8,https://docs.netwrix.com/docs/auditor/10_8/accessreviews/installation/overview,docs/auditor/10.8/accessreviews/installation/overview.md,,,,,,
Secure Console Access,10.8,https://docs.netwrix.com/docs/auditor/10_8/accessreviews/installation/secure,docs/auditor/10.8/accessreviews/installation/secure.md,,,,,,
Upgrade Procedure,10.8,https://docs.netwrix.com/docs/auditor/10_8/accessreviews/installation/upgrade,docs/auditor/10.8/accessreviews/installation/upgrade.md,,,,,,
Ownership Confirmation Request Email,10.8,https://docs.netwrix.com/docs/auditor/10_8/accessreviews/owneroverview/confirmationrequest,docs/auditor/10.8/accessreviews/owneroverview/confirmationrequest.md,,,,,,
Owners & Access Reviews,10.8,https://docs.netwrix.com/docs/auditor/10_8/accessreviews/owneroverview,docs/auditor/10.8/accessreviews/owneroverview/owneroverview.md,,,,,,
Perform an Access Review,10.8,https://docs.netwrix.com/docs/auditor/10_8/accessreviews/owneroverview/pendingreviews/access,docs/auditor/10.8/accessreviews/owneroverview/pendingreviews/access.md,,,,,,
Group Membership Window,10.8,https://docs.netwrix.com/docs/auditor/10_8/accessreviews/owneroverview/pendingreviews/groupmembership,docs/auditor/10.8/accessreviews/owneroverview/pendingreviews/groupmembership.md,,,,,,
Perform a Membership Review,10.8,https://docs.netwrix.com/docs/auditor/10_8/accessreviews/owneroverview/pendingreviews/membership,docs/auditor/10.8/accessreviews/owneroverview/pendingreviews/membership.md,,,,,,
Pending Reviews,10.8,https://docs.netwrix.com/docs/auditor/10_8/accessreviews/owneroverview/pendingreviews,docs/auditor/10.8/accessreviews/owneroverview/pendingreviews/pendingreviews.md,,,,,,
Review History Page,10.8,https://docs.netwrix.com/docs/auditor/10_8/accessreviews/owneroverview/reviewhistory,docs/auditor/10.8/accessreviews/owneroverview/reviewhistory.md,,,,,,
Confirm Ownership Wizard,10.8,https://docs.netwrix.com/docs/auditor/10_8/accessreviews/resourceowners/confirmation/confirm,docs/auditor/10.8/accessreviews/resourceowners/confirmation/confirm.md,,,,,,
Ownership Confirmation,10.8,https://docs.netwrix.com/docs/auditor/10_8/accessreviews/resourceowners/confirmation,docs/auditor/10.8/accessreviews/resourceowners/confirmation/confirmation.md,,,,,,
Add New Resource Wizard,10.8,https://docs.netwrix.com/docs/auditor/10_8/accessreviews/resourceowners/interface/add,docs/auditor/10.8/accessreviews/resourceowners/interface/add.md,,,,,,
Add Owner Window,10.8,https://docs.netwrix.com/docs/auditor/10_8/accessreviews/resourceowners/interface/addowner,docs/auditor/10.8/accessreviews/resourceowners/interface/addowner.md,,,,,,
Confirm Removal Window,10.8,https://docs.netwrix.com/docs/auditor/10_8/accessreviews/resourceowners/interface/confirmremoval,docs/auditor/10.8/accessreviews/resourceowners/interface/confirmremoval.md,,,,,,
Resource Owners Interface,10.8,https://docs.netwrix.com/docs/auditor/10_8/accessreviews/resourceowners/interface,docs/auditor/10.8/accessreviews/resourceowners/interface/interface.md,,,,,,
Update Resource Wizard,10.8,https://docs.netwrix.com/docs/auditor/10_8/accessreviews/resourceowners/interface/update,docs/auditor/10.8/accessreviews/resourceowners/interface/update.md,,,,,,
Resource Owners Overview,10.8,https://docs.netwrix.com/docs/auditor/10_8/accessreviews/resourceowners/overview,docs/auditor/10.8/accessreviews/resourceowners/overview.md,,,,,,
Planning and Preparation,10.8,https://docs.netwrix.com/docs/auditor/10_8/accountlockoutexaminer/configure,docs/auditor/10.8/accountlockoutexaminer/configure.md,,,,,,
Account Lockout Examiner,10.8,https://docs.netwrix.com/docs/auditor/10_8/accountlockoutexaminer/overview,docs/auditor/10.8/accountlockoutexaminer/overview.md,,,,,,
Examining Lockouts,10.8,https://docs.netwrix.com/docs/auditor/10_8/accountlockoutexaminer/usage,docs/auditor/10.8/accountlockoutexaminer/usage.md,,,,,,
Automate Add-On Execution,10.8,https://docs.netwrix.com/docs/auditor/10_8/addon/alienvaultusm/automate,docs/auditor/10.8/addon/alienvaultusm/automate.md,,,,,,
Work with Collected Data,10.8,https://docs.netwrix.com/docs/auditor/10_8/addon/alienvaultusm/collecteddata,docs/auditor/10.8/addon/alienvaultusm/collecteddata.md,,,,,,
Choose Appropriate Execution Scenario,10.8,https://docs.netwrix.com/docs/auditor/10_8/addon/alienvaultusm/deployment,docs/auditor/10.8/addon/alienvaultusm/deployment.md,,,,,,
Integration Event Log Fields,10.8,https://docs.netwrix.com/docs/auditor/10_8/addon/alienvaultusm/integrationeventlog,docs/auditor/10.8/addon/alienvaultusm/integrationeventlog.md,,,,,,
AlienVault USM,10.8,https://docs.netwrix.com/docs/auditor/10_8/addon/alienvaultusm/overview,docs/auditor/10.8/addon/alienvaultusm/overview.md,,,,,,
Define Parameters,10.8,https://docs.netwrix.com/docs/auditor/10_8/addon/alienvaultusm/parameters,docs/auditor/10.8/addon/alienvaultusm/parameters.md,,,,,,
Run the Add-On with PowerShell,10.8,https://docs.netwrix.com/docs/auditor/10_8/addon/alienvaultusm/powershell,docs/auditor/10.8/addon/alienvaultusm/powershell.md,,,,,,
Automate Add-On Execution,10.8,https://docs.netwrix.com/docs/auditor/10_8/addon/amazonwebservices/automate,docs/auditor/10.8/addon/amazonwebservices/automate.md,,,,,,
Work with Collected Data,10.8,https://docs.netwrix.com/docs/auditor/10_8/addon/amazonwebservices/collecteddata,docs/auditor/10.8/addon/amazonwebservices/collecteddata.md,,,,,,
Choose Appropriate Execution Scenario,10.8,https://docs.netwrix.com/docs/auditor/10_8/addon/amazonwebservices/deployment,docs/auditor/10.8/addon/amazonwebservices/deployment.md,,,,,,
Amazon Web Services,10.8,https://docs.netwrix.com/docs/auditor/10_8/addon/amazonwebservices/overview,docs/auditor/10.8/addon/amazonwebservices/overview.md,,,,,,
Define Parameters,10.8,https://docs.netwrix.com/docs/auditor/10_8/addon/amazonwebservices/parameters,docs/auditor/10.8/addon/amazonwebservices/parameters.md,,,,,,
Run the Add-On with PowerShell,10.8,https://docs.netwrix.com/docs/auditor/10_8/addon/amazonwebservices/powershell,docs/auditor/10.8/addon/amazonwebservices/powershell.md,,,,,,
Automate Add-On Execution,10.8,https://docs.netwrix.com/docs/auditor/10_8/addon/arcsight/automate,docs/auditor/10.8/addon/arcsight/automate.md,,,,,,
Work with Collected Data,10.8,https://docs.netwrix.com/docs/auditor/10_8/addon/arcsight/collecteddata,docs/auditor/10.8/addon/arcsight/collecteddata.md,,,,,,
Choose Appropriate Execution Scenario,10.8,https://docs.netwrix.com/docs/auditor/10_8/addon/arcsight/deployment,docs/auditor/10.8/addon/arcsight/deployment.md,,,,,,
ArcSight,10.8,https://docs.netwrix.com/docs/auditor/10_8/addon/arcsight/overview,docs/auditor/10.8/addon/arcsight/overview.md,,,,,,
Define Parameters,10.8,https://docs.netwrix.com/docs/auditor/10_8/addon/arcsight/parameters,docs/auditor/10.8/addon/arcsight/parameters.md,,,,,,
Run the Add-On with PowerShell,10.8,https://docs.netwrix.com/docs/auditor/10_8/addon/arcsight/powershell,docs/auditor/10.8/addon/arcsight/powershell.md,,,,,,
Work with Collected Data,10.8,https://docs.netwrix.com/docs/auditor/10_8/addon/azuresqlmi/collecteddata,docs/auditor/10.8/addon/azuresqlmi/collecteddata.md,,,,,,
Deploy and Configure Add-On,10.8,https://docs.netwrix.com/docs/auditor/10_8/addon/azuresqlmi/deployment,docs/auditor/10.8/addon/azuresqlmi/deployment.md,,,,,,
Azure SQL Managed Instance,10.8,https://docs.netwrix.com/docs/auditor/10_8/addon/azuresqlmi/overview,docs/auditor/10.8/addon/azuresqlmi/overview.md,,,,,,
Configure ConnectWise,10.8,https://docs.netwrix.com/docs/auditor/10_8/addon/connectwise/configure,docs/auditor/10.8/addon/connectwise/configure.md,,,,,,
Connection and Ticketing Settings,10.8,https://docs.netwrix.com/docs/auditor/10_8/addon/connectwise/connectionticketingsettings,docs/auditor/10.8/addon/connectwise/connectionticketingsettings.md,,,,,,
Deploy the Add-On,10.8,https://docs.netwrix.com/docs/auditor/10_8/addon/connectwise/deployment,docs/auditor/10.8/addon/connectwise/deployment.md,,,,,,
MSP Usage Example,10.8,https://docs.netwrix.com/docs/auditor/10_8/addon/connectwise/msp,docs/auditor/10.8/addon/connectwise/msp.md,,,,,,
Operational Settings,10.8,https://docs.netwrix.com/docs/auditor/10_8/addon/connectwise/operationalsettings,docs/auditor/10.8/addon/connectwise/operationalsettings.md,,,,,,
ConnectWise Manage,10.8,https://docs.netwrix.com/docs/auditor/10_8/addon/connectwise/overview,docs/auditor/10.8/addon/connectwise/overview.md,,,,,,
Work with Collected Data,10.8,https://docs.netwrix.com/docs/auditor/10_8/addon/copilot/collecteddata,docs/auditor/10.8/addon/copilot/collecteddata.md,,,,,,
Deployment Procedure,10.8,https://docs.netwrix.com/docs/auditor/10_8/addon/copilot/deployment,docs/auditor/10.8/addon/copilot/deployment.md,,,,,,
Copilot,10.8,https://docs.netwrix.com/docs/auditor/10_8/addon/copilot/overview,docs/auditor/10.8/addon/copilot/overview.md,,,,,,
Work with Collected Data,10.8,https://docs.netwrix.com/docs/auditor/10_8/addon/ctera/collecteddata,docs/auditor/10.8/addon/ctera/collecteddata.md,,,,,,
Install Add-On,10.8,https://docs.netwrix.com/docs/auditor/10_8/addon/ctera/install,docs/auditor/10.8/addon/ctera/install.md,,,,,,
Ctera,10.8,https://docs.netwrix.com/docs/auditor/10_8/addon/ctera/overview,docs/auditor/10.8/addon/ctera/overview.md,,,,,,
Define Parameters,10.8,https://docs.netwrix.com/docs/auditor/10_8/addon/ctera/parameters,docs/auditor/10.8/addon/ctera/parameters.md,,,,,,
Work with Collected Data,10.8,https://docs.netwrix.com/docs/auditor/10_8/addon/cyberark/collecteddata,docs/auditor/10.8/addon/cyberark/collecteddata.md,,,,,,
Deploy the Add-On,10.8,https://docs.netwrix.com/docs/auditor/10_8/addon/cyberark/deployment,docs/auditor/10.8/addon/cyberark/deployment.md,,,,,,
Monitored Events,10.8,https://docs.netwrix.com/docs/auditor/10_8/addon/cyberark/monitoredevents,docs/auditor/10.8/addon/cyberark/monitoredevents.md,,,,,,
CyberArk Privileged Access Security,10.8,https://docs.netwrix.com/docs/auditor/10_8/addon/cyberark/overview,docs/auditor/10.8/addon/cyberark/overview.md,,,,,,
Add-On Parameters,10.8,https://docs.netwrix.com/docs/auditor/10_8/addon/cyberark/parameters,docs/auditor/10.8/addon/cyberark/parameters.md,,,,,,
Maintenance and Troubleshooting,10.8,https://docs.netwrix.com/docs/auditor/10_8/addon/cyberark/troubleshooting,docs/auditor/10.8/addon/cyberark/troubleshooting.md,,,,,,
Work with Collected Data,10.8,https://docs.netwrix.com/docs/auditor/10_8/addon/hyperv/collecteddata,docs/auditor/10.8/addon/hyperv/collecteddata.md,,,,,,
Deployment Scenarios,10.8,https://docs.netwrix.com/docs/auditor/10_8/addon/hyperv/deployment,docs/auditor/10.8/addon/hyperv/deployment.md,,,,,,
Deploy the Add-On,10.8,https://docs.netwrix.com/docs/auditor/10_8/addon/hyperv/install,docs/auditor/10.8/addon/hyperv/install.md,,,,,,
Monitoring Scope,10.8,https://docs.netwrix.com/docs/auditor/10_8/addon/hyperv/monitoredevents,docs/auditor/10.8/addon/hyperv/monitoredevents.md,,,,,,
Hyper-V SCVMM,10.8,https://docs.netwrix.com/docs/auditor/10_8/addon/hyperv/overview,docs/auditor/10.8/addon/hyperv/overview.md,,,,,,
Add-On Parameters,10.8,https://docs.netwrix.com/docs/auditor/10_8/addon/hyperv/parameters,docs/auditor/10.8/addon/hyperv/parameters.md,,,,,,
Maintenance and Troubleshooting,10.8,https://docs.netwrix.com/docs/auditor/10_8/addon/hyperv/troubleshooting,docs/auditor/10.8/addon/hyperv/troubleshooting.md,,,,,,
Automate Add-On Execution,10.8,https://docs.netwrix.com/docs/auditor/10_8/addon/ibmqradar/automate,docs/auditor/10.8/addon/ibmqradar/automate.md,,,,,,
Work with Collected Data,10.8,https://docs.netwrix.com/docs/auditor/10_8/addon/ibmqradar/collecteddata,docs/auditor/10.8/addon/ibmqradar/collecteddata.md,,,,,,
Choose Appropriate Execution Scenario,10.8,https://docs.netwrix.com/docs/auditor/10_8/addon/ibmqradar/deployment,docs/auditor/10.8/addon/ibmqradar/deployment.md,,,,,,
Integration Event Log Fields,10.8,https://docs.netwrix.com/docs/auditor/10_8/addon/ibmqradar/integrationeventlog,docs/auditor/10.8/addon/ibmqradar/integrationeventlog.md,,,,,,
IBM QRadar,10.8,https://docs.netwrix.com/docs/auditor/10_8/addon/ibmqradar/overview,docs/auditor/10.8/addon/ibmqradar/overview.md,,,,,,
Define Parameters,10.8,https://docs.netwrix.com/docs/auditor/10_8/addon/ibmqradar/parameters,docs/auditor/10.8/addon/ibmqradar/parameters.md,,,,,,
Run the Add-On with PowerShell,10.8,https://docs.netwrix.com/docs/auditor/10_8/addon/ibmqradar/powershell,docs/auditor/10.8/addon/ibmqradar/powershell.md,,,,,,
Automate Add-On Execution,10.8,https://docs.netwrix.com/docs/auditor/10_8/addon/intelsecurity/automate,docs/auditor/10.8/addon/intelsecurity/automate.md,,,,,,
Work with Collected Data,10.8,https://docs.netwrix.com/docs/auditor/10_8/addon/intelsecurity/collecteddata,docs/auditor/10.8/addon/intelsecurity/collecteddata.md,,,,,,
Choose Appropriate Execution Scenario,10.8,https://docs.netwrix.com/docs/auditor/10_8/addon/intelsecurity/deployment,docs/auditor/10.8/addon/intelsecurity/deployment.md,,,,,,
Integration Event Log Fields,10.8,https://docs.netwrix.com/docs/auditor/10_8/addon/intelsecurity/integrationeventlog,docs/auditor/10.8/addon/intelsecurity/integrationeventlog.md,,,,,,
Intel Security,10.8,https://docs.netwrix.com/docs/auditor/10_8/addon/intelsecurity/overview,docs/auditor/10.8/addon/intelsecurity/overview.md,,,,,,
Define Parameters,10.8,https://docs.netwrix.com/docs/auditor/10_8/addon/intelsecurity/parameters,docs/auditor/10.8/addon/intelsecurity/parameters.md,,,,,,
Run the Add-On with PowerShell,10.8,https://docs.netwrix.com/docs/auditor/10_8/addon/intelsecurity/powershell,docs/auditor/10.8/addon/intelsecurity/powershell.md,,,,,,
Work with Collected Data,10.8,https://docs.netwrix.com/docs/auditor/10_8/addon/linux/collecteddata,docs/auditor/10.8/addon/linux/collecteddata.md,,,,,,
Install Add-On,10.8,https://docs.netwrix.com/docs/auditor/10_8/addon/linux/install,docs/auditor/10.8/addon/linux/install.md,,,,,,
Linux Generic Syslog,10.8,https://docs.netwrix.com/docs/auditor/10_8/addon/linux/overview,docs/auditor/10.8/addon/linux/overview.md,,,,,,
Define Parameters,10.8,https://docs.netwrix.com/docs/auditor/10_8/addon/linux/parameters,docs/auditor/10.8/addon/linux/parameters.md,,,,,,
Automate Add-On Execution,10.8,https://docs.netwrix.com/docs/auditor/10_8/addon/logrhythm/automate,docs/auditor/10.8/addon/logrhythm/automate.md,,,,,,
Work with Collected Data,10.8,https://docs.netwrix.com/docs/auditor/10_8/addon/logrhythm/collecteddata,docs/auditor/10.8/addon/logrhythm/collecteddata.md,,,,,,
Choose Appropriate Execution Scenario,10.8,https://docs.netwrix.com/docs/auditor/10_8/addon/logrhythm/deployment,docs/auditor/10.8/addon/logrhythm/deployment.md,,,,,,
Integration Event Log Fields,10.8,https://docs.netwrix.com/docs/auditor/10_8/addon/logrhythm/integrationeventlog,docs/auditor/10.8/addon/logrhythm/integrationeventlog.md,,,,,,
LogRhythm,10.8,https://docs.netwrix.com/docs/auditor/10_8/addon/logrhythm/overview,docs/auditor/10.8/addon/logrhythm/overview.md,,,,,,
Define Parameters,10.8,https://docs.netwrix.com/docs/auditor/10_8/addon/logrhythm/parameters,docs/auditor/10.8/addon/logrhythm/parameters.md,,,,,,
Run the Add-On with PowerShell,10.8,https://docs.netwrix.com/docs/auditor/10_8/addon/logrhythm/powershell,docs/auditor/10.8/addon/logrhythm/powershell.md,,,,,,
Work with Collected Data,10.8,https://docs.netwrix.com/docs/auditor/10_8/addon/nasuni/collecteddata,docs/auditor/10.8/addon/nasuni/collecteddata.md,,,,,,
Install Add-On,10.8,https://docs.netwrix.com/docs/auditor/10_8/addon/nasuni/install,docs/auditor/10.8/addon/nasuni/install.md,,,,,,
Nasuni,10.8,https://docs.netwrix.com/docs/auditor/10_8/addon/nasuni/overview,docs/auditor/10.8/addon/nasuni/overview.md,,,,,,
Define Parameters,10.8,https://docs.netwrix.com/docs/auditor/10_8/addon/nasuni/parameters,docs/auditor/10.8/addon/nasuni/parameters.md,,,,,,
Work with Collected Data,10.8,https://docs.netwrix.com/docs/auditor/10_8/addon/nutanixahv/collecteddata,docs/auditor/10.8/addon/nutanixahv/collecteddata.md,,,,,,
Deployment Scenarios,10.8,https://docs.netwrix.com/docs/auditor/10_8/addon/nutanixahv/deployment,docs/auditor/10.8/addon/nutanixahv/deployment.md,,,,,,
Deploy the Add-On,10.8,https://docs.netwrix.com/docs/auditor/10_8/addon/nutanixahv/install,docs/auditor/10.8/addon/nutanixahv/install.md,,,,,,
Monitoring Scope,10.8,https://docs.netwrix.com/docs/auditor/10_8/addon/nutanixahv/monitoredevents,docs/auditor/10.8/addon/nutanixahv/monitoredevents.md,,,,,,
Nutanix AHV,10.8,https://docs.netwrix.com/docs/auditor/10_8/addon/nutanixahv/overview,docs/auditor/10.8/addon/nutanixahv/overview.md,,,,,,
Maintenance and Troubleshooting,10.8,https://docs.netwrix.com/docs/auditor/10_8/addon/nutanixahv/troubleshooting,docs/auditor/10.8/addon/nutanixahv/troubleshooting.md,,,,,,
Work with Collected Data,10.8,https://docs.netwrix.com/docs/auditor/10_8/addon/okta/collecteddata,docs/auditor/10.8/addon/okta/collecteddata.md,,,,,,
Deploy the Add-On,10.8,https://docs.netwrix.com/docs/auditor/10_8/addon/okta/deployment,docs/auditor/10.8/addon/okta/deployment.md,,,,,,
Okta,10.8,https://docs.netwrix.com/docs/auditor/10_8/addon/okta/overview,docs/auditor/10.8/addon/okta/overview.md,,,,,,
Add-Ons,10.8,https://docs.netwrix.com/docs/auditor/10_8/addon/overview,docs/auditor/10.8/addon/overview.md,,,,,,
Work with Collected Data,10.8,https://docs.netwrix.com/docs/auditor/10_8/addon/privilegeduserlinux/collecteddata,docs/auditor/10.8/addon/privilegeduserlinux/collecteddata.md,,,,,,
Install the Add-On,10.8,https://docs.netwrix.com/docs/auditor/10_8/addon/privilegeduserlinux/install,docs/auditor/10.8/addon/privilegeduserlinux/install.md,,,,,,
Privileged User Monitoring on Linux and Unix Systems,10.8,https://docs.netwrix.com/docs/auditor/10_8/addon/privilegeduserlinux/overview,docs/auditor/10.8/addon/privilegeduserlinux/overview.md,,,,,,
Define Parameters,10.8,https://docs.netwrix.com/docs/auditor/10_8/addon/privilegeduserlinux/parameters,docs/auditor/10.8/addon/privilegeduserlinux/parameters.md,,,,,,
Working with Collected Data,10.8,https://docs.netwrix.com/docs/auditor/10_8/addon/qumulo/collecteddata,docs/auditor/10.8/addon/qumulo/collecteddata.md,,,,,,
Deployment Scenarios,10.8,https://docs.netwrix.com/docs/auditor/10_8/addon/qumulo/deployment,docs/auditor/10.8/addon/qumulo/deployment.md,,,,,,
Monitoring Scope,10.8,https://docs.netwrix.com/docs/auditor/10_8/addon/qumulo/monitoringscope,docs/auditor/10.8/addon/qumulo/monitoringscope.md,,,,,,
Qumulo,10.8,https://docs.netwrix.com/docs/auditor/10_8/addon/qumulo/overview,docs/auditor/10.8/addon/qumulo/overview.md,,,,,,
Add-On Parameters,10.8,https://docs.netwrix.com/docs/auditor/10_8/addon/qumulo/parameters,docs/auditor/10.8/addon/qumulo/parameters.md,,,,,,
Maintenance and Troubleshooting,10.8,https://docs.netwrix.com/docs/auditor/10_8/addon/qumulo/troubleshooting,docs/auditor/10.8/addon/qumulo/troubleshooting.md,,,,,,
Automate Add-On Execution,10.8,https://docs.netwrix.com/docs/auditor/10_8/addon/radius/automate,docs/auditor/10.8/addon/radius/automate.md,,,,,,
Work with Collected Data,10.8,https://docs.netwrix.com/docs/auditor/10_8/addon/radius/collecteddata,docs/auditor/10.8/addon/radius/collecteddata.md,,,,,,
Create Custom Report,10.8,https://docs.netwrix.com/docs/auditor/10_8/addon/radius/customreport,docs/auditor/10.8/addon/radius/customreport.md,,,,,,
Choose Appropriate Execution Scenario,10.8,https://docs.netwrix.com/docs/auditor/10_8/addon/radius/deployment,docs/auditor/10.8/addon/radius/deployment.md,,,,,,
RADIUS Server,10.8,https://docs.netwrix.com/docs/auditor/10_8/addon/radius/overview,docs/auditor/10.8/addon/radius/overview.md,,,,,,
Define Parameters,10.8,https://docs.netwrix.com/docs/auditor/10_8/addon/radius/parameters,docs/auditor/10.8/addon/radius/parameters.md,,,,,,
Run the Add-On with PowerShell,10.8,https://docs.netwrix.com/docs/auditor/10_8/addon/radius/powershell,docs/auditor/10.8/addon/radius/powershell.md,,,,,,
Troubleshoot Issues,10.8,https://docs.netwrix.com/docs/auditor/10_8/addon/radius/troubleshooting,docs/auditor/10.8/addon/radius/troubleshooting.md,,,,,,
Integrate Alerts with Add-On,10.8,https://docs.netwrix.com/docs/auditor/10_8/addon/servicenow/alerts,docs/auditor/10.8/addon/servicenow/alerts.md,,,,,,
Deploy the Service,10.8,https://docs.netwrix.com/docs/auditor/10_8/addon/servicenow/deployment,docs/auditor/10.8/addon/servicenow/deployment.md,,,,,,
Install Add-On,10.8,https://docs.netwrix.com/docs/auditor/10_8/addon/servicenow/install,docs/auditor/10.8/addon/servicenow/install.md,,,,,,
ServiceNow Incident Management,10.8,https://docs.netwrix.com/docs/auditor/10_8/addon/servicenow/overview,docs/auditor/10.8/addon/servicenow/overview.md,,,,,,
Define Parameters,10.8,https://docs.netwrix.com/docs/auditor/10_8/addon/servicenow/parameters,docs/auditor/10.8/addon/servicenow/parameters.md,,,,,,
Export Activity Records,10.8,https://docs.netwrix.com/docs/auditor/10_8/addon/siem/activityrecords,docs/auditor/10.8/addon/siem/activityrecords.md,,,,,,
Work with Collected Data,10.8,https://docs.netwrix.com/docs/auditor/10_8/addon/siem/collecteddata,docs/auditor/10.8/addon/siem/collecteddata.md,,,,,,
Configuration,10.8,https://docs.netwrix.com/docs/auditor/10_8/addon/siem/configure,docs/auditor/10.8/addon/siem/configure.md,,,,,,
Choose Appropriate Execution Scenario,10.8,https://docs.netwrix.com/docs/auditor/10_8/addon/siem/deployment,docs/auditor/10.8/addon/siem/deployment.md,,,,,,
Integration Event Log Fields,10.8,https://docs.netwrix.com/docs/auditor/10_8/addon/siem/integrationeventlog,docs/auditor/10.8/addon/siem/integrationeventlog.md,,,,,,
SIEM,10.8,https://docs.netwrix.com/docs/auditor/10_8/addon/siem/overview,docs/auditor/10.8/addon/siem/overview.md,,,,,,
Automate Add-On Execution,10.8,https://docs.netwrix.com/docs/auditor/10_8/addon/siemcefexport/automate,docs/auditor/10.8/addon/siemcefexport/automate.md,,,,,,
Work with Collected Data,10.8,https://docs.netwrix.com/docs/auditor/10_8/addon/siemcefexport/collecteddata,docs/auditor/10.8/addon/siemcefexport/collecteddata.md,,,,,,
deployment,10.8,https://docs.netwrix.com/docs/auditor/10_8/addon/siemcefexport/deployment,docs/auditor/10.8/addon/siemcefexport/deployment.md,,,,,,
SIEM Generic Integration for CEF Export,10.8,https://docs.netwrix.com/docs/auditor/10_8/addon/siemcefexport/overview,docs/auditor/10.8/addon/siemcefexport/overview.md,,,,,,
Define Parameters,10.8,https://docs.netwrix.com/docs/auditor/10_8/addon/siemcefexport/parameters,docs/auditor/10.8/addon/siemcefexport/parameters.md,,,,,,
Run the Add-On with PowerShell,10.8,https://docs.netwrix.com/docs/auditor/10_8/addon/siemcefexport/powershell,docs/auditor/10.8/addon/siemcefexport/powershell.md,,,,,,
Automate Add-On Execution,10.8,https://docs.netwrix.com/docs/auditor/10_8/addon/siemeventlogexport/automate,docs/auditor/10.8/addon/siemeventlogexport/automate.md,,,,,,
Work with Collected Data,10.8,https://docs.netwrix.com/docs/auditor/10_8/addon/siemeventlogexport/collecteddata,docs/auditor/10.8/addon/siemeventlogexport/collecteddata.md,,,,,,
Choose Appropriate Execution Scenario,10.8,https://docs.netwrix.com/docs/auditor/10_8/addon/siemeventlogexport/deployment,docs/auditor/10.8/addon/siemeventlogexport/deployment.md,,,,,,
SIEM Generic Integration for Event Log Export,10.8,https://docs.netwrix.com/docs/auditor/10_8/addon/siemeventlogexport/overview,docs/auditor/10.8/addon/siemeventlogexport/overview.md,,,,,,
Define Parameters,10.8,https://docs.netwrix.com/docs/auditor/10_8/addon/siemeventlogexport/parameters,docs/auditor/10.8/addon/siemeventlogexport/parameters.md,,,,,,
Run the Add-On with PowerShell,10.8,https://docs.netwrix.com/docs/auditor/10_8/addon/siemeventlogexport/powershell,docs/auditor/10.8/addon/siemeventlogexport/powershell.md,,,,,,
Automate Add-On Execution,10.8,https://docs.netwrix.com/docs/auditor/10_8/addon/solarwinds/automate,docs/auditor/10.8/addon/solarwinds/automate.md,,,,,,
Work with Collected Data,10.8,https://docs.netwrix.com/docs/auditor/10_8/addon/solarwinds/collecteddata,docs/auditor/10.8/addon/solarwinds/collecteddata.md,,,,,,
Choose Appropriate Execution Scenario,10.8,https://docs.netwrix.com/docs/auditor/10_8/addon/solarwinds/deployment,docs/auditor/10.8/addon/solarwinds/deployment.md,,,,,,
Integration Event Log Fields,10.8,https://docs.netwrix.com/docs/auditor/10_8/addon/solarwinds/integrationeventlog,docs/auditor/10.8/addon/solarwinds/integrationeventlog.md,,,,,,
Solarwinds Log and Event Manager,10.8,https://docs.netwrix.com/docs/auditor/10_8/addon/solarwinds/overview,docs/auditor/10.8/addon/solarwinds/overview.md,,,,,,
Define Parameters,10.8,https://docs.netwrix.com/docs/auditor/10_8/addon/solarwinds/parameters,docs/auditor/10.8/addon/solarwinds/parameters.md,,,,,,
Run the Add-On with PowerShell,10.8,https://docs.netwrix.com/docs/auditor/10_8/addon/solarwinds/powershell,docs/auditor/10.8/addon/solarwinds/powershell.md,,,,,,
Work with Collected Data,10.8,https://docs.netwrix.com/docs/auditor/10_8/addon/splunk/collecteddata,docs/auditor/10.8/addon/splunk/collecteddata.md,,,,,,
CIM Data Model Mapping,10.8,https://docs.netwrix.com/docs/auditor/10_8/addon/splunk/datamodelmap,docs/auditor/10.8/addon/splunk/datamodelmap.md,,,,,,
Deployment Procedure,10.8,https://docs.netwrix.com/docs/auditor/10_8/addon/splunk/deployment,docs/auditor/10.8/addon/splunk/deployment.md,,,,,,
Splunk,10.8,https://docs.netwrix.com/docs/auditor/10_8/addon/splunk/overview,docs/auditor/10.8/addon/splunk/overview.md,,,,,,
Maintenance and Troubleshooting,10.8,https://docs.netwrix.com/docs/auditor/10_8/addon/splunk/troubleshooting,docs/auditor/10.8/addon/splunk/troubleshooting.md,,,,,,
Create Alerts,10.8,https://docs.netwrix.com/docs/auditor/10_8/admin/alertsettings/create,docs/auditor/10.8/admin/alertsettings/create/create.md,,,,,,
Create Alerts for Event Log,10.8,https://docs.netwrix.com/docs/auditor/10_8/admin/alertsettings/create/createeventlog,docs/auditor/10.8/admin/alertsettings/create/createeventlog.md,,,,,,
Create Alerts on Health Status,10.8,https://docs.netwrix.com/docs/auditor/10_8/admin/alertsettings/create/createhealthstatus,docs/auditor/10.8/admin/alertsettings/create/createhealthstatus.md,,,,,,
Create Alerts for Non-Owner Mailbox Access Events,10.8,https://docs.netwrix.com/docs/auditor/10_8/admin/alertsettings/create/createmailboxaccess,docs/auditor/10.8/admin/alertsettings/create/createmailboxaccess.md,,,,,,
Alerts Overview Dashboard,10.8,https://docs.netwrix.com/docs/auditor/10_8/admin/alertsettings/dashboard,docs/auditor/10.8/admin/alertsettings/dashboard.md,,,,,,
Manage Alerts,10.8,https://docs.netwrix.com/docs/auditor/10_8/admin/alertsettings/manage,docs/auditor/10.8/admin/alertsettings/manage.md,,,,,,
Alerts,10.8,https://docs.netwrix.com/docs/auditor/10_8/admin/alertsettings/overview,docs/auditor/10.8/admin/alertsettings/overview.md,,,,,,
Configure a Response Action for Alert,10.8,https://docs.netwrix.com/docs/auditor/10_8/admin/alertsettings/responseaction,docs/auditor/10.8/admin/alertsettings/responseaction.md,,,,,,
Review Behavior Anomalies Dashboard,10.8,https://docs.netwrix.com/docs/auditor/10_8/admin/behavioranomalies/dashboard,docs/auditor/10.8/admin/behavioranomalies/dashboard.md,,,,,,
Behavior Anomalies,10.8,https://docs.netwrix.com/docs/auditor/10_8/admin/behavioranomalies/overview,docs/auditor/10.8/admin/behavioranomalies/overview.md,,,,,,
Behavior Anomalies Assessment Tips and Tricks,10.8,https://docs.netwrix.com/docs/auditor/10_8/admin/behavioranomalies/tips,docs/auditor/10.8/admin/behavioranomalies/tips.md,,,,,,
Review User Profiles and Process Anomalies,10.8,https://docs.netwrix.com/docs/auditor/10_8/admin/behavioranomalies/userprofile,docs/auditor/10.8/admin/behavioranomalies/userprofile.md,,,,,,
Compliance Mappings,10.8,https://docs.netwrix.com/docs/auditor/10_8/admin/compliancemappings,docs/auditor/10.8/admin/compliancemappings.md,,,,,,
Activity Records Statistics,10.8,https://docs.netwrix.com/docs/auditor/10_8/admin/healthstatus/dashboard/activityrecordstatistics,docs/auditor/10.8/admin/healthstatus/dashboard/activityrecordstatistics.md,,,,,,
Database Statistics,10.8,https://docs.netwrix.com/docs/auditor/10_8/admin/healthstatus/dashboard/databasestatistics,docs/auditor/10.8/admin/healthstatus/dashboard/databasestatistics.md,,,,,,
Netwrix Auditor Health Log,10.8,https://docs.netwrix.com/docs/auditor/10_8/admin/healthstatus/dashboard/healthlog,docs/auditor/10.8/admin/healthstatus/dashboard/healthlog.md,,,,,,
Monitoring Overview,10.8,https://docs.netwrix.com/docs/auditor/10_8/admin/healthstatus/dashboard/monitoringoverview,docs/auditor/10.8/admin/healthstatus/dashboard/monitoringoverview.md,,,,,,
Health Status Dashboard,10.8,https://docs.netwrix.com/docs/auditor/10_8/admin/healthstatus/dashboard/overview,docs/auditor/10.8/admin/healthstatus/dashboard/overview.md,,,,,,
Network Traffic Compression,10.8,https://docs.netwrix.com/docs/auditor/10_8/admin/healthstatus/networktrafficcompression,docs/auditor/10.8/admin/healthstatus/networktrafficcompression.md,,,,,,
Netwrix Auditor Operations and Health,10.8,https://docs.netwrix.com/docs/auditor/10_8/admin/healthstatus/overview,docs/auditor/10.8/admin/healthstatus/overview.md,,,,,,
Self-Audit,10.8,https://docs.netwrix.com/docs/auditor/10_8/admin/healthstatus/selfaudit,docs/auditor/10.8/admin/healthstatus/selfaudit.md,,,,,,
Health Summary Email,10.8,https://docs.netwrix.com/docs/auditor/10_8/admin/healthstatus/summaryemail,docs/auditor/10.8/admin/healthstatus/summaryemail.md,,,,,,
Troubleshooting,10.8,https://docs.netwrix.com/docs/auditor/10_8/admin/healthstatus/troubleshooting,docs/auditor/10.8/admin/healthstatus/troubleshooting.md,,,,,,
Active Directory,10.8,https://docs.netwrix.com/docs/auditor/10_8/admin/monitoringplans/activedirectory/overview,docs/auditor/10.8/admin/monitoringplans/activedirectory/overview.md,,,,,,
Active Directory Monitoring Scope,10.8,https://docs.netwrix.com/docs/auditor/10_8/admin/monitoringplans/activedirectory/scope,docs/auditor/10.8/admin/monitoringplans/activedirectory/scope.md,,,,,,
Activity Summary Email,10.8,https://docs.netwrix.com/docs/auditor/10_8/admin/monitoringplans/activitysummaryemail,docs/auditor/10.8/admin/monitoringplans/activitysummaryemail.md,,,,,,
Active Directory Federation Services,10.8,https://docs.netwrix.com/docs/auditor/10_8/admin/monitoringplans/adfs,docs/auditor/10.8/admin/monitoringplans/adfs.md,,,,,,
Azure Files,10.8,https://docs.netwrix.com/docs/auditor/10_8/admin/monitoringplans/azurefiles,docs/auditor/10.8/admin/monitoringplans/azurefiles.md,,,,,,
Create a New Monitoring Plan,10.8,https://docs.netwrix.com/docs/auditor/10_8/admin/monitoringplans/create,docs/auditor/10.8/admin/monitoringplans/create.md,,,,,,
Data Collecting Account,10.8,https://docs.netwrix.com/docs/auditor/10_8/admin/monitoringplans/dataaccounts,docs/auditor/10.8/admin/monitoringplans/dataaccounts.md,,,,,,
Manage Data Sources,10.8,https://docs.netwrix.com/docs/auditor/10_8/admin/monitoringplans/datasources,docs/auditor/10.8/admin/monitoringplans/datasources.md,,,,,,
Role-Based Access and Delegation,10.8,https://docs.netwrix.com/docs/auditor/10_8/admin/monitoringplans/delegation,docs/auditor/10.8/admin/monitoringplans/delegation.md,,,,,,
Exchange,10.8,https://docs.netwrix.com/docs/auditor/10_8/admin/monitoringplans/exchange/overview,docs/auditor/10.8/admin/monitoringplans/exchange/overview.md,,,,,,
Exchange Monitoring Scope,10.8,https://docs.netwrix.com/docs/auditor/10_8/admin/monitoringplans/exchange/scope,docs/auditor/10.8/admin/monitoringplans/exchange/scope.md,,,,,,
Exchange Online,10.8,https://docs.netwrix.com/docs/auditor/10_8/admin/monitoringplans/exchangeonline/overview,docs/auditor/10.8/admin/monitoringplans/exchangeonline/overview.md,,,,,,
Exchange Online Monitoring Scope,10.8,https://docs.netwrix.com/docs/auditor/10_8/admin/monitoringplans/exchangeonline/scope,docs/auditor/10.8/admin/monitoringplans/exchangeonline/scope.md,,,,,,
File Servers,10.8,https://docs.netwrix.com/docs/auditor/10_8/admin/monitoringplans/fileservers/overview,docs/auditor/10.8/admin/monitoringplans/fileservers/overview.md,,,,,,
File Servers Monitoring Scope,10.8,https://docs.netwrix.com/docs/auditor/10_8/admin/monitoringplans/fileservers/scope,docs/auditor/10.8/admin/monitoringplans/fileservers/scope.md,,,,,,
Windows File Server,10.8,https://docs.netwrix.com/docs/auditor/10_8/admin/monitoringplans/fileservers/windowsfileserver,docs/auditor/10.8/admin/monitoringplans/fileservers/windowsfileserver.md,,,,,,
Fine-Tune Your Plan and Edit Settings,10.8,https://docs.netwrix.com/docs/auditor/10_8/admin/monitoringplans/finetune,docs/auditor/10.8/admin/monitoringplans/finetune.md,,,,,,
Group Policy,10.8,https://docs.netwrix.com/docs/auditor/10_8/admin/monitoringplans/grouppolicy/overview,docs/auditor/10.8/admin/monitoringplans/grouppolicy/overview.md,,,,,,
Group Policy Monitoring Scope,10.8,https://docs.netwrix.com/docs/auditor/10_8/admin/monitoringplans/grouppolicy/scope,docs/auditor/10.8/admin/monitoringplans/grouppolicy/scope.md,,,,,,
Logon Activity,10.8,https://docs.netwrix.com/docs/auditor/10_8/admin/monitoringplans/logonactivity/overview,docs/auditor/10.8/admin/monitoringplans/logonactivity/overview.md,,,,,,
Logon Activity Monitoring Scope,10.8,https://docs.netwrix.com/docs/auditor/10_8/admin/monitoringplans/logonactivity/scope,docs/auditor/10.8/admin/monitoringplans/logonactivity/scope.md,,,,,,
Microsoft Entra ID,10.8,https://docs.netwrix.com/docs/auditor/10_8/admin/monitoringplans/microsoftentraid/overview,docs/auditor/10.8/admin/monitoringplans/microsoftentraid/overview.md,,,,,,
Microsoft Entra ID Monitoring Scope,10.8,https://docs.netwrix.com/docs/auditor/10_8/admin/monitoringplans/microsoftentraid/scope,docs/auditor/10.8/admin/monitoringplans/microsoftentraid/scope.md,,,,,,
MS Teams,10.8,https://docs.netwrix.com/docs/auditor/10_8/admin/monitoringplans/msteams,docs/auditor/10.8/admin/monitoringplans/msteams.md,,,,,,
Network Devices,10.8,https://docs.netwrix.com/docs/auditor/10_8/admin/monitoringplans/networkdevices,docs/auditor/10.8/admin/monitoringplans/networkdevices.md,,,,,,
Oracle Database,10.8,https://docs.netwrix.com/docs/auditor/10_8/admin/monitoringplans/oracle/overview,docs/auditor/10.8/admin/monitoringplans/oracle/overview.md,,,,,,
Oracle Database Monitoring Scope,10.8,https://docs.netwrix.com/docs/auditor/10_8/admin/monitoringplans/oracle/scope,docs/auditor/10.8/admin/monitoringplans/oracle/scope.md,,,,,,
User Activity,10.8,https://docs.netwrix.com/docs/auditor/10_8/admin/monitoringplans/overview_1,docs/auditor/10.8/admin/monitoringplans/overview_1.md,,,,,,
Monitoring Plans,10.8,https://docs.netwrix.com/docs/auditor/10_8/admin/monitoringplans/overview,docs/auditor/10.8/admin/monitoringplans/overview.md,,,,,,
SharePoint,10.8,https://docs.netwrix.com/docs/auditor/10_8/admin/monitoringplans/sharepoint/overview,docs/auditor/10.8/admin/monitoringplans/sharepoint/overview.md,,,,,,
SharePoint Monitoring Scope,10.8,https://docs.netwrix.com/docs/auditor/10_8/admin/monitoringplans/sharepoint/scope,docs/auditor/10.8/admin/monitoringplans/sharepoint/scope.md,,,,,,
SharePoint Online,10.8,https://docs.netwrix.com/docs/auditor/10_8/admin/monitoringplans/sharepointonline/overview,docs/auditor/10.8/admin/monitoringplans/sharepointonline/overview.md,,,,,,
SharePoint Online Monitoring Scope,10.8,https://docs.netwrix.com/docs/auditor/10_8/admin/monitoringplans/sharepointonline/scope,docs/auditor/10.8/admin/monitoringplans/sharepointonline/scope.md,,,,,,
Add Item to the SQL Server,10.8,https://docs.netwrix.com/docs/auditor/10_8/admin/monitoringplans/sqlserver/items,docs/auditor/10.8/admin/monitoringplans/sqlserver/items.md,,,,,,
SQL Server,10.8,https://docs.netwrix.com/docs/auditor/10_8/admin/monitoringplans/sqlserver/overview,docs/auditor/10.8/admin/monitoringplans/sqlserver/overview.md,,,,,,
SQL Server Monitoring Scope,10.8,https://docs.netwrix.com/docs/auditor/10_8/admin/monitoringplans/sqlserver/scope,docs/auditor/10.8/admin/monitoringplans/sqlserver/scope.md,,,,,,
VMware,10.8,https://docs.netwrix.com/docs/auditor/10_8/admin/monitoringplans/vmware/overview,docs/auditor/10.8/admin/monitoringplans/vmware/overview.md,,,,,,
VMware Monitoring Scope,10.8,https://docs.netwrix.com/docs/auditor/10_8/admin/monitoringplans/vmware/scope,docs/auditor/10.8/admin/monitoringplans/vmware/scope.md,,,,,,
Windows Server,10.8,https://docs.netwrix.com/docs/auditor/10_8/admin/monitoringplans/windows/overview,docs/auditor/10.8/admin/monitoringplans/windows/overview.md,,,,,,
Windows Server Monitoring Scope,10.8,https://docs.netwrix.com/docs/auditor/10_8/admin/monitoringplans/windows/scope,docs/auditor/10.8/admin/monitoringplans/windows/scope.md,,,,,,
Customization Examples,10.8,https://docs.netwrix.com/docs/auditor/10_8/admin/navigation/customizeexamples,docs/auditor/10.8/admin/navigation/customizeexamples.md,,,,,,
Customizing Favorite Reports,10.8,https://docs.netwrix.com/docs/auditor/10_8/admin/navigation/customizefavorite,docs/auditor/10.8/admin/navigation/customizefavorite.md,,,,,,
Customize Home Screen,10.8,https://docs.netwrix.com/docs/auditor/10_8/admin/navigation/customizehome,docs/auditor/10.8/admin/navigation/customizehome.md,,,,,,
Navigation,10.8,https://docs.netwrix.com/docs/auditor/10_8/admin/navigation/overview,docs/auditor/10.8/admin/navigation/overview.md,,,,,,
Recommendations,10.8,https://docs.netwrix.com/docs/auditor/10_8/admin/navigation/recommendations,docs/auditor/10.8/admin/navigation/recommendations.md,,,,,,
Administration,10.8,https://docs.netwrix.com/docs/auditor/10_8/admin/overview,docs/auditor/10.8/admin/overview.md,,,,,,
Custom Search-Based Reports,10.8,https://docs.netwrix.com/docs/auditor/10_8/admin/reports/custom,docs/auditor/10.8/admin/reports/custom.md,,,,,,
Reports,10.8,https://docs.netwrix.com/docs/auditor/10_8/admin/reports/overview,docs/auditor/10.8/admin/reports/overview.md,,,,,,
Interactive Reports for Change Management Workflow,10.8,https://docs.netwrix.com/docs/auditor/10_8/admin/reports/reviewstatus,docs/auditor/10.8/admin/reports/reviewstatus.md,,,,,,
Change and Activity Reports,10.8,https://docs.netwrix.com/docs/auditor/10_8/admin/reports/types/activity,docs/auditor/10.8/admin/reports/types/activity.md,,,,,,
Compliance Reports,10.8,https://docs.netwrix.com/docs/auditor/10_8/admin/reports/types/compliance,docs/auditor/10.8/admin/reports/types/compliance.md,,,,,,
Data Discovery and Classification Reports,10.8,https://docs.netwrix.com/docs/auditor/10_8/admin/reports/types/datadiscoveryclassification,docs/auditor/10.8/admin/reports/types/datadiscoveryclassification.md,,,,,,
Enterprise Overview Dashboard,10.8,https://docs.netwrix.com/docs/auditor/10_8/admin/reports/types/enterprise,docs/auditor/10.8/admin/reports/types/enterprise.md,,,,,,
Organization Level Reports,10.8,https://docs.netwrix.com/docs/auditor/10_8/admin/reports/types/organizationlevel,docs/auditor/10.8/admin/reports/types/organizationlevel.md,,,,,,
Predefined Reports,10.8,https://docs.netwrix.com/docs/auditor/10_8/admin/reports/types/overview,docs/auditor/10.8/admin/reports/types/overview.md,,,,,,
Active Directory State-In-Time Reports,10.8,https://docs.netwrix.com/docs/auditor/10_8/admin/reports/types/stateintime/activedirectory,docs/auditor/10.8/admin/reports/types/stateintime/activedirectory.md,,,,,,
File Servers State-In-Time Reports,10.8,https://docs.netwrix.com/docs/auditor/10_8/admin/reports/types/stateintime/fileservers,docs/auditor/10.8/admin/reports/types/stateintime/fileservers.md,,,,,,
Microsoft Entra ID State-In-Time Reports,10.8,https://docs.netwrix.com/docs/auditor/10_8/admin/reports/types/stateintime/microsoftentraid,docs/auditor/10.8/admin/reports/types/stateintime/microsoftentraid.md,,,,,,
State–In–Time Reports,10.8,https://docs.netwrix.com/docs/auditor/10_8/admin/reports/types/stateintime/overview,docs/auditor/10.8/admin/reports/types/stateintime/overview.md,,,,,,
SQL Server-Level Roles,10.8,https://docs.netwrix.com/docs/auditor/10_8/admin/reports/types/stateintime/sqlroles,docs/auditor/10.8/admin/reports/types/stateintime/sqlroles.md,,,,,,
Account Permissions in SQL Server,10.8,https://docs.netwrix.com/docs/auditor/10_8/admin/reports/types/stateintime/sqlserveroverview/sqlaccountpermissions,docs/auditor/10.8/admin/reports/types/stateintime/sqlserveroverview/sqlaccountpermissions.md,,,,,,
SQL Server Databases,10.8,https://docs.netwrix.com/docs/auditor/10_8/admin/reports/types/stateintime/sqlserveroverview/sqldatabases,docs/auditor/10.8/admin/reports/types/stateintime/sqlserveroverview/sqldatabases.md,,,,,,
SQL Server Means Granted,10.8,https://docs.netwrix.com/docs/auditor/10_8/admin/reports/types/stateintime/sqlserveroverview/sqlmeansgranted,docs/auditor/10.8/admin/reports/types/stateintime/sqlserveroverview/sqlmeansgranted.md,,,,,,
Object Permissions in SQL Server,10.8,https://docs.netwrix.com/docs/auditor/10_8/admin/reports/types/stateintime/sqlserveroverview/sqlobjectpermissions,docs/auditor/10.8/admin/reports/types/stateintime/sqlserveroverview/sqlobjectpermissions.md,,,,,,
SQL Server State-In-Time Reports,10.8,https://docs.netwrix.com/docs/auditor/10_8/admin/reports/types/stateintime/sqlserveroverview,docs/auditor/10.8/admin/reports/types/stateintime/sqlserveroverview/sqlserveroverview.md,,,,,,
VMware State-In-Time Reports,10.8,https://docs.netwrix.com/docs/auditor/10_8/admin/reports/types/stateintime/vmware,docs/auditor/10.8/admin/reports/types/stateintime/vmware.md,,,,,,
User Behavior and Blind Spot Analysis Reports,10.8,https://docs.netwrix.com/docs/auditor/10_8/admin/reports/types/userbehavior,docs/auditor/10.8/admin/reports/types/userbehavior.md,,,,,,
Reports with Video,10.8,https://docs.netwrix.com/docs/auditor/10_8/admin/reports/video,docs/auditor/10.8/admin/reports/video.md,,,,,,
View Reports,10.8,https://docs.netwrix.com/docs/auditor/10_8/admin/reports/view,docs/auditor/10.8/admin/reports/view.md,,,,,,
IT Risk Assessment Dashboard,10.8,https://docs.netwrix.com/docs/auditor/10_8/admin/riskassessment/dashboard,docs/auditor/10.8/admin/riskassessment/dashboard.md,,,,,,
How Risk Levels Are Estimated,10.8,https://docs.netwrix.com/docs/auditor/10_8/admin/riskassessment/levels,docs/auditor/10.8/admin/riskassessment/levels.md,,,,,,
IT Risk Assessment Overview,10.8,https://docs.netwrix.com/docs/auditor/10_8/admin/riskassessment/overview,docs/auditor/10.8/admin/riskassessment/overview.md,,,,,,
Use Filters in Advanced Mode,10.8,https://docs.netwrix.com/docs/auditor/10_8/admin/search/filteradvanced,docs/auditor/10.8/admin/search/filteradvanced.md,,,,,,
Use Filters in Simple Mode,10.8,https://docs.netwrix.com/docs/auditor/10_8/admin/search/filtersimple,docs/auditor/10.8/admin/search/filtersimple.md,,,,,,
View and Search Collected Data,10.8,https://docs.netwrix.com/docs/auditor/10_8/admin/search/overview,docs/auditor/10.8/admin/search/overview.md,,,,,,
About Netwrix Auditor,10.8,https://docs.netwrix.com/docs/auditor/10_8/admin/settings/about,docs/auditor/10.8/admin/settings/about.md,,,,,,
Audit Database,10.8,https://docs.netwrix.com/docs/auditor/10_8/admin/settings/auditdatabase,docs/auditor/10.8/admin/settings/auditdatabase.md,,,,,,
Customize Branding,10.8,https://docs.netwrix.com/docs/auditor/10_8/admin/settings/custombrand,docs/auditor/10.8/admin/settings/custombrand.md,,,,,,
General,10.8,https://docs.netwrix.com/docs/auditor/10_8/admin/settings/general,docs/auditor/10.8/admin/settings/general.md,,,,,,
Integrations,10.8,https://docs.netwrix.com/docs/auditor/10_8/admin/settings/integrations,docs/auditor/10.8/admin/settings/integrations.md,,,,,,
Investigations,10.8,https://docs.netwrix.com/docs/auditor/10_8/admin/settings/investigations,docs/auditor/10.8/admin/settings/investigations.md,,,,,,
Licenses,10.8,https://docs.netwrix.com/docs/auditor/10_8/admin/settings/licenses,docs/auditor/10.8/admin/settings/licenses.md,,,,,,
Long-Term Archive,10.8,https://docs.netwrix.com/docs/auditor/10_8/admin/settings/longtermarchive,docs/auditor/10.8/admin/settings/longtermarchive.md,,,,,,
Notifications,10.8,https://docs.netwrix.com/docs/auditor/10_8/admin/settings/notifications,docs/auditor/10.8/admin/settings/notifications.md,,,,,,
Netwrix Auditor Settings,10.8,https://docs.netwrix.com/docs/auditor/10_8/admin/settings/overview,docs/auditor/10.8/admin/settings/overview.md,,,,,,
Netwrix Privilege Secure,10.8,https://docs.netwrix.com/docs/auditor/10_8/admin/settings/privilegesecure,docs/auditor/10.8/admin/settings/privilegesecure.md,,,,,,
Sensitive Data Discovery,10.8,https://docs.netwrix.com/docs/auditor/10_8/admin/settings/sensitivedatadiscovery,docs/auditor/10.8/admin/settings/sensitivedatadiscovery.md,,,,,,
Reference for Creating Activity Records,10.8,https://docs.netwrix.com/docs/auditor/10_8/api/activityrecordreference,docs/auditor/10.8/api/activityrecordreference.md,,,,,,
Compatibility Notice,10.8,https://docs.netwrix.com/docs/auditor/10_8/api/compatibility,docs/auditor/10.8/api/compatibility.md,,,,,,
API Endpoints,10.8,https://docs.netwrix.com/docs/auditor/10_8/api/endpoints,docs/auditor/10.8/api/endpoints.md,,,,,,
Error Details,10.8,https://docs.netwrix.com/docs/auditor/10_8/api/errordetails,docs/auditor/10.8/api/errordetails.md,,,,,,
Operators,10.8,https://docs.netwrix.com/docs/auditor/10_8/api/filterreference/filteroperators,docs/auditor/10.8/api/filterreference/filteroperators.md,,,,,,
Reference for Creating Search Parameters File,10.8,https://docs.netwrix.com/docs/auditor/10_8/api/filterreference,docs/auditor/10.8/api/filterreference/filterreference.md,,,,,,
Filters,10.8,https://docs.netwrix.com/docs/auditor/10_8/api/filterreference/filters,docs/auditor/10.8/api/filterreference/filters.md,,,,,,
Integration API,10.8,https://docs.netwrix.com/docs/auditor/10_8/api/overview,docs/auditor/10.8/api/overview.md,,,,,,
Integration API Ports,10.8,https://docs.netwrix.com/docs/auditor/10_8/api/ports,docs/auditor/10.8/api/ports.md,,,,,,
Activity Records,10.8,https://docs.netwrix.com/docs/auditor/10_8/api/postdata/activityrecords,docs/auditor/10.8/api/postdata/activityrecords.md,,,,,,
Continuation Mark,10.8,https://docs.netwrix.com/docs/auditor/10_8/api/postdata/continuationmark,docs/auditor/10.8/api/postdata/continuationmark.md,,,,,,
Post Data,10.8,https://docs.netwrix.com/docs/auditor/10_8/api/postdata/overview,docs/auditor/10.8/api/postdata/overview.md,,,,,,
Search Parameters,10.8,https://docs.netwrix.com/docs/auditor/10_8/api/postdata/searchparameters,docs/auditor/10.8/api/postdata/searchparameters.md,,,,,,
Prerequisites,10.8,https://docs.netwrix.com/docs/auditor/10_8/api/prerequisites,docs/auditor/10.8/api/prerequisites.md,,,,,,
Response Status Codes,10.8,https://docs.netwrix.com/docs/auditor/10_8/api/responsestatuscodes,docs/auditor/10.8/api/responsestatuscodes.md,,,,,,
Retrieve Activity Records,10.8,https://docs.netwrix.com/docs/auditor/10_8/api/retrieveactivityrecords,docs/auditor/10.8/api/retrieveactivityrecords.md,,,,,,
Search Activity Records,10.8,https://docs.netwrix.com/docs/auditor/10_8/api/searchactivityrecords,docs/auditor/10.8/api/searchactivityrecords.md,,,,,,
Security,10.8,https://docs.netwrix.com/docs/auditor/10_8/api/security,docs/auditor/10.8/api/security.md,,,,,,
Write Activity Records,10.8,https://docs.netwrix.com/docs/auditor/10_8/api/writeactivityrecords,docs/auditor/10.8/api/writeactivityrecords.md,,,,,,
Additional Configuration to Review Changes Made via Exchange Server,10.8,https://docs.netwrix.com/docs/auditor/10_8/configuration/activedirectory/additional,docs/auditor/10.8/configuration/activedirectory/additional.md,,,,,,
Configure Advanced Audit Policies,10.8,https://docs.netwrix.com/docs/auditor/10_8/configuration/activedirectory/advancedpolicy,docs/auditor/10.8/configuration/activedirectory/advancedpolicy.md,,,,,,
Active Directory: Automatic Configuration,10.8,https://docs.netwrix.com/docs/auditor/10_8/configuration/activedirectory/automatic,docs/auditor/10.8/configuration/activedirectory/automatic.md,,,,,,
Configure Basic Domain Audit Policies,10.8,https://docs.netwrix.com/docs/auditor/10_8/configuration/activedirectory/basicpolicy,docs/auditor/10.8/configuration/activedirectory/basicpolicy.md,,,,,,
Active Directory: Manual Configuration,10.8,https://docs.netwrix.com/docs/auditor/10_8/configuration/activedirectory/manual,docs/auditor/10.8/configuration/activedirectory/manual.md,,,,,,
Configure Object-Level Auditing,10.8,https://docs.netwrix.com/docs/auditor/10_8/configuration/activedirectory/objectlevel,docs/auditor/10.8/configuration/activedirectory/objectlevel.md,,,,,,
Active Directory,10.8,https://docs.netwrix.com/docs/auditor/10_8/configuration/activedirectory/overview,docs/auditor/10.8/configuration/activedirectory/overview.md,,,,,,
Permissions for Active Directory Auditing,10.8,https://docs.netwrix.com/docs/auditor/10_8/configuration/activedirectory/permissions,docs/auditor/10.8/configuration/activedirectory/permissions.md,,,,,,
Active Directory Ports,10.8,https://docs.netwrix.com/docs/auditor/10_8/configuration/activedirectory/ports,docs/auditor/10.8/configuration/activedirectory/ports.md,,,,,,
Active Directory Registry Key Configuration,10.8,https://docs.netwrix.com/docs/auditor/10_8/configuration/activedirectory/registrykey,docs/auditor/10.8/configuration/activedirectory/registrykey.md,,,,,,
Adjust Security Event Log Size and Retention,10.8,https://docs.netwrix.com/docs/auditor/10_8/configuration/activedirectory/securitylog,docs/auditor/10.8/configuration/activedirectory/securitylog.md,,,,,,
Adjust Active Directory Tombstone Lifetime (optional),10.8,https://docs.netwrix.com/docs/auditor/10_8/configuration/activedirectory/tombstone,docs/auditor/10.8/configuration/activedirectory/tombstone.md,,,,,,
AD FS,10.8,https://docs.netwrix.com/docs/auditor/10_8/configuration/activedirectoryfederatedservices/overview,docs/auditor/10.8/configuration/activedirectoryfederatedservices/overview.md,,,,,,
Permissions for AD FS Auditing,10.8,https://docs.netwrix.com/docs/auditor/10_8/configuration/activedirectoryfederatedservices/permissions,docs/auditor/10.8/configuration/activedirectoryfederatedservices/permissions.md,,,,,,
AD FS Ports,10.8,https://docs.netwrix.com/docs/auditor/10_8/configuration/activedirectoryfederatedservices/ports,docs/auditor/10.8/configuration/activedirectoryfederatedservices/ports.md,,,,,,
"Monitored Object Types, Actions, and Attributes",10.8,https://docs.netwrix.com/docs/auditor/10_8/configuration/azurefiles/monitoredobjects,docs/auditor/10.8/configuration/azurefiles/monitoredobjects.md,,,,,,
Azure Files Configuration Overview,10.8,https://docs.netwrix.com/docs/auditor/10_8/configuration/azurefiles/overview,docs/auditor/10.8/configuration/azurefiles/overview.md,,,,,,
Azure Files Ports and Network Configuration,10.8,https://docs.netwrix.com/docs/auditor/10_8/configuration/azurefiles/ports,docs/auditor/10.8/configuration/azurefiles/ports.md,,,,,,
Exchange Administrator Audit Logging Settings,10.8,https://docs.netwrix.com/docs/auditor/10_8/configuration/exchange/auditlog,docs/auditor/10.8/configuration/exchange/auditlog.md,,,,,,
Configure Exchange for Monitoring Mailbox Access,10.8,https://docs.netwrix.com/docs/auditor/10_8/configuration/exchange/mailboxacccess,docs/auditor/10.8/configuration/exchange/mailboxacccess.md,,,,,,
Exchange,10.8,https://docs.netwrix.com/docs/auditor/10_8/configuration/exchange/overview,docs/auditor/10.8/configuration/exchange/overview.md,,,,,,
Permissions for Exchange Auditing,10.8,https://docs.netwrix.com/docs/auditor/10_8/configuration/exchange/permissions,docs/auditor/10.8/configuration/exchange/permissions.md,,,,,,
Assign Permission To Read the Registry Key,10.8,https://docs.netwrix.com/docs/auditor/10_8/configuration/exchange/permissionsregistrykeys,docs/auditor/10.8/configuration/exchange/permissionsregistrykeys.md,,,,,,
Exchange Ports,10.8,https://docs.netwrix.com/docs/auditor/10_8/configuration/exchange/ports,docs/auditor/10.8/configuration/exchange/ports.md,,,,,,
Exchange Registry Keys,10.8,https://docs.netwrix.com/docs/auditor/10_8/configuration/exchange/registrykey,docs/auditor/10.8/configuration/exchange/registrykey.md,,,,,,
Configure Audit Settings for CIFS File Shares on Dell Data Storage,10.8,https://docs.netwrix.com/docs/auditor/10_8/configuration/fileservers/delldatastorage/cifss,docs/auditor/10.8/configuration/fileservers/delldatastorage/cifss.md,,,,,,
Configure Audit Object Access Policy,10.8,https://docs.netwrix.com/docs/auditor/10_8/configuration/fileservers/delldatastorage/objectaccess,docs/auditor/10.8/configuration/fileservers/delldatastorage/objectaccess.md,,,,,,
Dell Data Storage,10.8,https://docs.netwrix.com/docs/auditor/10_8/configuration/fileservers/delldatastorage/overview,docs/auditor/10.8/configuration/fileservers/delldatastorage/overview.md,,,,,,
Permissions for Dell Data Storage Auditing,10.8,https://docs.netwrix.com/docs/auditor/10_8/configuration/fileservers/delldatastorage/permissions,docs/auditor/10.8/configuration/fileservers/delldatastorage/permissions.md,,,,,,
Dell Data Storage Ports,10.8,https://docs.netwrix.com/docs/auditor/10_8/configuration/fileservers/delldatastorage/ports,docs/auditor/10.8/configuration/fileservers/delldatastorage/ports.md,,,,,,
Configure Security Event Log Maximum Size,10.8,https://docs.netwrix.com/docs/auditor/10_8/configuration/fileservers/delldatastorage/securityeventlog,docs/auditor/10.8/configuration/fileservers/delldatastorage/securityeventlog.md,,,,,,
Compliance Mode,10.8,https://docs.netwrix.com/docs/auditor/10_8/configuration/fileservers/dellisilon/compliance,docs/auditor/10.8/configuration/fileservers/dellisilon/compliance.md,,,,,,
Normal and Enterprise Modes for Clusters,10.8,https://docs.netwrix.com/docs/auditor/10_8/configuration/fileservers/dellisilon/normal,docs/auditor/10.8/configuration/fileservers/dellisilon/normal.md,,,,,,
Dell Isilon/PowerScale,10.8,https://docs.netwrix.com/docs/auditor/10_8/configuration/fileservers/dellisilon/overview,docs/auditor/10.8/configuration/fileservers/dellisilon/overview.md,,,,,,
Permissions for Dell Isilon/PowerScale Auditing,10.8,https://docs.netwrix.com/docs/auditor/10_8/configuration/fileservers/dellisilon/permissions,docs/auditor/10.8/configuration/fileservers/dellisilon/permissions.md,,,,,,
Dell Isilon/PowerScale Ports,10.8,https://docs.netwrix.com/docs/auditor/10_8/configuration/fileservers/dellisilon/ports,docs/auditor/10.8/configuration/fileservers/dellisilon/ports.md,,,,,,
Configure Audit Settings for CIFS File Shares,10.8,https://docs.netwrix.com/docs/auditor/10_8/configuration/fileservers/netappcmode/cifs,docs/auditor/10.8/configuration/fileservers/netappcmode/cifs.md,,,,,,
Configure Event Categories and Log,10.8,https://docs.netwrix.com/docs/auditor/10_8/configuration/fileservers/netappcmode/eventcategories,docs/auditor/10.8/configuration/fileservers/netappcmode/eventcategories.md,,,,,,
NetApp Data ONTAP,10.8,https://docs.netwrix.com/docs/auditor/10_8/configuration/fileservers/netappcmode/overview,docs/auditor/10.8/configuration/fileservers/netappcmode/overview.md,,,,,,
Configure Service Policy,10.8,https://docs.netwrix.com/docs/auditor/10_8/configuration/fileservers/netappcmode/servicepolicy,docs/auditor/10.8/configuration/fileservers/netappcmode/servicepolicy.md,,,,,,
Configure ONTAPI/RESTAPI Web Access,10.8,https://docs.netwrix.com/docs/auditor/10_8/configuration/fileservers/netappcmode/webaccess,docs/auditor/10.8/configuration/fileservers/netappcmode/webaccess.md,,,,,,
Create a Notification Policy,10.8,https://docs.netwrix.com/docs/auditor/10_8/configuration/fileservers/nutanix/notificationpolicy,docs/auditor/10.8/configuration/fileservers/nutanix/notificationpolicy.md,,,,,,
Nutanix,10.8,https://docs.netwrix.com/docs/auditor/10_8/configuration/fileservers/nutanix/overview,docs/auditor/10.8/configuration/fileservers/nutanix/overview.md,,,,,,
Configure Partner Server,10.8,https://docs.netwrix.com/docs/auditor/10_8/configuration/fileservers/nutanix/partnerserver,docs/auditor/10.8/configuration/fileservers/nutanix/partnerserver.md,,,,,,
Permissions for Nutanix Files Auditing,10.8,https://docs.netwrix.com/docs/auditor/10_8/configuration/fileservers/nutanix/permissions,docs/auditor/10.8/configuration/fileservers/nutanix/permissions.md,,,,,,
Nutanix Ports,10.8,https://docs.netwrix.com/docs/auditor/10_8/configuration/fileservers/nutanix/ports,docs/auditor/10.8/configuration/fileservers/nutanix/ports.md,,,,,,
Create User Account to Access Nutanix REST API,10.8,https://docs.netwrix.com/docs/auditor/10_8/configuration/fileservers/nutanix/useraccount,docs/auditor/10.8/configuration/fileservers/nutanix/useraccount.md,,,,,,
File Servers,10.8,https://docs.netwrix.com/docs/auditor/10_8/configuration/fileservers/overview,docs/auditor/10.8/configuration/fileservers/overview.md,,,,,,
Configure Core Audit for Qumulo File Servers,10.8,https://docs.netwrix.com/docs/auditor/10_8/configuration/fileservers/qumulo/configure,docs/auditor/10.8/configuration/fileservers/qumulo/configure.md,,,,,,
Qumulo,10.8,https://docs.netwrix.com/docs/auditor/10_8/configuration/fileservers/qumulo/overview,docs/auditor/10.8/configuration/fileservers/qumulo/overview.md,,,,,,
Permissions for Qumulo Auditing,10.8,https://docs.netwrix.com/docs/auditor/10_8/configuration/fileservers/qumulo/permissions,docs/auditor/10.8/configuration/fileservers/qumulo/permissions.md,,,,,,
Qumulo Ports,10.8,https://docs.netwrix.com/docs/auditor/10_8/configuration/fileservers/qumulo/ports,docs/auditor/10.8/configuration/fileservers/qumulo/ports.md,,,,,,
Configure Synology File Servers for Audit,10.8,https://docs.netwrix.com/docs/auditor/10_8/configuration/fileservers/synology/configure,docs/auditor/10.8/configuration/fileservers/synology/configure.md,,,,,,
Synology,10.8,https://docs.netwrix.com/docs/auditor/10_8/configuration/fileservers/synology/overview,docs/auditor/10.8/configuration/fileservers/synology/overview.md,,,,,,
Permissions for Synology Auditing,10.8,https://docs.netwrix.com/docs/auditor/10_8/configuration/fileservers/synology/permissions,docs/auditor/10.8/configuration/fileservers/synology/permissions.md,,,,,,
Synology Ports,10.8,https://docs.netwrix.com/docs/auditor/10_8/configuration/fileservers/synology/ports,docs/auditor/10.8/configuration/fileservers/synology/ports.md,,,,,,
Configure Advanced Audit Policies,10.8,https://docs.netwrix.com/docs/auditor/10_8/configuration/fileservers/windows/advancedpolicy,docs/auditor/10.8/configuration/fileservers/windows/advancedpolicy.md,,,,,,
Configure the Back up Files and Directories Policy,10.8,https://docs.netwrix.com/docs/auditor/10_8/configuration/fileservers/windows/configuration,docs/auditor/10.8/configuration/fileservers/windows/configuration.md,,,,,,
Configure Event Log Size and Retention Settings,10.8,https://docs.netwrix.com/docs/auditor/10_8/configuration/fileservers/windows/eventlog,docs/auditor/10.8/configuration/fileservers/windows/eventlog.md,,,,,,
Configure Local Audit Policies,10.8,https://docs.netwrix.com/docs/auditor/10_8/configuration/fileservers/windows/localpolicy,docs/auditor/10.8/configuration/fileservers/windows/localpolicy.md,,,,,,
Configure Object-Level Access Auditing,10.8,https://docs.netwrix.com/docs/auditor/10_8/configuration/fileservers/windows/objectlevel,docs/auditor/10.8/configuration/fileservers/windows/objectlevel.md,,,,,,
Windows File Servers,10.8,https://docs.netwrix.com/docs/auditor/10_8/configuration/fileservers/windows/overview,docs/auditor/10.8/configuration/fileservers/windows/overview.md,,,,,,
Permissions for Windows File Server Auditing,10.8,https://docs.netwrix.com/docs/auditor/10_8/configuration/fileservers/windows/permissions,docs/auditor/10.8/configuration/fileservers/windows/permissions.md,,,,,,
Windows File Server Ports,10.8,https://docs.netwrix.com/docs/auditor/10_8/configuration/fileservers/windows/ports,docs/auditor/10.8/configuration/fileservers/windows/ports.md,,,,,,
Enable Remote Registry Service,10.8,https://docs.netwrix.com/docs/auditor/10_8/configuration/fileservers/windows/remoteregistryservice,docs/auditor/10.8/configuration/fileservers/windows/remoteregistryservice.md,,,,,,
Group Policy,10.8,https://docs.netwrix.com/docs/auditor/10_8/configuration/grouppolicy/overview,docs/auditor/10.8/configuration/grouppolicy/overview.md,,,,,,
Permissions for Group Policy Auditing,10.8,https://docs.netwrix.com/docs/auditor/10_8/configuration/grouppolicy/permissions,docs/auditor/10.8/configuration/grouppolicy/permissions.md,,,,,,
Group Policy Ports,10.8,https://docs.netwrix.com/docs/auditor/10_8/configuration/grouppolicy/ports,docs/auditor/10.8/configuration/grouppolicy/ports.md,,,,,,
Group Policy Registry Keys,10.8,https://docs.netwrix.com/docs/auditor/10_8/configuration/grouppolicy/registrykey,docs/auditor/10.8/configuration/grouppolicy/registrykey.md,,,,,,
Configure Advanced Audit Policies,10.8,https://docs.netwrix.com/docs/auditor/10_8/configuration/logonactivity/advancedpolicy,docs/auditor/10.8/configuration/logonactivity/advancedpolicy.md,,,,,,
Configure Basic Domain Audit Policies,10.8,https://docs.netwrix.com/docs/auditor/10_8/configuration/logonactivity/basicpolicy,docs/auditor/10.8/configuration/logonactivity/basicpolicy.md,,,,,,
Logon Activity,10.8,https://docs.netwrix.com/docs/auditor/10_8/configuration/logonactivity/overview,docs/auditor/10.8/configuration/logonactivity/overview.md,,,,,,
Configure Access this computer from the network Policy,10.8,https://docs.netwrix.com/docs/auditor/10_8/configuration/logonactivity/permissions/networkaccess,docs/auditor/10.8/configuration/logonactivity/permissions/networkaccess.md,,,,,,
Permissions for Logon Activity Auditing,10.8,https://docs.netwrix.com/docs/auditor/10_8/configuration/logonactivity/permissions,docs/auditor/10.8/configuration/logonactivity/permissions/permissions.md,,,,,,
Logon Activity Ports,10.8,https://docs.netwrix.com/docs/auditor/10_8/configuration/logonactivity/ports,docs/auditor/10.8/configuration/logonactivity/ports.md,,,,,,
Configure Security Event Log Size and Retention Settings,10.8,https://docs.netwrix.com/docs/auditor/10_8/configuration/logonactivity/securityeventlog,docs/auditor/10.8/configuration/logonactivity/securityeventlog.md,,,,,,
Assigning Application Permissions Using Manifest,10.8,https://docs.netwrix.com/docs/auditor/10_8/configuration/microsoft365/exchangeonline/modernauth/manifest,docs/auditor/10.8/configuration/microsoft365/exchangeonline/modernauth/manifest.md,,,,,,
Configure Exchange Online State-in-Time Modern Authentication Manually,10.8,https://docs.netwrix.com/docs/auditor/10_8/configuration/microsoft365/exchangeonline/modernauth/manualconfig,docs/auditor/10.8/configuration/microsoft365/exchangeonline/modernauth/manualconfig.md,,,,,,
Access Exchange Online Using Modern Authentication,10.8,https://docs.netwrix.com/docs/auditor/10_8/configuration/microsoft365/exchangeonline/modernauth,docs/auditor/10.8/configuration/microsoft365/exchangeonline/modernauth/modernauth.md,,,,,,
Exchange Online,10.8,https://docs.netwrix.com/docs/auditor/10_8/configuration/microsoft365/exchangeonline/overview,docs/auditor/10.8/configuration/microsoft365/exchangeonline/overview.md,,,,,,
Permissions for Exchange Online Auditing,10.8,https://docs.netwrix.com/docs/auditor/10_8/configuration/microsoft365/exchangeonline/permissions,docs/auditor/10.8/configuration/microsoft365/exchangeonline/permissions.md,,,,,,
Exchange Online Ports,10.8,https://docs.netwrix.com/docs/auditor/10_8/configuration/microsoft365/exchangeonline/ports,docs/auditor/10.8/configuration/microsoft365/exchangeonline/ports.md,,,,,,
Microsoft Entra ID,10.8,https://docs.netwrix.com/docs/auditor/10_8/configuration/microsoft365/microsoftentraid/overview,docs/auditor/10.8/configuration/microsoft365/microsoftentraid/overview.md,,,,,,
Using Basic Authentication with Microsoft Entra ID,10.8,https://docs.netwrix.com/docs/auditor/10_8/configuration/microsoft365/microsoftentraid/permissions/basicauth,docs/auditor/10.8/configuration/microsoft365/microsoftentraid/permissions/basicauth.md,,,,,,
Assign Application Permissions Using Manifest,10.8,https://docs.netwrix.com/docs/auditor/10_8/configuration/microsoft365/microsoftentraid/permissions/modernauth/manifest,docs/auditor/10.8/configuration/microsoft365/microsoftentraid/permissions/modernauth/manifest.md,,,,,,
Using Modern Authentication with Microsoft Entra ID,10.8,https://docs.netwrix.com/docs/auditor/10_8/configuration/microsoft365/microsoftentraid/permissions/modernauth,docs/auditor/10.8/configuration/microsoft365/microsoftentraid/permissions/modernauth/modernauth.md,,,,,,
Permissions for Microsoft Entra ID Auditing,10.8,https://docs.netwrix.com/docs/auditor/10_8/configuration/microsoft365/microsoftentraid/permissions,docs/auditor/10.8/configuration/microsoft365/microsoftentraid/permissions/permissions.md,,,,,,
Microsoft Entra ID Ports,10.8,https://docs.netwrix.com/docs/auditor/10_8/configuration/microsoft365/microsoftentraid/ports,docs/auditor/10.8/configuration/microsoft365/microsoftentraid/ports.md,,,,,,
Microsoft 365,10.8,https://docs.netwrix.com/docs/auditor/10_8/configuration/microsoft365/overview,docs/auditor/10.8/configuration/microsoft365/overview.md,,,,,,
SharePoint Online,10.8,https://docs.netwrix.com/docs/auditor/10_8/configuration/microsoft365/sharepointonline/overview,docs/auditor/10.8/configuration/microsoft365/sharepointonline/overview.md,,,,,,
Using Basic Authentication with SharePoint Online,10.8,https://docs.netwrix.com/docs/auditor/10_8/configuration/microsoft365/sharepointonline/permissions/basicauth,docs/auditor/10.8/configuration/microsoft365/sharepointonline/permissions/basicauth.md,,,,,,
Assigning Application Permissions Using Manifest,10.8,https://docs.netwrix.com/docs/auditor/10_8/configuration/microsoft365/sharepointonline/permissions/modernauth/manifest,docs/auditor/10.8/configuration/microsoft365/sharepointonline/permissions/modernauth/manifest.md,,,,,,
Using Modern Authentication with SharePoint Online,10.8,https://docs.netwrix.com/docs/auditor/10_8/configuration/microsoft365/sharepointonline/permissions/modernauth,docs/auditor/10.8/configuration/microsoft365/sharepointonline/permissions/modernauth/modernauth.md,,,,,,
Permissions for SharePoint Online Auditing,10.8,https://docs.netwrix.com/docs/auditor/10_8/configuration/microsoft365/sharepointonline/permissions,docs/auditor/10.8/configuration/microsoft365/sharepointonline/permissions/permissions.md,,,,,,
SharePoint Online Ports,10.8,https://docs.netwrix.com/docs/auditor/10_8/configuration/microsoft365/sharepointonline/ports,docs/auditor/10.8/configuration/microsoft365/sharepointonline/ports.md,,,,,,
MS Teams,10.8,https://docs.netwrix.com/docs/auditor/10_8/configuration/microsoft365/teams/overview,docs/auditor/10.8/configuration/microsoft365/teams/overview.md,,,,,,
Using Basic Authentication with MS Teams,10.8,https://docs.netwrix.com/docs/auditor/10_8/configuration/microsoft365/teams/permissions/basicauth,docs/auditor/10.8/configuration/microsoft365/teams/permissions/basicauth.md,,,,,,
Assign Application Permissions Using Manifest,10.8,https://docs.netwrix.com/docs/auditor/10_8/configuration/microsoft365/teams/permissions/modernauth/manifest,docs/auditor/10.8/configuration/microsoft365/teams/permissions/modernauth/manifest.md,,,,,,
Using Modern Authentication with MS Teams,10.8,https://docs.netwrix.com/docs/auditor/10_8/configuration/microsoft365/teams/permissions/modernauth,docs/auditor/10.8/configuration/microsoft365/teams/permissions/modernauth/modernauth.md,,,,,,
Permissions for Teams Auditing,10.8,https://docs.netwrix.com/docs/auditor/10_8/configuration/microsoft365/teams/permissions,docs/auditor/10.8/configuration/microsoft365/teams/permissions/permissions.md,,,,,,
Teams Ports,10.8,https://docs.netwrix.com/docs/auditor/10_8/configuration/microsoft365/teams/ports,docs/auditor/10.8/configuration/microsoft365/teams/ports.md,,,,,,
Configure Cisco ASA Devices,10.8,https://docs.netwrix.com/docs/auditor/10_8/configuration/networkdevices/ciscoasa,docs/auditor/10.8/configuration/networkdevices/ciscoasa.md,,,,,,
Configure Cisco IOS Devices,10.8,https://docs.netwrix.com/docs/auditor/10_8/configuration/networkdevices/ciscoios,docs/auditor/10.8/configuration/networkdevices/ciscoios.md,,,,,,
Cisco Meraki Dashboard,10.8,https://docs.netwrix.com/docs/auditor/10_8/configuration/networkdevices/ciscomerakidashboard,docs/auditor/10.8/configuration/networkdevices/ciscomerakidashboard.md,,,,,,
Configure Cisco Meraki Devices,10.8,https://docs.netwrix.com/docs/auditor/10_8/configuration/networkdevices/ciscomerakidevices,docs/auditor/10.8/configuration/networkdevices/ciscomerakidevices.md,,,,,,
Configure Fortinet FortiGate Devices,10.8,https://docs.netwrix.com/docs/auditor/10_8/configuration/networkdevices/fortinetfortigate,docs/auditor/10.8/configuration/networkdevices/fortinetfortigate.md,,,,,,
Configure HPE Aruba Devices,10.8,https://docs.netwrix.com/docs/auditor/10_8/configuration/networkdevices/hpearuba,docs/auditor/10.8/configuration/networkdevices/hpearuba.md,,,,,,
Configure Juniper Devices,10.8,https://docs.netwrix.com/docs/auditor/10_8/configuration/networkdevices/juniper,docs/auditor/10.8/configuration/networkdevices/juniper.md,,,,,,
Network Devices,10.8,https://docs.netwrix.com/docs/auditor/10_8/configuration/networkdevices/overview,docs/auditor/10.8/configuration/networkdevices/overview.md,,,,,,
Configure PaloAlto Devices,10.8,https://docs.netwrix.com/docs/auditor/10_8/configuration/networkdevices/paloalto,docs/auditor/10.8/configuration/networkdevices/paloalto.md,,,,,,
Permissions for Network Devices Auditing,10.8,https://docs.netwrix.com/docs/auditor/10_8/configuration/networkdevices/permissions,docs/auditor/10.8/configuration/networkdevices/permissions.md,,,,,,
Network Devices Ports,10.8,https://docs.netwrix.com/docs/auditor/10_8/configuration/networkdevices/ports,docs/auditor/10.8/configuration/networkdevices/ports.md,,,,,,
Configure Pulse Secure Devices,10.8,https://docs.netwrix.com/docs/auditor/10_8/configuration/networkdevices/pulsesecure,docs/auditor/10.8/configuration/networkdevices/pulsesecure.md,,,,,,
Configure SonicWall Devices,10.8,https://docs.netwrix.com/docs/auditor/10_8/configuration/networkdevices/sonicwall,docs/auditor/10.8/configuration/networkdevices/sonicwall.md,,,,,,
Configure Oracle Database for Auditing,10.8,https://docs.netwrix.com/docs/auditor/10_8/configuration/oracle/database,docs/auditor/10.8/configuration/oracle/database.md,,,,,,
Configure Fine Grained Auditing,10.8,https://docs.netwrix.com/docs/auditor/10_8/configuration/oracle/finegained,docs/auditor/10.8/configuration/oracle/finegained.md,,,,,,
Oracle Database,10.8,https://docs.netwrix.com/docs/auditor/10_8/configuration/oracle/overview,docs/auditor/10.8/configuration/oracle/overview.md,,,,,,
Permissions for Oracle Database Auditing,10.8,https://docs.netwrix.com/docs/auditor/10_8/configuration/oracle/permissions,docs/auditor/10.8/configuration/oracle/permissions.md,,,,,,
Oracle Database Ports,10.8,https://docs.netwrix.com/docs/auditor/10_8/configuration/oracle/ports,docs/auditor/10.8/configuration/oracle/ports.md,,,,,,
Migrate to Unified Audit,10.8,https://docs.netwrix.com/docs/auditor/10_8/configuration/oracle/unified,docs/auditor/10.8/configuration/oracle/unified.md,,,,,,
Verify Your Oracle Database Audit Settings,10.8,https://docs.netwrix.com/docs/auditor/10_8/configuration/oracle/verifysettings,docs/auditor/10.8/configuration/oracle/verifysettings.md,,,,,,
Create and Configure Oracle Wallet,10.8,https://docs.netwrix.com/docs/auditor/10_8/configuration/oracle/wallet,docs/auditor/10.8/configuration/oracle/wallet.md,,,,,,
Data Source Configuration,10.8,https://docs.netwrix.com/docs/auditor/10_8/configuration/overview,docs/auditor/10.8/configuration/overview.md,,,,,,
SharePoint,10.8,https://docs.netwrix.com/docs/auditor/10_8/configuration/sharepoint/overview,docs/auditor/10.8/configuration/sharepoint/overview.md,,,,,,
Permissions for SharePoint Auditing,10.8,https://docs.netwrix.com/docs/auditor/10_8/configuration/sharepoint/permissions,docs/auditor/10.8/configuration/sharepoint/permissions.md,,,,,,
SharePoint Ports,10.8,https://docs.netwrix.com/docs/auditor/10_8/configuration/sharepoint/ports,docs/auditor/10.8/configuration/sharepoint/ports.md,,,,,,
Configuring Trace Logging,10.8,https://docs.netwrix.com/docs/auditor/10_8/configuration/sqlserver/configuringtracelogging,docs/auditor/10.8/configuration/sqlserver/configuringtracelogging.md,,,,,,
SQL Server,10.8,https://docs.netwrix.com/docs/auditor/10_8/configuration/sqlserver/overview,docs/auditor/10.8/configuration/sqlserver/overview.md,,,,,,
Permissions for SQL Server Auditing,10.8,https://docs.netwrix.com/docs/auditor/10_8/configuration/sqlserver/permissions,docs/auditor/10.8/configuration/sqlserver/permissions.md,,,,,,
SQL Server Ports,10.8,https://docs.netwrix.com/docs/auditor/10_8/configuration/sqlserver/ports,docs/auditor/10.8/configuration/sqlserver/ports.md,,,,,,
Configure Data Collection Settings,10.8,https://docs.netwrix.com/docs/auditor/10_8/configuration/useractivity/datacollection,docs/auditor/10.8/configuration/useractivity/datacollection.md,,,,,,
User Activity,10.8,https://docs.netwrix.com/docs/auditor/10_8/configuration/useractivity/overview,docs/auditor/10.8/configuration/useractivity/overview.md,,,,,,
User Activity Ports,10.8,https://docs.netwrix.com/docs/auditor/10_8/configuration/useractivity/ports,docs/auditor/10.8/configuration/useractivity/ports.md,,,,,,
Configure Video Recordings Playback Settings,10.8,https://docs.netwrix.com/docs/auditor/10_8/configuration/useractivity/videorecordings,docs/auditor/10.8/configuration/useractivity/videorecordings.md,,,,,,
VMware,10.8,https://docs.netwrix.com/docs/auditor/10_8/configuration/vmware/overview,docs/auditor/10.8/configuration/vmware/overview.md,,,,,,
Permissions for VMware Server Auditing,10.8,https://docs.netwrix.com/docs/auditor/10_8/configuration/vmware/permissions,docs/auditor/10.8/configuration/vmware/permissions.md,,,,,,
VMware Ports,10.8,https://docs.netwrix.com/docs/auditor/10_8/configuration/vmware/ports,docs/auditor/10.8/configuration/vmware/ports.md,,,,,,
Configure Advanced Audit Policies,10.8,https://docs.netwrix.com/docs/auditor/10_8/configuration/windowsserver/advancedpolicy,docs/auditor/10.8/configuration/windowsserver/advancedpolicy.md,,,,,,
Adjust DHCP Server Operational Log Settings,10.8,https://docs.netwrix.com/docs/auditor/10_8/configuration/windowsserver/dhcp,docs/auditor/10.8/configuration/windowsserver/dhcp.md,,,,,,
Adjusting Event Log Size and Retention Settings,10.8,https://docs.netwrix.com/docs/auditor/10_8/configuration/windowsserver/eventlog,docs/auditor/10.8/configuration/windowsserver/eventlog.md,,,,,,
Internet Information Services (IIS),10.8,https://docs.netwrix.com/docs/auditor/10_8/configuration/windowsserver/iis,docs/auditor/10.8/configuration/windowsserver/iis.md,,,,,,
Configure Local Audit Policies,10.8,https://docs.netwrix.com/docs/auditor/10_8/configuration/windowsserver/localpolicy,docs/auditor/10.8/configuration/windowsserver/localpolicy.md,,,,,,
Windows Server,10.8,https://docs.netwrix.com/docs/auditor/10_8/configuration/windowsserver/overview,docs/auditor/10.8/configuration/windowsserver/overview.md,,,,,,
Permissions for Windows Server Auditing,10.8,https://docs.netwrix.com/docs/auditor/10_8/configuration/windowsserver/permissions,docs/auditor/10.8/configuration/windowsserver/permissions.md,,,,,,
Configure Enable Persistent Time Stamp Policy,10.8,https://docs.netwrix.com/docs/auditor/10_8/configuration/windowsserver/persistenttimestamp,docs/auditor/10.8/configuration/windowsserver/persistenttimestamp.md,,,,,,
Windows Server Ports,10.8,https://docs.netwrix.com/docs/auditor/10_8/configuration/windowsserver/ports,docs/auditor/10.8/configuration/windowsserver/ports.md,,,,,,
Windows Server Registry Keys,10.8,https://docs.netwrix.com/docs/auditor/10_8/configuration/windowsserver/registrykey,docs/auditor/10.8/configuration/windowsserver/registrykey.md,,,,,,
Enable Remote Registry and Windows Management Instrumentation Services,10.8,https://docs.netwrix.com/docs/auditor/10_8/configuration/windowsserver/remoteregistry,docs/auditor/10.8/configuration/windowsserver/remoteregistry.md,,,,,,
Configure Removable Storage Media for Monitoring,10.8,https://docs.netwrix.com/docs/auditor/10_8/configuration/windowsserver/removablestorage,docs/auditor/10.8/configuration/windowsserver/removablestorage.md,,,,,,
Configure Windows Registry Audit Settings,10.8,https://docs.netwrix.com/docs/auditor/10_8/configuration/windowsserver/windowsregistry,docs/auditor/10.8/configuration/windowsserver/windowsregistry.md,,,,,,
Netwrix Auditor v10.8 Documentation,10.8,https://docs.netwrix.com/docs/auditor/10_8,docs/auditor/10.8/index.md,,,,,,
Automate Sign-in to the Client,10.8,https://docs.netwrix.com/docs/auditor/10_8/install/automatelogin,docs/auditor/10.8/install/automatelogin.md,,,,,,
First Launch,10.8,https://docs.netwrix.com/docs/auditor/10_8/install/firstlaunch,docs/auditor/10.8/install/firstlaunch.md,,,,,,
Installation,10.8,https://docs.netwrix.com/docs/auditor/10_8/install/overview,docs/auditor/10.8/install/overview.md,,,,,,
Install for SharePoint Core Service,10.8,https://docs.netwrix.com/docs/auditor/10_8/install/sharepointcoreservice,docs/auditor/10.8/install/sharepointcoreservice.md,,,,,,
Install in Silent Mode,10.8,https://docs.netwrix.com/docs/auditor/10_8/install/silentmode,docs/auditor/10.8/install/silentmode.md,,,,,,
Uninstall Netwrix Auditor,10.8,https://docs.netwrix.com/docs/auditor/10_8/install/uninstall,docs/auditor/10.8/install/uninstall.md,,,,,,
Upgrade to the Latest Version,10.8,https://docs.netwrix.com/docs/auditor/10_8/install/upgrade,docs/auditor/10.8/install/upgrade.md,,,,,,
Install for User Activity Core Service,10.8,https://docs.netwrix.com/docs/auditor/10_8/install/useractivitycoreservice,docs/auditor/10.8/install/useractivitycoreservice.md,,,,,,
Install Client via Group Policy,10.8,https://docs.netwrix.com/docs/auditor/10_8/install/viagrouppolicy,docs/auditor/10.8/install/viagrouppolicy.md,,,,,,
Configure Virtual Appliance,10.8,https://docs.netwrix.com/docs/auditor/10_8/install/virtualappliance/configure,docs/auditor/10.8/install/virtualappliance/configure.md,,,,,,
Import Virtual Machine from Image to Hyper-V,10.8,https://docs.netwrix.com/docs/auditor/10_8/install/virtualappliance/importhyperv,docs/auditor/10.8/install/virtualappliance/importhyperv.md,,,,,,
Import Virtual Machine from Image to VMware,10.8,https://docs.netwrix.com/docs/auditor/10_8/install/virtualappliance/importvmware,docs/auditor/10.8/install/virtualappliance/importvmware.md,,,,,,
Virtual Deployment Overview,10.8,https://docs.netwrix.com/docs/auditor/10_8/install/virtualappliance/overview,docs/auditor/10.8/install/virtualappliance/overview.md,,,,,,
Getting Started,10.8,https://docs.netwrix.com/docs/auditor/10_8/overview/gettingstarted,docs/auditor/10.8/overview/gettingstarted.md,,,,,,
Product Editions,10.8,https://docs.netwrix.com/docs/auditor/10_8/overview/producteditions,docs/auditor/10.8/overview/producteditions.md,,,,,,
What's New,10.8,https://docs.netwrix.com/docs/auditor/10_8/overview/whatsnew,docs/auditor/10.8/overview/whatsnew.md,,,,,,
Hardware Requirements,10.8,https://docs.netwrix.com/docs/auditor/10_8/requirements/console,docs/auditor/10.8/requirements/console.md,,,,,,
Sample Deployment Scenarios,10.8,https://docs.netwrix.com/docs/auditor/10_8/requirements/deploymentscenarios,docs/auditor/10.8/requirements/deploymentscenarios.md,,,,,,
Use Group Managed Service Account (gMSA),10.8,https://docs.netwrix.com/docs/auditor/10_8/requirements/gmsa,docs/auditor/10.8/requirements/gmsa.md,,,,,,
File-Based Repository for Long-Term Archive,10.8,https://docs.netwrix.com/docs/auditor/10_8/requirements/longtermarchive,docs/auditor/10.8/requirements/longtermarchive.md,,,,,,
Requirements,10.8,https://docs.netwrix.com/docs/auditor/10_8/requirements/overview,docs/auditor/10.8/requirements/overview.md,,,,,,
Protocols and Ports Required,10.8,https://docs.netwrix.com/docs/auditor/10_8/requirements/ports,docs/auditor/10.8/requirements/ports.md,,,,,,
Configure Netwrix Auditor Service Accounts,10.8,https://docs.netwrix.com/docs/auditor/10_8/requirements/serviceaccount,docs/auditor/10.8/requirements/serviceaccount.md,,,,,,
Software Requirements,10.8,https://docs.netwrix.com/docs/auditor/10_8/requirements/software,docs/auditor/10.8/requirements/software.md,,,,,,
Requirements for SQL Server to Store Audit Data,10.8,https://docs.netwrix.com/docs/auditor/10_8/requirements/sqlserver,docs/auditor/10.8/requirements/sqlserver.md,,,,,,
SQL Server Reporting Services,10.8,https://docs.netwrix.com/docs/auditor/10_8/requirements/sqlserverreportingservice,docs/auditor/10.8/requirements/sqlserverreportingservice.md,,,,,,
"Monitored Object Types, Actions, and Attributes",10.8,https://docs.netwrix.com/docs/auditor/10_8/requirements/supporteddatasources/monitoredobjecttypes,docs/auditor/10.8/requirements/supporteddatasources/monitoredobjecttypes.md,,,,,,
Supported Data Sources,10.8,https://docs.netwrix.com/docs/auditor/10_8/requirements/supporteddatasources,docs/auditor/10.8/requirements/supporteddatasources/supporteddatasources.md,,,,,,
Working Folder,10.8,https://docs.netwrix.com/docs/auditor/10_8/requirements/workingfolder,docs/auditor/10.8/requirements/workingfolder.md,,,,,,
Audit Configuration Assistant,10.8,https://docs.netwrix.com/docs/auditor/10_8/tools/auditconfigurationassistant,docs/auditor/10.8/tools/auditconfigurationassistant.md,,,,,,
Event Log,10.8,https://docs.netwrix.com/docs/auditor/10_8/tools/eventlogmanager/eventlog,docs/auditor/10.8/tools/eventlogmanager/eventlog.md,,,,,,
Event Log Manager,10.8,https://docs.netwrix.com/docs/auditor/10_8/tools/eventlogmanager,docs/auditor/10.8/tools/eventlogmanager/eventlogmanager.md,,,,,,
Windows Event Logs,10.8,https://docs.netwrix.com/docs/auditor/10_8/tools/eventlogmanager/windowseventlogs,docs/auditor/10.8/tools/eventlogmanager/windowseventlogs.md,,,,,,
Inactive User Tracker,10.8,https://docs.netwrix.com/docs/auditor/10_8/tools/inactiveusertracker,docs/auditor/10.8/tools/inactiveusertracker.md,,,,,,
Object Restore for Active Directory,10.8,https://docs.netwrix.com/docs/auditor/10_8/tools/objectrestoread,docs/auditor/10.8/tools/objectrestoread.md,,,,,,
Tools,10.8,https://docs.netwrix.com/docs/auditor/10_8/tools/overview,docs/auditor/10.8/tools/overview.md,,,,,,
Password Expiration Monitoring Scope,10.8,https://docs.netwrix.com/docs/auditor/10_8/tools/passwordexpirationnotifier/monitoringscope,docs/auditor/10.8/tools/passwordexpirationnotifier/monitoringscope.md,,,,,,
Password Expiration Notifier,10.8,https://docs.netwrix.com/docs/auditor/10_8/tools/passwordexpirationnotifier/overview,docs/auditor/10.8/tools/passwordexpirationnotifier/overview.md,,,,,,
Password Expiration Notifier Ports,10.8,https://docs.netwrix.com/docs/auditor/10_8/tools/passwordexpirationnotifier/ports,docs/auditor/10.8/tools/passwordexpirationnotifier/ports.md,,,,,,
What's New in Netwrix Auditor v10.8,10.8,https://docs.netwrix.com/docs/auditor/10_8/whats-new,docs/auditor/10.8/whats-new.md,,,,,,
